person_id,publication_id,author_position,raw_author_name,is_corresponding,sort_order
A5101542158,W2108598243,first,Jia Deng,1,0
A5086692495,W2108598243,middle,Wei Dong,0,1
A5059955534,W2108598243,middle,Richard Socher,0,2
A5009049500,W2108598243,middle,Li-Jia Li,0,3
A5100399972,W2108598243,middle,Kai Li,0,4
A5100450462,W2108598243,last,Li Fei-Fei,0,5
A5100349451,W3138516171,first,Ze Liu,1,0
A5102798361,W3138516171,middle,Yutong Lin,0,1
A5101593662,W3138516171,middle,Yue Cao,0,2
A5101976576,W3138516171,middle,Han Hu,0,3
A5009248953,W3138516171,middle,Yixuan Wei,0,4
A5100459168,W3138516171,middle,Zheng Zhang,0,5
A5025114648,W3138516171,middle,Stephen Lin,0,6
A5101666011,W3138516171,last,Baining Guo,0,7
A5045613469,W2167928095,first,Kathleen M. Eisenhardt,1,0
A5012295433,W2167928095,last,Melissa E. Graebner,0,1
A5106923143,W2081228936,first,Rabi S. Bhagat,1,0
A5056276177,W2081228936,last,Geert Hofstede,0,1
A5110458536,W201578715,first,Dennis A. Gioia,1,0
A5088714049,W201578715,middle,Ajay Mehra,0,1
A5078272344,W201578715,last,Karl E. Weick,0,2
A5045613469,W2141951329,first,Kathleen M. Eisenhardt,1,0
A5045613469,W3123397884,first,Kathleen M. Eisenhardt,1,0
A5056507889,W2133990480,first,Mark Hall,1,0
A5059992863,W2133990480,middle,Eibe Frank,0,1
A5063502807,W2133990480,middle,Geoffrey Holmes,0,2
A5087785022,W2133990480,middle,Bernhard Pfahringer,0,3
A5065535374,W2133990480,middle,Peter Reutemann,0,4
A5045934263,W2133990480,last,Ian H. Witten,0,5
A5040957761,W2764347725,first,Jim Law,1,0
A5103432521,W2153635508,first,Chih-Chung Chang,1,0
A5068223640,W2153635508,last,Chih-Jen Lin,0,1
A5112607389,W2167590372,first,R. D. Shannon,1,0
A5042885999,W2132454074,first,George M. Sheldrick,1,0
A5042885999,W2131350133,first,George M. Sheldrick,1,0
A5042885999,W2148066840,first,G. M. Sheldrick,1,0
A5042885999,W1969360633,first,George M. Sheldrick,1,0
A5027915011,W2180229411,first,Paul D. Adams,1,0
A5027485418,W2180229411,middle,Pavel V. Afonine,0,1
A5032792168,W2180229411,middle,Gábor Bunkóczi,0,2
A5019366254,W2180229411,middle,Vincent B. Chen,0,3
A5061053575,W2180229411,middle,Ian W. Davis,0,4
A5112138120,W2180229411,middle,Nathaniel Echols,0,5
A5027195057,W2180229411,middle,Jeffrey J. Headd,0,6
A5023778323,W2180229411,middle,Li-Wei Hung,0,7
A5069575711,W2180229411,middle,Gary J. Kapral,0,8
A5110342059,W2180229411,middle,Ralf W. Grosse-Kunstleve,0,9
A5103453342,W2180229411,middle,Airlie J. McCoy,0,10
A5084490031,W2180229411,middle,Nigel W. Moriarty,0,11
A5019087806,W2180229411,middle,Robert Oeffner,0,12
A5068323278,W2180229411,middle,Randy J. Read,0,13
A5035236781,W2180229411,middle,David C. Richardson,0,14
A5046412779,W2180229411,middle,Jane S. Richardson,0,15
A5090015351,W2180229411,middle,Thomas C. Terwilliger,0,16
A5081770773,W2180229411,last,Peter H. Zwart,0,17
A5013181401,W4248872320,first,Wolfgang Kabsch,1,0
A5071138931,W2124026197,first,P. Emsley,1,0
A5073942998,W2124026197,middle,B. Lohkamp,0,1
A5063283743,W2124026197,middle,W. G. Scott,0,2
A5018808577,W2124026197,last,K. Cowtan,0,3
A5071138931,W2144081223,first,Paul Emsley,1,0
A5018808577,W2144081223,last,Kevin Cowtan,0,1
A5056911622,W1995017064,first,A. T. Brünger,1,0
A5027915011,W1995017064,middle,P. D. Adams,0,1
A5024727980,W1995017064,middle,G. M. Clore,0,2
A5090802246,W1995017064,middle,W. L. DeLano,0,3
A5045574506,W1995017064,middle,P. Gros,0,4
A5110342059,W1995017064,middle,R. W. Grosse-Kunstleve,0,5
A5011813946,W1995017064,middle,J. S. Jiang,0,6
A5046828897,W1995017064,middle,J. Kuszewski,0,7
A5024276029,W1995017064,middle,M. Nilges,0,8
A5042956432,W1995017064,middle,N. S. Pannu,0,9
A5068323278,W1995017064,middle,R. J. Read,0,10
A5056334757,W1995017064,middle,L. M. Rice,0,11
A5033410644,W1995017064,middle,T. Simonson,0,12
A5057042667,W1995017064,last,G. L. Warren,0,13
A5097852737,W2001641653,first,"Collaborative Computational Project, Number 4",1,0
A5021122229,W2366536035,first,David N. Louis,1,0
A5052983963,W2366536035,middle,Arie Perry,0,1
A5014129073,W2366536035,middle,Guido Reifenberger,0,2
A5052657395,W2366536035,middle,Andreas von Deimling,0,3
A5111547791,W2366536035,middle,Dominique Figarella-Branger,0,4
A5072507966,W2366536035,middle,Webster K. Cavenee,0,5
A5103530823,W2366536035,middle,Hiroko Ohgaki,0,6
A5111874068,W2366536035,middle,Otmar D. Wiestler,0,7
A5017135203,W2366536035,middle,Paul Kleihues,0,8
A5071632296,W2366536035,last,David W. Ellison,0,9
A5016965073,W2052742260,first,H. Braak,1,0
A5109411364,W2052742260,last,E. Braak,0,1
A5007379298,W2166281097,first,A. S. Zigmond,0,0
A5088498607,W2166281097,last,R. P. Snaith,1,1
A5056249088,W2140918013,first,Harry C. Triandis,1,0
A5056276177,W2140918013,last,Geert Hofstede,0,1
A5066540447,W2108795964,first,Wesley M. Cohen,1,0
A5030291124,W2108795964,last,Daniel A. Levinthal,0,1
A5040688597,W2135732933,first,Christopher A Lipinski,1,0
A5072778946,W2135732933,middle,Franco Lombardo,0,1
A5050837683,W2135732933,middle,Beryl W Dominy,0,2
A5035781073,W2135732933,last,Paul J Feeney,0,3
A5091500375,W2061438946,first,Seyedali Mirjalili,1,0
A5071437793,W2061438946,middle,Seyed Mohammad Mirjalili,0,1
A5063313173,W2061438946,last,Andrew Lewis,0,2
A5055251050,W2061977616,first,Jay B. Barney,1,0
A5016858660,W1993663609,first,Paul J. DiMaggio,1,0
A5051910920,W1993663609,last,Walter W. Powell,0,1
A5110449310,W2069687969,first,H. F. Robinson,1,0
A5029882914,W1974097079,first,F. R. Menter,1,0
A5074628106,W2115017507,first,Guy M. McKhann,1,0
A5059027860,W2115017507,middle,David S. Knopman,0,1
A5088503502,W2115017507,middle,Howard Chertkow,0,2
A5068688487,W2115017507,middle,Bradley T. Hyman,0,3
A5005099850,W2115017507,middle,Clifford R. Jack,0,4
A5078760561,W2115017507,middle,Claudia H. Kawas,0,5
A5036841670,W2115017507,middle,William E. Klunk,0,6
A5000644127,W2115017507,middle,Walter J. Koroshetz,0,7
A5068971185,W2115017507,middle,Jennifer J. Manly,0,8
A5077632970,W2115017507,middle,Richard Mayeux,0,9
A5037912275,W2115017507,middle,Richard C. Mohs,0,10
A5063630764,W2115017507,middle,John C. Morris,0,11
A5032450718,W2115017507,middle,Martin N. Rossor,0,12
A5025870220,W2115017507,middle,Philip Scheltens,0,13
A5027031712,W2115017507,middle,Maria C. Carrillo,0,14
A5043913986,W2115017507,middle,Bill Thies,0,15
A5002754020,W2115017507,middle,Sandra Weintraub,0,16
A5012170843,W2115017507,last,Creighton H. Phelps,0,17
A5068490503,W3121131820,first,Michael C. Jensen,1,0
A5058480606,W2136931384,first,A. W. Bauer,1,0
A5110382264,W2136931384,middle,W. M. M. Kirby,0,1
A5110023640,W2136931384,middle,J. C. Sherris,0,2
A5071266965,W2136931384,last,M. Turck,0,3
A5088548433,W2114004260,first,V. L. Singleton,1,0
A5052851289,W2114004260,last,Joseph A. Rossi,0,1
A5041071727,W2256756668,first,L.J. REED,1,0
A5032767751,W2256756668,last,H. MUENCH,0,1
A5068097121,W1631356911,first,Michael A. Nielsen,1,0
A5103046966,W1631356911,middle,Isaac Chuang,0,1
A5031023857,W1631356911,last,Lov K. Grover,0,2
A5109952461,W2078206416,first,Benoit B. Mandelbrot,1,0
A5032489073,W2078206416,last,John A. Wheeler,0,1
A5018694596,W2120062331,first,Donald A. McQuarrie,1,0
A5027606126,W1974085346,first,B. D. Cullity,1,0
W1974085346-person-1,W1974085346,last,John W. Weymouth,0,1
A5111445595,W2056722718,first,Charles Kittel,1,0
A5100703985,W2056722718,last,H. Y. Fan,0,1
A5049529015,W2116839388,first,Vincent J Felitti,1,0
A5112456413,W2116839388,middle,Robert F Anda,0,1
A5047835625,W2116839388,middle,Dale Nordenberg,0,2
A5110858271,W2116839388,middle,David F Williamson,0,3
A5031499097,W2116839388,middle,Alison M Spitz,0,4
A5112481881,W2116839388,middle,Valerie Edwards,0,5
A5047435579,W2116839388,middle,Mary P Koss,0,6
A5109569377,W2116839388,last,James S Marks,0,7
A5083312029,W2127951128,first,Jørgen Vestbo,1,0
A5064137195,W2127951128,middle,Suzanne S. Hurd,0,1
A5054165025,W2127951128,middle,Alvar G. Agustí,0,2
A5000958944,W2127951128,middle,Paul W. Jones,0,3
A5059684830,W2127951128,middle,Claus Vogelmeier,0,4
A5052712328,W2127951128,middle,Antonio Anzueto,0,5
A5030258071,W2127951128,middle,Peter J. Barnes,0,6
A5010278392,W2127951128,middle,Leonardo M. Fabbri,0,7
A5100767595,W2127951128,middle,Fernando J. Martinez,0,8
A5081243390,W2127951128,middle,Masaharu Nishimura,0,9
A5010056224,W2127951128,middle,Robert A. Stockley,0,10
A5042188739,W2127951128,middle,Don D. Sin,0,11
A5110223271,W2127951128,last,Roberto Rodriguez-Roisin,0,12
A5104047850,W3123534837,first,James S. Coleman,1,0
A5035549347,W3022339544,first,Mark Granovetter,1,0
A5087738695,W1965278510,first,John W. Meyer,1,0
A5054656780,W1965278510,last,Brian Rowan,0,1
A5035549347,W2109469951,first,Mark S. Granovetter,1,0
A5086016562,W2144846366,first,"Garcia, Stephan",1,0
A5049983178,W2144846366,last,"Miller, Steven",0,1
A5118904555,W4247665917,first,Annette Lolk,1,0
A5000364987,W4281687410,first,American Psychiatric Association,1,0
A5001390698,W4242883546,first,Richard M. Ryan,1,0
A5004154542,W4242883546,last,Edward L. Deci,0,1
A5001390698,W2141846678,first,Richard M. Ryan,1,0
A5004154542,W2141846678,last,Edward L. Deci,0,1
A5016858660,W3123282572,first,Paul J. DiMaggio,1,0
A5051910920,W3123282572,last,Walter W. Powell,0,1
A5009215192,W2073506374,first,George Simpson,1,0
A5084562655,W2073506374,middle,Peter L. Berger,0,1
A5078010687,W2073506374,last,Thomas Luckmann,0,2
A5097854457,W2044950274,first,Kaspar D. Naegele,1,0
A5057584685,W2044950274,last,Erving Goffman,0,1
A5022664477,W2075435443,first,J. Murphy,1,0
A5107173826,W2075435443,last,J.P. Riley,0,1
A5056910052,W2165292984,first,Iris F.F. Benzie,1,0
A5059126202,W2165292984,last,J.J. Strain,0,1
A5076080098,W2314225431,first,Prescott Deininger,1,0
W1856219842-person-0,W1856219842,first,Water Environment Federation.,1,0
W1856219842-person-1,W1856219842,middle,Water Pollution Control Federation.,0,1
W1856219842-person-2,W1856219842,middle,American Water Works Association.,0,2
W1856219842-person-3,W1856219842,last,American Public Health Association.,0,3
A5070962272,W4294216491,first,Piotr Chomczynski,1,0
A5073693721,W4294216491,last,Nicoletta Sacchi,0,1
W2134812217-person-0,W2134812217,first,P CHOMZYNSKI,1,0
A5113229683,W4232534952,first,P.K. Smith,1,0
A5027468826,W4232534952,middle,R.I. Krohn,0,1
A5050964428,W4232534952,middle,G.T. Hermanson,0,2
A5056734735,W4232534952,middle,A.K. Mallia,0,3
A5075336811,W4232534952,middle,F.H. Gartner,0,4
A5011919688,W4232534952,middle,M.D. Provenzano,0,5
A5056017066,W4232534952,middle,E.K. Fujimoto,0,6
A5075922650,W4232534952,middle,N.M. Goeke,0,7
A5041746028,W4232534952,middle,B.J. Olson,0,8
A5008911577,W4232534952,last,D.C. Klenk,0,9
A5074378026,W2014669590,first,Andrew P. Feinberg,1,0
A5072858943,W2014669590,last,Bert Vogelstein,0,1
A5113449403,W1983310681,first,Hiroshi Ohkawa,1,0
A5113732540,W1983310681,middle,Nobuko Ohishi,0,1
A5108209336,W1983310681,last,Kunio Yagi,0,2
A5047160510,W2128635872,first,M Bradford,1,0
A5021181975,W4293247451,first,Marion M. Bradford,1,0
A5064251359,W2109606373,first,Abraham. Savitzky,1,0
A5108411636,W2109606373,last,M. J. E. Golay,0,1
A5112135752,W2009674410,first,G. L. Miller,1,0
A5110084601,W1968834637,first,Michel. DuBois,1,0
A5032143520,W1968834637,middle,K. A. Gilles,0,1
A5018540195,W1968834637,middle,J. K. Hamilton,0,2
A5050231739,W1968834637,middle,P. A. Rebers,0,3
A5109983911,W1968834637,last,Fred. Smith,0,4
A5010952523,W593898368,first,Suharsimi Arikunto,1,0
A5027610285,W1584697775,first,Lev Vygotsky,1,0
A5074901391,W2891378911,first,Andrea C. Tricco,1,0
A5031902837,W2891378911,middle,Erin Lillie,0,1
A5032497384,W2891378911,middle,Wasifa Zarin,0,2
A5024431380,W2891378911,middle,Kelly K. O'Brien,0,3
A5065487003,W2891378911,middle,Heather Colquhoun,0,4
A5069537707,W2891378911,middle,Danielle Levac,0,5
A5068353058,W2891378911,middle,David Moher,0,6
A5055760362,W2891378911,middle,Micah D.J. Peters,0,7
A5085699502,W2891378911,middle,Tanya Horsley,0,8
A5111619792,W2891378911,middle,Laura Weeks,0,9
A5085697520,W2891378911,middle,Susanne Hempel,0,10
A5041615321,W2891378911,middle,Elie A. Akl,0,11
A5080252384,W2891378911,middle,Christine Chang,0,12
A5081964815,W2891378911,middle,Jessie McGowan,0,13
A5082927689,W2891378911,middle,Lesley Stewart,0,14
A5010229710,W2891378911,middle,Lisa Hartling,0,15
A5011923288,W2891378911,middle,Adrian Aldcroft,0,16
A5079953196,W2891378911,middle,Michael G. Wilson,0,17
A5001327852,W2891378911,middle,Chantelle Garritty,0,18
A5065626862,W2891378911,middle,Simon Lewin,0,19
A5068524232,W2891378911,middle,Christina M. Godfrey,0,20
A5087076550,W2891378911,middle,Marilyn T. Macdonald,0,21
A5083088424,W2891378911,middle,Etienne V. Langlois,0,22
A5058378544,W2891378911,middle,Karla Soares-Weiser,0,23
A5007855965,W2891378911,middle,Jo Moriarty,0,24
A5062080271,W2891378911,middle,Tammy Clifford,0,25
A5034889366,W2891378911,middle,Özge Tunçalp,0,26
A5007761401,W2891378911,last,Sharon E. Straus,0,27
A5032690087,W2155965977,first,Andrew S. Levey,1,0
A5111911596,W2155965977,middle,Lesley A. Stevens,0,1
A5101973849,W2155965977,middle,Christopher H. Schmid,0,2
A5100366781,W2155965977,middle,Yaping (Lucy) Zhang,0,3
A5103096187,W2155965977,middle,Alejandro F. Castro,0,4
A5016894949,W2155965977,middle,Harold I. Feldman,0,5
A5109934186,W2155965977,middle,John W. Kusek,0,6
A5044698181,W2155965977,middle,Paul Eggers,0,7
A5030690893,W2155965977,middle,Frederick Van Lente,0,8
A5016452405,W2155965977,middle,Tom Greene,0,9
A5047227825,W2155965977,last,Josef Coresh,0,10
A5068353058,W2005501262,first,David Moher,1,0
W2005501262-person-1,W2005501262,middle,Alessandro Liberati,0,1
W2005501262-person-2,W2005501262,middle,Jennifer Tetzlaff,0,2
W2005501262-person-3,W2005501262,middle,Douglas G. Altman,0,3
W2005501262-person-4,W2005501262,last,the PRISMA Group*,0,4
A5054799659,W2059796825,first,Erik von Elm,1,0
A5042962646,W2059796825,middle,Douglas G. Altman,0,1
A5077161809,W2059796825,middle,Matthias Egger,0,2
A5023436129,W2059796825,middle,Stuart J. Pocock,0,3
A5002375158,W2059796825,middle,Peter C. Gøtzsche,0,4
A5014844709,W2059796825,middle,Jan P. Vandenbroucke,0,5
W2059796825-person-6,W2059796825,last,for the STROBE Initiative,0,6
A5061186336,W2096998881,first,Daniel Dindo,1,0
A5063775633,W2096998881,middle,Nicolas Demartines,0,1
A5110080498,W2096998881,last,Pierre-Alain Clavien,0,2
A5110342669,W2111301002,first,Baruch J. Davis,1,0
A5089121489,W1983649348,first,George Scatchard,1,0
A5109276346,W2011303397,first,C S Holling,1,0
A5049045547,W2130354913,first,Miller McPherson,1,0
A5035210768,W2130354913,middle,Lynn Smith-Lovin,0,1
A5019654671,W2130354913,last,James M Cook,0,2
A5062762496,W2108718991,first,Patrick D. Schloss,1,0
A5111530938,W2108718991,middle,Sarah L. Westcott,0,1
A5011688695,W2108718991,middle,Thomas Ryabin,0,2
A5108506329,W2108718991,middle,Justine R. Hall,0,3
A5044355096,W2108718991,middle,Martin Hartmann,0,4
A5055917872,W2108718991,middle,Emily B. Hollister,0,5
A5017853443,W2108718991,middle,Ryan A. Lesniewski,0,6
A5085359279,W2108718991,middle,Brian B. Oakley,0,7
A5060754496,W2108718991,middle,Donovan H. Parks,0,8
A5026220637,W2108718991,middle,Courtney J. Robinson,0,9
A5072982028,W2108718991,middle,Jason W. Sahl,0,10
A5058558119,W2108718991,middle,Blaz Stres,0,11
A5037209090,W2108718991,middle,Gerhard G. Thallinger,0,12
A5112877973,W2108718991,middle,David J. Van Horn,0,13
A5042231087,W2108718991,last,Carolyn F. Weber,0,14
A5100417364,W2152885278,first,Qiong Wang,0,0
A5040654425,W2152885278,middle,George M. Garrity,0,1
A5041807449,W2152885278,middle,James M. Tiedje,0,2
A5104055957,W2152885278,last,James R. Cole,1,3
A5018563718,W2089876099,first,John Guckenheimer,1,0
A5053868357,W2089876099,last,Philip Holmes,0,1
A5074180547,W2112778345,first,Lenore Sawyer Radloff,1,0
A5109290855,W2006370393,first,George L. Ellman,1,0
A5057810294,W2118826874,first,Ronald C. Kessler,1,0
A5109837280,W2118826874,middle,Patricia Berglund,0,1
A5091746574,W2118826874,middle,Olga Demler,0,2
A5111028468,W2118826874,middle,Robert Jin,0,3
A5027210624,W2118826874,middle,Kathleen R. Merikangas,0,4
A5050152988,W2118826874,last,Ellen E. Walters,0,5
A5059319052,W2067495470,first,A. T. BECK,1,0
A5107836452,W2043705607,first,Robert L. Spitzer,1,0
A5049860225,W2043705607,middle,Kurt Kroenke,0,1
A5050843152,W2043705607,middle,Janet B. W. Williams,0,2
A5078610104,W2043705607,last,Bernd Löwe,0,3
A5113665373,W2152348310,first,Frank C. Arnett,1,0
A5016058561,W2152348310,middle,Steven M. Edworthy,0,1
A5056109933,W2152348310,middle,Daniel A. Bloch,0,2
A5057650486,W2152348310,middle,Dennis J. Mcshane,0,3
A5060176647,W2152348310,middle,James F. Fries,0,4
A5029196051,W2152348310,middle,Norman S. Cooper,0,5
A5108446594,W2152348310,middle,Louis A. Healey,0,6
A5110261421,W2152348310,middle,Stephen R. Kaplan,0,7
A5113697433,W2152348310,middle,Matthew H. Liang,0,8
A5040789268,W2152348310,middle,Harvinder S. Luthra,0,9
A5112247165,W2152348310,middle,Thomas A. Medsger,0,10
A5004692457,W2152348310,middle,Donald M. Mitchell,0,11
A5057841798,W2152348310,middle,David H. Neustadt,0,12
A5048310567,W2152348310,middle,Robert S. Pinals,0,13
A5110213768,W2152348310,middle,Jane G. Schaller,0,14
A5038322725,W2152348310,middle,John T. Sharp,0,15
A5111528130,W2152348310,middle,Ronald L. Wilder,0,16
A5008494496,W2152348310,last,Gene G. Hunder,0,17
W1485283179-person-0,W1485283179,first,"Massalski, Tadeusz B. 1926-",1,0
A5113855519,W1914972138,first,Priscilla Robinson,1,0
A5035299523,W2072500831,first,Franz Faul,1,0
A5041210487,W2072500831,middle,Edgar Erdfelder,0,1
A5000202082,W2072500831,middle,Axel Buchner,0,2
A5073193174,W2072500831,last,Albert-Georg Lang,0,3
A5066213576,W2038702827,first,Kristopher J. Preacher,1,0
A5075890029,W2038702827,last,Andrew F. Hayes,0,1
A5035299523,W2087484885,first,Franz Faul,1,0
A5041210487,W2087484885,middle,Edgar Erdfelder,0,1
A5056263250,W2087484885,middle,Albert-Georg Lang,0,2
A5000202082,W2087484885,last,Axel Buchner,0,3
A5066213576,W1995031937,first,Kristopher J. Preacher,1,0
A5075890029,W1995031937,last,Andrew F. Hayes,0,1
A5029232704,W2212401464,first,H.J. Eysenck,1,0
A5108520736,W1995875735,first,C. E. Shannon,1,0
A5024677155,W4294214983,first,Marry L. McHugh,1,0
A5103364748,W1513717105,first,EJ Wood,1,0
A5109290855,W1971048984,first,George L. Ellman,1,0
A5014930584,W1971048984,middle,K.Diane Courtney,0,1
A5053435230,W1971048984,middle,Valentino Andres,0,2
A5111535679,W1971048984,last,Robert M. Featherstone,0,3
A5003565243,W2060333964,first,John M. Chirgwin,1,0
A5109189964,W2060333964,middle,Alan E. Przybyla,0,1
A5038396804,W2060333964,middle,Raymond J. MacDonald,0,2
A5036382303,W2060333964,last,William J. Rutter,0,3
A5002901852,W2951912016,first,Shifu Chen,1,0
A5052814282,W2951912016,middle,Yanqing Zhou,0,1
A5037446400,W2951912016,middle,Yaru Chen,0,2
A5100755117,W2951912016,last,Jia Gu,0,3
A5100338825,W2789843538,first,Heng Li,1,0
A5022280742,W2134526812,first,Simon Anders,1,0
A5014255302,W2134526812,middle,Paul Theodor Pyl,0,1
A5029601108,W2134526812,last,Wolfgang Huber,0,2
A5088404965,W2096093282,first,Torsten Seemann,1,0
A5025640090,W2141052558,first,Alexandros Stamatakis,1,0
A5027039912,W2131271579,first,Anthony M. Bolger,1,0
A5068353394,W2131271579,middle,Marc Lohse,0,1
A5011858960,W2131271579,last,Bjoern Usadel,0,2
A5022244006,W2138207763,first,Yang Liao,1,0
A5054704071,W2138207763,middle,Gordon K. Smyth,0,1
A5076240767,W2138207763,last,Wei Shi,0,2
A5046781938,W2128880918,first,Matthew Kearse,1,0
A5022923330,W2128880918,middle,Richard Moir,0,1
A5033023543,W2128880918,middle,Amy Wilson,0,2
A5056633769,W2128880918,middle,Steven Stones-Havas,0,3
A5112601052,W2128880918,middle,Matthew Cheung,0,4
A5076410128,W2128880918,middle,Shane Sturrock,0,5
A5033252568,W2128880918,middle,Simon Buxton,0,6
A5110792587,W2128880918,middle,Alex Cooper,0,7
A5003452560,W2128880918,middle,Sidney Markowitz,0,8
A5042879860,W2128880918,middle,Chris Duran,0,9
A5031270105,W2128880918,middle,Tobias Thierer,0,10
A5078003144,W2128880918,middle,Bruce Ashton,0,11
A5020597078,W2128880918,middle,Peter Meintjes,0,12
A5079724732,W2128880918,last,Alexei Drummond,0,13
A5019977651,W2169456326,first,Alexander Dobin,1,0
A5111593857,W2169456326,middle,Carrie A. Davis,0,1
A5029421561,W2169456326,middle,Felix Schlesinger,0,2
A5111957142,W2169456326,middle,Jorg Drenkow,0,3
A5027700148,W2169456326,middle,Chris Zaleski,0,4
A5071496329,W2169456326,middle,Sonali Jha,0,5
A5026426674,W2169456326,middle,Philippe Batut,0,6
A5026460408,W2169456326,middle,Mark Chaisson,0,7
A5067538373,W2169456326,last,Thomas R. Gingeras,0,8
A5038201103,W2149992227,first,Petr Danecek,0,0
A5047245152,W2149992227,middle,Adam Auton,0,1
A5078559681,W2149992227,middle,Goncalo Abecasis,0,2
A5039983345,W2149992227,middle,Cornelis A. Albers,0,3
A5029475781,W2149992227,middle,Eric Banks,0,4
A5055476069,W2149992227,middle,Mark A. DePristo,0,5
A5054867399,W2149992227,middle,Robert E. Handsaker,0,6
A5062526316,W2149992227,middle,Gerton Lunter,0,7
A5000369565,W2149992227,middle,Gabor T. Marth,0,8
A5085914713,W2149992227,middle,Stephen T. Sherry,0,9
A5000481707,W2149992227,middle,Gilean McVean,0,10
A5082040351,W2149992227,middle,Richard Durbin,1,11
W2149992227-person-12,W2149992227,last,1000 Genomes Project Analysis Group,0,12
A5079803961,W2102619694,first,Aaron R. Quinlan,1,0
A5026920706,W2102619694,last,Ira M. Hall,0,1
A5077667471,W2124351063,first,Robert C. Edgar,1,0
A5029455059,W2114104545,first,Mark D. Robinson,1,0
A5034469657,W2114104545,middle,Davis J. McCarthy,0,1
A5054704071,W2114104545,last,Gordon K. Smyth,0,2
A5030402857,W2154845780,first,P. Librado,1,0
A5101768262,W2154845780,last,J. Rozas,0,1
A5100338825,W2103441770,first,Heng Li,1,0
A5082040351,W2103441770,last,Richard Durbin,0,1
A5100338825,W2108234281,first,Heng Li,1,0
A5054867399,W2108234281,middle,Bob Handsaker,0,1
A5090190126,W2108234281,middle,Alec Wysoker,0,2
A5057927341,W2108234281,middle,Tim Fennell,0,3
A5088950998,W2108234281,middle,Jue Ruan,0,4
A5090073148,W2108234281,middle,Nils Homer,0,5
A5000369565,W2108234281,middle,Gabor Marth,0,6
A5078559681,W2108234281,middle,Goncalo Abecasis,0,7
A5082040351,W2108234281,middle,Richard Durbin,0,8
W2108234281-person-9,W2108234281,last,1000 Genome Project Data Processing Subgroup,0,9
A5044561793,W2137015675,first,M.A. Larkin,1,0
A5041987677,W2137015675,middle,G. Blackshields,0,1
A5021921687,W2137015675,middle,N.P. Brown,0,2
W2137015675-person-3,W2137015675,middle,R. Chenna,0,3
A5062243310,W2137015675,middle,P.A. McGettigan,0,4
A5084942657,W2137015675,middle,H. McWilliam,0,5
A5002029117,W2137015675,middle,F. Valentin,0,6
A5072254414,W2137015675,middle,I.M. Wallace,0,7
A5036376802,W2137015675,middle,A. Wilm,0,8
A5018972787,W2137015675,middle,R. Lopez,0,9
A5039921905,W2137015675,middle,J.D. Thompson,0,10
A5004328524,W2137015675,middle,T.J. Gibson,0,11
A5090607558,W2137015675,last,D.G. Higgins,0,12
A5025640090,W2168696662,first,Alexandros Stamatakis,1,0
A5048208979,W2146058063,first,Fredrik Ronquist,1,0
A5068909032,W2146058063,last,John P. Huelsenbeck,0,1
A5068909032,W2161444534,first,John P. Huelsenbeck,1,0
A5048208979,W2161444534,last,Fredrik Ronquist,0,1
A5042649313,W2082928585,first,D Posada,1,0
A5046615539,W2082928585,last,K A Crandall,0,1
A5079054289,W1964435302,first,Colin B. Begg,1,0
A5001732927,W1964435302,last,Madhuchhanda Mazumdar,0,1
A5071955362,W2328176404,first,Elizabeth R. DeLong,1,0
A5109209191,W2328176404,middle,David M. DeLong,0,1
A5108455151,W2328176404,last,Daniel L. Clarke-Pearson,0,2
A5112771077,W1594031697,first,A. D. Gordon,1,0
A5039125390,W1594031697,middle,L. Breiman,0,1
A5020427483,W1594031697,middle,J. H. Friedman,0,2
A5068820196,W1594031697,middle,R. A. Olshen,0,3
A5002401862,W1594031697,last,C. J. Stone,0,4
A5109908960,W2141088880,first,A. W. F. Edwards,1,0
A5040712204,W2141088880,last,D. S. Falconer,0,1
A5052609076,W2164777277,first,J. Richard Landis,1,0
A5108081836,W2164777277,last,Gary G. Koch,0,1
A5055644402,W2092713296,first,David B. Duncan,1,0
A5076177583,W2097580026,first,PETER C. B. PHILLIPS,1,0
A5017831058,W2097580026,last,PIERRE PERRON,0,1
A5113580399,W2149860264,first,KUNG-YEE LIANG,1,0
A5000968299,W2149860264,last,SCOTT L. ZEGER,0,1
A5103599799,W2150291618,first,PAUL R. ROSENBAUM,1,0
A5071941451,W2150291618,last,DONALD B. RUBIN,0,1
A5035867888,W2168745915,first,S. S. SHAPIRO,1,0
A5057711739,W2168745915,last,M. B. WILK,0,1
A5013181401,W2008708467,first,Wolfgang Kabsch,1,0
A5010965658,W2008708467,last,Christian Sander,0,1
A5004945875,W2159707944,first,Sonja Hänzelmann,0,0
A5071137998,W2159707944,middle,Robert Castelo,0,1
A5080308005,W2159707944,last,Justin Guinney,1,2
A5100374493,W1999574084,first,Bo Li,1,0
A5032698492,W1999574084,last,Colin N Dewey,0,1
A5064004959,W2142678478,first,Christiam Camacho,1,0
A5022867589,W2142678478,middle,George Coulouris,0,1
A5058039273,W2142678478,middle,Vahram Avagyan,0,2
A5103281519,W2142678478,middle,Ning Ma,0,3
A5021448822,W2142678478,middle,Jason Papadopoulos,0,4
A5035049472,W2142678478,middle,Kevin Bealer,0,5
A5064872013,W2142678478,last,Thomas L Madden,0,6
A5008135470,W1966327575,first,Peter Langfelder,1,0
A5000192581,W1966327575,last,Steve Horvath,0,1
A5089979303,W3118615836,first,Matthew J Page,1,0
A5015844348,W3118615836,middle,Joanne E McKenzie,0,1
A5061726857,W3118615836,middle,Patrick M Bossuyt,0,2
A5065028933,W3118615836,middle,Isabelle Boutron,0,3
A5090700680,W3118615836,middle,Tammy C Hoffmann,0,4
A5031204654,W3118615836,middle,Cynthia D Mulrow,0,5
A5091561305,W3118615836,middle,Larissa Shamseer,0,6
A5076572041,W3118615836,middle,Jennifer M Tetzlaff,0,7
A5041615321,W3118615836,middle,Elie A Akl,0,8
A5012486829,W3118615836,middle,Sue E Brennan,0,9
A5070442023,W3118615836,middle,Roger Chou,0,10
A5003504334,W3118615836,middle,Julie Glanville,0,11
A5054403907,W3118615836,middle,Jeremy M Grimshaw,0,12
A5110728949,W3118615836,middle,Asbjørn Hróbjartsson,0,13
A5007813511,W3118615836,middle,Manoj M Lalu,0,14
A5072760500,W3118615836,middle,Tianjing Li,0,15
A5054045289,W3118615836,middle,Elizabeth W Loder,0,16
A5055917772,W3118615836,middle,Evan Mayo-Wilson,0,17
A5074391235,W3118615836,middle,Steve McDonald,0,18
A5037094305,W3118615836,middle,Luke A McGuinness,0,19
A5082927689,W3118615836,middle,Lesley A Stewart,0,20
A5090183643,W3118615836,middle,James Thomas,0,21
A5074901391,W3118615836,middle,Andrea C Tricco,0,22
A5029006782,W3118615836,middle,Vivian A Welch,0,23
A5077388783,W3118615836,middle,Penny Whiting,0,24
A5068353058,W3118615836,last,David Moher,0,25
A5015955757,W2970684805,first,Jonathan A C Sterne,1,0
A5016408852,W2970684805,middle,Jelena Savović,0,1
A5089979303,W2970684805,middle,Matthew J Page,0,2
A5045704195,W2970684805,middle,Roy G Elbers,0,3
A5055466397,W2970684805,middle,Natalie S Blencowe,0,4
A5065028933,W2970684805,middle,Isabelle Boutron,0,5
A5065716950,W2970684805,middle,Christopher J Cates,0,6
A5032815930,W2970684805,middle,Hung-Yuan Cheng,0,7
A5070206339,W2970684805,middle,Mark S Corbett,0,8
A5007536017,W2970684805,middle,Sandra M Eldridge,0,9
A5030250235,W2970684805,middle,Jonathan R Emberson,0,10
A5084268825,W2970684805,middle,Miguel A Hernán,0,11
A5049975458,W2970684805,middle,Sally Hopewell,0,12
A5110728949,W2970684805,middle,Asbjørn Hróbjartsson,0,13
A5054149999,W2970684805,middle,Daniela R Junqueira,0,14
A5038409870,W2970684805,middle,Peter Jüni,0,15
A5066377848,W2970684805,middle,Jamie J Kirkham,0,16
A5064914332,W2970684805,middle,Toby Lasserson,0,17
A5072760500,W2970684805,middle,Tianjing Li,0,18
A5041376769,W2970684805,middle,Alexandra McAleenan,0,19
A5049611346,W2970684805,middle,Barnaby C Reeves,0,20
A5057600712,W2970684805,middle,Sasha Shepperd,0,21
A5034465718,W2970684805,middle,Ian Shrier,0,22
A5082927689,W2970684805,middle,Lesley A Stewart,0,23
A5022945304,W2970684805,middle,Kate Tilling,0,24
A5058039205,W2970684805,middle,Ian R White,0,25
A5077388783,W2970684805,middle,Penny F Whiting,0,26
A5031195893,W2970684805,last,Julian P T Higgins,0,27
A5015955757,W2531269403,first,Jonathan AC Sterne,1,0
A5084268825,W2531269403,middle,Miguel A Hernán,0,1
A5049611346,W2531269403,middle,Barnaby C Reeves,0,2
A5016408852,W2531269403,middle,Jelena Savović,0,3
A5023729007,W2531269403,middle,Nancy D Berkman,0,4
A5035597551,W2531269403,middle,Meera Viswanathan,0,5
A5029738421,W2531269403,middle,David Henry,0,6
A5042962646,W2531269403,middle,Douglas G Altman,0,7
A5109313491,W2531269403,middle,Mohammed T Ansari,0,8
A5065028933,W2531269403,middle,Isabelle Boutron,0,9
A5072810129,W2531269403,middle,James R Carpenter,0,10
A5053750539,W2531269403,middle,An-Wen Chan,0,11
A5049972945,W2531269403,middle,Rachel Churchill,0,12
A5009420648,W2531269403,middle,Jonathan J Deeks,0,13
A5110728949,W2531269403,middle,Asbjørn Hróbjartsson,0,14
A5066377848,W2531269403,middle,Jamie Kirkham,0,15
A5038409870,W2531269403,middle,Peter Jüni,0,16
A5072911500,W2531269403,middle,Yoon K Loke,0,17
A5064604634,W2531269403,middle,Theresa D Pigott,0,18
A5060375617,W2531269403,middle,Craig R Ramsay,0,19
A5084456614,W2531269403,middle,Deborah Regidor,0,20
A5068121257,W2531269403,middle,Hannah R Rothstein,0,21
A5108622069,W2531269403,middle,Lakhbir Sandhu,0,22
A5070111795,W2531269403,middle,Pasqualina L Santaguida,0,23
A5071868716,W2531269403,middle,Holger J Schünemann,0,24
A5110728734,W2531269403,middle,Beverly Shea,0,25
A5034465718,W2531269403,middle,Ian Shrier,0,26
A5022067453,W2531269403,middle,Peter Tugwell,0,27
A5103755094,W2531269403,middle,Lucy Turner,0,28
A5081918217,W2531269403,middle,Jeffrey C Valentine,0,29
A5074189299,W2531269403,middle,Hugh Waddington,0,30
A5109226276,W2531269403,middle,Elizabeth Waters,0,31
A5035644440,W2531269403,middle,George A Wells,0,32
A5077388783,W2531269403,middle,Penny F Whiting,0,33
A5031195893,W2531269403,last,Julian PT Higgins,0,34
A5031195893,W2098923148,first,J. P. T. Higgins,1,0
A5112320499,W2098923148,middle,D. G. Altman,0,1
A5002375158,W2098923148,middle,P. C. Gotzsche,0,2
A5038409870,W2098923148,middle,P. Juni,0,3
A5068353058,W2098923148,middle,D. Moher,0,4
A5082652200,W2098923148,middle,A. D. Oxman,0,5
A5016408852,W2098923148,middle,J. Savovic,0,6
A5056315210,W2098923148,middle,K. F. Schulz,0,7
A5111619792,W2098923148,middle,L. Weeks,0,8
A5015955757,W2098923148,middle,J. A. C. Sterne,0,9
W2098923148-person-10,W2098923148,middle,Cochrane Bias Methods Group,0,10
W2098923148-person-11,W2098923148,last,Cochrane Statistical Methods Group,0,11
A5068353058,W2156098321,first,D. Moher,1,0
A5113580052,W2156098321,middle,A. Liberati,0,1
A5076572041,W2156098321,middle,J. Tetzlaff,0,2
A5042962646,W2156098321,middle,D. G Altman,0,3
W2156098321-person-4,W2156098321,last,for the PRISMA Group,0,4
A5113580052,W2134833483,first,A. Liberati,1,0
A5112320499,W2134833483,middle,D. G Altman,0,1
A5076572041,W2134833483,middle,J. Tetzlaff,0,2
A5031204654,W2134833483,middle,C. Mulrow,0,3
A5002375158,W2134833483,middle,P. C Gotzsche,0,4
A5070446713,W2134833483,middle,J. P A Ioannidis,0,5
A5068789733,W2134833483,middle,M. Clarke,0,6
A5040874215,W2134833483,middle,P J Devereaux,0,7
A5065584931,W2134833483,middle,J. Kleijnen,0,8
A5068353058,W2134833483,last,D. Moher,0,9
A5031717153,W2165010366,first,Gordon H Guyatt,1,0
A5082652200,W2165010366,middle,Andrew D Oxman,0,1
A5008584776,W2165010366,middle,Gunn E Vist,0,2
A5058128340,W2165010366,middle,Regina Kunz,0,3
A5101485320,W2165010366,middle,Yngve Falck-Ytter,0,4
A5012215238,W2165010366,middle,Pablo Alonso-Coello,0,5
A5071868716,W2165010366,last,Holger J Schünemann,0,6
A5031195893,W2125435699,first,Julian P T Higgins,1,0
A5007606690,W2125435699,middle,Simon G Thompson,0,1
A5009420648,W2125435699,middle,Jonathan J Deeks,0,2
A5042962646,W2125435699,last,Douglas G Altman,0,3
A5102810338,W2104129218,first,T. J Cole,1,0
A5077161809,W2157823046,first,Matthias Egger,1,0
A5013184354,W2157823046,middle,George Davey Smith,0,1
A5103098101,W2157823046,middle,Martin Schneider,0,2
A5025898289,W2157823046,last,Christoph Minder,0,3
A5035834258,W2106952837,first,David L Sackett,1,0
A5083018976,W2106952837,middle,William M C Rosenberg,0,1
A5109215616,W2106952837,middle,J A Muir Gray,0,2
A5082226580,W2106952837,middle,R Brian Haynes,0,3
A5111972371,W2106952837,last,W Scott Richardson,0,4
A5009975594,W2121960517,first,Y Kanda,1,0
A5030131864,W2560367415,first,Andreas D. Hartkopf,1,0
A5011687402,W2560367415,middle,Florin-Andrei Taran,0,1
A5028882183,W2560367415,middle,Markus Wallwiener,0,2
A5110600183,W2560367415,middle,Christina B. Walter,0,3
A5112010242,W2560367415,middle,Bernhard Krämer,0,4
A5013148496,W2560367415,middle,Eva-Maria Grischke,0,5
A5049945196,W2560367415,last,Sara Y. Brucker,0,6
A5111649873,W2052853635,first,J F R Kerr,1,0
A5112790833,W2052853635,middle,A H Wyllie,0,1
A5088596046,W2052853635,last,A R Currie,0,2
A5089101943,W2033952602,first,Gill Crozier,1,0
A5043467343,W2033952602,middle,N. Denzin,0,1
A5027555740,W2033952602,last,Y. Lincoln,0,2
A5110509669,W1995341919,first,Warren S. McCulloch,1,0
A5109328597,W1995341919,last,Walter Pitts,0,1
A5062003303,W2173251738,first,E. Kalnay,1,0
A5091037421,W2173251738,middle,M. Kanamitsu,0,1
A5066828579,W2173251738,middle,R. Kistler,0,2
A5009132654,W2173251738,middle,W. Collins,0,3
A5017613338,W2173251738,middle,D. Deaven,0,4
A5074987152,W2173251738,middle,L. Gandin,0,5
A5053811377,W2173251738,middle,M. Iredell,0,6
A5109971543,W2173251738,middle,S. Saha,0,7
A5008015231,W2173251738,middle,G. White,0,8
A5111746392,W2173251738,middle,J. Woollen,0,9
A5101736566,W2173251738,middle,Y. Zhu,0,10
A5001184000,W2173251738,middle,A. Leetmaa,0,11
A5061520454,W2173251738,middle,R. Reynolds,0,12
A5077093969,W2173251738,middle,M. Chelliah,0,13
A5080490811,W2173251738,middle,W. Ebisuzaki,0,14
A5066428609,W2173251738,middle,W. Higgins,0,15
A5039440711,W2173251738,middle,J. Janowiak,0,16
A5113311455,W2173251738,middle,K. C. Mo,0,17
A5002363681,W2173251738,middle,C. Ropelewski,0,18
A5058412139,W2173251738,middle,J. Wang,0,19
A5030942823,W2173251738,middle,Roy Jenne,0,20
A5024874235,W2173251738,last,Dennis Joseph,0,21
A5005379209,W2121001699,first,Andreas M. Kaplan,1,0
A5002909072,W2121001699,last,Michael Haenlein,0,1
A5064215217,W4393935425,first,Freddie Bray,1,0
A5026861762,W4393935425,middle,Mathieu Laversanne,0,1
A5082191284,W4393935425,middle,Hyuna Sung,0,2
A5051830072,W4393935425,middle,Jacques Ferlay,0,3
A5047300895,W4393935425,middle,Rebecca L. Siegel,0,4
A5057880586,W4393935425,middle,Isabelle Soerjomataram,0,5
A5009198168,W4393935425,last,Ahmedin Jemal,0,6
A5047300895,W4315754639,first,Rebecca L. Siegel,1,0
A5015181760,W4315754639,middle,Kimberly D. Miller,0,1
A5089336149,W4315754639,middle,Nikita Sandeep Wagle,0,2
A5009198168,W4315754639,last,Ahmedin Jemal,0,3
A5047300895,W4206841660,first,Rebecca L. Siegel,1,0
A5015181760,W4206841660,middle,Kimberly D. Miller,0,1
A5086800123,W4206841660,middle,Hannah E. Fuchs,0,2
A5009198168,W4206841660,last,Ahmedin Jemal,0,3
A5047300895,W3119005666,first,Rebecca L. Siegel,1,0
A5015181760,W3119005666,middle,Kimberly D. Miller,0,1
A5086800123,W3119005666,middle,Hannah E. Fuchs,0,2
A5009198168,W3119005666,last,Ahmedin Jemal,0,3
A5082191284,W3128646645,first,Hyuna Sung,0,0
A5051830072,W3128646645,middle,Jacques Ferlay,0,1
A5047300895,W3128646645,middle,Rebecca L. Siegel,0,2
A5026861762,W3128646645,middle,Mathieu Laversanne,0,3
A5057880586,W3128646645,middle,Isabelle Soerjomataram,0,4
A5009198168,W3128646645,middle,Ahmedin Jemal,0,5
A5064215217,W3128646645,last,Freddie Bray,1,6
A5047300895,W2999417355,first,Rebecca L. Siegel,1,0
A5015181760,W2999417355,middle,Kimberly D. Miller,0,1
A5009198168,W2999417355,last,Ahmedin Jemal,0,2
A5047300895,W2911188335,first,Rebecca L. Siegel,1,0
A5015181760,W2911188335,middle,Kimberly D. Miller,0,1
A5009198168,W2911188335,last,Ahmedin Jemal,0,2
A5047300895,W2781525129,first,Rebecca L. Siegel,1,0
A5015181760,W2781525129,middle,Kimberly D. Miller,0,1
A5009198168,W2781525129,last,Ahmedin Jemal,0,2
A5064215217,W2889646458,first,Freddie Bray,1,0
A5051830072,W2889646458,middle,Jacques Ferlay,0,1
A5057880586,W2889646458,middle,Isabelle Soerjomataram,0,2
A5047300895,W2889646458,middle,Rebecca L. Siegel,0,3
A5110967014,W2889646458,middle,Lindsey A. Torre,0,4
A5009198168,W2889646458,last,Ahmedin Jemal,0,5
A5083719308,W2272984102,first,Wanqing Chen,1,0
A5073808064,W2272984102,middle,Rongshou Zheng,0,1
A5064186655,W2272984102,middle,Peter D. Baade,0,2
A5104832272,W2272984102,middle,Siwei Zhang,0,3
A5004337669,W2272984102,middle,Hongmei Zeng,0,4
A5064215217,W2272984102,middle,Freddie Bray,0,5
A5009198168,W2272984102,middle,Ahmedin Jemal,0,6
A5004937788,W2272984102,middle,Xue Qin Yu,0,7
A5100685161,W2272984102,last,Jie He,0,8
A5047300895,W2235523093,first,Rebecca L. Siegel,1,0
A5015181760,W2235523093,middle,Kimberly D. Miller,0,1
A5009198168,W2235523093,last,Ahmedin Jemal,0,2
A5110967014,W2917837889,first,Lindsey A. Torre,1,0
A5064215217,W2917837889,middle,Freddie Bray,0,1
A5047300895,W2917837889,middle,Rebecca L. Siegel,0,2
A5051830072,W2917837889,middle,Jacques Ferlay,0,3
A5003542814,W2917837889,middle,Joannie Lortet‐Tieulent,0,4
A5009198168,W2917837889,last,Ahmedin Jemal,0,5
A5009198168,W2106787323,first,Ahmedin Jemal,1,0
A5064215217,W2106787323,middle,Freddie Bray,0,1
A5051830072,W2106787323,middle,Jacques Ferlay,0,2
A5101396776,W2106787323,middle,Elizabeth Ward,0,3
A5111768129,W2106787323,last,David Forman,0,4
A5060764581,W2020830322,first,D. M. Parkin,1,0
A5064215217,W2020830322,middle,F. Bray,0,1
A5051830072,W2020830322,middle,J. Ferlay,0,2
A5007892044,W2020830322,last,P. Pisani,0,3
W4300009529-person-0,W4300009529,first,Intergovernmental Panel on Climate Change,1,0
A5011176205,W2296319761,first,Stephen Boyd,1,0
A5017990990,W2296319761,last,Lieven Vandenberghe,0,1
A5020216442,W2033819227,first,Richard Hartley,1,0
A5057678172,W2033819227,last,Andrew Zisserman,0,1
A5110893439,W1666853924,first,Max Born,1,0
A5110890858,W1666853924,middle,Emil Wolf,0,1
W1666853924-person-2,W1666853924,middle,A. B. Bhatia,0,2
W1666853924-person-3,W1666853924,middle,P. C. Clemmow,0,3
W1666853924-person-4,W1666853924,middle,D. Gabor,0,4
W1666853924-person-5,W1666853924,middle,A. R. Stokes,0,5
W1666853924-person-6,W1666853924,middle,A. M. Taylor,0,6
W1666853924-person-7,W1666853924,middle,P. A. Wayman,0,7
W1666853924-person-8,W1666853924,last,W. L. Wilcock,0,8
A5018954657,W4210702550,first,Etienne Wenger,1,0
A5110328496,W950821216,first,Stanley Wasserman,1,0
A5013955991,W950821216,last,Katherine Faust,0,1
A5061396853,W4245961435,first,Jean Lave,1,0
A5018954657,W4245961435,last,Etienne Wenger,0,1
A5003087402,W4233654598,first,Elinor Ostrom,1,0
A5111418782,W4298413470,first,Douglass C. North,1,0
A5111995000,W2133469585,first,Daniel Kahneman,1,0
A5000234995,W2133469585,last,Amos Tversky,0,1
A5035242470,W4301056702,first,Pierre Bourdieu,1,0
A5082814826,W2118338381,first,Nassim Tabri,1,0
A5028740204,W2118338381,last,Corinna Marie Elliott,0,1
A5089452951,W2152311269,first,E. G. Bligh,1,0
A5032047957,W2152311269,last,W. J. Dyer,0,1
A5089452951,W2300552860,first,E. G. Bligh,1,0
A5032047957,W2300552860,last,W. J. Dyer,0,1
A5067673309,W2038533471,first,S. H. Vosko,1,0
A5111721341,W2038533471,middle,L. Wilk,0,1
A5008617550,W2038533471,last,M. Nusair,0,2
A5080419206,W1999130958,first,William T. McGivney,1,0
A5071787046,W2149441684,first,Ethan Cerami,1,0
A5014978419,W2149441684,middle,Jianjiong Gao,0,1
A5006798669,W2149441684,middle,Ugur Dogrusoz,0,2
A5026873890,W2149441684,middle,Benjamin E. Gross,0,3
A5020961360,W2149441684,middle,Selcuk Onur Sumer,0,4
A5020220136,W2149441684,middle,Bülent Arman Aksoy,0,5
A5049766408,W2149441684,middle,Anders Jacobsen,0,6
A5064902745,W2149441684,middle,Caitlin J. Byrne,0,7
A5090047444,W2149441684,middle,Michael L. Heuer,0,8
A5050629872,W2149441684,middle,Erik Larsson,0,9
A5050760316,W2149441684,middle,Yevgeniy Antipin,0,10
A5086570651,W2149441684,middle,Boris Reva,0,11
A5066362880,W2149441684,middle,Arthur P. Goldberg,0,12
A5008166270,W2149441684,middle,Chris Sander,0,13
A5033125884,W2149441684,last,Nikolaus Schultz,0,14
A5019620317,W3009912996,first,Markus Hoffmann,1,0
A5044441675,W3009912996,middle,Hannah Kleine-Weber,0,1
A5074494709,W3009912996,middle,Simon Schroeder,0,2
A5082143205,W3009912996,middle,Nadine Krüger,0,3
A5063536124,W3009912996,middle,Tanja Herrler,0,4
A5083074687,W3009912996,middle,Sandra Erichsen,0,5
A5033152934,W3009912996,middle,Tobias S. Schiergens,0,6
A5065412037,W3009912996,middle,Georg Herrler,0,7
A5028405920,W3009912996,middle,Nai-Huei Wu,0,8
A5007303691,W3009912996,middle,Andreas Nitsche,0,9
A5109246066,W3009912996,middle,Marcel A. Müller,0,10
A5011461272,W3009912996,middle,Christian Drosten,0,11
A5004595481,W3009912996,last,Stefan Pöhlmann,0,12
A5003957777,W2949177718,first,Tim Stuart,1,0
A5042529830,W2949177718,middle,Andrew Butler,0,1
A5078971011,W2949177718,middle,Paul Hoffman,0,2
A5072183933,W2949177718,middle,Christoph Hafemeister,0,3
A5045393597,W2949177718,middle,Efthymia Papalexi,0,4
A5065039556,W2949177718,middle,William M. Mauck,0,5
A5014193997,W2949177718,middle,Yuhan Hao,0,6
A5084129649,W2949177718,middle,Marlon Stoeckius,0,7
A5039402589,W2949177718,middle,Peter Smibert,0,8
A5058180202,W2949177718,last,Rahul Satija,0,9
A5047039050,W1997183854,first,Scott J. Dixon,1,0
A5045645746,W1997183854,middle,Kathryn M. Lemberg,0,1
A5014823035,W1997183854,middle,Michael R. Lamprecht,0,2
A5085074627,W1997183854,middle,Rachid Skouta,0,3
A5096889554,W1997183854,middle,Eleina M. Zaitsev,0,4
A5040309991,W1997183854,middle,Caroline E. Gleason,0,5
A5076267910,W1997183854,middle,Darpan N. Patel,0,6
A5088411429,W1997183854,middle,Andras J. Bauer,0,7
A5065678849,W1997183854,middle,Alexandra M. Cantley,0,8
A5002106907,W1997183854,middle,Wan Seok Yang,0,9
A5019039663,W1997183854,middle,Barclay Morrison,0,10
A5030207693,W1997183854,last,Brent R. Stockwell,0,11
A5007537368,W2117692326,first,Douglas Hanahan,1,0
A5012557712,W2117692326,last,Robert A. Weinberg,0,1
A5087589263,W2162674813,first,David P. Bartel,1,0
A5101897576,W2138977668,first,Kazutoshi Takahashi,1,0
A5000507804,W2138977668,middle,Koji Tanabe,0,1
A5003332518,W2138977668,middle,Mari Ohnuki,0,2
A5019583219,W2138977668,middle,Megumi Narita,0,3
A5073683190,W2138977668,middle,Tomoko Ichisaka,0,4
A5054168710,W2138977668,middle,Kiichiro Tomoda,0,5
A5081862387,W2138977668,last,Shinya Yamanaka,0,6
A5101897576,W2125987139,first,Kazutoshi Takahashi,0,0
A5081862387,W2125987139,last,Shinya Yamanaka,1,1
A5087589263,W144423133,first,David P Bartel,1,0
A5007537368,W2034269086,first,Douglas Hanahan,1,0
A5012557712,W2034269086,last,Robert A Weinberg,0,1
A5100340464,W1523693806,first,Yu-jie Li,1,0
A5037591628,W1523693806,middle,Qin Jiang,0,1
A5100870199,W1523693806,middle,Guo-fan Cao,0,2
A5031957363,W1523693806,middle,Jin Yao,0,3
A5058567619,W1523693806,last,Biao Yan,0,4
A5081897732,W2018289835,first,Haider Raza,1,0
A5084346756,W2018289835,middle,Annie John,0,1
A5020229477,W2018289835,last,Abderrahim Nemmar,0,2
A5044026747,W1487127700,first,Jean-Jacques Slotine,1,0
A5100415565,W1487127700,last,Weiping Li,0,1
A5108354699,W1997151511,first,Jacopo Tomasi,1,0
A5041412476,W1997151511,middle,Benedetta Mennucci,0,1
A5053508480,W1997151511,last,Roberto Cammi,0,2
A5078307783,W2110540540,first,Michael R. Hoffmann,1,0
A5081871898,W2110540540,middle,Scot T. Martin,0,1
A5064690703,W2110540540,middle,Wonyong Choi,0,2
A5002499751,W2110540540,last,Detlef W. Bahnemann,0,3
A5007769955,W2038767330,first,Alan E. Reed,1,0
A5058864798,W2038767330,middle,Larry A. Curtiss,0,1
A5028194420,W2038767330,last,Frank Weinhold,0,2
A5019539533,W2140190241,first,"Han, Jiawei",1,0
A5033935560,W2140190241,last,"Kamber, Micheline",0,1
W2122410182-person-0,W2122410182,first,Dr. Anil Kumar,1,0
W2122410182-person-1,W2122410182,middle,Sivasubramanian Balasubramanian,0,1
W2122410182-person-2,W2122410182,middle,Dr. Haewon Byeon,0,2
W2122410182-person-3,W2122410182,last,Prof. Ganesh Vasudeo Manerkar,0,3
W1554663460-person-0,W1554663460,first,"Bishop, Christopher M. 1959-",1,0
W2432517183-person-0,W2432517183,first,"Press, William H",1,0
W2432517183-person-1,W2432517183,middle,"Flannery, Brian P",0,1
W2432517183-person-2,W2432517183,middle,"Teukolsky, Saul Arno",0,2
W2432517183-person-3,W2432517183,last,"Vetterling, William T",0,3
W1973948212-person-0,W1973948212,first,"Hosmer, David W. 1944-",1,0
W1973948212-person-1,W1973948212,middle,"Lemeshow, Stanley 1948-",0,1
W1973948212-person-2,W1973948212,last,"Sturdivant, Rodney X.",0,2
W2153943092-person-0,W2153943092,first,Frederick J. Riggins,1,0
W2153943092-person-1,W2153943092,last,Saby Mitra,0,1
A5097011502,W2285072859,first,Task Force of the European Society of Cardiology the North A Electrophysiology,1,0
A5110437111,W3199943451,first,Joe Felsenstein,1,0
A5112523816,W2004778468,first,Ronald Aylmer Fisher,1,0
A5009438811,W1866311589,first,David Gilbarg,1,0
A5059521689,W1866311589,last,Neil S. Trudinger,0,1
A5102109904,W1575147392,first,Tosio Kato,1,0
A5043596447,W2168420558,first,Stephen A Bustin,1,0
A5048071608,W2168420558,middle,Vladimir Benes,0,1
A5025552110,W2168420558,middle,Jeremy A Garson,0,2
A5004924184,W2168420558,middle,Jan Hellemans,0,3
A5052898193,W2168420558,middle,Jim Huggett,0,4
A5048562587,W2168420558,middle,Mikael Kubista,0,5
A5004474974,W2168420558,middle,Reinhold Mueller,0,6
A5110679900,W2168420558,middle,Tania Nolan,0,7
A5032653169,W2168420558,middle,Michael W Pfaffl,0,8
A5112455318,W2168420558,middle,Gregory L Shipley,0,9
A5086580140,W2168420558,middle,Jo Vandesompele,0,10
A5051507868,W2168420558,last,Carl T Wittwer,0,11
A5020575969,W2116404316,first,William T Friedewald,1,0
A5104194836,W2116404316,middle,Robert I Levy,0,1
A5114008161,W2116404316,last,Donald S Fredrickson,0,2
A5031152245,W2163605009,first,Alex Krizhevsky,1,0
A5006446297,W2163605009,middle,Ilya Sutskever,0,1
A5108093963,W2163605009,last,Geoffrey E. Hinton,0,2
A5043872671,W2173213060,first,Jeffrey Dean,1,0
A5012998255,W2173213060,last,Sanjay Ghemawat,0,1
A5062440435,W2085261163,first,Martin A. Fischler,1,0
A5019197436,W2085261163,last,Robert C. Bolles,0,1
A5019751186,W2007395042,first,G. Kresse,1,0
A5062208820,W2007395042,last,J. Furthmüller,0,1
A5044396726,W2168452204,first,I.F. Akyildiz,0,0
A5019149002,W2168452204,middle,W. Su,1,1
A5109880568,W2168452204,middle,Y. Sankarasubramaniam,0,2
W2168452204-person-3,W2168452204,last,E. Cayirci,0,3
A5004700865,W2066636486,first,Sergey Brin,0,0
A5115597907,W2066636486,last,Lawrence Page,1,1
W2107031757-person-0,W2107031757,first,"Cohen, Jacob 1923-1998",1,0
A5109116024,W2011301426,first,John D. Hunter,1,0
A5001390698,W2170899200,first,Richard M. Ryan,1,0
A5004154542,W2170899200,last,Edward L. Deci,0,1
A5046764771,W2324392187,first,Nicholas T. Longford,1,0
A5091405146,W2324392187,middle,Anthony S. Bryk,0,1
A5112799992,W2324392187,last,Stephen W. Raudenbush,0,2
A5013949250,W2000117884,first,Carolyn Ellis,1,0
A5108589982,W2000117884,middle,Anselm Strauss,0,1
A5002394578,W2000117884,last,Juliet Corbin,0,2
A5051192450,W2005061283,first,Rose M. Brewer,1,0
A5006360782,W2005061283,last,Patricia Hill Collins,0,1
A5007410239,W2059334100,first,Clifford C. Clogg,1,0
A5047232270,W2059334100,last,Kenneth A. Bollen,0,1
A5096747841,W1550621568,first,Jackson Kytle,1,0
A5110910530,W1550621568,last,Albert Bandura,0,1
A5040320731,W1986215651,first,Alejandro R. Jadad,1,0
A5029049881,W1986215651,middle,R.Andrew Moore,0,1
A5110209862,W1986215651,middle,Dawn Carroll,0,2
A5019081174,W1986215651,middle,Crispin Jenkinson,0,3
A5110050601,W1986215651,middle,D.John M. Reynolds,0,4
A5003271159,W1986215651,middle,David J. Gavaghan,0,5
A5109039984,W1986215651,last,Henry J. McQuay,0,6
A5032305781,W2107328434,first,Rebecca DerSimonian,1,0
A5107379548,W2107328434,last,Nan Laird,0,1
A5038322549,W2025371271,first,M. Dominici,1,0
A5083176335,W2025371271,middle,K. Le Blanc,0,1
A5111980735,W2025371271,middle,I. Mueller,0,2
A5074749952,W2025371271,middle,I. Slaper-Cortenbach,0,3
A5103278389,W2025371271,middle,F.C Marini,0,4
A5004477857,W2025371271,middle,D.S. Krause,0,5
A5109227733,W2025371271,middle,R.J. Deans,0,6
A5050723566,W2025371271,middle,A. Keating,0,7
A5111438783,W2025371271,middle,D.J. Prockop,0,8
A5052595717,W2025371271,last,E.M. Horwitz,0,9
W2964015378-person-0,W2964015378,first,"Chen, Tianyu",1,0
W2964015378-person-1,W2964015378,middle,"Wang, Zeyu",0,1
W2964015378-person-2,W2964015378,middle,"Li, Lin",0,2
W2964015378-person-3,W2964015378,middle,"Li, Ding",0,3
W2964015378-person-4,W2964015378,middle,"Li, Zongyang",0,4
W2964015378-person-5,W2964015378,middle,"Chang, Xiaoning",0,5
W2964015378-person-6,W2964015378,middle,"Bian, Pan",0,6
W2964015378-person-7,W2964015378,middle,"Liang, Guangtai",0,7
W2964015378-person-8,W2964015378,middle,"Wang, Qianxiang",0,8
W2964015378-person-9,W2964015378,last,"Xie, Tao",0,9
A5034285513,W2139212933,first,Christopher J.C. Burges,1,0
A5003452701,W2127218421,first,James B. MacQueen,1,0
A5076671393,W2148080316,first,Jeroen S. Kok,1,0
A5103688270,W2148080316,middle,Ina J. Berg,0,1
A5062503784,W2148080316,last,Erik J.A. Scherder,0,2
A5011127007,W2160234571,first,D. R. Matthews,1,0
A5109876993,W2160234571,middle,J. P. Hosker,0,1
A5109988286,W2160234571,middle,A. S. Rudenski,0,2
A5048895008,W2160234571,middle,B. A. Naylor,0,3
A5072282052,W2160234571,middle,D. F. Treacher,0,4
A5109731978,W2160234571,last,R. C. Turner,0,5
W4385245566-person-0,W4385245566,first,"Jakubův, Jan",1,0
W4385245566-person-1,W4385245566,middle,"Chvalovský, Karel",0,1
W4385245566-person-2,W4385245566,middle,"Goertzel, Zarathustra",0,2
W4385245566-person-3,W4385245566,middle,"Kaliszyk, Cezary",0,3
W4385245566-person-4,W4385245566,middle,"Olšák, Mirek",0,4
W4385245566-person-5,W4385245566,middle,"Piotrowski, Bartosz",0,5
W4385245566-person-6,W4385245566,middle,"Schulz, Stephan",0,6
W4385245566-person-7,W4385245566,middle,"Suda, Martin",0,7
W4385245566-person-8,W4385245566,last,"Urban, Josef",0,8
W2964121744-person-0,W2964121744,first,"Chen, Kuan-Lin",1,0
W2964121744-person-1,W2964121744,last,"Schulman, Rebecca",0,1
A5019081674,W2965373594,first,"Armaselu, Florentina",1,0
A5076248976,W2965373594,middle,"Apostol, Elena-Simona",0,1
W2965373594-person-2,W2965373594,middle,"Khan, Anas Fahad",0,2
A5006191011,W2965373594,middle,"Liebeskind, Chaya",0,3
A5108202364,W2965373594,middle,"McGillivray, Barbara",0,4
A5051064208,W2965373594,middle,"Truică, Ciprian-Octavian",0,5
A5024311574,W2965373594,last,"Valūnaitė Oleškevičienė, Giedrė",0,6
W2896457183-person-0,W2896457183,first,"Holter, Ole Magnus",1,0
W2896457183-person-1,W2896457183,last,"Ell, Basil",0,1
W3165656738-person-0,W3165656738,first,"Martínez González, Marina",1,0
A5110062251,W2139416101,first,Steven J. Phillips,1,0
A5088966095,W2139416101,middle,Robert P. Anderson,0,1
A5084108666,W2139416101,last,Robert E. Schapire,0,2
A5053050215,W4229954146,first,William H. Baltosser,1,0
A5039896953,W4229954146,last,Jerrold H. Zar,0,1
A5113931380,W2117178635,first,Whitney K. Newey,1,0
A5108774719,W2117178635,last,Kenneth D. West,0,1
A5047040699,W2110603299,first,Robert F. Engle,1,0
A5110206207,W2110603299,last,C. W. J. Granger,0,1
A5047040699,W1979575715,first,Robert F. Engle,1,0
A5103455390,W2108818539,first,Halbert White,1,0
A5111995000,W3011865677,first,Daniel Kahneman,1,0
A5000234995,W3011865677,last,Amos Tversky,0,1
A5107928200,W2139122730,first,James J. Heckman,1,0
A5108206606,W2112352537,first,J. A. Hausman,1,0
A5105834520,W2178225550,first,C. W. J. Granger,1,0
A5112823798,W2318680928,first,Henry B. Mann,1,0
A5048382598,W2015930340,first,R. H. Coase,1,0
A5030084342,W1736209534,first,Robert V. Krejcie,1,0
A5053138941,W1736209534,last,Daryle W. Morgan,0,1
A5013165905,W2053154970,first,Jacob Cohen,1,0
A5111444104,W2140369176,first,LEE S. SHULMAN,1,0
A5028557596,W2332086916,first,David W. Tarbet,1,0
W2332086916-person-1,W2332086916,middle,Michael Foucault,0,1
A5039244906,W2332086916,last,Alan Sheridan,0,2
A5045934263,W1570448133,first,"Witten, Ian H. 1947-",1,0
A5059992863,W1570448133,middle,"Frank, Eibe",0,1
A5065290010,W1570448133,last,"Hall, Mark A.",0,2
A5086988987,W2085491458,first,J COLEMAN,1,0
A5065086376,W2115755118,first,"Mallat, Stéphane G.",1,0
A5091829898,W2120644786,first,T.J. White,1,0
A5083628552,W2120644786,middle,T. Bruns,0,1
A5100666686,W2120644786,middle,S. Lee,0,2
A5103131567,W2120644786,last,J. Taylor,0,3
W2163815564-person-0,W2163815564,first,"Paxinos, George",1,0
W2163815564-person-1,W2163815564,last,"Watson, Charles",0,1
A5088798234,W2036897871,first,Marcel Martin,1,0
W4392145873-person-0,W4392145873,first,"Ndiaye, Matar",1,0
W4392145873-person-1,W4392145873,middle,"Lespez, Laurent",0,1
W4392145873-person-2,W4392145873,middle,"Tribolo, Chantal",0,2
W4392145873-person-3,W4392145873,middle,"Rasse, Michel",0,3
W4392145873-person-4,W4392145873,middle,"Hadjas, Irka",0,4
W4392145873-person-5,W4392145873,middle,"Davidoux, Sarah",0,5
W4392145873-person-6,W4392145873,middle,"Huysecom, Éric",0,6
W4392145873-person-7,W4392145873,last,"Douze, Katja",0,7
A5050027372,W75231382,first,Stefano Schiavon,1,0
A5082425702,W75231382,last,Roberto Zecchin,0,1
A5021051472,W2905811773,first,Joseph F. Hair,1,0
A5064459167,W2905811773,middle,Jeffrey J. Risher,0,1
A5053369574,W2905811773,middle,Marko Sarstedt,0,2
A5087109003,W2905811773,last,Christian M. Ringle,0,3
A5109832285,W2019607817,first,E.A. Eisenhauer,1,0
A5109907671,W2019607817,middle,P. Therasse,0,1
A5080354461,W2019607817,middle,J. Bogaerts,0,2
A5058825770,W2019607817,middle,L.H. Schwartz,0,3
A5023299002,W2019607817,middle,D. Sargent,0,4
A5050157175,W2019607817,middle,R. Ford,0,5
A5015598221,W2019607817,middle,J. Dancey,0,6
A5109228194,W2019607817,middle,S. Arbuck,0,7
A5112904642,W2019607817,middle,S. Gwyther,0,8
A5061822229,W2019607817,middle,M. Mooney,0,9
A5033078993,W2019607817,middle,L. Rubinstein,0,10
A5012218905,W2019607817,middle,L. Shankar,0,11
A5020333045,W2019607817,middle,L. Dodd,0,12
A5053919588,W2019607817,middle,R. Kaplan,0,13
A5103260191,W2019607817,middle,D. Lacombe,0,14
A5024516181,W2019607817,last,J. Verweij,0,15
A5080262061,W2116475791,first,Andreas Stang,1,0
A5043185084,W2076452041,first,A. Charnes,1,0
A5109004846,W2076452041,middle,W.W. Cooper,0,1
A5109860375,W2076452041,last,E. Rhodes,0,2
A5090908474,W2125078269,first,M. R. Miller,0,0
A5064881563,W2125078269,middle,J. Hankinson,0,1
A5006490204,W2125078269,middle,V. Brusasco,1,2
A5068924079,W2125078269,middle,F. Burgos,0,3
A5058532986,W2125078269,middle,R. Casaburi,0,4
A5015115712,W2125078269,middle,A. Coates,0,5
A5111812427,W2125078269,middle,R. Crapo,0,6
A5111705720,W2125078269,middle,P. Enright,0,7
A5031539199,W2125078269,middle,C. P. M. van der Grinten,0,8
A5062546643,W2125078269,middle,P. Gustafsson,0,9
A5113699779,W2125078269,middle,R. Jensen,0,10
A5005301051,W2125078269,middle,D. C. Johnson,0,11
A5017266669,W2125078269,middle,N. MacIntyre,0,12
A5045810064,W2125078269,middle,R. McKay,0,13
A5069972127,W2125078269,middle,D. Navajas,0,14
A5102985030,W2125078269,middle,O. F. Pedersen,0,15
A5022656140,W2125078269,middle,R. Pellegrino,0,16
A5000913865,W2125078269,middle,G. Viegi,0,17
A5112098275,W2125078269,last,J. Wanger,0,18
A5037182479,W2133766618,first,Simon Phelan,1,0
A5110931656,W2030966943,first,Joseph Felsenstein,1,0
A5110931656,W4254275792,first,Joseph Felsenstein,1,0
A5110903563,W1997476591,first,B. S. Weir,1,0
A5038410960,W1997476591,last,C. Clark Cockerham,0,1
A5052677693,W2038600245,first,Mary McIntosh,1,0
A5074092725,W2038600245,last,Judith Butler,0,1
A5054380367,W3146083582,first,Donna Haraway,1,0
A5018956008,W2129660502,first,Greg Guest,1,0
A5044347523,W2129660502,middle,Arwen Bunce,0,1
A5011356886,W2129660502,last,Laura Johnson,0,2
A5011176205,W4292363360,first,Stephen Boyd,1,0
W4292363360-person-1,W4292363360,middle,Neal Parikh,0,1
W4292363360-person-2,W4292363360,middle,Eric Chu,0,2
W4292363360-person-3,W4292363360,middle,Borja Peleato,0,3
W4292363360-person-4,W4292363360,last,Jonathan Eckstein,0,4
A5058810725,W2012991711,first,Roberta Re,0,0
A5062394387,W2012991711,middle,Nicoletta Pellegrini,0,1
A5023455192,W2012991711,middle,Anna Proteggente,0,2
A5004561815,W2012991711,middle,Ananth Pannala,0,3
A5088968470,W2012991711,middle,Min Yang,0,4
A5081513258,W2012991711,last,Catherine Rice-Evans,1,5
A5038199341,W1980564456,first,Krassimir T. Atanassov,1,0
W2010094123-person-0,W2010094123,first,Offered The,1,0
W2010094123-person-1,W2010094123,middle,Garry R. Buettner,0,1
W2010094123-person-2,W2010094123,middle,Ph. D,0,2
W2010094123-person-3,W2010094123,middle,Larry W. Oberley,0,3
W2010094123-person-4,W2010094123,middle,Ph. D,0,4
W2010094123-person-5,W2010094123,middle,Drs Freya,0,5
W2010094123-person-6,W2010094123,middle,Q Schafer,0,6
W2010094123-person-7,W2010094123,middle,Douglas R. Spitz,0,7
W2010094123-person-8,W2010094123,middle,Frederick E. Domann,0,8
W2010094123-person-9,W2010094123,middle,Nadph Oxidase,0,9
W2010094123-person-10,W2010094123,middle,Free Radical,0,10
W2010094123-person-11,W2010094123,middle,Biology Owens,0,11
W2010094123-person-12,W2010094123,last,Kjerstin M. Owens,0,12
A5051388103,W2098126593,first,Jonathan K Pritchard,1,0
A5036504609,W2098126593,middle,Matthew Stephens,0,1
A5077722090,W2098126593,last,Peter Donnelly,0,2
A5109352890,W2051978340,first,Sue Richards,1,0
A5023488789,W2051978340,middle,Nazneen Aziz,0,1
A5060138620,W2051978340,middle,Sherri Bale,0,2
A5051040365,W2051978340,middle,David Bick,0,3
A5101858681,W2051978340,middle,Soma Das,0,4
A5006908499,W2051978340,middle,Julie Gastier-Foster,0,5
A5113656961,W2051978340,middle,Wayne W. Grody,0,6
A5041071963,W2051978340,middle,Madhuri Hegde,0,7
A5108794005,W2051978340,middle,Elaine Lyon,0,8
A5057599208,W2051978340,middle,Elaine Spector,0,9
A5044060554,W2051978340,middle,Karl Voelkerding,0,10
A5014144046,W2051978340,last,Heidi L. Rehm,0,11
A5049770701,W2179438025,first,Michael I Love,1,0
A5029601108,W2179438025,middle,Wolfgang Huber,0,1
A5022280742,W2179438025,last,Simon Anders,0,2
A5068576885,W2133856765,first,Nicola Segata,1,0
A5034600868,W2133856765,middle,Jacques Izard,0,1
A5052283192,W2133856765,middle,Levi Waldron,0,2
A5081647956,W2133856765,middle,Dirk Gevers,0,3
A5078340083,W2133856765,middle,Larisa Miropolsky,0,4
A5091604970,W2133856765,middle,Wendy S Garrett,0,5
A5008844345,W2133856765,last,Curtis Huttenhower,0,6
A5022280742,W2152239989,first,Simon Anders,1,0
A5029601108,W2152239989,last,Wolfgang Huber,0,1
A5009556658,W2124985265,first,Ben Langmead,1,0
A5016854384,W2124985265,middle,Cole Trapnell,0,1
A5064979917,W2124985265,middle,Mihai Pop,0,2
A5010384159,W2124985265,last,Steven L Salzberg,0,3
A5007650371,W2171808845,first,Yong Zhang,0,0
A5100338122,W2171808845,middle,Tao Liu,0,1
A5021521447,W2171808845,middle,Clifford A Meyer,0,2
A5091827744,W2171808845,middle,Jérôme Eeckhoute,0,3
A5027931169,W2171808845,middle,David S Johnson,0,4
A5058470461,W2171808845,middle,Bradley E Bernstein,0,5
A5049581540,W2171808845,middle,Chad Nusbaum,0,6
A5016212527,W2171808845,middle,Richard M Myers,0,7
A5033532061,W2171808845,middle,Myles Brown,0,8
A5100318082,W2171808845,middle,Wei Li,1,9
A5045575546,W2171808845,last,X Shirley Liu,0,10
A5086580140,W1577577364,first,Jo Vandesompele,1,0
A5034282785,W1577577364,middle,Katleen De Preter,0,1
A5072598822,W1577577364,middle,Filip Pattyn,0,2
A5057368279,W1577577364,middle,Bruce Poppe,0,3
A5015213142,W1577577364,middle,Nadine Van Roy,0,4
A5106426567,W1577577364,middle,Anne De Paepe,0,5
A5108489684,W1577577364,last,Frank Speleman,0,6
A5113587209,W2138522501,first,S.-s. Sun,1,0
A5016983675,W2138522501,last,W. F. McDonough,0,1
A5035950418,W2167311298,first,Sebastiaan T.M. Peek,1,0
A5059909558,W2167311298,middle,Katrien G. Luijkx,0,1
A5084320362,W2167311298,middle,Maurice D. Rijnaard,0,2
A5059169253,W2167311298,middle,Marianne E. Nieboer,0,3
A5075307649,W2167311298,middle,Claire S. van der Voort,0,4
A5083247761,W2167311298,middle,Sil Aarts,0,5
A5005516164,W2167311298,middle,Joost van Hoof,0,6
A5001877044,W2167311298,middle,Hubertus J.M. Vrijhoef,0,7
A5009640664,W2167311298,last,Eveline J.M. Wouters,0,8
A5047366834,W2008854521,first,Maarit Kangas,1,0
A5057877217,W2008854521,middle,Raija Korpelainen,0,1
A5043520931,W2008854521,middle,Irene Vikman,0,2
A5068408229,W2008854521,middle,Lars Nyberg,0,3
A5053956008,W2008854521,last,Timo Jämsä,0,4
A5060959562,W2073775990,first,P. A. Cundall,1,0
A5009890068,W2073775990,last,O. D. L. Strack,0,1
A5111444104,W2153000380,first,Lee Shulman,1,0
A5003220133,W2254735081,first,Urie Bronfenbrenner,1,0
W2473786944-person-0,W2473786944,first,,1,0
A5063609461,W2149868499,first,Sarah Lewis,1,0
A5072009257,W2157300266,first,Leon Festinger,1,0
A5113631634,W2142635246,first,H. Akaike,1,0
A5088394271,W2126105956,first,K. Deb,1,0
A5003443596,W2126105956,middle,A. Pratap,0,1
A5110225207,W2126105956,middle,S. Agarwal,0,2
A5066045362,W2126105956,last,T. Meyarivan,0,3
A5100420313,W2133665775,first,Zhou Wang,1,0
A5075463806,W2133665775,middle,A.C. Bovik,0,1
A5112664269,W2133665775,middle,H.R. Sheikh,0,2
A5080476548,W2133665775,last,E.P. Simoncelli,0,3
A5065355421,W4250955649,first,D.L. Donoho,1,0
A5072495084,W2145096794,first,E.J. Candes,1,0
A5108137552,W2145096794,middle,J. Romberg,0,1
A5066728260,W2145096794,last,T. Tao,0,2
A5055073921,W2122111042,first,T. Cover,1,0
A5091275445,W2122111042,last,P. Hart,0,1
A5082984558,W2165698076,first,Sinno Jialin Pan,1,0
A5100636286,W2165698076,last,Qiang Yang,0,1
W2121863487-person-0,W2121863487,first,"Sutton, Richard S",1,0
W2121863487-person-1,W2121863487,last,"Barto, Andrew G",0,1
A5004923102,W4214717370,first,R.S. Sutton,1,0
A5113708591,W4214717370,last,A.G. Barto,0,1
A5103273466,W2412782625,first,Liang-Chieh Chen,1,0
A5034294456,W2412782625,middle,George Papandreou,0,1
A5077035803,W2412782625,middle,Iasonas Kokkinos,0,2
A5002713363,W2412782625,middle,Kevin Murphy,0,3
A5086706224,W2412782625,last,Alan L. Yuille,0,4
A5100824251,W639708223,first,Shaoqing Ren,1,0
A5100700361,W639708223,middle,Kaiming He,0,1
A5049246408,W639708223,middle,Ross Girshick,0,2
A5101425421,W639708223,last,Jian Sun,0,3
A5081456949,W2121947440,first,Jianbo Shi,1,0
A5001594573,W2121947440,last,J. Malik,0,1
A5056369189,W2049981393,first,P.J. Besl,1,0
A5038182313,W2049981393,last,Neil D. McKay,0,1
A5065086376,W2132984323,first,S.G. Mallat,1,0
A5089723214,W2145023731,first,John Canny,1,0
A5040941243,W2020999234,first,Stuart Geman,1,0
A5013551450,W2020999234,last,Donald Geman,0,1
A5073451247,W2019207321,first,J.-S.R. Jang,1,0
A5101138074,W2079325629,first,Tomohiro Takagi,1,0
A5036802322,W2079325629,last,Michio Sugeno,0,1
A5112431155,W2133059825,first,Nobuyuki Otsu,1,0
A5103500270,W2044465660,first,Robert M. Haralick,1,0
W2044465660-person-1,W2044465660,middle,K. Shanmugam,0,1
A5044512705,W2044465660,last,Its'Hak Dinstein,0,2
A5079071970,W4211007335,first,L.A. Zadeh,1,0
A5102005485,W246286872,first,Guoqin Wang,1,0
A5100939057,W246286872,middle,Ruiqin Ma,0,1
A5036176427,W246286872,middle,Guangwei Qiao,0,2
A5103111821,W246286872,middle,Koji Wada,0,3
A5109932084,W246286872,middle,Yoshiharu Aizawa,0,4
A5111512062,W246286872,last,Toshihiko Satoh,0,5
A5020627596,W1797402740,first,Loo‐See Beh,1,0
A5038884690,W2138664283,first,A. Tong,1,0
A5074920837,W2138664283,middle,P. Sainsbury,0,1
A5038938109,W2138664283,last,J. Craig,0,2
A5051830072,W1757407923,first,Jacques Ferlay,1,0
A5057880586,W1757407923,middle,Isabelle Soerjomataram,0,1
A5049513467,W1757407923,middle,Rajesh Dikshit,0,2
A5025276497,W1757407923,middle,Sultan Eser,0,3
A5017081649,W1757407923,middle,Colin Mathers,0,4
A5107405263,W1757407923,middle,Marise Rebelo,0,5
A5060764581,W1757407923,middle,Donald Maxwell Parkin,0,6
A5111768129,W1757407923,middle,David Forman,0,7
A5064215217,W1757407923,last,Freddie Bray,0,8
A5051830072,W1981989535,first,Jacques Ferlay,1,0
A5108093688,W1981989535,middle,Hai‐Rim Shin,0,1
A5064215217,W1981989535,middle,Freddie Bray,0,2
A5111768129,W1981989535,middle,David Forman,0,3
A5017081649,W1981989535,middle,Colin Mathers,0,4
A5060764581,W1981989535,last,Donald Maxwell Parkin,0,5
A5089844972,W2614464134,first,Stephen E. Fick,1,0
A5044124578,W2614464134,last,Robert J. Hijmans,0,1
A5044124578,W2112776483,first,Robert J. Hijmans,1,0
A5000528278,W2112776483,middle,Susan E. Cameron,0,1
A5110339164,W2112776483,middle,Juan L. Parra,0,2
A5111376905,W2112776483,middle,Peter G. Jones,0,3
A5038971318,W2112776483,last,Andy Jarvis,0,4
A5022811687,W2117539524,first,Olga Russakovsky,1,0
A5101542158,W2117539524,middle,Jia Deng,0,1
A5100627109,W2117539524,middle,Hao Su,0,2
A5060909587,W2117539524,middle,Jonathan Krause,0,3
A5090158590,W2117539524,middle,Sanjeev Satheesh,0,4
A5102331250,W2117539524,middle,Sean Ma,0,5
A5011349177,W2117539524,middle,Zhiheng Huang,0,6
A5009290031,W2117539524,middle,Andrej Karpathy,0,7
A5104110845,W2117539524,middle,Aditya Khosla,0,8
A5076189854,W2117539524,middle,Michael Bernstein,0,9
A5104361813,W2117539524,middle,Alexander C. Berg,0,10
A5100450462,W2117539524,last,Li Fei-Fei,0,11
A5054253972,W2031489346,first,Mark Everingham,1,0
A5001254143,W2031489346,middle,Luc Van Gool,0,1
A5080713659,W2031489346,middle,Christopher K. I. Williams,0,2
A5052703810,W2031489346,middle,John Winn,0,3
A5057678172,W2031489346,last,Andrew Zisserman,0,4
A5055202003,W2151103935,first,David G. Lowe,1,0
A5006830648,W2104095591,first,Michael Kass,1,0
A5007629193,W2104095591,middle,Andrew Witkin,0,1
A5034397232,W2104095591,last,Demetri Terzopoulos,0,2
A5050747355,W1513281941,first,Robert Filders,1,0
A5036713900,W1517701247,first,J.Scott Armstrong,1,0
A5083331629,W1517701247,last,David M. Georgoff,0,1
A5088428969,W2390008750,first,D. Ellis,1,0
A5027555740,W79229537,first,Yvonna S. Lincoln,1,0
A5087243007,W79229537,middle,Egon G. Guba,0,1
A5008904358,W79229537,last,Joseph J. Pilotta,0,2
A5060754876,W2000380427,first,Adrian Leguina,1,0
A5030637056,W2075950485,first,Hilary Arksey,1,0
A5039957029,W2075950485,last,Lisa O'Malley,0,1
A5058365755,W2004038836,first,D. A. de Zoysa,1,0
A5019075743,W2004038836,last,Arjun Appadurai,0,1
A5012397238,W3008028633,first,Zunyou Wu,1,0
A5075384865,W3008028633,last,Jennifer M. McGoogan,0,1
W3005079553-person-0,W3005079553,first,Dawei Wang,0,0
W3005079553-person-1,W3005079553,middle,Bo Hu,0,1
W3005079553-person-2,W3005079553,middle,Chang Hu,0,2
W3005079553-person-3,W3005079553,middle,Fangfang Zhu,0,3
W3005079553-person-4,W3005079553,middle,Xing Liu,0,4
W3005079553-person-5,W3005079553,middle,Jing Zhang,0,5
W3005079553-person-6,W3005079553,middle,Binbin Wang,0,6
W3005079553-person-7,W3005079553,middle,Hui Xiang,0,7
W3005079553-person-8,W3005079553,middle,Zhenshun Cheng,0,8
W3005079553-person-9,W3005079553,middle,Yong Xiong,0,9
W3005079553-person-10,W3005079553,middle,Yan Zhao,0,10
W3005079553-person-11,W3005079553,middle,Yirong Li,0,11
W3005079553-person-12,W3005079553,middle,Xinghuan Wang,1,12
W3005079553-person-13,W3005079553,last,Zhiyong Peng,1,13
A5022102306,W2280404143,first,Mervyn Singer,0,0
A5091517222,W2280404143,middle,Clifford S. Deutschman,1,1
A5105662495,W2280404143,middle,Christopher Warren Seymour,0,2
A5012228981,W2280404143,middle,Manu Shankar-Hari,0,3
A5068616089,W2280404143,middle,Djillali Annane,0,4
A5068261184,W2280404143,middle,Michael Bauer,0,5
A5011216396,W2280404143,middle,Rinaldo Bellomo,0,6
A5052393113,W2280404143,middle,Gordon R. Bernard,0,7
A5073851208,W2280404143,middle,Jean-Daniel Chiche,0,8
A5012550644,W2280404143,middle,Craig M. Coopersmith,0,9
A5001543982,W2280404143,middle,Richard S. Hotchkiss,0,10
A5000157972,W2280404143,middle,Mitchell M. Levy,0,11
A5070604004,W2280404143,middle,John C. Marshall,0,12
A5031081653,W2280404143,middle,Greg S. Martin,0,13
A5025379878,W2280404143,middle,Steven M. Opal,0,14
A5110810503,W2280404143,middle,Gordon D. Rubenfeld,0,15
A5048965254,W2280404143,middle,Tom van der Poll,0,16
A5003379719,W2280404143,middle,Jean-Louis Vincent,0,17
A5001670387,W2280404143,last,Derek C. Angus,0,18
W4292528167-person-0,W4292528167,first,,1,0
A5046336198,W2156121263,first,Aram V. Chobanian,1,0
W1593442063-person-0,W1593442063,first,Writing Group for the Women's Health Initiative Investigators,1,0
A5060687347,W4238251256,first,"Expert Panel on Detection, Evaluation, and Treatment of High Blood Cholesterol in Adults",1,0
A5068936587,W1979423827,first,Donna F. Stroup,1,0
A5056794714,W2118310760,first,Scott M. Grundy,1,0
A5109912291,W2139248078,first,Patrick Therasse,1,0
A5109228194,W2139248078,middle,Susan G. Arbuck,0,1
A5103081894,W2139248078,middle,Elizabeth A. Eisenhauer,0,2
A5111555926,W2139248078,middle,Jantien Wanders,0,3
A5053919588,W2139248078,middle,Richard S. Kaplan,0,4
A5033078993,W2139248078,middle,Larry Rubinstein,0,5
A5110112933,W2139248078,middle,Jaap Verweij,0,6
A5110081154,W2139248078,middle,Martine Van Glabbeke,0,7
A5111586792,W2139248078,middle,Allan T. van Oosterom,0,8
A5111938831,W2139248078,middle,Michaele C. Christian,0,9
A5026019149,W2139248078,last,Steve G. Gwyther,0,10
A5075030358,W2167571044,first,N. K. Aaronson,1,0
A5053015332,W2167571044,middle,S. Ahmedzai,0,1
A5044764887,W2167571044,middle,B. Bergman,0,2
A5031669206,W2167571044,middle,M. Bullinger,0,3
A5112228911,W2167571044,middle,A. Cull,0,4
A5039543399,W2167571044,middle,N. J. Duez,0,5
A5063745414,W2167571044,middle,A. Filiberti,0,6
A5068985170,W2167571044,middle,H. Flechtner,0,7
A5108800208,W2167571044,middle,S. B. Fleishman,0,8
A5110272856,W2167571044,middle,J. C. J. M. d. Haes,0,9
A5080812721,W2167571044,middle,S. Kaasa,0,10
A5110874699,W2167571044,middle,M. Klee,0,11
A5112102306,W2167571044,middle,D. Osoba,0,12
A5000947273,W2167571044,middle,D. Razavi,0,13
A5015417603,W2167571044,middle,P. B. Rofe,0,14
A5002902059,W2167571044,middle,S. Schraub,0,15
A5062680462,W2167571044,middle,K. Sneeuw,0,16
A5064151220,W2167571044,middle,M. Sullivan,0,17
A5010575896,W2167571044,last,F. Takeda,0,18
A5110003399,W2798909945,first,Gene Golub,1,0
A5056256738,W4230354434,first,Richard Fenn,1,0
A5110330477,W4230354434,last,Clifford Geertz,0,1
A5066440194,W2067404301,first,Satu Elo,1,0
A5043669176,W2067404301,last,Helvi Kyngäs,0,1
A5050838768,W1933657216,first,Marc H. Bornstein,1,0
A5009424444,W1933657216,last,James J. Gibson,0,1
A5068935061,W2028056984,first,Koichi Momma,1,0
A5109500726,W2028056984,last,Fujio Izumi,0,1
A5080530103,W2059205366,first,Oleg V. Dolomanov,1,0
A5083294467,W2059205366,middle,Luc J. Bourhis,0,1
A5061442960,W2059205366,middle,Richard J. Gildea,0,2
A5073991542,W2059205366,middle,Judith A. K. Howard,0,3
A5009567659,W2059205366,last,Horst Puschmann,0,4
A5103453342,W2163341755,first,Airlie J. McCoy,1,0
A5110342059,W2163341755,middle,Ralf W. Grosse-Kunstleve,0,1
A5027915011,W2163341755,middle,Paul D. Adams,0,2
A5052155666,W2163341755,middle,Martyn D. Winn,0,3
A5081403104,W2163341755,middle,Laurent C. Storoni,0,4
A5068323278,W2163341755,last,Randy J. Read,0,5
A5083617813,W2063334178,first,Louis J. Farrugia,1,0
A5083617813,W2059020082,first,L. J. Farrugia,1,0
A5026919510,W1986191025,first,R. A. Laskowski,1,0
A5111577938,W1986191025,middle,M. W. MacArthur,0,1
A5112557768,W1986191025,middle,D. S. Moss,0,2
A5068874280,W1986191025,last,J. M. Thornton,0,3
A5109290455,W2016260972,first,H. M. Rietveld,1,0
A5004307122,W1966910378,first,M. Hashem Pesaran,1,0
A5070819732,W1966910378,middle,Yongcheol Shin,0,1
A5101403147,W1966910378,last,Richard J. Smith,0,2
A5023487560,W2081693079,first,M. Parrinello,1,0
A5047190718,W2081693079,last,A. Rahman,0,1
A5046587712,W2106096361,first,Philip M. Podsakoff,1,0
A5021741190,W2106096361,middle,Scott B. MacKenzie,0,1
A5022877976,W2106096361,middle,Jeong-Yeon Lee,0,2
A5081890911,W2106096361,last,Nathan P. Podsakoff,0,3
A5068157871,W2148143831,first,N. V. Chawla,1,0
A5019673624,W2148143831,middle,K. W. Bowyer,0,1
A5000168449,W2148143831,middle,L. O. Hall,0,2
A5047122075,W2148143831,last,W. P. Kegelmeyer,0,3
A5011466656,W2105934661,first,R. E. Kalman,1,0
A5000162373,W2141260882,first,G Grynkiewicz,1,0
A5028893728,W2141260882,middle,M Poenie,0,1
A5109193097,W2141260882,last,R Y Tsien,0,2
A5021751458,W1606423922,first,PH O'Farrell,1,0
A5111475928,W1581414347,first,William H. Habig,1,0
A5060571853,W1581414347,middle,Michael J. Pabst,0,1
A5111488266,W1581414347,last,William B. Jakoby,0,2
A5052210547,W1625660792,first,K Weber,1,0
A5110179662,W1625660792,last,M Osborn,0,1
A5060503589,W2168526937,first,Jordi Folch,1,0
A5109857065,W2168526937,middle,M. Lees,0,1
A5037180728,W2168526937,last,G.H. Sloane Stanley,0,2
A5110127684,W1775749144,first,OliverH. Lowry,1,0
A5032482932,W1775749144,middle,NiraJ. Rosebrough,0,1
A5004071084,W1775749144,middle,A. Lewis Farr,0,2
A5109894513,W1775749144,last,RoseJ. Randall,0,3
A5111437163,W1506043065,first,Allan G. Gornall,1,0
A5056960004,W1506043065,middle,Charles J. Bardawill,0,1
A5049425698,W1506043065,last,Maxima M. David,0,2
A5084759735,W2153435210,first,Cyrus H. Fiske,1,0
A5082766715,W2153435210,last,Yellapragada Subbarow,0,1
A5016939870,W2944434778,first,Paul A. Harris,1,0
A5091771382,W2944434778,middle,Robert Taylor,0,1
A5088605588,W2944434778,middle,Brenda L. Minor,0,2
A5019832012,W2944434778,middle,Veida Elliott,0,3
A5086831577,W2944434778,middle,Michelle Fernandez,0,4
A5058823353,W2944434778,middle,Lindsay O'Neal,0,5
A5088803813,W2944434778,middle,Laura McLeod,0,6
A5014398074,W2944434778,middle,Giovanni Delacqua,0,7
A5023489769,W2944434778,middle,Francesco Delacqua,0,8
A5086205928,W2944434778,middle,Jacqueline Kirby,0,9
A5088872453,W2944434778,last,Stephany N. Duda,0,10
A5016939870,W2093274439,first,Paul A. Harris,1,0
A5028916333,W2093274439,middle,Robert Taylor,0,1
A5023564623,W2093274439,middle,Robert Thielke,0,2
A5108345375,W2093274439,middle,Jonathon Payne,0,3
A5057407051,W2093274439,middle,Nathaniel Gonzalez,0,4
A5108689992,W2093274439,last,Jose G. Conde,0,5
A5061019231,W2169821755,first,Frank Delaglio,1,0
A5079674718,W2169821755,middle,Stephan Grzesiek,0,1
A5103500973,W2169821755,middle,GeertenW. Vuister,0,2
A5103263500,W2169821755,middle,Guang Zhu,0,3
A5002293166,W2169821755,middle,John Pfeifer,0,4
A5082289559,W2169821755,last,Ad Bax,0,5
A5050108763,W1966078827,first,Berk Hess,1,0
A5015041475,W1966078827,middle,Carsten Kutzner,0,1
A5020854808,W1966078827,middle,David van der Spoel,0,2
A5008875190,W1966078827,last,Erik Lindahl,0,3
A5022978461,W2327037637,first,Terry K. Koo,1,0
A5078472427,W2327037637,last,Mae Y. Li,0,1
A5105301983,W2000445173,first,Mary E. Charlson,1,0
A5041225023,W2000445173,middle,Peter Pompei,0,1
A5111785718,W2000445173,middle,Kathy L. Ales,0,2
A5103589646,W2000445173,last,C.Ronald MacKenzie,0,3
A5068353058,W2468996569,first,David Moher,1,0
A5113499690,W2468996569,middle,Alessandro Liberati,0,1
A5076572041,W2468996569,middle,Jennifer Tetzlaff,0,2
A5042962646,W2468996569,last,Douglas G. Altman,0,3
A5054799659,W4292229870,first,Erik von Elm,0,0
A5042962646,W4292229870,middle,Douglas G. Altman,0,1
A5077161809,W4292229870,middle,Matthias Egger,1,2
A5023436129,W4292229870,middle,Stuart J. Pocock,0,3
A5002375158,W4292229870,middle,Peter C. Gøtzsche,0,4
A5014844709,W4292229870,last,Jan P. Vandenbroucke,0,5
A5110910530,W1562208008,first,Albert Bandura,1,0
A5019637527,W1562208008,middle,W. H. Freeman,0,1
A5020349487,W1562208008,last,Richard Lightsey,0,2
A5075121395,W1987971958,first,Peter J. Rousseeuw,1,0
A5069872108,W2120902911,first,Anton Bankevich,0,0
A5057619814,W2120902911,middle,Sergey Nurk,0,1
A5024412068,W2120902911,middle,Dmitry Antipov,0,2
A5030895995,W2120902911,middle,Alexey A. Gurevich,0,3
A5066368718,W2120902911,middle,Mikhail Dvorkin,0,4
A5045174507,W2120902911,middle,Alexander S. Kulikov,0,5
A5066775675,W2120902911,middle,Valery M. Lesin,0,6
A5045523675,W2120902911,middle,Sergey I. Nikolenko,0,7
A5015116910,W2120902911,middle,Son Pham,0,8
A5020845045,W2120902911,middle,Andrey D. Prjibelski,0,9
A5077954098,W2120902911,middle,Alexey V. Pyshkin,0,10
A5069651035,W2120902911,middle,Alexander V. Sirotkin,0,11
A5076617190,W2120902911,middle,Nikolay Vyahhi,0,12
A5077061858,W2120902911,middle,Glenn Tesler,0,13
A5012222528,W2120902911,middle,Max A. Alekseyev,1,14
A5027480961,W2120902911,last,Pavel A. Pevzner,0,15
A5042863303,W2096747776,first,Stefan Grimme,1,0
A5046284587,W2096747776,middle,Stephan Ehrlich,0,1
A5051269849,W2096747776,last,Lars Goerigk,0,2
A5069147938,W2132525235,first,Tian Lu,1,0
A5010589139,W2132525235,last,Feiwu Chen,0,1
A5056022653,W2134967712,first,Oleg Trott,0,0
A5058956938,W2134967712,last,Arthur J. Olson,1,1
A5011245839,W2105668062,first,Garrett M. Morris,0,0
A5000392051,W2105668062,middle,Ruth Huey,0,1
A5028009074,W2105668062,middle,William Lindstrom,0,2
A5010562544,W2105668062,middle,Michel F. Sanner,0,3
A5004299489,W2105668062,middle,Richard K. Belew,0,4
A5040337866,W2105668062,middle,David S. Goodsell,0,5
A5058956938,W2105668062,last,Arthur J. Olson,1,6
A5042863303,W2044591029,first,Stefan Grimme,1,0
A5020854808,W2171268876,first,David Van Der Spoel,0,0
A5008875190,W2171268876,middle,Erik Lindahl,0,1
A5050108763,W2171268876,middle,Berk Hess,0,2
A5070936021,W2171268876,middle,Gerrit Groenhof,0,3
A5060550957,W2171268876,middle,Alan E. Mark,0,4
A5083564020,W2171268876,last,Herman J. C. Berendsen,1,5
A5056552672,W2150981663,first,James C. Phillips,0,0
A5048838217,W2150981663,middle,Rosemary Braun,0,1
A5100391662,W2150981663,middle,Wei Wang,0,2
A5080510232,W2150981663,middle,James Gumbart,0,3
A5087810793,W2150981663,middle,Emad Tajkhorshid,0,4
A5087861735,W2150981663,middle,Elizabeth Villa,0,5
A5076283101,W2150981663,middle,Christophe Chipot,0,6
A5049797937,W2150981663,middle,Robert D. Skeel,0,7
A5051465480,W2150981663,middle,Laxmikant Kalé,0,8
A5029996336,W2150981663,last,Klaus Schulten,1,9
A5100643054,W2147993766,first,Junmei Wang,0,0
A5090423985,W2147993766,middle,Romain M. Wolf,0,1
A5113544693,W2147993766,middle,James W. Caldwell,0,2
A5112793169,W2147993766,middle,Peter A. Kollman,0,3
A5014694160,W2147993766,last,David A. Case,1,4
A5070528313,W2132629607,first,Eric F. Pettersen,0,0
A5113145311,W2132629607,middle,Thomas D. Goddard,0,1
A5111598904,W2132629607,middle,Conrad C. Huang,0,2
A5109092982,W2132629607,middle,Gregory S. Couch,0,3
A5025911938,W2132629607,middle,Daniel M. Greenblatt,0,4
A5109200358,W2132629607,middle,Elaine C. Meng,0,5
A5086093811,W2132629607,last,Thomas E. Ferrin,1,6
A5050108763,W2128572087,first,Berk Hess,0,0
A5006958527,W2128572087,middle,Henk Bekker,0,1
A5083564020,W2128572087,middle,Herman J. C. Berendsen,0,2
A5014222269,W2128572087,last,Johannes G. E. M. Fraaije,1,3
A5060703811,W2022950330,first,Michael W. Schmidt,0,0
A5045316090,W2022950330,middle,Kim K. Baldridge,0,1
A5030527991,W2022950330,middle,Jerry A. Boatz,0,2
A5077913833,W2022950330,middle,Steven T. Elbert,0,3
A5010977651,W2022950330,middle,Mark S. Gordon,1,4
A5053685425,W2022950330,middle,Jan H. Jensen,0,5
A5040547033,W2022950330,middle,Shiro Koseki,0,6
A5072865444,W2022950330,middle,Nikita Matsunaga,0,7
A5001939738,W2022950330,middle,Kiet A. Nguyen,0,8
A5043060452,W2022950330,middle,Shujun Su,0,9
A5081731526,W2022950330,middle,Theresa L. Windus,0,10
A5074474528,W2022950330,middle,Michel Dupuis,0,11
A5082651430,W2022950330,last,John A. Montgomery,0,12
A5068520992,W2019465613,first,Steve Plimpton,1,0
A5059673789,W2106140689,first,Jean-Paul Ryckaert,1,0
A5034536267,W2106140689,middle,Giovanni Ciccotti,0,1
A5083564020,W2106140689,last,Herman J.C Berendsen,0,2
A5072341135,W1988790447,first,Yoav Freund,1,0
A5084108666,W1988790447,last,Robert E Schapire,0,1
A5009029178,W1985749074,first,danah m. boyd,1,0
A5015041288,W1985749074,last,Nicole B. Ellison,0,1
A5109877645,W1997087247,first,P.J. Van Soest,1,0
A5114376371,W1997087247,middle,J.B. Robertson,0,1
A5114258143,W1997087247,last,B.A. Lewis,0,2
A5089998471,W3121403162,first,Richard Blundell,1,0
A5107790695,W3121403162,last,Stephen Bond,0,1
A5114113233,W2035554302,first,Manuel Arellano,1,0
A5026185670,W2035554302,last,Olympia Bover,0,1
A5102799463,W1999996900,first,Tim Bollerslev,1,0
A5033404536,W2153562738,first,Søren Johansen,1,0
A5081960116,W2123036062,first,W. S. Abbott,1,0
W1663973292-person-0,W1663973292,first,Nasser M. Nasrabadi,1,0
A5064411709,W2120357670,first,J. R. Stroop,1,0
A5091820687,W1995834279,first,Eugene F. Fama,1,0
A5041631912,W1995834279,last,Kenneth R. French,0,1
A5015461877,W3124114405,first,Stewart C. Myers,1,0
A5042899303,W3124114405,last,Nicholas S. Majluf,0,1
A5068490503,W2752617332,first,Michael C. Jensen,1,0
A5000102021,W2752617332,last,William H. Meckling,0,1
A5049860225,W2132322340,first,Kurt Kroenke,1,0
A5107836452,W2132322340,middle,Robert L. Spitzer,0,1
A5050843152,W2132322340,last,Janet B. W. Williams,0,2
A5043882095,W1595159159,first,Rainer Storn,1,0
A5036754351,W1595159159,last,Kenneth Price,0,1
A5019172558,W1996299251,first,Sheldon Cohen,1,0
A5032214993,W1996299251,middle,Tom Kamarck,0,1
A5110082402,W1996299251,last,Robin Mermelstein,0,2
A5111898702,W2033904036,first,J.E. Nash,1,0
A5110091356,W2033904036,last,J.V. Sutcliffe,0,1
A5078753422,W2114918609,first,Tim Mosmann,1,0
W2099471712-person-0,W2099471712,first,柴田 淳司,1,0
A5109065097,W2187089797,first,Laurens van der Maaten,1,0
A5108093963,W2187089797,last,Geoffrey E. Hinton,0,1
A5070920982,W1880262756,first,David M. Blei,1,0
A5112456378,W1880262756,middle,Andrew Y. Ng,0,1
A5049812527,W1880262756,last,Michael I. Jordan,0,2
A5055251050,W3124536214,first,Jay Barney,1,0
A5046587712,W2150238850,first,Philip M. Podsakoff,1,0
A5046984207,W2150238850,last,Dennis W. Organ,0,1
A5103406769,W2137247419,first,Robert M. Morgan,1,0
A5079887059,W2137247419,last,Shelby D. Hunt,0,1
A5109082953,W2013386523,first,Terry Clark,1,0
A5009368676,W2013386523,last,Michael W. Porter,0,1
A5108603030,W2026368098,first,A. Parasuraman,1,0
A5002771076,W2026368098,middle,Valarie A. Zeithaml,0,1
A5032115040,W2026368098,last,Leonard L. Berry,0,2
A5005196060,W3022607203,first,Julie L. Ozanne,1,0
A5108589982,W3022607203,middle,Anselm Strauss,0,1
A5002394578,W3022607203,last,Juliet Corbin,0,2
A5047556013,W4235678817,first,Claes Fornell,1,0
A5020344688,W4235678817,last,David F. Larcker,0,1
A5047556013,W1987258130,first,Claes Fornell,1,0
A5020344688,W1987258130,last,David F. Larcker,0,1
A5029259188,W2313953460,first,Michael Geurts,1,0
A5112669993,W2313953460,middle,George E. P. Box,0,1
A5019659765,W2313953460,last,Gwilym M. Jenkins,0,2
A5041086433,W2086933933,first,W.C. Oliver,1,0
A5014023359,W2086933933,last,G.M. Pharr,0,1
A5015061000,W2055043387,first,Stephen F. Altschul,1,0
A5019579037,W2055043387,middle,Warren Gish,0,1
A5051340059,W2055043387,middle,Webb Miller,0,2
A5068657716,W2055043387,middle,Eugene W. Myers,0,3
A5056652131,W2055043387,last,David J. Lipman,0,4
A5053987808,W1975304761,first,Jack Kyte,1,0
A5109558515,W1975304761,last,Russell F. Doolittle,0,1
A5114256131,W2063450941,first,E.M. Southern,1,0
A5090728150,W2065461553,first,Motoo Kimura,1,0
A5006129599,W2029667189,first,William Humphrey,0,0
A5015421859,W2029667189,middle,Andrew Dalke,0,1
A5029996336,W2029667189,last,Klaus Schulten,1,2
A5073299189,W4234347480,first,S. P,1,0
A5070488664,W4234347480,last,K. J,0,1
A5112445766,W2114613490,first,M. Hamilton,1,0
A5083504756,W2128495200,first,Arnaud Delorme,1,0
A5053345339,W2128495200,last,Scott Makeig,0,1
A5059605501,W4292994367,first,David Watson,1,0
A5013831444,W4292994367,middle,Lee Anna Clark,0,1
A5034983879,W4292994367,last,Auke Tellegen,0,2
A5057408392,W2148905283,first,David Watson,1,0
W2148905283-person-1,W2148905283,middle,Lee A. Clark,0,1
A5034983879,W2148905283,last,Auke Tellegen,0,2
A5077619229,W1971440513,first,Reuben M. Baron,1,0
A5076830952,W1971440513,last,David A. Kenny,0,1
A5077619229,W4292811746,first,Reuben M. Baron,1,0
A5076830952,W4292811746,last,David A. Kenny,0,1
A5030498541,W2149628368,first,James A. Russell,1,0
A5022822719,W2120145199,first,Paolo Giannozzi,1,0
A5016865358,W2120145199,middle,Stefano Baroni,0,1
A5007613136,W2120145199,middle,Nicola Bonini,0,2
A5001480237,W2120145199,middle,Matteo Calandra,0,3
A5007841515,W2120145199,middle,Roberto Car,0,4
A5029838099,W2120145199,middle,Carlo Cavazzoni,0,5
A5006123131,W2120145199,middle,Davide Ceresoli,0,6
A5019659358,W2120145199,middle,Guido L Chiarotti,0,7
A5003673940,W2120145199,middle,Matteo Cococcioni,0,8
A5086157705,W2120145199,middle,Ismaila Dabo,0,9
A5024485922,W2120145199,middle,Andrea Dal Corso,0,10
A5030313940,W2120145199,middle,Stefano de Gironcoli,0,11
A5001539080,W2120145199,middle,Stefano Fabris,0,12
A5076721992,W2120145199,middle,Guido Fratesi,0,13
A5029822603,W2120145199,middle,Ralph Gebauer,0,14
A5049468136,W2120145199,middle,Uwe Gerstmann,0,15
A5087078143,W2120145199,middle,Christos Gougoussis,0,16
A5016251946,W2120145199,middle,Anton Kokalj,0,17
A5016696647,W2120145199,middle,Michele Lazzeri,0,18
A5016390582,W2120145199,middle,Layla Martin-Samos,0,19
A5005167296,W2120145199,middle,Nicola Marzari,0,20
A5072105192,W2120145199,middle,Francesco Mauri,0,21
A5090166730,W2120145199,middle,Riccardo Mazzarello,0,22
A5039348366,W2120145199,middle,Stefano Paolini,0,23
A5033544377,W2120145199,middle,Alfredo Pasquarello,0,24
A5008894911,W2120145199,middle,Lorenzo Paulatto,0,25
A5042147507,W2120145199,middle,Carlo Sbraccia,0,26
A5068192508,W2120145199,middle,Sandro Scandolo,0,27
A5084048014,W2120145199,middle,Gabriele Sclauzero,0,28
A5026989187,W2120145199,middle,Ari P Seitsonen,0,29
A5082490820,W2120145199,middle,Alexander Smogunov,0,30
A5026985550,W2120145199,middle,Paolo Umari,0,31
A5020910604,W2120145199,last,Renata M Wentzcovitch,0,32
A5085765784,W2568476927,first,Barry Checkoway,1,0
A5113667820,W2568476927,last,Donald A. Schon,0,1
A5112526522,W3121759882,first,Rafael La Porta,1,0
A5042883925,W3121759882,middle,Florencio Lopez‐de‐Silanes,0,1
A5110890240,W3121759882,middle,Andrei Shleifer,0,2
A5042883498,W3121759882,last,Robert W. Vishny,0,3
A5048969969,W2162484441,first,Paul M. Romer,1,0
A5048969969,W2168605160,first,Paul M. Romer,1,0
A5027078567,W2077791698,first,Fischer Black,1,0
A5080649765,W2077791698,last,Myron Scholes,0,1
A5111919977,W1847168837,first,Marshal F. Folstein,1,0
A5065212941,W1847168837,middle,Susan E. Folstein,0,1
A5103269584,W1847168837,last,Paul R. McHugh,0,2
A5073875709,W2131681506,first,Vincent D Blondel,1,0
A5046943453,W2131681506,middle,Jean-Loup Guillaume,0,1
A5034372799,W2131681506,middle,Renaud Lambiotte,0,2
A5043749084,W2131681506,last,Etienne Lefebvre,0,3
A5070348662,W2774486220,first,Alexandra Kuznetsova,1,0
A5069382830,W2774486220,middle,Per B. Brockhoff,0,1
A5086458689,W2774486220,last,Rune H. B. Christensen,0,2
A5018754372,W1951724000,first,Douglas Bates,1,0
A5041484206,W1951724000,middle,Martin Mächler,0,1
A5021063042,W1951724000,middle,Ben Bolker,0,2
A5043596018,W1951724000,last,Steve Walker,0,3
A5009556605,W1913957972,first,Yves Rosseel,1,0
A5082230764,W2139168999,first,Wolfgang Viechtbauer,1,0
A5020427483,W4294541781,first,Jerome Friedman,1,0
A5045744709,W4294541781,middle,Trevor Hastie,0,1
A5027340494,W4294541781,last,Robert Tibshirani,0,2
A5079355119,W2070227796,first,B. Ravel,1,0
A5031793291,W2070227796,last,M. Newville,0,1
A5008753312,W2105846236,first,Jörg Henseler,0,0
A5087109003,W2105846236,middle,Christian M. Ringle,0,1
A5053369574,W2105846236,last,Marko Sarstedt,1,2
A5068331895,W4243667233,first,Richard P. Bagozzi,1,0
A5025102458,W4243667233,last,Youjae Yi,0,1
A5068331895,W2118016181,first,R. P. Bagozzi,1,0
A5025102458,W2118016181,last,Youjae Yi,0,1
A5083492946,W2057327293,first,Akihiro Kojima,1,0
A5113642302,W2057327293,middle,Kenjiro Teshima,0,1
A5110148822,W2057327293,middle,Yasuo Shirai,0,2
A5030322278,W2057327293,last,Tsutomu Miyasaka,0,3
A5050603933,W4233194460,first,William S. Hummers,1,0
A5056321634,W4233194460,last,Richard E. Offeman,0,1
A5112712466,W2314659927,first,Maurice L. Huggins,1,0
A5074378485,W2011254969,first,Stephen Brunauer,1,0
A5036797016,W2011254969,middle,P. H. Emmett,0,1
A5034295195,W2011254969,last,Edward Teller,0,2
A5112358123,W1986113254,first,Irving Langmuir,1,0
A5014481998,W2165758561,first,Ziad S. Nasreddine,1,0
A5086171406,W2165758561,middle,Natalie A. Phillips,0,1
A5060672403,W2165758561,middle,Valérie Bédirian,0,2
A5110326819,W2165758561,middle,Simon Charbonneau,0,3
A5077733825,W2165758561,middle,Victor Whitehead,0,4
A5009807425,W2165758561,middle,Isabelle Collin,0,5
A5060487287,W2165758561,middle,Jeffrey L. Cummings,0,6
A5088503502,W2165758561,last,Howard Chertkow,0,7
A5049765310,W2124624517,first,Roberto M. Lang,1,0
A5036761815,W2124624517,middle,Luigi P. Badano,0,1
A5021369527,W2124624517,middle,Victor Mor-Avi,0,2
A5072402610,W2124624517,middle,Jonathan Afilalo,0,3
A5059264529,W2124624517,middle,Anderson Armstrong,0,4
A5087626806,W2124624517,middle,Laura Ernande,0,5
A5020932112,W2124624517,middle,Frank A. Flachskampf,0,6
A5112319973,W2124624517,middle,Elyse Foster,0,7
A5065829841,W2124624517,middle,Steven A. Goldstein,0,8
A5048024665,W2124624517,middle,Tatiana Kuznetsova,0,9
A5034995895,W2124624517,middle,Patrizio Lancellotti,0,10
A5045975461,W2124624517,middle,Denisa Muraru,0,11
A5016136470,W2124624517,middle,Michael H. Picard,0,12
A5022195731,W2124624517,middle,Ernst R. Rietzschel,0,13
A5043014936,W2124624517,middle,Lawrence Rudski,0,14
A5012681318,W2124624517,middle,Kirk T. Spencer,0,15
A5000844027,W2124624517,middle,Wendy Tsang,0,16
A5016878366,W2124624517,last,Jens-Uwe Voigt,0,17
A5085859597,W2044758663,first,Maureen Lahiff,1,0
A5072262441,W2044758663,middle,Roderick J. A. Little,0,1
A5071941451,W2044758663,last,Donald B. Rubin,0,2
A5031050247,W2037124948,first,Peter A. Lachenbruch,1,0
A5102808166,W2037124948,last,Jacob Cohen,0,1
A5110272628,W3085162807,first,John Van Ryzin,1,0
A5039125390,W3085162807,middle,Leo Breiman,0,1
A5020427483,W3085162807,middle,Jerome H. Friedman,0,2
A5068820196,W3085162807,middle,Richard A. Olshen,0,3
A5066074267,W3085162807,last,Charles J. Stone,0,4
A5110948969,W2319410825,first,D. F. Cox,1,0
A5063500932,W2319410825,middle,Kwanchai A. Gomez,0,1
A5079042094,W2319410825,last,Arthur A. Gomez,0,2
A5084197978,W2153222072,first,Mack Shelley,1,0
A5048106610,W2153222072,last,Klaus Krippendorff,0,1
A5039409255,W1667165204,first,Julia Abrahams,1,0
A5062523968,W1667165204,last,Athanasios Papoulis,0,1
A5112523012,W1975994995,first,David A. Dickey,1,0
A5053114801,W1975994995,last,Wayne A. Fuller,0,1
A5026517767,W2016381774,first,Joe H. Ward,1,0
A5113535594,W4293241248,first,E. L. Kaplan,1,0
A5103404782,W4293241248,last,Paul Meier,0,1
A5108799790,W2141394518,first,Edward N. Lorenz,1,0
A5080716647,W2730193802,first,C.J. Tranter,1,0
A5003354242,W2752885492,first,V. J. Rayward-Smith,1,0
A5047460493,W2752885492,middle,Thomas H. Cormen,0,1
A5027618658,W2752885492,middle,Charles E. Leiserson,0,2
A5051087399,W2752885492,last,Ronald L. Rivest,0,3
A5045572462,W3015634246,first,H. Herne,1,0
A5113386915,W3015634246,middle,William W. Cooley,0,1
A5108567967,W3015634246,last,Paul R. Lohnes,0,2
A5103872562,W2162180338,first,M. J. Farrell,1,0
A5079252402,W2122825543,first,Hui Zou,1,0
A5045744709,W2122825543,last,Trevor Hastie,0,1
A5027340494,W2135046866,first,Robert Tibshirani,1,0
A5062207756,W2110065044,first,Yoav Benjamini,1,0
A5111786816,W2110065044,last,Yosef Hochberg,0,1
A5008304919,W2049633694,first,A. P. Dempster,1,0
A5107384928,W2049633694,middle,N. M. Laird,0,1
A5071941451,W2049633694,last,D. B. Rubin,0,2
A5035999579,W3147894994,first,D. R. Cox,1,0
A5020961712,W2087070363,first,Donald W. Marquardt,1,0
A5053628685,W2063792498,first,W.D. Hamilton,1,0
A5000736765,W2009435671,first,Fred S. Guthery,1,0
A5109108037,W2009435671,middle,Kenneth P. Burnham,0,1
A5101944629,W2009435671,last,David R. Anderson,0,2
A5085065665,W2607031541,first,Omer Toprak,1,0
A5052830069,W2607031541,middle,Huseyin Kurt,0,1
A5112282250,W2607031541,middle,Yasin Sarı,0,2
A5002395686,W2607031541,middle,Cihat Şarkış,0,3
A5030779759,W2607031541,middle,Halil Us,0,4
A5082875930,W2607031541,last,Ali Kırık,0,5
A5102811817,W2289205268,first,Antônio Carlos Gil,1,0
A5033832195,W2175723801,first,Barry C. Field,1,0
A5003087402,W2175723801,last,Elinor Ostrom,0,1
A5050850544,W2884585870,first,Sanghyun Woo,1,0
A5100721990,W2884585870,middle,Jongchan Park,0,1
A5044267273,W2884585870,middle,Joon-Young Lee,0,2
A5012455275,W2884585870,last,In So Kweon,0,3
W2193145675-person-0,W2193145675,first,Wei Liu,1,0
W2193145675-person-1,W2193145675,middle,Dragomir Anguelov,0,1
W2193145675-person-2,W2193145675,middle,Dumitru Erhan,0,2
W2193145675-person-3,W2193145675,middle,Christian Szegedy,0,3
W2193145675-person-4,W2193145675,middle,Scott Reed,0,4
W2193145675-person-5,W2193145675,middle,Cheng-Yang Fu,0,5
W2193145675-person-6,W2193145675,last,Alexander C. Berg,0,6
A5045981348,W1901129140,first,Olaf Ronneberger,1,0
A5041583196,W1901129140,middle,Philipp Fischer,0,1
A5070290355,W1901129140,last,Thomas Brox,0,2
A5052768778,W1861492603,first,Tsung-Yi Lin,1,0
A5001371942,W1861492603,middle,Michael Maire,0,1
A5018609918,W1861492603,middle,Serge Belongie,0,2
A5016775802,W1861492603,middle,James Hays,0,3
A5026825380,W1861492603,middle,Pietro Perona,0,4
A5004353237,W1861492603,middle,Deva Ramanan,0,5
A5057866698,W1861492603,middle,Piotr Dollár,0,6
A5058450549,W1861492603,last,C. Lawrence Zitnick,0,7
A5109052943,W3021722416,first,"Chern, Shiing-shen",1,0
A5013359153,W2065853716,first,W. Brand-Williams,0,0
A5046279079,W2065853716,middle,M.E. Cuvelier,0,1
A5027380724,W2065853716,last,C. Berset,1,2
W1966114254-person-0,W1966114254,first,Camille Morvan,1,0
W1966114254-person-1,W1966114254,last,Alexander O’Connor,0,1
W2118882740-person-0,W2118882740,first,Abena Dadze-Arthur,1,0
A5039125390,W2911964244,first,Leo Breiman,1,0
A5039125390,W2912934387,first,Leo Breiman,1,0
A5039125390,W4212883601,first,Leo Breiman,1,0
A5013243115,W4239510810,first,Corinna Cortes,1,0
A5062753972,W4239510810,last,Vladimir Vapnik,0,1
A5013243115,W2119821739,first,Corinna Cortes,1,0
A5062753972,W2119821739,last,Vladimir Vapnik,0,1
A5098505189,W2116199508,first,Maurice Bloch,1,0
A5061396853,W2116199508,middle,Jean Lave,0,1
A5018954657,W2116199508,last,Etienne Wenger,0,2
A5010981460,W2168569455,first,Viswanath Venkatesh,1,0
A5103061328,W2168569455,last,Fred D. Davis,0,1
A5103061328,W2033943395,first,Fred D. Davis,1,0
A5068331895,W2033943395,middle,Richard P. Bagozzi,0,1
A5031899616,W2033943395,last,Paul R. Warshaw,0,2
A5046472405,W2129763896,first,R. D. Banker,1,0
A5043185084,W2129763896,middle,A. Charnes,0,1
A5109004846,W2129763896,last,W. W. Cooper,0,2
A5043273569,W4300223101,first,J. W. W.,1,0
A5053484459,W4300223101,middle,Milton Abramowitz,0,1
A5078393948,W4300223101,last,Irene A. Stegun,0,2
A5032652391,W1989314580,first,B. J. Winer,1,0
A5108111290,W2172151487,first,JOHN E. WARE,1,0
A5086907959,W2172151487,middle,MARK KOSINSKI,0,1
A5103406763,W2172151487,last,SUSAN D. KELLER,0,2
A5108111290,W4292806894,first,John E. Ware,1,0
A5005053706,W4292806894,last,Cathy Donald Sherbourne,0,1
A5035644440,W2612891587,first,George A. Wells,1,0
A5011959718,W3120740533,first,Arthur Asuncion,1,0
A5090802246,W255996521,first,Warren L. DeLano,1,0
A5067146589,W1573234480,first,Andy P. Field,1,0
A5078043800,W1573234480,last,Jeremy N. V. Miles,0,1
A5015613005,W1590154464,first,Sharan B. Merriam,1,0
A5021550583,W3089485186,first,J. F. Moulder,1,0
A5110910530,W2888190061,first,A. Bandura,1,0
A5027610285,W2135943618,first,L. S. Vygotsky,1,0
A5107863366,W2171129594,first,CORA L. CRAIG,1,0
A5064421389,W2171129594,middle,ALISON L. MARSHALL,0,1
W2171129594-person-2,W2171129594,middle,MICHAEL SJ??STR??M,0,2
A5074615066,W2171129594,middle,ADRIAN E. BAUMAN,0,3
A5103449635,W2171129594,middle,MICHAEL L. BOOTH,0,4
A5059637641,W2171129594,middle,BARBARA E. AINSWORTH,0,5
A5089136645,W2171129594,middle,MICHAEL PRATT,0,6
A5064338533,W2171129594,middle,ULF EKELUND,0,7
A5057096952,W2171129594,middle,AGNETA YNGVE,0,8
A5059632818,W2171129594,middle,JAMES F. SALLIS,0,9
A5040233371,W2171129594,last,PEKKA OJA,0,10
A5106923285,W2004008756,first,GUNNAR A.V. BORG,1,0
A5055590197,W2107277218,first,Kenneth J. Livak,1,0
A5001854674,W2107277218,last,Thomas D. Schmittgen,0,1
A5088548433,W1559903407,first,Vernon L. Singleton,1,0
A5053411159,W1559903407,middle,Rudolf Orthofer,0,1
A5045447641,W1559903407,last,Rosa M. Lamuela-Raventós,0,2
A5063625875,W1539796472,first,Zbyszek Otwinowski,1,0
A5006511805,W1539796472,last,Wladek Minor,0,1
A5062831035,W191793640,first,Hugo Aebi,1,0
A5028706697,W1977825494,first,Edward C. Banfield,1,0
A5064614811,W1977825494,last,Anthony Downs,0,1
A5109844665,W2100379340,first,Viswanath Venkatesh,1,0
A5101467028,W2100379340,middle,Michael G. Morris,0,1
W2100379340-person-2,W2100379340,middle,Gordon B. Davis,0,2
W2100379340-person-3,W2100379340,last,Fred D. Davis,0,3
A5103061328,W1791587663,first,Fred D. Davis,1,0
A5045015029,W2047968138,first,Alexander Stukowski,1,0
A5034709604,W2056330418,first,Karen E. Johnson,1,0
A5080473804,W2056330418,last,Robert E. Stake,0,1
A5015340283,W2329223578,first,Donna Reseigh Long,1,0
A5108589982,W2329223578,middle,Anselm Strauss,0,1
A5002394578,W2329223578,last,Juliet Corbin,0,2
A5007823743,W4251751280,first,Koichiro Tamura,0,0
A5067791761,W4251751280,middle,Glen Stecher,0,1
A5100680948,W4251751280,last,Sudhir Kumar,1,2
A5019880902,W3005235420,first,Bui Quang Minh,1,0
A5008754104,W3005235420,middle,Heiko A Schmidt,0,1
A5068432987,W3005235420,middle,Olga Chernomor,0,2
A5034699583,W3005235420,middle,Dominik Schrempf,0,3
A5072977706,W3005235420,middle,Michael D Woodhams,0,4
A5085983122,W3005235420,middle,Arndt von Haeseler,0,5
A5037983874,W3005235420,last,Robert Lanfear,0,6
A5100680948,W2799524357,first,Sudhir Kumar,0,0
A5067791761,W2799524357,middle,Glen Stecher,0,1
A5103055442,W2799524357,middle,Michael Li,0,2
A5041551178,W2799524357,middle,Christina Knyaz,0,3
A5007823743,W2799524357,last,Koichiro Tamura,1,4
A5100680948,W2311203695,first,Sudhir Kumar,1,0
A5067791761,W2311203695,middle,Glen Stecher,0,1
A5007823743,W2311203695,last,Koichiro Tamura,0,2
A5110523329,W2111647009,first,Lam-Tung Nguyen,0,0
A5008754104,W2111647009,middle,Heiko A. Schmidt,0,1
A5085983122,W2111647009,middle,Arndt von Haeseler,0,2
A5019880902,W2111647009,last,Bui Quang Minh,1,3
A5064063992,W2160378127,first,K. Katoh,1,0
A5003461562,W2160378127,last,D. M. Standley,0,1
A5007823743,W2152207030,first,Koichiro Tamura,0,0
A5067791761,W2152207030,middle,Glen Stecher,0,1
A5028632294,W2152207030,middle,Daniel Peterson,0,2
A5111452408,W2152207030,middle,Alan Filipski,0,3
A5100680948,W2152207030,last,Sudhir Kumar,1,4
A5007823743,W2132632499,first,K. Tamura,0,0
A5050197338,W2132632499,middle,D. Peterson,0,1
A5110852504,W2132632499,middle,N. Peterson,0,2
A5067791761,W2132632499,middle,G. Stecher,0,3
A5109177049,W2132632499,middle,M. Nei,0,4
A5100680948,W2132632499,last,S. Kumar,1,5
A5007823743,W2125121305,first,K. Tamura,1,0
A5043599202,W2125121305,middle,J. Dudley,0,1
A5109177049,W2125121305,middle,M. Nei,0,2
A5100680948,W2125121305,last,S. Kumar,0,3
A5052941366,W2097706568,first,"Saitou, N",1,0
A5109177049,W2097706568,last,"Nei, M",0,1
A5090787049,W2161339576,first,G. EVANNO,0,0
A5049599323,W2161339576,middle,S. REGNAUT,0,1
A5024304834,W2161339576,last,J. GOUDET,1,2
A5073802325,W2004444667,first,ROD PEAKALL,1,0
A5102836099,W2004444667,last,PETER E. SMOUSE,0,1
A5024870825,W1990074132,first,LAURENT EXCOFFIER,1,0
A5078137898,W1990074132,last,HEIDI E. L. LISCHER,0,1
A5007897986,W2148941593,first,S.F. Boys,1,0
A5036170744,W2148941593,last,F. Bernardi,0,1
A5037909083,W2127322768,first,Fabian Sievers,1,0
A5036376802,W2127322768,middle,Andreas Wilm,0,1
A5006434469,W2127322768,middle,David Dineen,0,2
A5004328524,W2127322768,middle,Toby J Gibson,0,3
A5059033237,W2127322768,middle,Kevin Karplus,0,4
A5101583301,W2127322768,middle,Weizhong Li,0,5
A5018972787,W2127322768,middle,Rodrigo Lopez,0,6
A5084942657,W2127322768,middle,Hamish McWilliam,0,7
A5040165643,W2127322768,middle,Michael Remmert,0,8
A5010030898,W2127322768,middle,Johannes Söding,0,9
A5039921905,W2127322768,middle,Julie D Thompson,0,10
A5090607558,W2127322768,last,Desmond G Higgins,0,11
A5096278320,W2955504961,first,National Research Council,1,0
A5059179935,W3177828909,first,John Jumper,1,0
W3177828909-person-1,W3177828909,middle,Richard Evans,0,1
A5062883663,W3177828909,middle,Alexander Pritzel,0,2
A5101569668,W3177828909,middle,Tim Green,0,3
A5004531184,W3177828909,middle,Michael Figurnov,0,4
A5045981348,W3177828909,middle,Olaf Ronneberger,0,5
A5079389977,W3177828909,middle,Kathryn Tunyasuvunakool,0,6
A5113989875,W3177828909,middle,Russ Bates,0,7
A5009567462,W3177828909,middle,Augustin Žídek,0,8
A5030626083,W3177828909,middle,Anna Potapenko,0,9
A5027154958,W3177828909,middle,Alex Bridgland,0,10
A5067459456,W3177828909,middle,Clemens Meyer,0,11
A5054576402,W3177828909,middle,Simon A. A. Kohl,0,12
A5079907259,W3177828909,middle,Andrew J. Ballard,0,13
A5085902321,W3177828909,middle,Andrew Cowie,0,14
A5088601308,W3177828909,middle,Bernardino Romera-Paredes,0,15
A5051623730,W3177828909,middle,Stanislav Nikolov,0,16
A5019154965,W3177828909,middle,Rishub Jain,0,17
A5088186812,W3177828909,middle,Jonas Adler,0,18
A5051168505,W3177828909,middle,Trevor Back,0,19
A5050109164,W3177828909,middle,Stig Petersen,0,20
A5009240058,W3177828909,middle,David Reiman,0,21
A5046346579,W3177828909,middle,Ellen Clancy,0,22
A5101599399,W3177828909,middle,Michal Zielinski,0,23
A5019985343,W3177828909,middle,Martin Steinegger,0,24
A5034531389,W3177828909,middle,Michalina Pacholska,0,25
A5041605654,W3177828909,middle,Tamas Berghammer,0,26
A5063529978,W3177828909,middle,Sebastian Bodenstein,0,27
A5091771290,W3177828909,middle,David Silver,0,28
A5003562101,W3177828909,middle,Oriol Vinyals,0,29
A5079708487,W3177828909,middle,Andrew W. Senior,0,30
A5090341705,W3177828909,middle,Koray Kavukcuoglu,0,31
A5013834379,W3177828909,middle,Pushmeet Kohli,0,32
A5005349213,W3177828909,last,Demis Hassabis,0,33
A5083165835,W3004280078,first,Peng Zhou,1,0
A5039460637,W3004280078,middle,Xing-Lou Yang,0,1
A5002787853,W3004280078,middle,Xian-Guang Wang,0,2
A5103013886,W3004280078,middle,Ben Hu,0,3
A5100767849,W3004280078,middle,Lei Zhang,0,4
A5100622062,W3004280078,middle,Wei Zhang,0,5
A5102379144,W3004280078,middle,Hao-Rui Si,0,6
A5060118564,W3004280078,middle,Yan Zhu,0,7
A5100356466,W3004280078,middle,Bei Li,0,8
A5101094927,W3004280078,middle,Chao-Lin Huang,0,9
A5017187601,W3004280078,middle,Hui-Dong Chen,0,10
A5100394807,W3004280078,middle,Jing Chen,0,11
A5077234479,W3004280078,middle,Yun Luo,0,12
A5018411180,W3004280078,middle,Hua Guo,0,13
A5050578152,W3004280078,middle,Ren-Di Jiang,0,14
A5029219116,W3004280078,middle,Mei-Qin Liu,0,15
A5100383015,W3004280078,middle,Ying Chen,0,16
A5101077869,W3004280078,middle,Xu-Rui Shen,0,17
A5101507174,W3004280078,middle,Xi Wang,0,18
A5102343941,W3004280078,middle,Xiao-Shuang Zheng,0,19
A5100647548,W3004280078,middle,Kai Zhao,0,20
A5029583070,W3004280078,middle,Quan-Jiao Chen,0,21
A5110191677,W3004280078,middle,Fei Deng,0,22
A5100409376,W3004280078,middle,Lin-Lin Liu,0,23
A5012216290,W3004280078,middle,Bing Yan,0,24
A5112582604,W3004280078,middle,Fa-Xian Zhan,0,25
A5027156402,W3004280078,middle,Yan-Yi Wang,0,26
A5111259036,W3004280078,middle,Geng-Fu Xiao,0,27
A5100689158,W3004280078,last,Zheng-Li Shi,0,28
W3035965352-person-0,W3035965352,first,Charles R. Harris,1,0
W3035965352-person-1,W3035965352,middle,K. Jarrod Millman,0,1
W3035965352-person-2,W3035965352,middle,Stéfan J. van der Walt,0,2
W3035965352-person-3,W3035965352,middle,Ralf Gommers,0,3
W3035965352-person-4,W3035965352,middle,Pauli Virtanen,0,4
W3035965352-person-5,W3035965352,middle,David Cournapeau,0,5
W3035965352-person-6,W3035965352,middle,Eric Wieser,0,6
W3035965352-person-7,W3035965352,middle,Julian Taylor,0,7
W3035965352-person-8,W3035965352,middle,Sebastian Berg,0,8
W3035965352-person-9,W3035965352,middle,Nathaniel J. Smith,0,9
W3035965352-person-10,W3035965352,middle,Robert Kern,0,10
W3035965352-person-11,W3035965352,middle,Matti Picus,0,11
W3035965352-person-12,W3035965352,middle,Stephan Hoyer,0,12
W3035965352-person-13,W3035965352,middle,Marten H. van Kerkwijk,0,13
W3035965352-person-14,W3035965352,middle,Matthew Brett,0,14
W3035965352-person-15,W3035965352,middle,Allan Haldane,0,15
W3035965352-person-16,W3035965352,middle,Jaime Fernández del Río,0,16
W3035965352-person-17,W3035965352,middle,Mark Wiebe,0,17
W3035965352-person-18,W3035965352,middle,Pearu Peterson,0,18
W3035965352-person-19,W3035965352,middle,Pierre Gérard-Marchant,0,19
W3035965352-person-20,W3035965352,middle,Kevin Sheppard,0,20
W3035965352-person-21,W3035965352,middle,Tyler Reddy,0,21
W3035965352-person-22,W3035965352,middle,Warren Weckesser,0,22
W3035965352-person-23,W3035965352,middle,Hameer Abbasi,0,23
W3035965352-person-24,W3035965352,middle,Christoph Gohlke,0,24
W3035965352-person-25,W3035965352,last,Travis E. Oliphant,0,25
A5091771290,W2257979135,first,David Silver,1,0
A5006011042,W2257979135,middle,Aja Huang,0,1
A5054711904,W2257979135,middle,Chris J. Maddison,0,2
A5009305837,W2257979135,middle,Arthur Guez,0,3
A5053301405,W2257979135,middle,Laurent Sifre,0,4
A5025210358,W2257979135,middle,George van den Driessche,0,5
A5080518618,W2257979135,middle,Julian Schrittwieser,0,6
A5021217383,W2257979135,middle,Ioannis Antonoglou,0,7
A5008968626,W2257979135,middle,Veda Panneershelvam,0,8
A5049659586,W2257979135,middle,Marc Lanctot,0,9
A5034960578,W2257979135,middle,Sander Dieleman,0,10
A5077188995,W2257979135,middle,Dominik Grewe,0,11
A5058201889,W2257979135,middle,John Nham,0,12
A5059729571,W2257979135,middle,Nal Kalchbrenner,0,13
A5006446297,W2257979135,middle,Ilya Sutskever,0,14
A5066294254,W2257979135,middle,Timothy Lillicrap,0,15
A5059103439,W2257979135,middle,Madeleine Leach,0,16
A5090341705,W2257979135,middle,Koray Kavukcuoglu,0,17
A5051619646,W2257979135,middle,Thore Graepel,0,18
A5005349213,W2257979135,last,Demis Hassabis,0,19
W2104549677-person-0,W2104549677,first,Corresponding authors,0,0
W2104549677-person-1,W2104549677,middle,Adam Auton,1,1
W2104549677-person-2,W2104549677,middle,Gonçalo R. Abecasis,0,2
W2104549677-person-3,W2104549677,middle,David M. Altshuler,0,3
A5082040351,W2104549677,middle,Richard M. Durbin,1,4
W2104549677-person-5,W2104549677,middle,Gonçalo R. Abecasis,0,5
W2104549677-person-6,W2104549677,middle,David R. Bentley,0,6
W2104549677-person-7,W2104549677,middle,Aravinda Chakravarti,0,7
W2104549677-person-8,W2104549677,middle,Andrew G. Clark,0,8
A5077722090,W2104549677,middle,Peter Donnelly,0,9
W2104549677-person-10,W2104549677,middle,Evan E. Eichler,0,10
A5006816272,W2104549677,middle,Paul Flicek,0,11
W2104549677-person-12,W2104549677,middle,Stacey B. Gabriel,0,12
W2104549677-person-13,W2104549677,middle,Richard A. Gibbs,0,13
A5107829546,W2104549677,middle,Eric D. Green,0,14
A5068997042,W2104549677,middle,Matthew E. Hurles,0,15
W2104549677-person-16,W2104549677,middle,Bartha M. Knoppers,0,16
A5071136927,W2104549677,middle,Jan O. Korbel,0,17
A5020748592,W2104549677,middle,Eric S. Lander,0,18
A5100716198,W2104549677,middle,Charles Lee,0,19
A5019720850,W2104549677,middle,Hans Lehrach,0,20
A5054642128,W2104549677,middle,Elaine R. Mardis,0,21
A5000369565,W2104549677,middle,Gabor T. Marth,0,22
W2104549677-person-23,W2104549677,middle,Gil A. McVean,0,23
A5107596584,W2104549677,middle,Deborah A. Nickerson,0,24
A5078218837,W2104549677,middle,Jeanette P. Schmidt,0,25
W2104549677-person-26,W2104549677,middle,Stephen T. Sherry,0,26
W2104549677-person-27,W2104549677,middle,Jun Wang,0,27
A5014714324,W2104549677,middle,Richard K. Wilson,0,28
W2104549677-person-29,W2104549677,middle,Production group,0,29
W2104549677-person-30,W2104549677,middle,Richard A. Gibbs,0,30
A5044048476,W2104549677,middle,Eric Boerwinkle,0,31
A5050577909,W2104549677,middle,Harsha Doddapaneni,0,32
A5088473119,W2104549677,middle,Yi Han,0,33
A5034973328,W2104549677,middle,Viktoriya Korchina,0,34
A5110259138,W2104549677,middle,Christie Kovar,0,35
A5100716198,W2104549677,middle,Sandra Lee,0,36
A5037749785,W2104549677,middle,Donna Muzny,0,37
W2104549677-person-38,W2104549677,middle,Jeffrey G. Reid,0,38
A5100559157,W2104549677,middle,Yiming Zhu,0,39
W2104549677-person-40,W2104549677,middle,BGI-Shenzhen,0,40
W2104549677-person-41,W2104549677,middle,Jun Wang,0,41
A5077722217,W2104549677,middle,Yuqi Chang,0,42
A5058327122,W2104549677,middle,Qiang Feng,0,43
A5052083635,W2104549677,middle,Xiaodong Fang,0,44
A5009510775,W2104549677,middle,Xiaosen Guo,0,45
A5016529100,W2104549677,middle,Min Jian,0,46
A5031168904,W2104549677,middle,Hui Jiang,0,47
W2104549677-person-48,W2104549677,middle,Xin Jin,0,48
A5024331115,W2104549677,middle,Tianming Lan,0,49
A5100368556,W2104549677,middle,Guoqing Li,0,50
A5032136842,W2104549677,middle,Jingxiang Li,0,51
W2104549677-person-52,W2104549677,middle,Yingrui Li,0,52
A5050221114,W2104549677,middle,Shengmao Liu,0,53
A5100441085,W2104549677,middle,Xiao Liu,0,54
A5090998485,W2104549677,middle,Yao Lu,0,55
A5073827104,W2104549677,middle,Xuedi Ma,0,56
A5004406489,W2104549677,middle,Meifang Tang,0,57
A5003334032,W2104549677,middle,Bo Wang,0,58
A5065676200,W2104549677,middle,Guangbiao Wang,0,59
A5020221893,W2104549677,middle,Honglong Wu,0,60
W2104549677-person-61,W2104549677,middle,Renhua Wu,0,61
A5100451926,W2104549677,middle,Xun Xu,0,62
A5079060255,W2104549677,middle,Ye Yin,0,63
A5100386756,W2104549677,middle,Dandan Zhang,0,64
A5100709477,W2104549677,middle,Wenwei Zhang,0,65
A5062237479,W2104549677,middle,Jiao Zhao,0,66
A5065200226,W2104549677,middle,Meiru Zhao,0,67
W2104549677-person-68,W2104549677,middle,Xiaole Zheng,0,68
A5020748592,W2104549677,middle,Eric S. Lander,0,69
W2104549677-person-70,W2104549677,middle,David M. Altshuler,0,70
A5108378152,W2104549677,middle,Stacey B. Gabriel,0,71
A5101581051,W2104549677,middle,Namrata Gupta,0,72
A5010180174,W2104549677,middle,Neda Gharani,0,73
A5059315543,W2104549677,middle,Lorraine H. Toji,0,74
A5002408945,W2104549677,middle,Norman P. Gerry,0,75
A5053179789,W2104549677,middle,Alissa M. Resch,0,76
W2104549677-person-77,W2104549677,middle,Paul Flicek,0,77
A5071626276,W2104549677,middle,Jonathan Barker,0,78
W2104549677-person-79,W2104549677,middle,Laura Clarke,0,79
A5078770916,W2104549677,middle,Laurent Gil,0,80
A5044085246,W2104549677,middle,Sarah E. Hunt,0,81
A5050467747,W2104549677,middle,Gavin Kelman,0,82
A5015292353,W2104549677,middle,Eugene Kulesha,0,83
A5034321074,W2104549677,middle,Rasko Leinonen,0,84
A5052502792,W2104549677,middle,William M. McLaren,0,85
A5034697550,W2104549677,middle,Rajesh Radhakrishnan,0,86
A5111889793,W2104549677,middle,Asier Roa,0,87
A5003523155,W2104549677,middle,Dmitriy Smirnov,0,88
W2104549677-person-89,W2104549677,middle,Richard E. Smith,0,89
A5065726505,W2104549677,middle,Ian Streeter,0,90
A5040090561,W2104549677,middle,Anja Thormann,0,91
A5004687813,W2104549677,middle,Iliana Toneva,0,92
A5042311778,W2104549677,middle,Brendan Vaughan,0,93
W2104549677-person-94,W2104549677,middle,Xiangqun Zheng-Bradley,0,94
W2104549677-person-95,W2104549677,middle,Illumina,0,95
W2104549677-person-96,W2104549677,middle,David R. Bentley,0,96
A5113658176,W2104549677,middle,Russell Grocock,0,97
W2104549677-person-98,W2104549677,middle,Sean Humphray,0,98
A5039537064,W2104549677,middle,Terena James,0,99
A5001226970,W2919115771,first,Yann LeCun,1,0
A5086198262,W2919115771,middle,Yoshua Bengio,0,1
A5108093963,W2919115771,last,Geoffrey Hinton,0,2
A5008904142,W2145339207,first,Volodymyr Mnih,1,0
A5090341705,W2145339207,middle,Koray Kavukcuoglu,0,1
A5091771290,W2145339207,middle,David Silver,0,2
A5101742327,W2145339207,middle,Andrei A. Rusu,0,3
A5060709021,W2145339207,middle,Joel Veness,0,4
A5001087292,W2145339207,middle,Marc G. Bellemare,0,5
A5043473089,W2145339207,middle,Alex Graves,0,6
A5041323275,W2145339207,middle,Martin Riedmiller,0,7
A5032865587,W2145339207,middle,Andreas K. Fidjeland,0,8
A5016618355,W2145339207,middle,Georg Ostrovski,0,9
A5050109164,W2145339207,middle,Stig Petersen,0,10
A5018388854,W2145339207,middle,Charles Beattie,0,11
A5012250683,W2145339207,middle,Amir Sadik,0,12
A5021217383,W2145339207,middle,Ioannis Antonoglou,0,13
A5048371195,W2145339207,middle,Helen King,0,14
A5048551460,W2145339207,middle,Dharshan Kumaran,0,15
A5053990531,W2145339207,middle,Daan Wierstra,0,16
A5008987732,W2145339207,middle,Shane Legg,0,17
A5005349213,W2145339207,last,Demis Hassabis,0,18
A5035037595,W2259938310,first,,1,0
A5055227491,W2006318126,first,M. Armand,1,0
A5110244260,W2006318126,last,J.-M. Tarascon,0,1
A5072248970,W2125284466,first,K. S. Novoselov,1,0
A5058357018,W2125284466,middle,A. K. Geim,0,1
A5088527376,W2125284466,middle,S. V. Morozov,0,2
A5024028137,W2125284466,middle,D. Jiang,0,3
A5076142044,W2125284466,middle,M. I. Katsnelson,0,4
A5076577191,W2125284466,middle,I. V. Grigorieva,0,5
A5072442751,W2125284466,middle,S. V. Dubonos,0,6
A5001198014,W2125284466,last,A. A. Firsov,0,7
A5108140420,W2168909179,first,Eric S. Lander,1,0
A5091229340,W2168909179,middle,Lauren M. Linton,0,1
A5021669455,W2168909179,middle,Bruce Birren,0,2
A5049581540,W2168909179,middle,Chad Nusbaum,0,3
A5038698652,W2168909179,middle,Michael C. Zody,0,4
A5089295208,W2168909179,middle,Jennifer Baldwin,0,5
A5080184036,W2168909179,middle,Keri Devon,0,6
A5066338056,W2168909179,middle,Ken Dewar,0,7
A5058847615,W2168909179,middle,Michael Doyle,0,8
A5006631993,W2168909179,middle,William FitzHugh,0,9
A5111904241,W2168909179,middle,Roel Funke,0,10
A5001383727,W2168909179,middle,Diane Gage,0,11
A5010992080,W2168909179,middle,Katrina Harris,0,12
A5039655262,W2168909179,middle,Andrew Heaford,0,13
A5088982920,W2168909179,middle,John Howland,0,14
A5079561126,W2168909179,middle,Lisa Kann,0,15
A5040260262,W2168909179,middle,Jessica Lehoczky,0,16
A5045625713,W2168909179,middle,Rosie LeVine,0,17
A5048963768,W2168909179,middle,Paul McEwan,0,18
A5023416939,W2168909179,middle,Kevin McKernan,0,19
A5087297252,W2168909179,middle,James Meldrim,0,20
A5077622597,W2168909179,middle,Jill P. Mesirov,0,21
A5029081403,W2168909179,middle,Cher Miranda,0,22
A5109400070,W2168909179,middle,William Morris,0,23
A5025514420,W2168909179,middle,Jerome Naylor,0,24
A5108778543,W2168909179,middle,Christina Raymond,0,25
A5001820478,W2168909179,middle,Mark Rosetti,0,26
A5043077854,W2168909179,middle,Ralph Santos,0,27
A5034317303,W2168909179,middle,Andrew Sheridan,0,28
A5080618346,W2168909179,middle,Carrie Sougnez,0,29
A5090716657,W2168909179,middle,Nicole Stange-Thomann,0,30
A5071769479,W2168909179,middle,Nikola Stojanovic,0,31
A5109532899,W2168909179,middle,Aravind Subramanian,0,32
A5010677873,W2168909179,middle,Dudley Wyman,0,33
A5107841318,W2168909179,middle,Jane Rogers,0,34
A5018043809,W2168909179,middle,John Sulston,0,35
A5110225175,W2168909179,middle,Rachael Ainscough,0,36
A5017588786,W2168909179,middle,Stephan Beck,0,37
A5109214093,W2168909179,middle,David Bentley,0,38
A5111898752,W2168909179,middle,John Burton,0,39
A5048041187,W2168909179,middle,Christopher Clee,0,40
A5102094687,W2168909179,middle,Nigel Carter,0,41
A5110225174,W2168909179,middle,Alan Coulson,0,42
A5022965952,W2168909179,middle,Rebecca Deadman,0,43
A5082712082,W2168909179,middle,Panos Deloukas,0,44
A5082633816,W2168909179,middle,Andrew Dunham,0,45
A5012080038,W2168909179,middle,Ian Dunham,0,46
A5082040351,W2168909179,middle,Richard Durbin,0,47
A5050511926,W2168909179,middle,Lisa French,0,48
A5006835973,W2168909179,middle,Darren Grafham,0,49
A5004078699,W2168909179,middle,Simon Gregory,0,50
A5007549481,W2168909179,middle,Tim Hubbard,0,51
A5035692364,W2168909179,middle,Sean Humphray,0,52
A5102019094,W2168909179,middle,Adrienne Hunt,0,53
A5103897730,W2168909179,middle,Matthew Jones,0,54
A5041308386,W2168909179,middle,Christine Lloyd,0,55
A5081044991,W2168909179,middle,Amanda McMurray,0,56
A5104349268,W2168909179,middle,Lucy Matthews,0,57
A5007133493,W2168909179,middle,Simon Mercer,0,58
A5002456982,W2168909179,middle,Sarah Milne,0,59
A5072393754,W2168909179,middle,James C. Mullikin,0,60
A5052194762,W2168909179,middle,Andrew Mungall,0,61
A5043582447,W2168909179,middle,Robert Plumb,0,62
A5104275873,W2168909179,middle,Mark Ross,0,63
A5044012216,W2168909179,middle,Ratna Shownkeen,0,64
A5023083359,W2168909179,middle,Sarah Sims,0,65
A5074206499,W2168909179,middle,Robert H. Waterston,1,66
A5105786443,W2168909179,middle,Richard K. Wilson,0,67
A5106316839,W2168909179,middle,LaDeana W. Hillier,0,68
A5047690257,W2168909179,middle,John D. McPherson,0,69
A5070061359,W2168909179,middle,Marco A. Marra,0,70
A5054642128,W2168909179,middle,Elaine R. Mardis,0,71
A5108080792,W2168909179,middle,Lucinda A. Fulton,0,72
A5023572924,W2168909179,middle,Asif T. Chinwalla,0,73
A5002017954,W2168909179,middle,Kymberlie H. Pepin,0,74
A5019579037,W2168909179,middle,Warren R. Gish,0,75
A5050119930,W2168909179,middle,Stephanie L. Chissoe,0,76
A5033154286,W2168909179,middle,Michael C. Wendl,0,77
A5041520404,W2168909179,middle,Kim D. Delehaunty,0,78
A5034614889,W2168909179,middle,Tracie L. Miner,0,79
A5025839359,W2168909179,middle,Andrew Delehaunty,0,80
A5069466922,W2168909179,middle,Jason B. Kramer,0,81
A5102746555,W2168909179,middle,Lisa L. Cook,0,82
A5061026009,W2168909179,middle,Robert S. Fulton,0,83
A5071858954,W2168909179,middle,Douglas L. Johnson,0,84
A5006986395,W2168909179,middle,Patrick J. Minx,0,85
A5081176388,W2168909179,middle,Sandra W. Clifton,0,86
A5018212413,W2168909179,middle,Trevor Hawkins,0,87
A5082519222,W2168909179,middle,Elbert Branscomb,0,88
A5020071768,W2168909179,middle,Paul Predki,0,89
A5108082201,W2168909179,middle,Paul Richardson,0,90
A5022255729,W2168909179,middle,Sarah Wenning,0,91
A5110462789,W2168909179,middle,Tom Slezak,0,92
A5010297697,W2168909179,middle,Norman Doggett,0,93
A5021042434,W2168909179,middle,Jan-Fang Cheng,0,94
A5105408392,W2168909179,middle,Anne Olsen,0,95
A5106716980,W2168909179,middle,Susan Lucas,0,96
A5071062782,W2168909179,middle,Christopher Elkin,0,97
A5034994000,W2168909179,middle,Edward Uberbacher,0,98
A5109158404,W2168909179,middle,Marvin Frazier,0,99
A5111563280,W1949231392,first,J.-M. Tarascon,1,0
A5055227491,W1949231392,last,M. Armand,0,1
A5109070857,W2162348455,first,Norman Myers,1,0
A5030139784,W2162348455,middle,Russell A. Mittermeier,0,1
A5032949045,W2162348455,middle,Cristina G. Mittermeier,0,2
A5114911266,W2162348455,middle,Gustavo A. B. da Fonseca,0,3
A5003153552,W2162348455,last,Jennifer Kent,0,4
A5062498736,W2097255042,first,Charles M. Perou,1,0
A5052676245,W2097255042,middle,Therese Sørlie,0,1
A5068063822,W2097255042,middle,Michael B. Eisen,0,2
A5023048831,W2097255042,middle,Matt van de Rijn,0,3
A5017044520,W2097255042,middle,Stefanie S. Jeffrey,0,4
A5087718708,W2097255042,middle,Christian A. Rees,0,5
A5008936074,W2097255042,middle,Jonathan R. Pollack,0,6
A5109308016,W2097255042,middle,Douglas T. Ross,0,7
A5010451213,W2097255042,middle,Hilde Johnsen,0,8
A5068445062,W2097255042,middle,Lars A. Akslen,0,9
A5016467945,W2097255042,middle,Øystein Fluge,0,10
A5086953586,W2097255042,middle,Alexander Pergamenschikov,0,11
A5021314151,W2097255042,middle,Cheryl Williams,0,12
A5078993134,W2097255042,middle,Shirley X. Zhu,0,13
A5035837487,W2097255042,middle,Per E. Lønning,0,14
A5083875677,W2097255042,middle,Anne-Lise Børresen-Dale,0,15
A5065906655,W2097255042,middle,Patrick O. Brown,0,16
A5077542898,W2097255042,last,David Botstein,0,17
A5000679279,W2112090702,first,Duncan J. Watts,1,0
A5029418921,W2112090702,last,Steven H. Strogatz,0,1
A5091724650,W2746485780,first,Robert Costanza,1,0
A5002260826,W2746485780,middle,Ralph d'Arge,0,1
A5086038630,W2746485780,middle,Rudolf de Groot,0,2
A5024881899,W2746485780,middle,Stephen Farber,0,3
A5080683619,W2746485780,middle,Monica Grasso,0,4
A5030681852,W2746485780,middle,Bruce Hannon,0,5
A5075209458,W2746485780,middle,Karin Limburg,0,6
A5033867997,W2746485780,middle,Shahid Naeem,0,7
A5108290426,W2746485780,middle,Robert V. O'Neill,0,8
A5081565412,W2746485780,middle,Jose Paruelo,0,9
A5109886075,W2746485780,middle,Robert G. Raskin,0,10
A5017913101,W2746485780,middle,Paul Sutton,0,11
A5089420094,W2746485780,last,Marjan van den Belt,0,12
A5015401603,W2042602209,first,C. T. Kresge,1,0
A5040774720,W2042602209,middle,M. E. Leonowicz,0,1
A5053242305,W2042602209,middle,W. J. Roth,0,2
A5109920665,W2042602209,middle,J. C. Vartuli,0,3
A5035957651,W2042602209,last,J. S. Beck,0,4
A5074738502,W1980216394,first,Brian O'Regan,1,0
A5109160404,W1980216394,last,Michael Grätzel,0,1
A5079749826,W2018858346,first,Sumio Iijima,1,0
A5048240638,W1498436455,first,David E. Rumelhart,1,0
A5108093963,W1498436455,middle,Geoffrey E. Hinton,0,1
A5112059424,W1498436455,last,Ronald J. Williams,0,2
A5050518847,W11476871,first,H. W. Kroto,1,0
A5087000600,W11476871,middle,J. R. Heath,0,1
A5103526070,W11476871,middle,S. C. O’Brien,0,2
A5050630131,W11476871,middle,R. F. Curl,0,3
A5015746014,W11476871,last,R. E. Smalley,0,4
A5040482719,W2030522563,first,G. KÖHLER,1,0
A5108412595,W2030522563,last,C. MILSTEIN,0,1
A5110769784,W2042492216,first,AKIRA FUJISHIMA,1,0
A5112072892,W2042492216,last,KENICHI HONDA,0,1
A5030122660,W2100837269,first,U. K. LAEMMLI,1,0
A5014309302,W2963276645,first,Evan Bolyen,1,0
A5045260328,W2963276645,middle,Jai Ram Rideout,0,1
A5044141437,W2963276645,middle,Matthew R. Dillon,0,2
A5000165682,W2963276645,middle,Nicholas A. Bokulich,0,3
A5012823292,W2963276645,middle,Christian C. Abnet,0,4
A5058766687,W2963276645,middle,Gabriel A. Al-Ghalith,0,5
A5013626144,W2963276645,middle,Harriet Alexander,0,6
A5091119492,W2963276645,middle,Eric J. Alm,0,7
A5058914957,W2963276645,middle,Manimozhiyan Arumugam,0,8
A5023870348,W2963276645,middle,Francesco Asnicar,0,9
A5100630907,W2963276645,middle,Yang Bai,0,10
A5068812632,W2963276645,middle,Jordan E. Bisanz,0,11
A5066967353,W2963276645,middle,Kyle Bittinger,0,12
A5051319454,W2963276645,middle,Asker Brejnrod,0,13
A5000856048,W2963276645,middle,Colin J. Brislawn,0,14
A5036229691,W2963276645,middle,C. Titus Brown,0,15
A5027561072,W2963276645,middle,Benjamin J. Callahan,0,16
A5012057261,W2963276645,middle,Andrés Mauricio Caraballo-Rodríguez,0,17
A5104274724,W2963276645,middle,John Chase,0,18
A5012356079,W2963276645,middle,Emily K. Cope,0,19
A5063348766,W2963276645,middle,Ricardo Da Silva,0,20
A5004117093,W2963276645,middle,Christian Diener,0,21
A5082720301,W2963276645,middle,Pieter C. Dorrestein,0,22
A5001579116,W2963276645,middle,Gavin M. Douglas,0,23
A5021434656,W2963276645,middle,Daniel M. Durall,0,24
A5078594398,W2963276645,middle,Claire Duvallet,0,25
A5081796051,W2963276645,middle,Christian F. Edwardson,0,26
A5010086188,W2963276645,middle,Madeleine Ernst,0,27
A5049341324,W2963276645,middle,Mehrbod Estaki,0,28
A5023589584,W2963276645,middle,Jennifer Fouquier,0,29
A5032648643,W2963276645,middle,Julia M. Gauglitz,0,30
A5064118261,W2963276645,middle,Sean M. Gibbons,0,31
A5037837504,W2963276645,middle,Deanna L. Gibson,0,32
A5101532298,W2963276645,middle,Antonio Gonzalez,0,33
A5000991724,W2963276645,middle,Kestrel Gorlick,0,34
A5021380321,W2963276645,middle,Jiarong Guo,0,35
A5063135788,W2963276645,middle,Benjamin Hillmann,0,36
A5003674456,W2963276645,middle,Susan Holmes,0,37
A5072721379,W2963276645,middle,Hannes Holste,0,38
A5008844345,W2963276645,middle,Curtis Huttenhower,0,39
A5091335490,W2963276645,middle,Gavin A. Huttley,0,40
A5065650315,W2963276645,middle,Stefan Janssen,0,41
A5084397587,W2963276645,middle,Alan K. Jarmusch,0,42
A5066665482,W2963276645,middle,Lingjing Jiang,0,43
A5069233200,W2963276645,middle,Benjamin D. Kaehler,0,44
A5024849145,W2963276645,middle,Kyo Bin Kang,0,45
A5043637496,W2963276645,middle,Christopher R. Keefe,0,46
A5045601734,W2963276645,middle,Paul Keim,0,47
A5049973896,W2963276645,middle,Scott T. Kelley,0,48
A5082358375,W2963276645,middle,Dan Knights,0,49
A5046633037,W2963276645,middle,Irina Koester,0,50
A5084827722,W2963276645,middle,Tomasz Kosciolek,0,51
A5089511913,W2963276645,middle,Jorden Kreps,0,52
A5061354858,W2963276645,middle,Morgan G. I. Langille,0,53
A5003368129,W2963276645,middle,Joslynn Lee,0,54
A5066589732,W2963276645,middle,Ruth Ley,0,55
A5100765918,W2963276645,middle,Yong-Xin Liu,0,56
A5047818038,W2963276645,middle,Erikka Loftfield,0,57
A5086938254,W2963276645,middle,Catherine Lozupone,0,58
A5090166556,W2963276645,middle,Massoud Maher,0,59
A5009540046,W2963276645,middle,Clarisse Marotz,0,60
A5022081563,W2963276645,middle,Bryan D. Martin,0,61
A5022461817,W2963276645,middle,Daniel McDonald,0,62
A5055202207,W2963276645,middle,Lauren J. McIver,0,63
A5011189475,W2963276645,middle,Alexey V. Melnik,0,64
A5081142594,W2963276645,middle,Jessica L. Metcalf,0,65
A5091486856,W2963276645,middle,Sydney C. Morgan,0,66
A5039009666,W2963276645,middle,Jamie T. Morton,0,67
A5015750563,W2963276645,middle,Ahmad Turan Naimey,0,68
A5007031983,W2963276645,middle,Jose A. Navas-Molina,0,69
A5081815233,W2963276645,middle,Louis Felix Nothias,0,70
A5090259722,W2963276645,middle,Stephanie B. Orchanian,0,71
A5019273406,W2963276645,middle,Talima Pearson,0,72
A5017863068,W2963276645,middle,Samuel L. Peoples,0,73
A5012059205,W2963276645,middle,Daniel Petras,0,74
A5034532474,W2963276645,middle,Mary Lai Preuss,0,75
A5003436229,W2963276645,middle,Elmar Pruesse,0,76
A5009625579,W2963276645,middle,Lasse Buur Rasmussen,0,77
A5085522942,W2963276645,middle,Adam Rivers,0,78
A5028011279,W2963276645,middle,Michael S. Robeson,0,79
A5068955749,W2963276645,middle,Patrick Rosenthal,0,80
A5068576885,W2963276645,middle,Nicola Segata,0,81
A5033941906,W2963276645,middle,Michael Shaffer,0,82
A5073261976,W2963276645,middle,Arron Shiffer,0,83
A5084125220,W2963276645,middle,Rashmi Sinha,0,84
A5007034049,W2963276645,middle,Se Jin Song,0,85
A5045792442,W2963276645,middle,John R. Spear,0,86
A5005856984,W2963276645,middle,Austin D. Swafford,0,87
A5010836192,W2963276645,middle,Luke R. Thompson,0,88
A5058418462,W2963276645,middle,Pedro J. Torres,0,89
W2963276645-person-90,W2963276645,middle,Pauline Trinh,0,90
A5060283036,W2963276645,middle,Anupriya Tripathi,0,91
A5079232459,W2963276645,middle,Peter J. Turnbaugh,0,92
A5003179870,W2963276645,middle,Sabah Ul-Hasan,0,93
A5075156076,W2963276645,middle,Justin J. J. van der Hooft,0,94
A5086305028,W2963276645,middle,Fernando Vargas,0,95
A5024143614,W2963276645,middle,Yoshiki Vázquez-Baeza,0,96
A5080956415,W2963276645,middle,Emily Vogtmann,0,97
A5072785379,W2963276645,middle,Max von Hippel,0,98
A5025148058,W2963276645,middle,William Walters,0,99
A5063303706,W2126419817,first,Manfred G Grabherr,1,0
A5019458580,W2126419817,middle,Brian J Haas,0,1
A5013265313,W2126419817,middle,Moran Yassour,0,2
A5024425176,W2126419817,middle,Joshua Z Levin,0,3
A5048267912,W2126419817,middle,Dawn A Thompson,0,4
A5048280875,W2126419817,middle,Ido Amit,0,5
A5080948604,W2126419817,middle,Xian Adiconis,0,6
W2126419817-person-7,W2126419817,middle,Lin Fan,0,7
A5070853960,W2126419817,middle,Raktima Raychowdhury,0,8
A5101506692,W2126419817,middle,Qiandong Zeng,0,9
A5100718751,W2126419817,middle,Zehua Chen,0,10
A5111906486,W2126419817,middle,Evan Mauceli,0,11
A5048859270,W2126419817,middle,Nir Hacohen,0,12
A5109465150,W2126419817,middle,Andreas Gnirke,0,13
A5004708181,W2126419817,middle,Nicholas Rhind,0,14
A5101410245,W2126419817,middle,Federica di Palma,0,15
A5021669455,W2126419817,middle,Bruce W Birren,0,16
A5049581540,W2126419817,middle,Chad Nusbaum,0,17
A5007985109,W2126419817,middle,Kerstin Lindblad-Toh,0,18
A5076999649,W2126419817,middle,Nir Friedman,0,19
A5004067604,W2126419817,last,Aviv Regev,0,20
A5014218807,W2021341670,first,James T Robinson,1,0
A5033125816,W2021341670,middle,Helga Thorvaldsdóttir,0,1
A5078967801,W2021341670,middle,Wendy Winckler,0,2
A5052599603,W2021341670,middle,Mitchell Guttman,0,3
A5020748592,W2021341670,middle,Eric S Lander,0,4
A5001392592,W2021341670,middle,Gad Getz,0,5
A5077622597,W2021341670,last,Jill P Mesirov,0,6
A5016854384,W2141458291,first,Cole Trapnell,1,0
A5101518313,W2141458291,middle,Brian A Williams,0,1
A5069088537,W2141458291,middle,Geo Pertea,0,2
A5074895828,W2141458291,middle,Ali Mortazavi,0,3
A5009489348,W2141458291,middle,Gordon Kwan,0,4
A5053676578,W2141458291,middle,Marijke J van Baren,0,5
A5010384159,W2141458291,middle,Steven L Salzberg,0,6
A5056820199,W2141458291,middle,Barbara J Wold,0,7
A5020008219,W2141458291,last,Lior Pachter,0,8
A5108375431,W2080752012,first,Jürgen Cox,1,0
A5090940750,W2080752012,last,Matthias Mann,0,1
A5069887963,W2103017472,first,Michael Ashburner,1,0
A5113321696,W2103017472,middle,Catherine A. Ball,0,1
A5016349593,W2103017472,middle,Judith A. Blake,0,2
A5077542898,W2103017472,middle,David Botstein,0,3
A5064832872,W2103017472,middle,Heather Butler,0,4
A5058567429,W2103017472,middle,J. Michael Cherry,0,5
A5064334598,W2103017472,middle,Allan P. Davis,0,6
A5037884529,W2103017472,middle,Kara Dolinski,0,7
A5079846682,W2103017472,middle,Selina S. Dwight,0,8
A5006382524,W2103017472,middle,Janan T. Eppig,0,9
A5024953209,W2103017472,middle,Midori A. Harris,0,10
A5029292423,W2103017472,middle,David P. Hill,0,11
A5033504917,W2103017472,middle,Laurie Issel-Tarver,0,12
A5032714338,W2103017472,middle,Andrew Kasarskis,0,13
A5105780503,W2103017472,middle,Suzanna Lewis,0,14
A5016799598,W2103017472,middle,John C. Matese,0,15
A5062064598,W2103017472,middle,Joel E. Richardson,0,16
A5070528752,W2103017472,middle,Martin Ringwald,0,17
A5086255792,W2103017472,middle,Gerald M. Rubin,0,18
A5058333700,W2103017472,last,Gavin Sherlock,0,19
A5016144644,W2053328406,first,Patrice Simon,1,0
A5035467559,W2053328406,last,Yury Gogotsi,0,1
A5058357018,W2014935324,first,A. K. Geim,1,0
A5072248970,W2014935324,last,K. S. Novoselov,0,1
W3003257820-person-0,W3003257820,first,Pauli Virtanen,1,0
W3003257820-person-1,W3003257820,middle,Ralf Gommers,0,1
W3003257820-person-2,W3003257820,middle,Travis E. Oliphant,0,2
W3003257820-person-3,W3003257820,middle,Matt Haberland,0,3
W3003257820-person-4,W3003257820,middle,Tyler Reddy,0,4
W3003257820-person-5,W3003257820,middle,David Cournapeau,0,5
W3003257820-person-6,W3003257820,middle,Evgeni Burovski,0,6
W3003257820-person-7,W3003257820,middle,Pearu Peterson,0,7
W3003257820-person-8,W3003257820,middle,Warren Weckesser,0,8
W3003257820-person-9,W3003257820,middle,Jonathan Bright,0,9
W3003257820-person-10,W3003257820,middle,Stéfan J. van der Walt,0,10
W3003257820-person-11,W3003257820,middle,Matthew Brett,0,11
W3003257820-person-12,W3003257820,middle,Joshua Wilson,0,12
W3003257820-person-13,W3003257820,middle,K. Jarrod Millman,0,13
W3003257820-person-14,W3003257820,middle,Nikolay Mayorov,0,14
W3003257820-person-15,W3003257820,middle,Andrew R. J. Nelson,0,15
W3003257820-person-16,W3003257820,middle,Eric Jones,0,16
W3003257820-person-17,W3003257820,middle,Robert Kern,0,17
W3003257820-person-18,W3003257820,middle,Eric Larson,0,18
W3003257820-person-19,W3003257820,middle,C J Carey,0,19
W3003257820-person-20,W3003257820,middle,İlhan Polat,0,20
W3003257820-person-21,W3003257820,middle,Yu Feng,0,21
W3003257820-person-22,W3003257820,middle,Eric W. Moore,0,22
W3003257820-person-23,W3003257820,middle,Jake VanderPlas,0,23
W3003257820-person-24,W3003257820,middle,Denis Laxalde,0,24
W3003257820-person-25,W3003257820,middle,Josef Perktold,0,25
W3003257820-person-26,W3003257820,middle,Robert Cimrman,0,26
W3003257820-person-27,W3003257820,middle,Ian Henriksen,0,27
W3003257820-person-28,W3003257820,middle,E. A. Quintero,0,28
W3003257820-person-29,W3003257820,middle,Charles R. Harris,0,29
W3003257820-person-30,W3003257820,middle,Anne M. Archibald,0,30
W3003257820-person-31,W3003257820,middle,Antônio H. Ribeiro,0,31
W3003257820-person-32,W3003257820,middle,Fabian Pedregosa,0,32
W3003257820-person-33,W3003257820,middle,Paul van Mulbregt,0,33
W3003257820-person-34,W3003257820,middle,SciPy 1.0 Contributors,0,34
W3003257820-person-35,W3003257820,middle,Aditya Vijaykumar,0,35
W3003257820-person-36,W3003257820,middle,Alessandro Pietro Bardelli,0,36
W3003257820-person-37,W3003257820,middle,Alex Rothberg,0,37
W3003257820-person-38,W3003257820,middle,Andreas Hilboll,0,38
W3003257820-person-39,W3003257820,middle,Andreas Kloeckner,0,39
W3003257820-person-40,W3003257820,middle,Anthony Scopatz,0,40
W3003257820-person-41,W3003257820,middle,Antony Lee,0,41
W3003257820-person-42,W3003257820,middle,Ariel Rokem,0,42
W3003257820-person-43,W3003257820,middle,C. Nathan Woods,0,43
W3003257820-person-44,W3003257820,middle,Chad Fulton,0,44
W3003257820-person-45,W3003257820,middle,Charles Masson,0,45
W3003257820-person-46,W3003257820,middle,Christian Häggström,0,46
W3003257820-person-47,W3003257820,middle,Clark Fitzgerald,0,47
W3003257820-person-48,W3003257820,middle,David A. Nicholson,0,48
W3003257820-person-49,W3003257820,middle,David R. Hagen,0,49
W3003257820-person-50,W3003257820,middle,Dmitrii V. Pasechnik,0,50
W3003257820-person-51,W3003257820,middle,Emanuele Olivetti,0,51
W3003257820-person-52,W3003257820,middle,Eric Martin,0,52
W3003257820-person-53,W3003257820,middle,Eric Wieser,0,53
W3003257820-person-54,W3003257820,middle,Fabrice Silva,0,54
W3003257820-person-55,W3003257820,middle,Felix Lenders,0,55
W3003257820-person-56,W3003257820,middle,Florian Wilhelm,0,56
W3003257820-person-57,W3003257820,middle,G. Young,0,57
W3003257820-person-58,W3003257820,middle,Gavin A. Price,0,58
W3003257820-person-59,W3003257820,middle,Gert-Ludwig Ingold,0,59
W3003257820-person-60,W3003257820,middle,Gregory E. Allen,0,60
W3003257820-person-61,W3003257820,middle,Gregory R. Lee,0,61
W3003257820-person-62,W3003257820,middle,Hervé Audren,0,62
W3003257820-person-63,W3003257820,middle,Irvin Probst,0,63
W3003257820-person-64,W3003257820,middle,Jörg P. Dietrich,0,64
W3003257820-person-65,W3003257820,middle,Jacob Silterra,0,65
W3003257820-person-66,W3003257820,middle,James T Webber,0,66
W3003257820-person-67,W3003257820,middle,Janko Slavič,0,67
W3003257820-person-68,W3003257820,middle,Joel Nothman,0,68
W3003257820-person-69,W3003257820,middle,Johannes Buchner,0,69
W3003257820-person-70,W3003257820,middle,Johannes Kulick,0,70
W3003257820-person-71,W3003257820,middle,Johannes L. Schönberger,0,71
W3003257820-person-72,W3003257820,middle,José Vinícius de Miranda Cardoso,0,72
W3003257820-person-73,W3003257820,middle,Joscha Reimer,0,73
W3003257820-person-74,W3003257820,middle,Joseph Harrington,0,74
W3003257820-person-75,W3003257820,middle,Juan Luis Cano Rodríguez,0,75
W3003257820-person-76,W3003257820,middle,Juan Nunez-Iglesias,0,76
W3003257820-person-77,W3003257820,middle,Justin Kuczynski,0,77
W3003257820-person-78,W3003257820,middle,Kevin Tritz,0,78
W3003257820-person-79,W3003257820,middle,Martin Thoma,0,79
W3003257820-person-80,W3003257820,middle,Matthew Newville,0,80
W3003257820-person-81,W3003257820,middle,Matthias Kümmerer,0,81
W3003257820-person-82,W3003257820,middle,Maximilian Bolingbroke,0,82
W3003257820-person-83,W3003257820,middle,Michael Tartre,0,83
W3003257820-person-84,W3003257820,middle,Mikhail Pak,0,84
W3003257820-person-85,W3003257820,middle,Nathaniel J. Smith,0,85
W3003257820-person-86,W3003257820,middle,Nikolai Nowaczyk,0,86
W3003257820-person-87,W3003257820,middle,Nikolay Shebanov,0,87
W3003257820-person-88,W3003257820,middle,Oleksandr Pavlyk,0,88
W3003257820-person-89,W3003257820,middle,Per A. Brodtkorb,0,89
W3003257820-person-90,W3003257820,middle,Perry Lee,0,90
W3003257820-person-91,W3003257820,middle,Robert T. McGibbon,0,91
W3003257820-person-92,W3003257820,middle,Roman Feldbauer,0,92
W3003257820-person-93,W3003257820,middle,Sam Lewis,0,93
W3003257820-person-94,W3003257820,middle,Sam Tygier,0,94
W3003257820-person-95,W3003257820,middle,Scott Sievert,0,95
W3003257820-person-96,W3003257820,middle,Sebastiano Vigna,0,96
W3003257820-person-97,W3003257820,middle,Stefan Peterson,0,97
W3003257820-person-98,W3003257820,middle,Surhud More,0,98
W3003257820-person-99,W3003257820,middle,Tadeusz Pudlik,0,99
A5004613714,W2614081736,first,Subha Kalyaanamoorthy,1,0
A5019880902,W2614081736,middle,Bui Quang Minh,0,1
A5091416583,W2614081736,middle,Thomas K F Wong,0,2
A5085983122,W2614081736,middle,Arndt von Haeseler,0,3
A5023435254,W2614081736,last,Lars S Jermiin,0,4
A5027561072,W2401404581,first,Benjamin J Callahan,1,0
A5050867199,W2401404581,middle,Paul J McMurdie,0,1
A5053271325,W2401404581,middle,Michael J Rosen,0,2
A5109270097,W2401404581,middle,Andrew W Han,0,3
A5013259998,W2401404581,middle,Amy Jo A Johnson,0,4
A5003674456,W2401404581,last,Susan P Holmes,0,5
A5029419214,W2102278945,first,Daehwan Kim,1,0
A5009556658,W2102278945,middle,Ben Langmead,0,1
A5010384159,W2102278945,last,Steven L Salzberg,0,2
A5077667471,W2088833470,first,Robert C Edgar,1,0
A5009556658,W2170551349,first,Ben Langmead,1,0
A5010384159,W2170551349,last,Steven L Salzberg,0,1
A5050085853,W2167279371,first,Johannes Schindelin,1,0
A5021284069,W2167279371,middle,Ignacio Arganda-Carreras,0,1
A5005279299,W2167279371,middle,Erwin Frise,0,2
A5055757900,W2167279371,middle,Verena Kaynig,0,3
A5024201884,W2167279371,middle,Mark Longair,0,4
A5081122949,W2167279371,middle,Tobias Pietzsch,0,5
A5036369136,W2167279371,middle,Stephan Preibisch,0,6
A5078540488,W2167279371,middle,Curtis Rueden,0,7
A5024381551,W2167279371,middle,Stephan Saalfeld,0,8
A5003321899,W2167279371,middle,Benjamin Schmid,0,9
A5068316606,W2167279371,middle,Jean-Yves Tinevez,0,10
A5065589000,W2167279371,middle,Daniel James White,0,11
A5023873563,W2167279371,middle,Volker Hartenstein,0,12
A5010413374,W2167279371,middle,Kevin Eliceiri,0,13
A5042671050,W2167279371,middle,Pavel Tomancak,0,14
A5042603640,W2167279371,last,Albert Cardona,0,15
A5087352477,W1969042907,first,Diego Darriba,1,0
A5049011209,W1969042907,middle,Guillermo L Taboada,0,1
A5070686724,W1969042907,middle,Ramón Doallo,0,2
A5042649313,W1969042907,last,David Posada,0,3
A5111881458,W2099540110,first,Caroline A Schneider,1,0
A5052725140,W2099540110,middle,Wayne S Rasband,0,1
A5010413374,W2099540110,last,Kevin W Eliceiri,0,2
A5038626201,W2072970694,first,J Gregory Caporaso,1,0
A5058269883,W2072970694,middle,Justin Kuczynski,0,1
A5060535917,W2072970694,middle,Jesse Stombaugh,0,2
A5066967353,W2072970694,middle,Kyle Bittinger,0,3
A5016535188,W2072970694,middle,Frederic D Bushman,0,4
A5068609634,W2072970694,middle,Elizabeth K Costello,0,5
A5090803123,W2072970694,middle,Noah Fierer,0,6
A5002676856,W2072970694,middle,Antonio Gonzalez Peña,0,7
A5056352168,W2072970694,middle,Julia K Goodrich,0,8
A5063884903,W2072970694,middle,Jeffrey I Gordon,0,9
A5091335490,W2072970694,middle,Gavin A Huttley,0,10
A5049973896,W2072970694,middle,Scott T Kelley,0,11
A5082358375,W2072970694,middle,Dan Knights,0,12
A5056719307,W2072970694,middle,Jeremy E Koenig,0,13
A5066589732,W2072970694,middle,Ruth E Ley,0,14
A5086938254,W2072970694,middle,Catherine A Lozupone,0,15
A5022461817,W2072970694,middle,Daniel McDonald,0,16
A5081824427,W2072970694,middle,Brian D Muegge,0,17
A5058228910,W2072970694,middle,Meg Pirrung,0,18
A5112342016,W2072970694,middle,Jens Reeder,0,19
A5038465847,W2072970694,middle,Joel R Sevinsky,0,20
A5079232459,W2072970694,middle,Peter J Turnbaugh,0,21
A5084222883,W2072970694,middle,William A Walters,0,22
A5079552180,W2072970694,middle,Jeremy Widmann,0,23
A5038876085,W2072970694,middle,Tanya Yatsunenko,0,24
A5037261939,W2072970694,middle,Jesse Zaneveld,0,25
A5033881627,W2072970694,last,Rob Knight,0,26
A5022376808,W2115786064,first,Qing Hua Wang,1,0
A5067220816,W2115786064,middle,Kourosh Kalantar-Zadeh,0,1
A5026176713,W2115786064,middle,Andras Kis,0,2
A5030331900,W2115786064,middle,Jonathan N. Coleman,0,3
A5041330438,W2115786064,last,Michael S. Strano,0,4
A5001854674,W2114570899,first,Thomas D Schmittgen,1,0
A5055590197,W2114570899,last,Kenneth J Livak,0,1
A5023278037,W2158217645,first,Da Wei Huang,1,0
A5070432400,W2158217645,middle,Brad T Sherman,0,1
A5085875110,W2158217645,last,Richard A Lempicki,0,2
A5076787674,W2588681363,first,Elda Dermyshi,1,0
A5101621486,W2588681363,middle,Yizhong Wang,0,1
A5066162583,W2588681363,middle,Chongbin Yan,0,2
A5057325863,W2588681363,middle,Wenchao Hong,0,3
A5078408795,W2588681363,middle,Gang Qiu,0,4
A5101587265,W2588681363,middle,Xiaohui Gong,0,5
A5100458374,W2588681363,last,Ting Zhang,0,6
A5108093963,W2136922672,first,Geoffrey E. Hinton,1,0
A5052435039,W2136922672,middle,Simon Osindero,0,1
A5003271205,W2136922672,last,Yee-Whye Teh,0,2
A5053148274,W2064675550,first,Sepp Hochreiter,1,0
A5071172037,W2064675550,last,Jürgen Schmidhuber,0,1
A5071172037,W2076063813,first,Jürgen Schmidhuber,1,0
A5078334892,W2137983211,first,Kurt Hornik,0,0
A5085804894,W2137983211,middle,Maxwell Stinchcombe,0,1
A5103455390,W2137983211,last,Halbert White,1,2
A5090721600,W1981276685,first,Krzysztof Cios,1,0
A5076161610,W1981276685,last,Mark Shields,0,1
A5111752493,W2058046532,first,N. Tzourio-Mazoyer,1,0
A5038278091,W2058046532,middle,B. Landeau,0,1
A5004628558,W2058046532,middle,D. Papathanassiou,0,2
A5066230939,W2058046532,middle,F. Crivello,0,3
A5051457645,W2058046532,middle,O. Etard,0,4
A5049498403,W2058046532,middle,N. Delcroix,0,5
A5040742305,W2058046532,middle,B. Mazoyer,0,6
A5020023263,W2058046532,last,M. Joliot,0,7
A5074628106,W2156220037,first,Guy McKhann,1,0
A5110843805,W2156220037,middle,David Drachman,0,1
A5111864214,W2156220037,middle,Marshall Folstein,0,2
A5037028051,W2156220037,middle,Robert Katzman,0,3
A5103415629,W2156220037,middle,Donald Price,0,4
A5042905021,W2156220037,last,Emanuel M. Stadlan,0,5
A5084703314,W249845531,first,Miklos Palkovits,1,0
A5056349538,W2136022845,first,R.C. Oldfield,1,0
A5112999757,W3001897055,first,Na Zhu,1,0
A5043631759,W3001897055,middle,Dingyu Zhang,0,1
A5057178901,W3001897055,middle,Wenling Wang,0,2
A5101925685,W3001897055,middle,Xingwang Li,0,3
A5072820962,W3001897055,middle,Bo Yang,0,4
A5031203283,W3001897055,middle,Jingdong Song,0,5
A5079882302,W3001897055,middle,Xiang Zhao,0,6
A5063481153,W3001897055,middle,Baoying Huang,0,7
A5079289072,W3001897055,middle,Weifeng Shi,0,8
A5112492347,W3001897055,middle,Roujian Lu,0,9
A5045195522,W3001897055,middle,Peihua Niu,0,10
A5109113291,W3001897055,middle,Faxian Zhan,0,11
A5078433604,W3001897055,middle,Xuejun Ma,0,12
A5101759768,W3001897055,middle,Dayan Wang,0,13
A5102005952,W3001897055,middle,Wenbo Xu,0,14
A5042900498,W3001897055,middle,Guizhen Wu,0,15
A5015873777,W3001897055,middle,George F. Gao,0,16
A5053933911,W3001897055,last,Wenjie Tan,0,17
A5101633572,W3008827533,first,Wei-jie Guan,1,0
A5034117843,W3008827533,middle,Zheng-yi Ni,0,1
A5100523570,W3008827533,middle,Yu Hu,0,2
A5031255136,W3008827533,middle,Wen-hua Liang,0,3
A5101506716,W3008827533,middle,Chun-quan Ou,0,4
A5100751322,W3008827533,middle,Jian-xing He,0,5
A5100349482,W3008827533,middle,Lei Liu,0,6
A5022408293,W3008827533,middle,Hong Shan,0,7
A5110843713,W3008827533,middle,Chun-liang Lei,0,8
A5089024033,W3008827533,middle,David S.C. Hui,0,9
A5012294390,W3008827533,middle,Bin Du,0,10
A5057422995,W3008827533,middle,Lan-juan Li,0,11
A5065458315,W3008827533,middle,Guang Zeng,0,12
A5074675036,W3008827533,middle,Kwok-Yung Yuen,0,13
A5061008437,W3008827533,middle,Ru-chong Chen,0,14
A5103136145,W3008827533,middle,Chun-li Tang,0,15
A5100453619,W3008827533,middle,Tao Wang,0,16
A5012491543,W3008827533,middle,Ping-yan Chen,0,17
A5101520726,W3008827533,middle,Jie Xiang,0,18
A5101728447,W3008827533,middle,Shi-yue Li,0,19
A5112505276,W3008827533,middle,Jin-lin Wang,0,20
A5087858925,W3008827533,middle,Zi-jing Liang,0,21
A5109466473,W3008827533,middle,Yi-xiang Peng,0,22
A5100751018,W3008827533,middle,Li Wei,0,23
A5008676917,W3008827533,middle,Yong Liu,0,24
A5102707681,W3008827533,middle,Ya-hua Hu,0,25
A5100416329,W3008827533,middle,Peng Peng,0,26
A5100707507,W3008827533,middle,Jian-ming Wang,0,27
A5101887888,W3008827533,middle,Ji-yang Liu,0,28
A5113360709,W3008827533,middle,Zhong Chen,0,29
A5100438769,W3008827533,middle,Gang Li,0,30
A5110448998,W3008827533,middle,Zhi-jian Zheng,0,31
A5032532898,W3008827533,middle,Shao-qin Qiu,0,32
A5067095480,W3008827533,middle,Jie Luo,0,33
A5018142228,W3008827533,middle,Chang-jiang Ye,0,34
A5110669068,W3008827533,middle,Shao-yong Zhu,0,35
A5101475024,W3008827533,last,Nan-shan Zhong,0,36
A5100426166,W3003668884,first,Qun Li,1,0
A5112245971,W3003668884,middle,Xuhua Guan,0,1
A5011439848,W3003668884,middle,Peng Wu,0,2
A5100668249,W3003668884,middle,Xiaoye Wang,0,3
A5101714940,W3003668884,middle,Lei Zhou,0,4
A5030155090,W3003668884,middle,Yeqing Tong,0,5
A5112645115,W3003668884,middle,Ruiqi Ren,0,6
A5029917806,W3003668884,middle,Kathy S.M. Leung,0,7
A5068660339,W3003668884,middle,Eric H.Y. Lau,0,8
A5057572365,W3003668884,middle,Jessica Y. Wong,0,9
A5042728044,W3003668884,middle,Xuesen Xing,0,10
A5110760432,W3003668884,middle,Nijuan Xiang,0,11
A5101874184,W3003668884,middle,Yang Wu,0,12
A5100323172,W3003668884,middle,Chao Li,0,13
A5100340176,W3003668884,middle,Qi Chen,0,14
A5100380730,W3003668884,middle,Dan Li,0,15
A5113745163,W3003668884,middle,Tian Liu,0,16
A5101626696,W3003668884,middle,Jing Zhao,0,17
A5100658156,W3003668884,middle,Man Liu,0,18
A5101109502,W3003668884,middle,Wenxiao Tu,0,19
A5042452119,W3003668884,middle,Chuding Chen,0,20
A5074584778,W3003668884,middle,Lianmei Jin,0,21
A5111759101,W3003668884,middle,Rui Yang,0,22
A5086654710,W3003668884,middle,Qi Wang,0,23
A5110798721,W3003668884,middle,Suhua Zhou,0,24
A5028153158,W3003668884,middle,Rui Wang,0,25
A5100387631,W3003668884,middle,Hui Liu,0,26
A5004095744,W3003668884,middle,Yinbo Luo,0,27
A5100390838,W3003668884,middle,Yuan Liu,0,28
A5067385781,W3003668884,middle,Ge Shao,0,29
A5100319229,W3003668884,middle,Huan Li,0,30
A5113050265,W3003668884,middle,Zhongfa Tao,0,31
A5100397719,W3003668884,middle,Yang Yang,0,32
A5086287153,W3003668884,middle,Zhiqiang Deng,0,33
A5035157608,W3003668884,middle,Boxi Liu,0,34
A5081253261,W3003668884,middle,Zhitao Ma,0,35
A5100430703,W3003668884,middle,Yanping Zhang,0,36
A5082784333,W3003668884,middle,Guoqing Shi,0,37
A5033703745,W3003668884,middle,Tommy T.Y. Lam,0,38
A5068852445,W3003668884,middle,Joseph T. Wu,0,39
A5015873777,W3003668884,middle,George F. Gao,0,40
A5074151633,W3003668884,middle,Benjamin J. Cowling,0,41
A5072820962,W3003668884,middle,Bo Yang,0,42
A5032186734,W3003668884,middle,Gabriel M. Leung,0,43
A5100866265,W3003668884,last,Zijian Feng,0,44
A5053052330,W2096287682,first,Roger Stupp,1,0
A5006549117,W2096287682,middle,Warren P. Mason,0,1
A5010891460,W2096287682,middle,Martin J. van den Bent,0,2
A5017177249,W2096287682,middle,Michael Weller,0,3
A5110436793,W2096287682,middle,Barbara Fisher,0,4
A5056837393,W2096287682,middle,Martin J.B. Taphoorn,0,5
A5113618510,W2096287682,middle,Karl Belanger,0,6
A5087336206,W2096287682,middle,Alba A. Brandes,0,7
A5053746026,W2096287682,middle,Christine Marosi,0,8
A5108105228,W2096287682,middle,Ulrich Bogdahn,0,9
A5059335443,W2096287682,middle,Jürgen Curschmann,0,10
A5108417601,W2096287682,middle,Robert C. Janzer,0,11
A5007347096,W2096287682,middle,Samuel K. Ludwin,0,12
A5038129366,W2096287682,middle,Thierry Gorlia,0,13
A5014218178,W2096287682,middle,Anouk Allgeier,0,14
A5103260191,W2096287682,middle,Denis Lacombe,0,15
A5058982388,W2096287682,middle,J. Gregory Cairncross,0,16
A5103081894,W2096287682,middle,Elizabeth Eisenhauer,0,17
A5110046289,W2096287682,last,René O. Mirimanoff,0,18
W2158822657-person-0,W2158822657,first,Diabetes Prevention Program Research Group,1,0
A5114252790,W2324841714,first,Russell Ross,1,0
W2769264260-person-0,W2769264260,first,The Diabetes Control and Complications Trial Research Group,1,0
A5019950553,W2128158076,first,S. Agostinelli,0,0
A5102846098,W2128158076,middle,J. Allison,1,1
A5009376065,W2128158076,middle,K. Amako,0,2
A5056196917,W2128158076,middle,J. Apostolakis,0,3
A5075976624,W2128158076,middle,H. Araujo,0,4
A5053120153,W2128158076,middle,P. Arce,0,5
A5033010033,W2128158076,middle,M. Asai,0,6
A5107828331,W2128158076,middle,D. Axen,0,7
A5115739212,W2128158076,middle,S. Banerjee,0,8
A5005804616,W2128158076,middle,G. Barrand,0,9
A5022678642,W2128158076,middle,F. Behner,0,10
A5081230172,W2128158076,middle,L. Bellagamba,0,11
A5107827189,W2128158076,middle,J. Boudreau,0,12
A5083421767,W2128158076,middle,L. Broglia,0,13
A5070967626,W2128158076,middle,A. Brunengo,0,14
A5106852621,W2128158076,middle,H. Burkhardt,0,15
A5047187911,W2128158076,middle,S. Chauvie,0,16
A5088076311,W2128158076,middle,J. Chuma,0,17
A5064659367,W2128158076,middle,R. Chytracek,0,18
A5070983794,W2128158076,middle,G. Cooperman,0,19
A5053210927,W2128158076,middle,G. Cosmo,0,20
A5048080465,W2128158076,middle,P. Degtyarenko,0,21
A5106497523,W2128158076,middle,A. Dell'Acqua,0,22
A5078458268,W2128158076,middle,G. Depaola,0,23
A5042826568,W2128158076,middle,D. Dietrich,0,24
A5055698218,W2128158076,middle,R. Enami,0,25
A5090259574,W2128158076,middle,A. Feliciello,0,26
A5110889177,W2128158076,middle,C. Ferguson,0,27
A5113580301,W2128158076,middle,H. Fesefeldt,0,28
A5075676762,W2128158076,middle,G. Folger,0,29
A5041391948,W2128158076,middle,F. Foppiano,0,30
A5107940813,W2128158076,middle,A. Forti,0,31
A5082722135,W2128158076,middle,S. Garelli,0,32
A5110677852,W2128158076,middle,S. Giani,0,33
A5082956608,W2128158076,middle,R. Giannitrapani,0,34
A5065656286,W2128158076,middle,D. Gibin,0,35
A5042555850,W2128158076,middle,J.J. Gómez Cadenas,0,36
A5107832560,W2128158076,middle,I. González,0,37
A5084748758,W2128158076,middle,G. Gracia Abril,0,38
A5029352096,W2128158076,middle,G. Greeniaus,0,39
A5061297345,W2128158076,middle,W. Greiner,0,40
A5090050350,W2128158076,middle,V. Grichine,0,41
A5071795042,W2128158076,middle,A. Grossheim,0,42
A5068840916,W2128158076,middle,S. Guatelli,0,43
A5003526591,W2128158076,middle,P. Gumplinger,0,44
A5088185191,W2128158076,middle,R. Hamatsu,0,45
A5108236754,W2128158076,middle,K. Hashimoto,0,46
A5003870645,W2128158076,middle,H. Hasui,0,47
A5103229841,W2128158076,middle,A. Heikkinen,0,48
A5114072579,W2128158076,middle,A. Howard,0,49
A5011037729,W2128158076,middle,V. Ivanchenko,0,50
A5107843783,W2128158076,middle,A. Johnson,0,51
A5002338136,W2128158076,middle,F.W. Jones,0,52
A5011661664,W2128158076,middle,J. Kallenbach,0,53
A5113519078,W2128158076,middle,N. Kanaya,0,54
A5090298420,W2128158076,middle,M. Kawabata,0,55
A5076966537,W2128158076,middle,Y. Kawabata,0,56
A5073456299,W2128158076,middle,M. Kawaguti,0,57
A5045151954,W2128158076,middle,S. Kelner,0,58
A5061511981,W2128158076,middle,P. Kent,0,59
A5048930001,W2128158076,middle,A. Kimura,0,60
A5107918505,W2128158076,middle,T. Kodama,0,61
A5089483250,W2128158076,middle,R. Kokoulin,0,62
A5105362085,W2128158076,middle,M. Kossov,0,63
A5064860139,W2128158076,middle,H. Kurashige,0,64
A5084828559,W2128158076,middle,E. Lamanna,0,65
A5107772402,W2128158076,middle,T. Lampén,0,66
A5111928723,W2128158076,middle,V. Lara,0,67
A5108619990,W2128158076,middle,V. Lefebure,0,68
A5024184734,W2128158076,middle,F. Lei,0,69
A5042998619,W2128158076,middle,M. Liendl,0,70
A5107840434,W2128158076,middle,W. Lockman,0,71
A5100626378,W2128158076,middle,F. Longo,0,72
A5056306774,W2128158076,middle,S. Magni,0,73
A5108421497,W2128158076,middle,M. Maire,0,74
A5016000066,W2128158076,middle,E. Medernach,0,75
A5005226913,W2128158076,middle,K. Minamimoto,0,76
A5017980758,W2128158076,middle,P. Mora de Freitas,0,77
A5107867044,W2128158076,middle,Y. Morita,0,78
A5002373101,W2128158076,middle,K. Murakami,0,79
A5111928724,W2128158076,middle,M. Nagamatu,0,80
A5072309854,W2128158076,middle,R. Nartallo,0,81
A5005520215,W2128158076,middle,P. Nieminen,0,82
A5103452590,W2128158076,middle,T. Nishimura,0,83
A5067494586,W2128158076,middle,K. Ohtsubo,0,84
A5051757056,W2128158076,middle,M. Okamura,0,85
A5107196229,W2128158076,middle,S. O'Neale,0,86
A5027568671,W2128158076,middle,Y. Oohata,0,87
A5066906042,W2128158076,middle,K. Paech,0,88
A5018730722,W2128158076,middle,J. Perl,0,89
A5083386713,W2128158076,middle,A. Pfeiffer,0,90
A5000517206,W2128158076,middle,M.G. Pia,0,91
A5105412462,W2128158076,middle,F. Ranjard,0,92
A5110789229,W2128158076,middle,A. Rybin,0,93
A5006490364,W2128158076,middle,S. Sadilov,0,94
A5017137825,W2128158076,middle,E. Di Salvo,0,95
A5078790563,W2128158076,middle,G. Santin,0,96
A5110018707,W2128158076,middle,T. Sasaki,0,97
A5079066306,W2128158076,middle,N. Savvas,0,98
A5111822195,W2128158076,middle,Y. Sawada,0,99
A5061581536,W2900569176,first,Damian Szklarczyk,0,0
A5010825633,W2900569176,middle,Annika L Gable,0,1
A5064443056,W2900569176,middle,David Lyon,0,2
A5006363776,W2900569176,middle,Alexander Junge,0,3
A5106122722,W2900569176,middle,Stefan Wyder,0,4
A5050318013,W2900569176,middle,Jaime Huerta-Cepas,0,5
A5072338334,W2900569176,middle,Milan Simonovic,0,6
A5103353640,W2900569176,middle,Nadezhda T Doncheva,0,7
A5054399637,W2900569176,middle,John H Morris,0,8
A5074309419,W2900569176,middle,Peer Bork,1,9
A5005772961,W2900569176,middle,Lars J Jensen,1,10
A5000334281,W2900569176,last,Christian von Mering,1,11
A5015434839,W2146512944,first,Matthew E. Ritchie,0,0
A5027183726,W2146512944,middle,Belinda Phipson,0,1
A5101454129,W2146512944,middle,Di Wu,0,2
A5102946135,W2146512944,middle,Yifang Hu,0,3
A5006353479,W2146512944,middle,Charity W. Law,0,4
A5076240767,W2146512944,middle,Wei Shi,0,5
A5054704071,W2146512944,last,Gordon K. Smyth,1,6
A5079683358,W2034285706,first,Christian Quast,1,0
A5003436229,W2034285706,middle,Elmar Pruesse,0,1
A5091885910,W2034285706,middle,Pelin Yilmaz,0,2
A5040236033,W2034285706,middle,Jan Gerken,0,3
A5056910945,W2034285706,middle,Timmy Schweer,0,4
A5073935114,W2034285706,middle,Pablo Yarza,0,5
A5040031141,W2034285706,middle,Jörg Peplies,0,6
A5091470163,W2034285706,last,Frank Oliver Glöckner,0,7
A5077667471,W2132926880,first,R. C. Edgar,1,0
A5064063992,W2127774996,first,K. Katoh,1,0
A5032653169,W2108244474,first,M. W. Pfaffl,1,0
A5058022821,W4294216483,first,M. Kanehisa,1,0
A5071896859,W2130479394,first,H. M. Berman,1,0
A5006518349,W2159482845,first,H. Ogata,0,0
A5102872908,W2159482845,middle,S. Goto,0,1
A5111977275,W2159482845,middle,K. Sato,0,2
A5027636639,W2159482845,middle,W. Fujibuchi,0,3
A5079934306,W2159482845,middle,H. Bono,0,4
A5058022821,W2159482845,last,M. Kanehisa,1,5
A5015061000,W2158714788,first,S. Altschul,1,0
A5039921905,W2097382368,first,J. Thompson,1,0
A5039921905,W2106882534,first,Julie D. Thompson,1,0
A5090607558,W2106882534,middle,Desmond G. Higgins,0,1
A5004328524,W2106882534,last,Toby J. Gibson,0,2
A5112837268,W2118094114,first,S.A. Miller,1,0
A5051025823,W2118094114,middle,D.D. Dykes,0,1
A5064346520,W2118094114,last,H.F. Polesky,0,2
A5103822389,W1483247593,first,T. A. Hall,1,0
A5059624154,W2169528473,first,E. W. Dijkstra,1,0
A5022725575,W2122328334,first,U.H Graneheim,1,0
A5053818126,W2122328334,last,B Lundman,0,1
A5044483808,W2146691185,first,Barney G. Glaser,1,0
A5108677812,W2146691185,middle,Anselm L. Strauss,0,1
A5028138468,W2146691185,last,Elizabeth Strutzel,0,2
A5055491450,W2398350456,first,John E. Dowling,1,0
A5063158693,W2398350456,last,George Wald,0,1
A5027320896,W2035618305,first,Guangchuang Yu,0,0
A5018109589,W2035618305,middle,Li-Gen Wang,0,1
A5101869812,W2035618305,middle,Yanyan Han,0,2
A5100646656,W2035618305,last,Qing-Yu He,1,3
A5037302894,W2132454116,first,Ikujiro Nonaka,1,0
A5108337915,W2164284962,first,James G. March,1,0
A5038084567,W2099697766,first,Icek Ajzen,1,0
A5072219728,W3196369884,first,Thomas A. Widiger,1,0
A5074824731,W2121393013,first,Anthony Reid,1,0
A5111374375,W2121393013,last,Benedict Anderson,0,1
A5039190318,W2183707334,first,Øyvind Hammer,1,0
A5057413819,W2183707334,middle,David A. T. Harper,0,1
A5033773211,W2183707334,last,Paul D. Ryan,0,2
A5111487468,W1781458262,first,Cynthia J. Stewart,1,0
A5039764415,W2158698691,first,Tom Fawcett,1,0
A5060838905,W2101157755,first,Peter M. Senge,1,0
A5008093964,W2009667219,first,O. P. Hamill,1,0
A5028004517,W2009667219,middle,A. Marty,0,1
A5027089376,W2009667219,middle,E. Neher,0,2
A5054049925,W2009667219,middle,B. Sakmann,0,3
A5051541998,W2009667219,last,F. J. Sigworth,0,4
A5097863766,W2567289819,first,null,1,0
A5020738851,W1988091937,first,Florian Weigend,1,0
A5035042552,W1988091937,last,Reinhart Ahlrichs,0,1
A5015070406,W2230728100,first,W. Kohn,1,0
A5083898018,W2230728100,last,L. J. Sham,0,1
A5083138872,W1986407511,first,A. Einstein,1,0
A5084379194,W1986407511,middle,B. Podolsky,0,1
A5110106506,W1986407511,last,N. Rosen,0,2
A5014987686,W1981368803,first,John P. Perdew,1,0
A5082307304,W1981368803,middle,Kieron Burke,0,1
A5053648717,W1981368803,last,Matthias Ernzerhof,0,2
A5015077264,W2086957099,first,A. D. Becke,1,0
A5073258256,W1991794210,first,William G. Hoover,1,0
A5019751186,W1979544533,first,G. Kresse,1,0
A5063903403,W1979544533,last,D. Joubert,0,1
A5019751186,W2083222334,first,G. Kresse,1,0
A5062208820,W2083222334,last,J. Furthmüller,0,1
A5019751186,W2087698390,first,G. Kresse,1,0
A5111532035,W2087698390,last,J. Hafner,0,1
A5030965628,W1970127494,first,P. E. Blöchl,1,0
A5019751186,W2079105963,first,G. Kresse,1,0
A5111532035,W2079105963,last,J. Hafner,0,1
A5014987686,W1998866028,first,John P. Perdew,1,0
A5060276863,W1998866028,middle,J. A. Chevary,0,1
A5067673309,W1998866028,middle,S. H. Vosko,0,2
A5020941997,W1998866028,middle,Koblar A. Jackson,0,3
A5067593473,W1998866028,middle,Mark R. Pederson,0,4
A5037189706,W1998866028,middle,D. J. Singh,0,5
A5033943944,W1998866028,last,Carlos Fiolhais,0,6
A5014987686,W2049079467,first,John P. Perdew,1,0
A5036860312,W2049079467,last,Yue Wang,0,1
A5014987686,W3206606417,first,John P. Perdew,1,0
A5060276863,W3206606417,middle,J. A. Chevary,0,1
A5067673309,W3206606417,middle,S. H. Vosko,0,2
A5020941997,W3206606417,middle,Koblar A. Jackson,0,3
A5067593473,W3206606417,middle,Mark R. Pederson,0,4
A5023765609,W3206606417,middle,D. J. Singh,0,5
A5033943944,W3206606417,last,Carlos Fiolhais,0,6
A5070202325,W2045596260,first,N. Troullier,1,0
A5060196156,W2045596260,last,José Luriaas Martins,0,1
A5000393220,W2087585288,first,David Vanderbilt,1,0
A5049788468,W2023271753,first,Chengteh Lee,1,0
A5019365851,W2023271753,middle,Weitao Yang,0,1
A5009013437,W2023271753,last,Robert G. Parr,0,2
A5014987686,W2030687437,first,John P. Perdew,1,0
A5014987686,W2052637367,first,J. P. Perdew,1,0
A5007886751,W2052637367,last,Alex Zunger,0,1
A5082036603,W2036113194,first,Hendrik J. Monkhorst,1,0
A5042828879,W2036113194,last,James D. Pack,0,1
A5046745038,W2083926174,first,P. B. Johnson,1,0
A5080304823,W2083926174,last,R. W. Christy,0,1
A5102738088,W2753533763,first,Thomas S. Kuhn,1,0
A5109867375,W2753533763,last,Richard Schlegel,0,1
A5053356367,W2024556021,first,Toshio Murashige,1,0
A5014796220,W2024556021,last,Folke Skoog,0,1
A5113780239,W2028823348,first,L. S. Bates,1,0
A5068381373,W2028823348,middle,R. P. Waldren,0,1
A5073097332,W2028823348,last,I. D. Teare,0,2
A5049187779,W1974907033,first,Daniel I. Arnon,1,0
A5039600762,W3038568908,first,Mamoru SHOJI,1,0
W3038568908-person-1,W3038568908,last,LHD Experiment Group,0,1
A5068353058,W4294215472,first,David Moher,1,0
A5113499690,W4294215472,middle,Alessandro Liberati,0,1
A5076572041,W4294215472,middle,Jennifer Tetzlaff,0,2
A5042962646,W4294215472,middle,Douglas G. Altman,0,3
W4294215472-person-4,W4294215472,last,The PRISMA Group,0,4
A5113499690,W3022903699,first,Alessandro Liberati,1,0
A5042962646,W3022903699,middle,Douglas G. Altman,1,1
A5076572041,W3022903699,middle,Jennifer Tetzlaff,1,2
A5031204654,W3022903699,middle,Cynthia Mulrow,1,3
A5002375158,W3022903699,middle,Peter C. Gøtzsche,1,4
A5070446713,W3022903699,middle,John P. A. Ioannidis,1,5
A5068789733,W3022903699,middle,Mike Clarke,1,6
A5040874215,W3022903699,middle,P. J. Devereaux,1,7
A5065584931,W3022903699,middle,Jos Kleijnen,1,8
A5068353058,W3022903699,last,David Moher,1,9
A5054799659,W2599076725,first,Erik von Elm,1,0
A5042962646,W2599076725,middle,Douglas G Altman,0,1
A5077161809,W2599076725,middle,Matthias Egger,0,2
A5023436129,W2599076725,middle,Stuart J Pocock,0,3
A5002375158,W2599076725,middle,Peter C Gøtzsche,0,4
A5014844709,W2599076725,middle,Jan P Vandenbroucke,0,5
W2599076725-person-6,W2599076725,last,for the STROBE Initiative,0,6
A5050867199,W2056279562,first,Paul J. McMurdie,0,0
A5003674456,W2056279562,last,Susan Holmes,1,1
A5072368469,W2031611770,first,Morgan N. Price,1,0
A5013558711,W2031611770,middle,Paramvir S. Dehal,0,1
A5066623854,W2031611770,last,Adam P. Arkin,0,2
W3120106258-person-0,W3120106258,first,"Kirkwood, B",1,0
A5112615448,W2155648052,first,Morris Rosenberg,1,0
A5001226970,W2112796928,first,Y. Lecun,1,0
A5019206666,W2112796928,middle,L. Bottou,0,1
A5086198262,W2112796928,middle,Y. Bengio,0,2
A5026605560,W2112796928,last,P. Haffner,0,3
A5110218997,W2125838338,first,L.R. Rabiner,1,0
A5109532899,W2130410032,first,Aravind Subramanian,1,0
A5017114712,W2130410032,middle,Pablo Tamayo,0,1
A5068971521,W2130410032,middle,Vamsi K. Mootha,0,2
A5014241799,W2130410032,middle,Sayan Mukherjee,0,3
A5070668676,W2130410032,middle,Benjamin L. Ebert,0,4
A5065488391,W2130410032,middle,Michael A. Gillette,0,5
A5022925020,W2130410032,middle,Amanda Paulovich,0,6
A5018379179,W2130410032,middle,Scott L. Pomeroy,0,7
A5001449157,W2130410032,middle,Todd R. Golub,0,8
A5020748592,W2130410032,middle,Eric S. Lander,0,9
A5077622597,W2130410032,last,Jill P. Mesirov,0,10
A5017906200,W1971421925,first,M. Girvan,1,0
A5067142016,W1971421925,last,M. E. J. Newman,0,1
A5068063822,W2150926065,first,Michael B. Eisen,0,0
A5044658654,W2150926065,middle,Paul T. Spellman,0,1
A5065906655,W2150926065,middle,Patrick O. Brown,0,2
A5077542898,W2150926065,last,David Botstein,1,3
A5001584643,W2128084896,first,J J Hopfield,1,0
A5090187752,W2101108802,first,H Towbin,1,0
A5112012171,W2101108802,middle,T Staehelin,0,1
A5111758369,W2101108802,last,J Gordon,0,2
A5114007683,W2138270253,first,F. Sanger,1,0
A5035256244,W2138270253,middle,S. Nicklen,0,1
A5110225174,W2138270253,last,A. R. Coulson,0,2
A5110969892,W2007221293,first,Norden E. Huang,1,0
A5017751512,W2007221293,middle,Zheng Shen,0,1
A5021398871,W2007221293,middle,Steven R. Long,0,2
A5102093613,W2007221293,middle,Manli C. Wu,0,3
A5108422079,W2007221293,middle,Hsing H. Shih,0,4
A5053140466,W2007221293,middle,Quanan Zheng,0,5
A5111832890,W2007221293,middle,Nai-Chyuan Yen,0,6
A5111508374,W2007221293,middle,Chi Chao Tung,0,7
A5055215439,W2007221293,last,Henry H. Liu,0,8
A5046852323,W2112017750,first,Y.S Ho,0,0
A5022819682,W2112017750,last,G McKay,1,1
A5110001536,W2151487996,first,Daniel J. Buysse,1,0
A5064264687,W2151487996,middle,Charles F. Reynolds,0,1
A5113607747,W2151487996,middle,Timothy H. Monk,0,2
A5009219340,W2151487996,middle,Susan R. Berman,0,3
A5109076248,W2151487996,last,David J. Kupfer,0,4
A5083945877,W2081155210,first,Roy F. Baumeister,1,0
A5071679701,W2081155210,last,Mark R. Leary,0,1
A5013165905,W2037557484,first,Jacob Cohen,1,0
A5065916093,W2018201949,first,P. M. Bentler,1,0
A5101509249,W2122912498,first,James C. Anderson,1,0
A5038025961,W2122912498,last,David W. Gerbing,0,1
A5019172558,W2055461003,first,Sheldon Cohen,1,0
A5011300391,W2055461003,last,Thomas A. Wills,0,1
A5065916093,W2149608872,first,P. M. Bentler,1,0
A5025500757,W2149608872,last,Douglas G. Bonett,0,1
A5058047443,W2141403362,first,Patrick E. Shrout,1,0
A5021008604,W2141403362,last,Joseph L. Fleiss,0,1
A5110292390,W2024509488,first,Donald T. Campbell,1,0
A5060645271,W2024509488,last,Donald W. Fiske,0,1
A5004154542,W2122517769,first,Edward L. Deci,1,0
A5001390698,W2122517769,last,Richard M. Ryan,0,1
A5110670884,W1984314602,first,George A. Miller,1,0
A5020076556,W2097780989,first,Hazel R. Markus,1,0
A5025375729,W2097780989,last,Shinobu Kitayama,0,1
W4292808503-person-0,W4292808503,first,Albert Bandura,1,0
A5110910530,W2134049139,first,Albert Bandura,1,0
A5110670884,W2579555219,first,George A. Miller,1,0
A5109091920,W4292542163,first,A. H. Maslow,1,0
A5028378139,W2159401492,first,Patricia Cohen,1,0
A5028378139,W2159401492,middle,Patricia Cohen,0,1
A5108089949,W2159401492,middle,Stephen G. West,0,2
A5063923755,W2159401492,last,Leona S. Aiken,0,3
A5024894593,W2159306398,first,Lee J. Cronbach,1,0
A5068353058,W2991792334,first,David Moher,1,0
A5113499690,W2991792334,middle,Alessandro Liberati,0,1
A5076572041,W2991792334,middle,Jennifer Tetzlaff,0,2
A5042962646,W2991792334,middle,Douglas G Altman,0,3
W2991792334-person-4,W2991792334,last,,0,4
W1964184380-person-0,W1964184380,first,M Kuro-o,1,0
W1964184380-person-1,W1964184380,middle,Y Matsumura,0,1
W1964184380-person-2,W1964184380,middle,H Aizawa,0,2
W1964184380-person-3,W1964184380,middle,H Kawaguchi,0,3
W1964184380-person-4,W1964184380,middle,T Suga,0,4
W1964184380-person-5,W1964184380,middle,T Utsugi,0,5
W1964184380-person-6,W1964184380,middle,Y Ohyama,0,6
W1964184380-person-7,W1964184380,middle,M Kurabayashi,0,7
W1964184380-person-8,W1964184380,middle,T Kaname,0,8
W1964184380-person-9,W1964184380,middle,E Kume,0,9
W1964184380-person-10,W1964184380,middle,H Iwasaki,0,10
W1964184380-person-11,W1964184380,middle,A Iida,0,11
W1964184380-person-12,W1964184380,middle,T Shiraki-Iida,0,12
W1964184380-person-13,W1964184380,middle,S Nishikawa,0,13
W1964184380-person-14,W1964184380,middle,R Nagai,0,14
W1964184380-person-15,W1964184380,last,Y I Nabeshima,0,15
A5073962608,W2037377025,first,J E Ware,1,0
A5005053706,W2037377025,last,C D Sherbourne,0,1
A5052174858,W843007777,first,Matthias Thommes,1,0
A5028006288,W843007777,middle,Katsumi Kaneko,0,1
A5013313042,W843007777,middle,Alexander V. Neimark,0,2
A5103493080,W843007777,middle,James P. Olivier,0,3
A5024173189,W843007777,middle,Francisco Rodriguez-Reinoso,0,4
A5037112503,W843007777,middle,Jean Rouquerol,0,5
A5112196810,W843007777,last,Kenneth S.W. Sing,0,6
A5013706446,W1980704616,first,K. S. W. Sing,1,0
A5091255592,W2142225512,first,Hsiu-Fang Hsieh,1,0
A5069080391,W2142225512,last,Sarah E. Shannon,0,1
A5054729605,W1979290264,first,Virginia Braun,1,0
A5045921227,W1979290264,last,Victoria Clarke,0,1
A5054729605,W2950504429,first,Virginia Braun,0,0
A5045921227,W2950504429,last,Victoria Clarke,1,1
A5051170302,W3025949386,first,Hans Hersbach,1,0
A5015001509,W3025949386,middle,Bill Bell,0,1
A5025954456,W3025949386,middle,Paul Berrisford,0,2
A5052671847,W3025949386,middle,Shoji Hirahara,0,3
A5087576182,W3025949386,middle,András Horányi,0,4
A5049740980,W3025949386,middle,Joaquín Muñoz‐Sabater,0,5
A5076677580,W3025949386,middle,Julien Nicolas,0,6
A5088422081,W3025949386,middle,Carole Peubey,0,7
A5085254598,W3025949386,middle,Raluca Radu,0,8
A5079340690,W3025949386,middle,Dinand Schepers,0,9
A5086244205,W3025949386,middle,Adrian Simmons,0,10
A5060475316,W3025949386,middle,Cornel Soci,0,11
W3025949386-person-12,W3025949386,middle,Saleh Abdalla,0,12
A5018520453,W3025949386,middle,Xavier Abellan,0,13
A5021304034,W3025949386,middle,Gianpaolo Balsamo,0,14
A5005317955,W3025949386,middle,Peter Bechtold,0,15
A5013657038,W3025949386,middle,Gionata Biavati,0,16
A5038545789,W3025949386,middle,Jean Bidlot,0,17
A5048323819,W3025949386,middle,Massimo Bonavita,0,18
A5058425683,W3025949386,middle,Giovanna De Chiara,0,19
A5060417938,W3025949386,middle,Per Dahlgren,0,20
A5019171397,W3025949386,middle,Dick Dee,0,21
A5040608006,W3025949386,middle,Michail Diamantakis,0,22
A5020478929,W3025949386,middle,Rossana Dragani,0,23
A5062518836,W3025949386,middle,Johannes Flemming,0,24
A5012391383,W3025949386,middle,Richard Forbes,0,25
A5101728847,W3025949386,middle,Manuel Fuentes,0,26
A5022496698,W3025949386,middle,Alan Geer,0,27
A5112530752,W3025949386,middle,Leo Haimberger,0,28
A5027951850,W3025949386,middle,Sean Healy,0,29
A5081199934,W3025949386,middle,Robin J. Hogan,0,30
A5033708738,W3025949386,middle,Elías Hólm,0,31
A5011616795,W3025949386,middle,Marta Janisková,0,32
A5088749134,W3025949386,middle,Sarah Keeley,0,33
A5008668264,W3025949386,middle,Patrick Laloyaux,0,34
A5024435893,W3025949386,middle,Philippe Lopez,0,35
A5024245007,W3025949386,middle,Cristina Lupu,0,36
A5016465897,W3025949386,middle,Gabor Radnoti,0,37
A5056408351,W3025949386,middle,Patricia de Rosnay,0,38
A5018816610,W3025949386,middle,Iryna Rozum,0,39
A5073268552,W3025949386,middle,Freja Vamborg,0,40
A5023844474,W3025949386,middle,Sebastien Villaume,0,41
A5019775443,W3025949386,last,Jean‐Noël Thépaut,0,42
A5019171397,W2121745948,first,D. P. Dee,1,0
A5059712250,W2121745948,middle,S. M. Uppala,0,1
A5086244205,W2121745948,middle,A. J. Simmons,0,2
A5025954456,W2121745948,middle,P. Berrisford,0,3
A5006477339,W2121745948,middle,P. Poli,0,4
A5101968884,W2121745948,middle,S. Kobayashi,0,5
A5058313508,W2121745948,middle,U. Andrae,0,6
A5025245190,W2121745948,middle,M. A. Balmaseda,0,7
A5021304034,W2121745948,middle,G. Balsamo,0,8
A5063590572,W2121745948,middle,P. Bauer,0,9
A5005317955,W2121745948,middle,P. Bechtold,0,10
A5055141479,W2121745948,middle,A. C. M. Beljaars,0,11
A5089893731,W2121745948,middle,L. van de Berg,0,12
A5038545789,W2121745948,middle,J. Bidlot,0,13
A5066723581,W2121745948,middle,N. Bormann,0,14
A5045522187,W2121745948,middle,C. Delsol,0,15
A5020478929,W2121745948,middle,R. Dragani,0,16
A5101728847,W2121745948,middle,M. Fuentes,0,17
A5022496698,W2121745948,middle,A. J. Geer,0,18
A5052469447,W2121745948,middle,L. Haimberger,0,19
A5027951850,W2121745948,middle,S. B. Healy,0,20
A5051170302,W2121745948,middle,H. Hersbach,0,21
A5033708738,W2121745948,middle,E. V. Hólm,0,22
A5077553041,W2121745948,middle,L. Isaksen,0,23
A5070479555,W2121745948,middle,P. Kållberg,0,24
A5070440991,W2121745948,middle,M. Köhler,0,25
A5039540503,W2121745948,middle,M. Matricardi,0,26
A5068060699,W2121745948,middle,A. P. McNally,0,27
A5089650299,W2121745948,middle,B. M. Monge‐Sanz,0,28
A5082500727,W2121745948,middle,J.‐J. Morcrette,0,29
A5007747377,W2121745948,middle,B.‐K. Park,0,30
A5088422081,W2121745948,middle,C. Peubey,0,31
A5056408351,W2121745948,middle,P. de Rosnay,0,32
A5009335676,W2121745948,middle,C. Tavolato,0,33
A5019775443,W2121745948,middle,J.‐N. Thépaut,0,34
A5049168910,W2121745948,last,F. Vitart,0,35
A5103540997,W2157825442,first,J A Hanley,1,0
A5110202214,W2157825442,last,B J McNeil,0,1
A5084771969,W2124758339,first,Jeffrey M. Wooldridge,1,0
A5073608364,W2102074887,first,M. Z. Hasan,1,0
A5003262716,W2102074887,last,C. L. Kane,0,1
A5001361375,W2105685140,first,A. H. Castro Neto,1,0
A5073467817,W2105685140,middle,F. Guinea,0,1
A5000953435,W2105685140,middle,N. M. R. Peres,0,2
A5072248970,W2105685140,middle,K. S. Novoselov,0,3
A5058357018,W2105685140,last,A. K. Geim,0,4
A5012905268,W2124637492,first,Réka Albert,1,0
A5038976962,W2124637492,last,Albert-László Barabási,0,1
A5056014764,W2021365718,first,Miguel Pinto Caldas,1,0
A5042614574,W2002664886,first,Henri Guitton,1,0
A5111503488,W2002664886,last,S. Siegel,0,1
A5108677812,W1658908529,first,Anselm L. Strauss,1,0
A5002394578,W1658908529,last,Juliet Corbin,0,1
A5102150038,W2121044470,first,Sture Holm,1,0
A5112198450,W2140606211,first,S. R. Kay,1,0
A5025529228,W2140606211,middle,A. Fiszbein,0,1
A5114803298,W2140606211,last,L. A. Opler,0,2
A5060241561,W2012034410,first,Mathias Uhlén,1,0
A5021112720,W2012034410,middle,Linn Fagerberg,0,1
A5111957223,W2012034410,middle,Björn M. Hallström,0,2
A5029528576,W2012034410,middle,Cecilia Lindskog,0,3
A5039653029,W2012034410,middle,Per Oksvold,0,4
A5033316206,W2012034410,middle,Adil Mardinoglu,0,5
A5085999299,W2012034410,middle,Åsa Sivertsson,0,6
A5111811912,W2012034410,middle,Caroline Kampf,0,7
A5090268234,W2012034410,middle,Evelina Sjöstedt,0,8
A5113666085,W2012034410,middle,Anna Asplund,0,9
A5011552511,W2012034410,middle,IngMarie Olsson,0,10
A5068024327,W2012034410,middle,Karolina Edlund,0,11
A5052101351,W2012034410,middle,Emma Lundberg,0,12
A5002591650,W2012034410,middle,Sanjay Navani,0,13
A5011856162,W2012034410,middle,Cristina Al-Khalili Szigyarto,0,14
A5080838497,W2012034410,middle,Jacob Odeberg,0,15
A5089680427,W2012034410,middle,Dijana Djureinovic,0,16
A5053939002,W2012034410,middle,Jenny Ottosson Takanen,0,17
A5044920044,W2012034410,middle,Sophia Hober,0,18
A5042500540,W2012034410,middle,Tove Alm,0,19
A5109214692,W2012034410,middle,Per-Henrik Edqvist,0,20
A5065295688,W2012034410,middle,Holger Berling,0,21
A5056614607,W2012034410,middle,Hanna Tegel,0,22
A5006871697,W2012034410,middle,Jan Mulder,0,23
A5005928603,W2012034410,middle,Johan Rockberg,0,24
A5084408140,W2012034410,middle,Peter Nilsson,0,25
A5032913515,W2012034410,middle,Jochen M. Schwenk,0,26
A5107368587,W2012034410,middle,Marica Hamsten,0,27
A5040376096,W2012034410,middle,Kalle von Feilitzen,0,28
A5110017313,W2012034410,middle,Mattias Forsberg,0,29
A5020089964,W2012034410,middle,Lukas Persson,0,30
A5035416322,W2012034410,middle,Fredric Johansson,0,31
A5052117578,W2012034410,middle,Martin Zwahlen,0,32
A5007682824,W2012034410,middle,Gunnar von Heijne,0,33
A5083238115,W2012034410,middle,Jens Nielsen,0,34
A5005639182,W2012034410,last,Fredrik Pontén,0,35
A5080765172,W2064815984,first,Le Cong,1,0
A5109381048,W2064815984,middle,F. Ann Ran,1,1
A5100763987,W2064815984,middle,David Cox,0,2
A5110288404,W2064815984,middle,Shuailiang Lin,0,3
A5033377296,W2064815984,middle,Robert Barretto,0,4
A5072175751,W2064815984,middle,Naomi Habib,0,5
A5060049408,W2064815984,middle,Patrick D. Hsu,0,6
A5037201682,W2064815984,middle,Xuebing Wu,0,7
A5101516462,W2064815984,middle,Wenyan Jiang,0,8
A5087893982,W2064815984,middle,Luciano A. Marraffini,0,9
A5100401298,W2064815984,last,Feng Zhang,1,10
A5031841140,W2141939342,first,Hiroyasu Furukawa,1,0
A5030127969,W2141939342,middle,Kyle E. Cordova,0,1
A5014703870,W2141939342,middle,Michael O’Keeffe,0,2
A5044268160,W2141939342,last,Omar M. Yaghi,0,3
A5000173541,W2045435533,first,Martin Jinek,1,0
A5062136919,W2045435533,middle,Krzysztof Chylinski,1,1
A5081033943,W2045435533,middle,Ines Fonfara,0,2
A5062738098,W2045435533,middle,Michael Hauer,0,3
A5067184382,W2045435533,middle,Jennifer A. Doudna,1,4
A5074743574,W2045435533,last,Emmanuelle Charpentier,1,5
A5006842434,W2097259163,first,Matthew G. Vander Heiden,0,0
A5057032257,W2097259163,middle,Lewis C. Cantley,1,1
A5053752263,W2097259163,last,Craig B. Thompson,1,2
A5102758719,W2010971702,first,Changgu Lee,0,0
A5042779337,W2010971702,middle,Xiaoding Wei,0,1
A5084602377,W2010971702,middle,Jeffrey W. Kysar,0,2
A5007197576,W2010971702,last,James Hone,1,3
A5108093963,W2100495367,first,G. E. Hinton,1,0
A5071983998,W2100495367,last,R. R. Salakhutdinov,0,1
A5072248970,W2058122340,first,K. S. Novoselov,0,0
A5058357018,W2058122340,middle,A. K. Geim,1,1
A5088527376,W2058122340,middle,S. V. Morozov,0,2
A5024028137,W2058122340,middle,D. Jiang,0,3
A5035053309,W2058122340,middle,Y. Zhang,0,4
A5072442751,W2058122340,middle,S. V. Dubonos,0,5
A5076577191,W2058122340,middle,I. V. Grigorieva,0,6
A5001198014,W2058122340,last,A. A. Firsov,0,7
A5038976962,W2008620264,first,Albert-László Barabási,1,0
A5012905268,W2008620264,last,Réka Albert,0,1
A5028050718,W2159999899,first,Mark F. Pittenger,1,0
A5108244617,W2159999899,middle,Alastair M. Mackay,0,1
A5103572770,W2159999899,middle,Stephen C. Beck,0,2
A5113643074,W2159999899,middle,Rama K. Jaiswal,0,3
A5010445014,W2159999899,middle,Robin Douglas,0,4
A5109201245,W2159999899,middle,Joseph D. Mosca,0,5
A5112196905,W2159999899,middle,Mark A. Moorman,0,6
A5003416662,W2159999899,middle,Donald W. Simonetti,0,7
A5108530731,W2159999899,middle,Stewart Craig,0,8
A5111606958,W2159999899,last,Daniel R. Marshak,0,9
A5110114336,W2086943348,first,James A. Thomson,1,0
A5112422196,W2086943348,middle,Joseph Itskovitz-Eldor,0,1
A5110386118,W2086943348,middle,Sander S. Shapiro,0,2
A5078228713,W2086943348,middle,Michelle A. Waknitz,0,3
A5089205764,W2086943348,middle,Jennifer J. Swiergiel,0,4
A5109869056,W2086943348,middle,Vivienne S. Marshall,0,5
A5102925448,W2086943348,last,Jeffrey M. Jones,0,6
A5026977942,W2032118018,first,Randall K. Saiki,1,0
A5025753082,W2032118018,middle,David H. Gelfand,0,1
A5075660307,W2032118018,middle,Susanne Stoffel,0,2
A5109113477,W2032118018,middle,Stephen J. Scharf,0,3
A5112087783,W2032118018,middle,Russell Higuchi,0,4
A5082020229,W2032118018,middle,Glenn T. Horn,0,5
A5073738482,W2032118018,middle,Kary B. Mullis,0,6
W2032118018-person-7,W2032118018,last,Henry A. Erlich,0,7
A5013336788,W2024060531,first,S. Kirkpatrick,1,0
A5043473326,W2024060531,middle,C. D. Gelatt,0,1
A5082059084,W2024060531,last,M. P. Vecchi,0,2
A5102740532,W2062663664,first,Robert Axelrod,1,0
A5053628685,W2062663664,last,William D. Hamilton,0,1
A5000234995,W2096452841,first,Amos Tversky,1,0
A5111995000,W2096452841,last,Daniel Kahneman,0,1
A5000234995,W4292157289,first,Amos Tversky,1,0
A5111995000,W4292157289,last,Daniel Kahneman,0,1
A5111448232,W2226396244,first,Garrett Hardin,1,0
A5046986222,W2737217596,first,Roland Geyer,1,0
A5084129541,W2737217596,middle,Jenna R. Jambeck,0,1
A5074822720,W2737217596,last,Kara Lavender Law,0,2
A5014978419,W2114843025,first,Jianjiong Gao,1,0
A5020220136,W2114843025,middle,Bülent Arman Aksoy,0,1
A5006798669,W2114843025,middle,Ugur Dogrusoz,0,2
A5090601001,W2114843025,middle,Gideon Dresdner,0,3
A5026873890,W2114843025,middle,Benjamin Gross,0,4
A5020961360,W2114843025,middle,S. Onur Sumer,0,5
A5027373743,W2114843025,middle,Yichao Sun,0,6
A5049766408,W2114843025,middle,Anders Jacobsen,0,7
A5039042860,W2114843025,middle,Rileen Sinha,0,8
A5050629872,W2114843025,middle,Erik Larsson,0,9
A5071787046,W2114843025,middle,Ethan Cerami,0,10
A5008166270,W2114843025,middle,Chris Sander,0,11
A5033125884,W2114843025,last,Nikolaus Schultz,0,12
A5067974158,W2302501749,first,Mark D. Wilkinson,0,0
A5044836472,W2302501749,middle,Michel Dumontier,0,1
A5028351438,W2302501749,middle,IJsbrand Jan Aalbersberg,0,2
A5030388625,W2302501749,middle,Gabrielle Appleton,0,3
A5027743525,W2302501749,middle,Myles Axton,0,4
A5103172054,W2302501749,middle,Arie Baak,0,5
A5010916394,W2302501749,middle,Niklas Blomberg,0,6
A5069885178,W2302501749,middle,Jan-Willem Boiten,0,7
A5067310105,W2302501749,middle,Luiz Bonino da Silva Santos,0,8
A5075833022,W2302501749,middle,Philip E. Bourne,0,9
A5061463439,W2302501749,middle,Jildau Bouwman,0,10
A5007022165,W2302501749,middle,Anthony J. Brookes,0,11
A5007020202,W2302501749,middle,Tim Clark,0,12
A5056421325,W2302501749,middle,Mercè Crosas,0,13
A5086032272,W2302501749,middle,Ingrid Dillo,0,14
A5050655123,W2302501749,middle,Olivier Dumon,0,15
A5091565842,W2302501749,middle,Scott Edmunds,0,16
A5075750072,W2302501749,middle,Chris T. Evelo,0,17
A5091360374,W2302501749,middle,Richard Finkers,0,18
A5086246448,W2302501749,middle,Alejandra Gonzalez-Beltran,0,19
A5016133956,W2302501749,middle,Alasdair J.G. Gray,0,20
A5034924491,W2302501749,middle,Paul Groth,0,21
A5027899893,W2302501749,middle,Carole Goble,0,22
A5076014872,W2302501749,middle,Jeffrey S. Grethe,0,23
A5103164604,W2302501749,middle,Jaap Heringa,0,24
A5021033668,W2302501749,middle,Peter A.C ’t Hoen,0,25
A5033074461,W2302501749,middle,Rob Hooft,0,26
A5016394820,W2302501749,middle,Tobias Kuhn,0,27
A5069864756,W2302501749,middle,Ruben Kok,0,28
A5012010960,W2302501749,middle,Joost Kok,0,29
A5076459682,W2302501749,middle,Scott J. Lusher,0,30
A5061037631,W2302501749,middle,Maryann E. Martone,0,31
A5082106745,W2302501749,middle,Albert Mons,0,32
A5074742346,W2302501749,middle,Abel L. Packer,0,33
A5052620448,W2302501749,middle,Bengt Persson,0,34
A5018395535,W2302501749,middle,Philippe Rocca-Serra,0,35
A5021179422,W2302501749,middle,Marco Roos,0,36
A5010012493,W2302501749,middle,Rene van Schaik,0,37
A5008806860,W2302501749,middle,Susanna-Assunta Sansone,0,38
A5043231938,W2302501749,middle,Erik Schultes,0,39
A5027225010,W2302501749,middle,Thierry Sengstag,0,40
A5003303412,W2302501749,middle,Ted Slater,0,41
A5082263504,W2302501749,middle,George Strawn,0,42
A5052368642,W2302501749,middle,Morris A. Swertz,0,43
A5039828193,W2302501749,middle,Mark Thompson,0,44
A5023215576,W2302501749,middle,Johan van der Lei,0,45
A5053857782,W2302501749,middle,Erik van Mulligen,0,46
A5001384753,W2302501749,middle,Jan Velterop,0,47
A5048705669,W2302501749,middle,Andra Waagmeester,0,48
A5056816256,W2302501749,middle,Peter Wittenburg,0,49
A5087859284,W2302501749,middle,Katherine Wolstencroft,0,50
A5100744623,W2302501749,middle,Jun Zhao,0,51
A5070745825,W2302501749,last,Barend Mons,1,52
A5050526698,W2580767461,first,Michiru Nishita,1,0
A5107657538,W2580767461,middle,Seung-Yeol Park,0,1
A5045599140,W2580767461,middle,Tadashi Nishio,0,2
A5025596722,W2580767461,middle,Koki Kamizaki,0,3
A5100398365,W2580767461,middle,ZhiChao Wang,0,4
A5026483005,W2580767461,middle,Kota Tamada,0,5
A5001786419,W2580767461,middle,Toru Takumi,0,6
A5106133480,W2580767461,middle,Ryuju Hashimoto,0,7
A5000652565,W2580767461,middle,Hiroki Otani,0,8
A5040274092,W2580767461,middle,Gregory J. Pazour,0,9
A5061082822,W2580767461,middle,Victor W. Hsu,0,10
A5008413640,W2580767461,last,Yasuhiro Minami,0,11
A5088300158,W2593436234,first,Antoine Daina,1,0
A5009968141,W2593436234,middle,Olivier Michielin,0,1
A5049236772,W2593436234,last,Vincent Zoete,0,2
A5079208483,W2150220236,first,Nees Jan van Eck,1,0
A5027467000,W2150220236,last,Ludo Waltman,0,1
A5003077083,W2148606196,first,M. E. J. Newman,1,0
A5070851390,W197066864,first,Murray W. Johns,1,0
A5084106347,W2329395632,first,Helmut R. Wagner,1,0
A5044483808,W2329395632,middle,Barney G. Glaser,0,1
A5108677812,W2329395632,last,Anselm L. Strauss,0,2
A5109562869,W2056944867,first,Linton C. Freeman,1,0
A5036983792,W3210839039,first,Stephen Boyd,1,0
A5069598493,W3210839039,middle,Laurent El Ghaoui,0,1
A5033911409,W3210839039,middle,Eric Feron,0,2
A5022664058,W3210839039,last,Venkataramanan Balakrishnan,0,3
A5067803369,W1992193527,first,Michael W. Browne,1,0
A5032625379,W1992193527,last,Robert Cudeck,0,1
A5052129734,W1031578623,first,Mark James Abraham,1,0
A5073365583,W1031578623,middle,Teemu Murtola,0,1
A5041396463,W1031578623,middle,Roland Schulz,0,2
A5009705616,W1031578623,middle,Szilárd Páll,0,3
A5018366869,W1031578623,middle,Jeremy C. Smith,0,4
A5050108763,W1031578623,middle,Berk Hess,0,5
A5008875190,W1031578623,last,Erik Lindahl,0,6
A5021166281,W2798643531,first,GEORGE W. SNEDECOR,1,0
A5067074103,W2091160252,first,A. WALKLEY,1,0
A5110178553,W2091160252,last,I. ARMSTRONG BLACK,0,1
A5067513167,W2162604832,first,M. Th. van Genuchten,1,0
A5013327075,W3121147769,first,Michael C. Munger,1,0
A5111418782,W3121147769,last,Douglass C. North,0,1
A5028474518,W4294214781,first,David H. Brainard,1,0
A5045744709,W2787894218,first,Trevor Hastie,1,0
A5027340494,W2787894218,middle,Robert Tibshirani,0,1
A5020427483,W2787894218,last,Jerome Friedman,0,2
A5045744709,W1480376833,first,Trevor Hastie,1,0
A5108251783,W1480376833,middle,Jerome Friedman,0,1
A5027340494,W1480376833,last,Robert Tibshirani,0,2
A5028277431,W2058815839,first,Hirotogu Akaike,1,0
A5113535594,W1979300931,first,E. L. Kaplan,1,0
A5103404782,W1979300931,last,Paul Meier,0,1
A5103401463,W1580788756,first,David R. Cox,1,0
A5084078930,W2337002970,first,Kimberle Crenshaw,1,0
A5072009257,W4300107936,first,Leon Festinger,1,0
A5044319865,W1513618424,first,W. N. Venables,1,0
A5006582101,W1513618424,last,B. D. Ripley,0,1
A5074093929,W2148534890,first,Andrew Gelman,1,0
A5071941451,W2148534890,last,Donald B. Rubin,0,1
A5111843956,W1518897246,first,Alain F. Zuur,1,0
A5012910967,W1518897246,middle,Elena N. Ieno,0,1
A5110696956,W1518897246,middle,Neil Walker,0,2
A5048370266,W1518897246,middle,Anatoly A. Saveliev,0,3
A5103385359,W1518897246,last,Graham M. Smith,0,4
A5031195893,W2126930838,first,Julian P. T. Higgins,1,0
A5103553598,W2126930838,last,Simon G. Thompson,0,1
A5016373986,W2123709218,first,David J. Teece,1,0
A5070610744,W2123709218,middle,Gary Pisano,0,1
A5030458650,W2123709218,last,Amy Shuen,0,2
A5029664893,W2140956556,first,Birger Wernerfelt,1,0
A5045479885,W2071666535,first,Li‐tze Hu,1,0
A5065916093,W2071666535,last,Peter M. Bentler,0,1
A5101670626,W2543580944,first,Riccardo Poli,1,0
A5102905570,W2543580944,middle,James Kennedy,0,1
A5078630420,W2543580944,last,Tim Blackwell,0,2
A5048208979,W2148698435,first,Fredrik Ronquist,1,0
A5058899830,W2148698435,middle,Maxim Teslenko,0,1
A5086733446,W2148698435,middle,Paul van der Mark,0,2
A5112398863,W2148698435,middle,Daniel L. Ayres,0,3
A5047169338,W2148698435,middle,Aaron Darling,0,4
A5110768391,W2148698435,middle,Sebastian Höhna,0,5
A5053292653,W2148698435,middle,Bret Larget,0,6
A5100322392,W2148698435,middle,Liang Liu,0,7
A5039905606,W2148698435,middle,Marc A. Suchard,0,8
A5068909032,W2148698435,last,John P. Huelsenbeck,0,9
A5079627910,W2111211467,first,Stéphane Guindon,0,0
A5034589995,W2111211467,middle,Jean-François Dufayard,0,1
A5088743342,W2111211467,middle,Vincent Lefort,0,2
A5046692009,W2111211467,middle,Maria Anisimova,0,3
A5053511679,W2111211467,middle,Wim Hordijk,0,4
A5078068308,W2111211467,last,Olivier Gascuel,1,5
A5079627910,W2103546861,first,Stéphane Guindon,1,0
A5078068308,W2103546861,last,Olivier Gascuel,0,1
A5026923999,W2560438049,first,Mourad Ouzzani,1,0
A5048380144,W2560438049,middle,Hossam Hammady,0,1
A5045912789,W2560438049,middle,Zbys Fedorowicz,0,2
A5089912733,W2560438049,last,Ahmed Elmagarmid,0,3
W2161374186-person-0,W2161374186,first,PRISMA-P Group,1,0
A5068353058,W2161374186,middle,David Moher,0,1
A5091561305,W2161374186,middle,Larissa Shamseer,0,2
A5068789733,W2161374186,middle,Mike Clarke,0,3
A5043048253,W2161374186,middle,Davina Ghersi,0,4
A5113499690,W2161374186,middle,Alessandro Liberati,0,5
A5055244038,W2161374186,middle,Mark Petticrew,0,6
A5109914479,W2161374186,middle,Paul Shekelle,0,7
A5082927689,W2161374186,last,Lesley A Stewart,0,8
W2034562813-person-0,W2034562813,first,"Draper, Norman Richard",1,0
W2034562813-person-1,W2034562813,last,"Smith, Harry",0,1
A5045836736,W2148603752,first,Yuhai Wu,1,0
A5062753972,W2148603752,last,Vladimir N. Vapnik,0,1
A5110163574,W4300870773,first,Keith Muller,1,0
A5102808166,W4300870773,last,Jacob Cohen,0,1
A5110163574,W4240402692,first,Keith Muller,1,0
A5114015857,W2801179766,first,D. B. Owen,1,0
A5053484459,W2801179766,middle,Milton Abramowitz,0,1
A5078393948,W2801179766,last,Irene A. Stegun,0,2
A5016597149,W2317574555,first,R. D'Amico,1,0
A5051460895,W2161633633,first,Shaun Purcell,1,0
A5015235673,W2161633633,middle,Benjamin Neale,0,1
A5059286326,W2161633633,middle,Kathe Todd-Brown,0,2
A5112983468,W2161633633,middle,Lori Thomas,0,3
A5074490470,W2161633633,middle,Manuel A.R. Ferreira,0,4
A5085836147,W2161633633,middle,David Bender,0,5
A5026130275,W2161633633,middle,Julian Maller,0,6
A5113577680,W2161633633,middle,Pamela Sklar,0,7
A5066704276,W2161633633,middle,Paul I.W. de Bakker,0,8
A5107596541,W2161633633,middle,Mark J. Daly,0,9
A5018516395,W2161633633,last,Pak C. Sham,0,10
A5069849313,W1965555277,first,S. Kullback,1,0
A5044153519,W1965555277,last,R. A. Leibler,0,1
A5020427483,W1678356000,first,Jerome H. Friedman,1,0
A5108435406,W2117897510,first,B. Efron,1,0
A5017158718,W2073832139,first,Adam G. Riess,1,0
A5044578338,W2073832139,middle,Alexei V. Filippenko,0,1
A5013055860,W2073832139,middle,Peter Challis,0,2
A5067881179,W2073832139,middle,Alejandro Clocchiatti,0,3
A5066147484,W2073832139,middle,Alan Diercks,0,4
A5024387678,W2073832139,middle,Peter M. Garnavich,0,5
A5112658480,W2073832139,middle,Ron L. Gilliland,0,6
A5032945933,W2073832139,middle,Craig J. Hogan,0,7
A5018303472,W2073832139,middle,Saurabh Jha,0,8
A5085107775,W2073832139,middle,Robert P. Kirshner,0,9
A5081952162,W2073832139,middle,B. Leibundgut,0,10
A5077055351,W2073832139,middle,M. M. Phillips,0,11
A5087598092,W2073832139,middle,David Reiss,0,12
A5023063594,W2073832139,middle,Brian P. Schmidt,0,13
A5108120339,W2073832139,middle,Robert A. Schommer,0,14
A5104475182,W2073832139,middle,R. Chris Smith,0,15
A5037626921,W2073832139,middle,J. Spyromilio,0,16
A5090973034,W2073832139,middle,Christopher Stubbs,0,17
A5022259389,W2073832139,middle,Nicholas B. Suntzeff,0,18
A5054211742,W2073832139,last,John Tonry,0,19
A5030135192,W1853767801,first,S. Perlmutter,1,0
A5039362833,W1853767801,middle,G. Aldering,0,1
A5109528453,W1853767801,middle,G. Goldhaber,0,2
A5109455558,W1853767801,middle,R. A. Knop,0,3
A5072900037,W1853767801,middle,P. Nugent,0,4
A5076052276,W1853767801,middle,P. G. Castro,0,5
A5049629462,W1853767801,middle,S. Deustua,0,6
A5030344172,W1853767801,middle,S. Fabbro,0,7
A5021501281,W1853767801,middle,A. Goobar,0,8
A5108780724,W1853767801,middle,D. E. Groom,0,9
A5005876349,W1853767801,middle,I. M. Hook,0,10
A5002013850,W1853767801,middle,A. G. Kim,0,11
A5019243934,W1853767801,middle,M. Y. Kim,0,12
A5014968083,W1853767801,middle,J. C. Lee,0,13
A5000856599,W1853767801,middle,N. J. Nunes,0,14
A5064867579,W1853767801,middle,R. Pain,0,15
A5003889596,W1853767801,middle,C. R. Pennypacker,0,16
A5056247138,W1853767801,middle,R. Quimby,0,17
A5080812976,W1853767801,middle,C. Lidman,0,18
A5079173006,W1853767801,middle,R. S. Ellis,0,19
A5049067083,W1853767801,middle,M. Irwin,0,20
A5003040118,W1853767801,middle,R. G. McMahon,0,21
A5023599143,W1853767801,middle,P. Ruiz‐Lapuente,0,22
A5065346852,W1853767801,middle,N. Walton,0,23
A5044617944,W1853767801,middle,B. Schaefer,0,24
A5106512453,W1853767801,middle,B. J. Boyle,0,25
A5044578338,W1853767801,middle,A. V. Filippenko,0,26
A5016979058,W1853767801,middle,T. Matheson,0,27
A5055371146,W1853767801,middle,A. S. Fruchter,0,28
A5004420981,W1853767801,middle,N. Panagia,0,29
A5026949185,W1853767801,middle,H. J. M. Newberg,0,30
A5040765134,W1853767801,middle,W. J. Couch,0,31
A5106717193,W1853767801,last,The Supernova Cosmology Project,0,32
A5032751929,W2171074980,first,J. A. Nelder,1,0
A5111791838,W2171074980,last,R. Mead,0,1
A5084654258,W2137358449,first,Brian J. Loasby,1,0
A5109805326,W2137358449,middle,Richard R. Nelson,0,1
A5103445562,W2137358449,last,Sidney G. Winter,0,2
A5111921036,W2128529067,first,M. P. Lawton,1,0
A5109308238,W2128529067,last,E. M. Brody,0,1
A5109158438,W2127911529,first,Edward S. Reynolds,1,0
A5042863303,W2092157292,first,Stefan Grimme,1,0
A5064817771,W2092157292,middle,Jens Antony,0,1
A5046284587,W2092157292,middle,Stephan Ehrlich,0,2
A5011411945,W2092157292,last,Helge Krieg,0,3
A5005340330,W2057477511,first,Giovanni Bussi,1,0
A5014039622,W2057477511,middle,Davide Donadio,0,1
A5023487560,W2057477511,last,Michele Parrinello,0,2
A5088114045,W2085093563,first,Jochen Heyd,1,0
A5016283866,W2085093563,middle,Gustavo E. Scuseria,0,1
A5053648717,W2085093563,last,Matthias Ernzerhof,0,2
A5047676104,W2122427541,first,Graeme Henkelman,1,0
A5010358439,W2122427541,middle,Blas P. Uberuaga,0,1
A5051422609,W2122427541,last,Hannes Jónsson,0,2
A5069821016,W2008423326,first,Carlo Adamo,1,0
A5083221636,W2008423326,last,Vincenzo Barone,0,1
A5045067759,W2035687084,first,Ulrich Essmann,1,0
A5022509779,W2035687084,middle,Lalith Perera,0,1
A5017660699,W2035687084,middle,Max L. Berkowitz,0,2
A5108489476,W2035687084,middle,Tom Darden,0,3
A5064659131,W2035687084,middle,Hsing Lee,0,4
A5008226395,W2035687084,last,Lee G. Pedersen,0,5
A5015077264,W1982356449,first,Axel D. Becke,1,0
A5015077264,W2143981217,first,Axel D. Becke,1,0
A5108489476,W2067174909,first,Tom Darden,1,0
A5076436548,W2067174909,middle,Darrin York,0,1
A5008226395,W2067174909,last,Lee Pedersen,0,2
A5075316492,W2069006374,first,Thom H. Dunning,1,0
A5109557719,W2017196167,first,Shuichi Nosé,1,0
A5083564020,W2035266068,first,H. J. C. Berendsen,1,0
A5104669390,W2035266068,middle,J. P. M. Postma,0,1
A5063856246,W2035266068,middle,W. F. van Gunsteren,0,2
A5057597679,W2035266068,middle,A. DiNola,0,3
A5027962573,W2035266068,last,J. R. Haak,0,4
A5053850265,W1976499671,first,William L. Jorgensen,1,0
A5113983144,W1976499671,middle,Jayaraman Chandrasekhar,0,1
A5003571956,W1976499671,middle,Jeffry D. Madura,0,2
A5070881659,W1976499671,middle,Roger W. Impey,0,3
A5068247471,W1976499671,last,Michael L. Klein,0,4
A5109987723,W1971275758,first,R. Krishnan,1,0
A5113659521,W1971275758,middle,J. S. Binkley,0,1
A5013419773,W1971275758,middle,R. Seeger,0,2
A5038387078,W1971275758,last,J. A. Pople,0,3
A5052626400,W2046412723,first,W. J. Hehre,1,0
A5088465776,W2046412723,middle,R. Ditchfield,0,1
A5038387078,W2046412723,last,J. A. Pople,0,2
A5007322687,W2056760934,first,Nicholas Metropolis,1,0
A5009563598,W2056760934,middle,Arianna W. Rosenbluth,0,1
A5110000776,W2056760934,middle,Marshall N. Rosenbluth,0,2
A5080021425,W2056760934,middle,Augusta H. Teller,0,3
A5034295195,W2056760934,last,Edward Teller,0,4
A5088889997,W3171418018,first,David V. Sheehan,1,0
A5110890240,W3121693921,first,Andrei Shleifer,1,0
A5042883498,W3121693921,last,Robert W. Vishny,0,1
A5062890794,W2136120210,first,Mark M. Carhart,1,0
A5071476945,W2131773668,first,Burton G. Malkiel,1,0
A5091820687,W2131773668,last,Eugene F. Fama,0,1
A5111539706,W2029056003,first,William F. Sharpe,1,0
A5038364281,W2056879345,first,Sander L. Gilman,1,0
A5023188928,W2056879345,middle,Gilles Deleuze,0,1
A5035676266,W2056879345,middle,Felix Guattari,0,2
A5010878774,W2056879345,last,Brian Massumi,0,3
A5091820687,W3122859634,first,Eugene F. Fama,1,0
A5068490503,W3122859634,last,Michael C. Jensen,0,1
A5079243605,W1988050849,first,Joe F. Hair,1,0
A5087109003,W1988050849,middle,Christian M. Ringle,0,1
A5053369574,W1988050849,last,Marko Sarstedt,0,2
A5091297567,W2006479099,first,Harris Chaiklin,1,0
A5016175339,W2990427812,first,Hadley Wickham,1,0
A5035946951,W2990427812,middle,Mara Averick,0,1
A5006181710,W2990427812,middle,Jennifer Bryan,0,2
A5004351971,W2990427812,middle,Winston Chang,0,3
A5070177612,W2990427812,middle,Lucy McGowan,0,4
A5034098815,W2990427812,middle,Romain François,0,5
A5022190510,W2990427812,middle,Garrett Grolemund,0,6
A5068971199,W2990427812,middle,Alex Hayes,0,7
A5024016990,W2990427812,middle,Lionel Henry,0,8
A5071846278,W2990427812,middle,Jim Hester,0,9
A5036328726,W2990427812,middle,Max Kuhn,0,10
A5012646041,W2990427812,middle,Thomas Pedersen,0,11
A5110811743,W2990427812,middle,Evan Miller,0,12
A5097324925,W2990427812,middle,Stephan Bache,0,13
A5056500617,W2990427812,middle,Kirill Müller,0,14
A5065692332,W2990427812,middle,Jeroen Ooms,0,15
A5006710383,W2990427812,middle,David Robinson,0,16
A5049556104,W2990427812,middle,Dana Seidel,0,17
A5015379340,W2990427812,middle,Vitalie Spinu,0,18
A5011662069,W2990427812,middle,Kohske Takahashi,0,19
A5040916225,W2990427812,middle,Davis Vaughan,0,20
A5070411498,W2990427812,middle,Claus Wilke,0,21
A5004427441,W2990427812,middle,Kara Woo,0,22
A5007383633,W2990427812,last,Hiroaki Yutani,0,23
A5113642947,W2148284063,first,P. J. Stephens,1,0
A5055873905,W2148284063,middle,F. J. Devlin,0,1
A5020026036,W2148284063,middle,C. F. Chabalowski,0,2
A5025938207,W2148284063,last,M. J. Frisch,0,3
A5111564046,W2030841140,first,A. Bondi,1,0
A5061017744,W2011215428,first,Aleksandr V. Marenich,1,0
A5048985028,W2011215428,middle,Christopher J. Cramer,0,1
A5061717048,W2011215428,last,Donald G. Truhlar,0,2
A5030452986,W1985940938,first,A. L. Hodgkin,1,0
A5113678219,W1985940938,last,A. F. Huxley,0,1
A5079554237,W2164059021,first,L. P. Fried,1,0
A5026563364,W2164059021,middle,C. M. Tangen,0,1
A5086987637,W2164059021,middle,J. Walston,0,2
A5089458669,W2164059021,middle,A. B. Newman,0,3
A5031077891,W2164059021,middle,C. Hirsch,0,4
A5030882947,W2164059021,middle,J. Gottdiener,0,5
A5091406579,W2164059021,middle,T. Seeman,0,6
A5048908501,W2164059021,middle,R. Tracy,0,7
A5083447971,W2164059021,middle,W. J. Kop,0,8
A5036551563,W2164059021,middle,G. Burke,0,9
A5072451833,W2164059021,last,M. A. McBurnie,0,10
A5012294253,W3009885589,first,Fei Zhou,0,0
A5100655339,W3009885589,middle,Ting Yu,0,1
A5102865683,W3009885589,middle,Ronghui Du,0,2
A5082759663,W3009885589,middle,Guohui Fan,0,3
A5100414097,W3009885589,middle,Ying Liu,0,4
A5100748265,W3009885589,middle,Zhibo Liu,0,5
A5018032427,W3009885589,middle,Jie Xiang,0,6
A5101454711,W3009885589,middle,Yeming Wang,0,7
A5077957037,W3009885589,middle,Bin Song,0,8
A5101081875,W3009885589,middle,Xiaoying Gu,0,9
A5065156494,W3009885589,middle,Lulu Guan,0,10
A5100707411,W3009885589,middle,Yuan Wei,0,11
A5034485071,W3009885589,middle,Hui Li,0,12
A5003556048,W3009885589,middle,Xudong Wu,0,13
A5062226704,W3009885589,middle,Jiuyang Xu,0,14
A5001851890,W3009885589,middle,Shengjin Tu,0,15
A5100388089,W3009885589,middle,Yi Zhang,0,16
A5110426873,W3009885589,middle,Hua Chen,1,17
A5100613209,W3009885589,last,Bin Cao,1,18
A5101545030,W3001118548,first,Chaolin Huang,0,0
A5101454711,W3001118548,middle,Yeming Wang,0,1
A5101925685,W3001118548,middle,Xingwang Li,0,2
A5005176337,W3001118548,middle,Lili Ren,0,3
A5052152159,W3001118548,middle,Jianping Zhao,0,4
A5031491320,W3001118548,middle,Yi Hu,0,5
A5100425676,W3001118548,middle,Li Zhang,0,6
A5082759663,W3001118548,middle,Guohui Fan,0,7
A5062226704,W3001118548,middle,Jiuyang Xu,0,8
A5101081875,W3001118548,middle,Xiaoying Gu,0,9
A5101711490,W3001118548,middle,Zhenshun Cheng,0,10
A5100655339,W3001118548,middle,Ting Yu,0,11
A5024929222,W3001118548,middle,Jiaan Xia,0,12
A5100344847,W3001118548,middle,Yuan Wei,0,13
A5103981505,W3001118548,middle,Wenjuan Wu,0,14
A5037416293,W3001118548,middle,Xuelei Xie,0,15
A5014572115,W3001118548,middle,Wen Yin,0,16
A5057824494,W3001118548,middle,Hui Li,0,17
A5045493285,W3001118548,middle,Min Liu,0,18
A5100606060,W3001118548,middle,Yan Xiao,0,19
A5101633148,W3001118548,middle,Hong Gao,0,20
A5070771101,W3001118548,middle,Li Guo,0,21
A5058709579,W3001118548,middle,Jungang Xie,0,22
A5013568062,W3001118548,middle,Guangfa Wang,0,23
A5112776266,W3001118548,middle,Rongmeng Jiang,0,24
A5026007726,W3001118548,middle,Zhancheng Gao,0,25
A5100637146,W3001118548,middle,Qi Jin,0,26
A5100424784,W3001118548,middle,Jianwei Wang,1,27
A5100613209,W3001118548,last,Bin Cao,0,28
A5079000753,W3002108456,first,Nanshan Chen,0,0
A5049496067,W3002108456,middle,Min Zhou,0,1
A5059448769,W3002108456,middle,Xuan Dong,0,2
A5102001216,W3002108456,middle,Jieming Qu,0,3
A5087860738,W3002108456,middle,Fengyun Gong,0,4
A5100657871,W3002108456,middle,Yang Han,0,5
A5015539974,W3002108456,middle,Yang Qiu,0,6
A5018313165,W3002108456,middle,Jingli Wang,0,7
A5100414285,W3002108456,middle,Ying Liu,0,8
A5100344847,W3002108456,middle,Yuan Wei,0,9
A5024929222,W3002108456,middle,Jia'an Xia,0,10
A5100655339,W3002108456,middle,Ting Yu,0,11
A5100375454,W3002108456,middle,Xinxin Zhang,1,12
A5100425676,W3002108456,last,Li Zhang,1,13
A5007119101,W3092849554,first,Theo Vos,1,0
A5112677199,W3092849554,middle,Stephen S Lim,0,1
A5022331752,W3092849554,middle,Cristiana Abbafati,0,2
A5020081921,W3092849554,middle,Kaja M Abbas,0,3
A5103201651,W3092849554,middle,Mohammad Abbasi,0,4
A5016971429,W3092849554,middle,Mitra Abbasifard,0,5
A5038454257,W3092849554,middle,Mohsen Abbasi-Kangevari,0,6
A5039134870,W3092849554,middle,Hedayat Abbastabar,0,7
A5081409858,W3092849554,middle,Foad Abd-Allah,0,8
A5004128917,W3092849554,middle,Ahmed Abdelalim,0,9
A5068915111,W3092849554,middle,Mohammad Abdollahi,0,10
A5015334869,W3092849554,middle,Ibrahim Abdollahpour,0,11
A5051258190,W3092849554,middle,Hassan Abolhassani,0,12
A5114083534,W3092849554,middle,Victor Aboyans,0,13
A5051803014,W3092849554,middle,Elissa M Abrams,0,14
A5022099745,W3092849554,middle,Lucas Guimarães Abreu,0,15
A5073588344,W3092849554,middle,Michael R M Abrigo,0,16
A5014846631,W3092849554,middle,Laith Jamal Abu-Raddad,0,17
A5024753707,W3092849554,middle,Abdelrahman I Abushouk,0,18
A5058948939,W3092849554,middle,Alyssa Acebedo,0,19
A5053699466,W3092849554,middle,Ilana N Ackerman,0,20
A5026327806,W3092849554,middle,Maryam Adabi,0,21
A5075629581,W3092849554,middle,Abdu A Adamu,0,22
A5025832040,W3092849554,middle,Oladimeji M Adebayo,0,23
A5089232733,W3092849554,middle,Victor Adekanmbi,0,24
A5111625147,W3092849554,middle,Jaimie D Adelson,0,25
A5028307745,W3092849554,middle,Olatunji O Adetokunboh,0,26
A5089325874,W3092849554,middle,Davoud Adham,0,27
A5051692662,W3092849554,middle,Mahdi Afshari,0,28
A5028948429,W3092849554,middle,Ashkan Afshin,0,29
A5066858273,W3092849554,middle,Emilie E Agardh,0,30
A5054428913,W3092849554,middle,Gina Agarwal,0,31
A5073195032,W3092849554,middle,Kareha M Agesa,0,32
A5030523667,W3092849554,middle,Mohammad Aghaali,0,33
A5054276792,W3092849554,middle,Seyed Mohammad Kazem Aghamir,0,34
A5022120849,W3092849554,middle,Anurag Agrawal,0,35
A5100647892,W3092849554,middle,Tauseef Ahmad,0,36
A5022776797,W3092849554,middle,Alireza Ahmadi,0,37
A5100693052,W3092849554,middle,Mehdi Ahmadi,0,38
A5004513221,W3092849554,middle,Hamid Ahmadieh,0,39
A5011598532,W3092849554,middle,Ehsan Ahmadpour,0,40
A5063768278,W3092849554,middle,Temesgen Yihunie Akalu,0,41
A5022954543,W3092849554,middle,Rufus Olusola Akinyemi,0,42
A5074539440,W3092849554,middle,Tomi Akinyemiju,0,43
A5019189772,W3092849554,middle,Blessing Akombi,0,44
A5047490642,W3092849554,middle,Ziyad Al-Aly,0,45
A5061878115,W3092849554,middle,Khurshid Alam,0,46
A5085634981,W3092849554,middle,Noore Alam,0,47
A5101711502,W3092849554,middle,Samiah Alam,0,48
A5101711502,W3092849554,middle,Tahiya Alam,0,49
A5043822651,W3092849554,middle,Turki M Alanzi,0,50
A5050954407,W3092849554,middle,Samuel B Albertson,0,51
A5061311900,W3092849554,middle,Jacqueline Elizabeth Alcalde-Rabanal,0,52
A5075507875,W3092849554,middle,Niguse Meles Alema,0,53
A5042386888,W3092849554,middle,Muhammad Ali,0,54
A5022947458,W3092849554,middle,Saqib Ali,0,55
A5006260823,W3092849554,middle,Gianfranco Alicandro,0,56
A5084483965,W3092849554,middle,Mehran Alijanzadeh,0,57
A5113912805,W3092849554,middle,Cyrus Alinia,0,58
A5107926219,W3092849554,middle,Vahid Alipour,0,59
A5029961086,W3092849554,middle,Syed Mohamed Aljunid,0,60
A5026413767,W3092849554,middle,François Alla,0,61
A5011524331,W3092849554,middle,Peter Allebeck,0,62
A5100781180,W3092849554,middle,Amir Almasi-Hashiani,0,63
A5002758767,W3092849554,middle,Jordi Alonso,0,64
A5035907008,W3092849554,middle,Rajaa M Al-Raddadi,0,65
A5068032683,W3092849554,middle,Khalid A Altirkawi,0,66
A5078832673,W3092849554,middle,Nelson Alvis-Guzman,0,67
A5085934063,W3092849554,middle,Nelson J Alvis-Zakzuk,0,68
W3092849554-person-69,W3092849554,middle,Saeed Amini,0,69
A5017054765,W3092849554,middle,Mostafa Amini-Rarani,0,70
A5062037359,W3092849554,middle,Arya Aminorroaya,0,71
A5012235172,W3092849554,middle,Fatemeh Amiri,0,72
A5048877321,W3092849554,middle,Arianna Maever L Amit,0,73
A5037982462,W3092849554,middle,Dickson A Amugsi,0,74
A5032495968,W3092849554,middle,Gianna Gayle Herrera Amul,0,75
A5050120227,W3092849554,middle,Deanna Anderlini,0,76
A5015796792,W3092849554,middle,Catalina Liliana Andrei,0,77
A5016293332,W3092849554,middle,Tudorel Andrei,0,78
A5009283382,W3092849554,middle,Mina Anjomshoa,0,79
A5006820691,W3092849554,middle,Fereshteh Ansari,0,80
A5013651350,W3092849554,middle,Iman Ansari,0,81
A5110997178,W3092849554,middle,Alireza Ansari-Moghaddam,0,82
A5112522986,W3092849554,middle,Carl Abelardo T Antonio,0,83
A5113963958,W3092849554,middle,Catherine M Antony,0,84
A5048448601,W3092849554,middle,Ernoiz Antriyandarti,0,85
A5050473276,W3092849554,middle,Davood Anvari,0,86
A5047221475,W3092849554,middle,Razique Anwer,0,87
A5011663896,W3092849554,middle,Jalal Arabloo,0,88
A5049582382,W3092849554,middle,Morteza Arab-Zozani,0,89
A5091863515,W3092849554,middle,Aleksandr Y Aravkin,0,90
A5010206657,W3092849554,middle,Filippo Ariani,0,91
A5044523693,W3092849554,middle,Johan Ärnlöv,0,92
W3092849554-person-93,W3092849554,middle,Krishna K Aryal,0,93
A5065404687,W3092849554,middle,Afsaneh Arzani,0,94
A5070246213,W3092849554,middle,Mehran Asadi-Aliabadi,0,95
A5077743551,W3092849554,middle,Ali A Asadi-Pooya,0,96
A5078926615,W3092849554,middle,Babak Asghari,0,97
A5035782352,W3092849554,middle,Charlie Ashbaugh,0,98
A5085862062,W3092849554,middle,Desta Debalkie Atnafu,0,99
A5021126287,W3006659024,first,Samantha K Brooks,1,0
A5039261458,W3006659024,middle,Rebecca K Webster,0,1
A5068277529,W3006659024,middle,Louise E Smith,0,2
A5034415718,W3006659024,middle,Lisa Woodland,0,3
A5091639078,W3006659024,middle,Simon Wessely,0,4
A5077472317,W3006659024,middle,Neil Greenberg,0,5
A5103816868,W3006659024,last,Gideon James Rubin,0,6
A5054799659,W2275737843,first,Erik von Elm,1,0
A5042962646,W2275737843,middle,Douglas G Altman,0,1
A5077161809,W2275737843,middle,Matthias Egger,0,2
A5023436129,W2275737843,middle,Stuart J Pocock,0,3
A5002375158,W2275737843,middle,Peter C Gøtzsche,0,4
A5014844709,W2275737843,last,Jan P Vandenbroucke,0,5
A5113783987,W2015795623,first,J. Martin Bland,1,0
A5110857369,W2015795623,last,DouglasG. Altman,0,1
A5088008640,W2465692541,first,A H BECKETT,1,0
A5005864315,W2465692541,middle,M ROWLAND,0,1
A5106897627,W2465692541,last,P TURNER,0,2
A5071875770,W1497256448,first,John H. Holland,1,0
A5038539249,W2116122104,first,Steven J. Clough,1,0
A5020822578,W2116122104,last,Andrew F. Bent,0,1
A5103383453,W2100826189,first,Julian B. Rotter,1,0
A5081873388,W2156109180,first,George A. Akerlof,1,0
A5001761955,W2070631858,first,Robert M. Solow,1,0
A5114113233,W2025610165,first,Manuel Arellano,1,0
A5107790695,W2025610165,last,Stephen Bond,0,1
A5050699488,W2150697053,first,Yan Zhao,1,0
A5061717048,W2150697053,last,Donald G. Truhlar,0,1
A5109971836,W2094642658,first,P. C. Hariharan,1,0
A5038387078,W2094642658,last,J. A. Pople,0,1
A5073085667,W2145150141,first,Bryan R. Haugen,1,0
A5089114785,W2145150141,middle,Erik K. Alexander,0,1
A5073636065,W2145150141,middle,Keith C. Bible,0,2
A5063651408,W2145150141,middle,Gerard M. Doherty,0,3
A5111630451,W2145150141,middle,Susan J. Mandel,0,4
A5020353829,W2145150141,middle,Yuri E. Nikiforov,0,5
A5083770629,W2145150141,middle,Furio Pacini,0,6
A5012484496,W2145150141,middle,Gregory W. Randolph,0,7
A5027785364,W2145150141,middle,Anna M. Sawka,0,8
A5041250553,W2145150141,middle,Martin Schlumberger,0,9
A5068216862,W2145150141,middle,Kathryn G. Schuff,0,10
A5084622735,W2145150141,middle,Steven I. Sherman,0,11
A5039439529,W2145150141,middle,Julie Ann Sosa,0,12
A5043779853,W2145150141,middle,David L. Steward,0,13
A5009898984,W2145150141,middle,R. Michael Tuttle,0,14
A5004080743,W2145150141,last,Leonard Wartofsky,0,15
W3099878876-person-0,W3099878876,first,"Harris, CR",0,0
W3099878876-person-1,W3099878876,middle,"Millman, KJ",1,1
W3099878876-person-2,W3099878876,middle,"van der Walt, SJ",0,2
W3099878876-person-3,W3099878876,middle,"Gommers, R",1,3
W3099878876-person-4,W3099878876,middle,"Virtanen, P",0,4
W3099878876-person-5,W3099878876,middle,"Cournapeau, D",0,5
W3099878876-person-6,W3099878876,middle,"Wieser, E",0,6
W3099878876-person-7,W3099878876,middle,"Taylor, J",0,7
W3099878876-person-8,W3099878876,middle,"Berg, S",0,8
W3099878876-person-9,W3099878876,middle,"Smith, NJ",0,9
W3099878876-person-10,W3099878876,middle,"Kern, R",0,10
W3099878876-person-11,W3099878876,middle,"Picus, M",0,11
W3099878876-person-12,W3099878876,middle,"Hoyer, S",0,12
W3099878876-person-13,W3099878876,middle,"van Kerkwijk, MH",0,13
W3099878876-person-14,W3099878876,middle,"Brett, M",0,14
W3099878876-person-15,W3099878876,middle,"Haldane, A",0,15
W3099878876-person-16,W3099878876,middle,"del Río, JF",0,16
W3099878876-person-17,W3099878876,middle,"Wiebe, M",0,17
W3099878876-person-18,W3099878876,middle,"Peterson, P",0,18
W3099878876-person-19,W3099878876,middle,"Gérard-Marchant, P",0,19
W3099878876-person-20,W3099878876,middle,"Sheppard, K",0,20
W3099878876-person-21,W3099878876,middle,"Reddy, T",0,21
W3099878876-person-22,W3099878876,middle,"Weckesser, W",0,22
W3099878876-person-23,W3099878876,middle,"Abbasi, H",0,23
W3099878876-person-24,W3099878876,middle,"Gohlke, C",0,24
W3099878876-person-25,W3099878876,last,"Oliphant, TE",0,25
A5070300720,W2939474406,first,Susan L. Solomon,1,0
A5110657512,W2939474406,middle,Dahe Qin,0,1
A5046285468,W2939474406,middle,Martin Manning,0,2
A5052803135,W2939474406,middle,Melinda Marquis,0,3
A5111441747,W2939474406,middle,Kristen Averyt,0,4
A5019954898,W2939474406,middle,M Tignor,0,5
A5039274552,W2939474406,middle,H. L. Miller,0,6
A5101873521,W2939474406,last,Zhenlin Chen,0,7
A5016175339,W4254687493,first,Hadley Wickham,1,0
A5091640119,W244186264,first,S.H. Jenkins,1,0
A5021008604,W2150290224,first,Joseph L. Fleiss,1,0
A5084781189,W2150290224,middle,Bruce Levin,0,1
A5024491002,W2150290224,last,Myunghee Cho Paik,0,2
A5071941451,W2118502261,first,Donald B. Rubin,1,0
A5108603030,W1689771227,first,"Parasuraman, A.",1,0
A5032115040,W1689771227,middle,"Berry, Leonard L.",0,1
A5002771076,W1689771227,last,"Zeithaml, Valarie A.",0,2
A5079643796,W2787959293,first,Igor Podlubný,1,0
A5058231379,W1803273808,first,Johnny Saldana,1,0
A5109598133,W4320013936,first,Raphael Labaca-Castro,1,0
A5057584685,W4367314869,first,Erving Goffman,1,0
A5057457287,W2963341956,first,Jacob Devlin,1,0
A5076904467,W2963341956,middle,Ming-Wei Chang,0,1
A5081862885,W2963341956,middle,Kenton Lee,0,2
A5053947885,W2963341956,last,Kristina Toutanova,0,3
A5038727864,W1990513740,first,Everett M. Rogers,1,0
W1990513740-person-1,W1990513740,middle,Arvind Singhal,0,1
W1990513740-person-2,W1990513740,last,Margaret M. Quinlan,0,2
A5014642814,W2129905273,first,B.W. Silverman,1,0
A5035242470,W1533200881,first,Pierre Bourdieu,1,0
A5103186114,W2963163009,first,Mark Sandler,1,0
A5037015491,W2963163009,middle,Andrew Howard,0,1
A5004780312,W2963163009,middle,Menglong Zhu,0,2
A5113984302,W2963163009,middle,Andrey Zhmoginov,0,3
A5103273466,W2963163009,last,Liang-Chieh Chen,0,4
A5059611813,W2124192278,first,Suhas V. Patankar,1,0
A5100679575,W2752782242,first,Jie Hu,1,0
A5108393212,W2752782242,middle,Li Shen,0,1
A5057457548,W2752782242,last,Gang Sun,0,2
A5049526322,W2041902442,first,Michael P. Allen,1,0
A5108461729,W2041902442,last,Dominic J. Tildesley,0,1
A5013240918,W2963446712,first,Gao Huang,1,0
A5100452089,W2963446712,middle,Zhuang Liu,0,1
A5109065097,W2963446712,middle,Laurens Van Der Maaten,0,2
A5006380227,W2963446712,last,Kilian Q. Weinberger,0,3
A5067146589,W2249595199,first,Andy P. Field,1,0
A5052768778,W2565639579,first,Tsung-Yi Lin,1,0
A5057866698,W2565639579,middle,Piotr Dollar,0,1
A5049246408,W2565639579,middle,Ross Girshick,0,2
A5100700361,W2565639579,middle,Kaiming He,0,3
A5101647390,W2565639579,middle,Bharath Hariharan,0,4
A5018609918,W2565639579,last,Serge Belongie,0,5
A5052768778,W2963351448,first,Tsung-Yi Lin,1,0
A5035445731,W2963351448,middle,Priya Goyal,0,1
A5049246408,W2963351448,middle,Ross Girshick,0,2
A5100700361,W2963351448,middle,Kaiming He,0,3
A5057866698,W2963351448,last,Piotr Dollar,0,4
A5046238088,W2962858109,first,Ramprasaath R. Selvaraju,1,0
A5052890596,W2962858109,middle,Michael Cogswell,0,1
A5102972112,W2962858109,middle,Abhishek Das,0,2
A5041797310,W2962858109,middle,Ramakrishna Vedantam,0,3
A5050342343,W2962858109,middle,Devi Parikh,0,4
A5014035752,W2962858109,last,Dhruv Batra,0,5
A5100700361,W2963150697,first,Kaiming He,1,0
A5014407395,W2963150697,middle,Georgia Gkioxari,0,1
A5057866698,W2963150697,middle,Piotr Dollar,0,2
A5049246408,W2963150697,last,Ross Girshick,0,3
A5025339678,W2971035958,first,John W. Creswell,1,0
A5020035710,W2971035958,last,Cheryl Poth,0,1
A5044483808,W1515587369,first,Barney G. Glaser,1,0
A5108677812,W1515587369,last,Anselm L. Strauss,0,1
A5102883508,W2962793481,first,Jun-Yan Zhu,1,0
A5100643662,W2962793481,middle,Taesung Park,0,1
A5017456911,W2962793481,middle,Phillip Isola,0,2
A5077436220,W2962793481,last,Alexei A. Efros,0,3
A5024393893,W2531409750,first,Francois Chollet,1,0
A5062301070,W2570343428,first,Joseph Redmon,1,0
A5101576595,W2570343428,last,Ali Farhadi,0,1
A5100700361,W2194775991,first,Kaiming He,1,0
A5100362465,W2194775991,middle,Xiangyu Zhang,0,1
A5100824251,W2194775991,middle,Shaoqing Ren,0,2
A5100785015,W2194775991,last,Jian Sun,0,3
A5002183320,W2183341477,first,Christian Szegedy,1,0
A5013813527,W2183341477,middle,Vincent Vanhoucke,0,1
A5032800189,W2183341477,middle,Sergey Ioffe,0,2
A5076054799,W2183341477,middle,Jon Shlens,0,3
A5041722253,W2183341477,last,Zbigniew Wojna,0,4
A5100431792,W3106250896,first,Wei Liu,1,0
A5081024054,W3106250896,middle,Dragomir Anguelov,0,1
A5084125668,W3106250896,middle,Dumitru Erhan,0,2
A5002183320,W3106250896,middle,Christian Szegedy,0,3
A5059110895,W3106250896,last,Scott Reed,0,4
W2295598076-person-0,W2295598076,first,Tianqi Chen,1,0
W2295598076-person-1,W2295598076,last,Carlos Guestrin,0,1
A5100700361,W1677182931,first,Kaiming He,1,0
A5100362465,W1677182931,middle,Xiangyu Zhang,0,1
A5100824251,W1677182931,middle,Shaoqing Ren,0,2
A5101425421,W1677182931,last,Jian Sun,0,3
A5049246408,W1536680647,first,Ross Girshick,1,0
A5032863417,W1903029394,first,Jonathan Long,1,0
A5023786468,W1903029394,middle,Evan Shelhamer,0,1
A5029105520,W1903029394,last,Trevor Darrell,0,2
A5002183320,W2097117768,first,Christian Szegedy,1,0
A5100641142,W2097117768,middle,Wei Liu,0,1
A5110220840,W2097117768,middle,Yangqing Jia,0,2
A5066544075,W2097117768,middle,Pierre Sermanet,0,3
A5059110895,W2097117768,middle,Scott Reed,0,4
A5081024054,W2097117768,middle,Dragomir Anguelov,0,5
A5084125668,W2097117768,middle,Dumitru Erhan,0,6
A5013813527,W2097117768,middle,Vincent Vanhoucke,0,7
A5026452365,W2097117768,last,Andrew Rabinovich,0,8
A5052588458,W2132905138,first,William M. Haynes,1,0
A5103070090,W2095705004,first,Nitish Srivastava,1,0
A5108093963,W2095705004,middle,Geoffrey E. Hinton,0,1
A5031152245,W2095705004,middle,Alex Krizhevsky,0,2
A5006446297,W2095705004,middle,Ilya Sutskever,0,3
A5071983998,W2095705004,last,Ruslan Salakhutdinov,0,4
A5010225522,W2250539671,first,Jeffrey Pennington,1,0
A5059955534,W2250539671,middle,Richard Socher,0,1
A5046006076,W2250539671,last,Christopher Manning,0,2
A5030087918,W2157331557,first,Kyunghyun Cho,1,0
A5057127344,W2157331557,middle,Bart van Merrienboer,0,1
A5041145688,W2157331557,middle,Caglar Gulcehre,0,2
A5010465328,W2157331557,middle,Dzmitry Bahdanau,0,3
A5079465565,W2157331557,middle,Fethi Bougares,0,4
A5015857371,W2157331557,middle,Holger Schwenk,0,5
A5086198262,W2157331557,last,Yoshua Bengio,0,6
A5112758519,W377384883,first,Matthew B. Miles,1,0
A5109053731,W377384883,middle,A. Michael Huberman,0,1
A5058231379,W377384883,last,Johnny Saldaña,0,2
A5049246408,W2102605133,first,Ross Girshick,1,0
A5077819827,W2102605133,middle,Jeff Donahue,0,1
A5029105520,W2102605133,middle,Trevor Darrell,0,2
A5001594573,W2102605133,last,Jitendra Malik,0,3
A5075890029,W1849190772,first,Andrew F. Hayes,1,0
A5102808166,W4299627282,first,Jacob Cohen,1,0
A5023092535,W1530155851,first,Susan Folkman,1,0
A5045744709,W1554944419,first,Trevor Hastie,1,0
A5027340494,W1554944419,middle,Robert Tibshirani,0,1
A5020427483,W1554944419,last,Jerome H. Friedman,0,2
A5083819316,W2799061466,first,Norbert M. Seel,1,0
A5101501222,W1535803599,first,Amartya Sen,1,0
A5016175339,W1587026990,first,Hadley Wickham,1,0
A5015613005,W1516534262,first,Sharan B. Merriam,1,0
W1598602811-person-0,W1598602811,first,"Higgins, Julian P. T.",1,0
W1598602811-person-1,W1598602811,last,Cochrane Collaboration,0,1
A5018772991,W273955616,first,Andy Liaw,1,0
A5007077635,W273955616,last,Matthew C. Wiener,0,1
A5070300720,W1520428197,first,Susan L. Solomon,1,0
A5028291081,W1542932561,first,Louis Cohen,1,0
A5006593403,W1542932561,middle,Lawrence Manion,0,1
A5031795997,W1542932561,last,Keith Morrison,0,2
A5059921353,W1605824561,first,Kathy Charmaz,1,0
A5074798370,W2491458126,first,"Lakowicz, Joseph R.",1,0
A5050292858,W2161969291,first,N. Dalal,1,0
A5062363302,W2161969291,last,B. Triggs,0,1
A5058664442,W3145128584,first,Adhi Harmoko S,1,0
A5043692646,W3145128584,middle,M.Komp,0,1
A5027750329,W3145128584,middle,Joseph Marie Jacquard,0,2
A5041633309,W3145128584,middle,Konrad Zuse,0,3
A5044434940,W3145128584,last,Eniac,0,4
A5058995931,W1665332082,first,Rex B. Kline,1,0
A5042310818,W2164598857,first,P. Viola,1,0
A5064275902,W2164598857,last,M. Jones,0,1
A5065355421,W2296616510,first,David L. Donoho,1,0
A5000829187,W2052417512,first,George Lakoff,1,0
A5111759161,W2052417512,last,Mark Johnson,0,1
A5110057218,W2904250082,first,David E. Goldberg,1,0
A5112155211,W2904250082,last,William Shakespeare,0,1
A5102905570,W2152195021,first,J. Kennedy,1,0
A5109974163,W2152195021,last,R. Eberhart,0,1
A5058193542,W2145417574,first,Theodore S. Rappaport,1,0
A5078910140,W2101105183,first,Kishore Papineni,1,0
A5043396055,W2101105183,middle,Salim Roukos,0,1
A5039037597,W2101105183,middle,Todd Ward,0,2
A5111884032,W2101105183,last,Wei-Jing Zhu,0,3
A5025339678,W1539265701,first,John W. Creswell,1,0
A5055073921,W2099111195,first,Thomas M. Cover,1,0
A5110907440,W2099111195,last,Joy A. Thomas,0,1
A5109437770,W4299689471,first,David W. Hosmer,1,0
A5109125505,W4299689471,last,Stanley Lemeshow,0,1
A5113995631,W1607071030,first,Hermann Schlichting,1,0
W1607071030-person-1,W1607071030,last,Klaus Gersten,0,1
A5110186242,W1505626160,first,Mary Jane Ferraro,1,0
A5087188826,W2036149274,first,Barbara M. Byrne,1,0
A5018954657,W1780382453,first,Étienne Wenger,1,0
A5055202003,W2124386111,first,D.G. Lowe,1,0
A5074798370,W2129995310,first,Joseph R. Lakowicz,1,0
A5017221230,W1672766972,first,Craig F. Bohren,1,0
A5112803577,W1672766972,last,Donald R. Huffman,0,1
A5101924772,W1487923163,first,Richard G. Allen,1,0
A5078072128,W1487923163,middle,L. S. Pereira,0,1
A5015096976,W1487923163,middle,Dirk Raes,0,2
A5103638447,W1487923163,last,Martin Smith,0,3
A5022678891,W2124776405,first,Simon Haykin,1,0
A5025339678,W2028954902,first,John W. Creswell,1,0
A5018267399,W1673310716,first,Martin Ester,1,0
A5109848174,W1673310716,middle,Hans‐Peter Kriegel,0,1
A5021763337,W1673310716,middle,Jörg Sander,0,2
A5107791286,W1673310716,last,Xiaowei Xu,0,3
A5109036851,W2912565176,first,Lotfi A. Zadeh,1,0
A5037302894,W4388147587,first,Ikujiro Nonaka,1,0
A5011580708,W4388147587,last,Hirotaka Takeuchi,0,1
A5062753972,W2156909104,first,Vladimir N. Vapnik,1,0
A5108567924,W1995945562,first,Bradley Efron,1,0
A5027340494,W1995945562,last,R.J. Tibshirani,0,1
A5060805359,W1649645444,first,Erich Gamma,1,0
A5011041108,W1649645444,middle,Richard F. Helm,0,1
A5105988194,W1649645444,middle,Ralph E. Johnson,0,2
A5087818401,W1649645444,last,John Vlissides,0,3
A5111730431,W1763243278,first,P. Kundur,1,0
A5025339678,W1714723801,first,John W. Creswell,1,0
A5110328496,W2061901927,first,"Wasserman, Stanley",1,0
A5013955991,W2061901927,last,"Faust, Katherine",0,1
A5108567924,W3106889297,first,Bradley Efron,1,0
A5112584650,W3106889297,last,Robert J. Tibshirani,0,1
A5110271944,W2125055259,first,J. R. Quinlan,1,0
A5003709069,W3214833809,first,Michael Quinn Patton,1,0
A5102833882,W4301861531,first,P. McCullagh,1,0
A5032751929,W4301861531,last,J. A. Nelder,0,1
A5112152140,W2144634347,first,Joseph Sambrook,1,0
A5047742196,W2144634347,middle,Elisabeth Fritsch,0,1
A5091116725,W2144634347,last,Tom Maniatis,0,2
A5047232270,W4298091299,first,Kenneth A. Bollen,1,0
A5110057218,W1639032689,first,David E. Goldberg,1,0
A5108208924,W2159080219,first,Judea Pearl,1,0
A5078405221,W1965324089,first,Lennart Ljung,1,0
A5038084567,W1517229207,first,Icek Ajzen,1,0
A5004154542,W2052729098,first,Edward L. Deci,1,0
A5001390698,W2052729098,last,Richard M. Ryan,0,1
A5073752893,W2610857016,first,Roger A. Horn,1,0
A5111066366,W2610857016,last,Charles R. Johnson,0,1
A5112624486,W1527311855,first,Robert K. Yin,1,0
A5034980949,W1515810707,first,Anthony Giddens,1,0
A5111839356,W2170644967,first,David Kolb,1,0
A5020096432,W1484864026,first,Barbara G. Tabachnick,1,0
A5109157911,W1484864026,last,Linda S. Fidell,0,1
A5043324448,W2113076747,first,James C. Bezdek,1,0
A5081922410,W1855283887,first,Michael E. Porter,1,0
A5005657217,W1989157562,first,Allen J. Bard,1,0
A5110009578,W1989157562,last,Larry R. Faulkner,0,1
A5005989677,W1597750586,first,Michel Foucault,1,0
A5017781099,W1597750586,last,Colin Gordon,0,1
A5003709069,W115394847,first,Michael Quinn Patton,1,0
A5038084567,W1491644571,first,Icek Ajzen,1,0
A5065215114,W1491644571,last,Martin Fishbein,0,1
A5047995033,W2011039300,first,M. R. Garey,1,0
A5110866131,W2011039300,last,David S. Johnson,0,1
A5024399587,W2046002177,first,K. P. Huber,1,0
A5049036967,W2046002177,last,G. Herzberg,0,1
A5065215114,W2036389121,first,Martin Fishbein,1,0
A5038084567,W2036389121,last,Icek Ajzen,0,1
A5000234995,W158727920,first,Amos Tversky,1,0
A5111995000,W158727920,last,Daniel Kahneman,0,1
A5088668684,W2264742718,first,H. P. Grice,1,0
A5103177283,W1546783991,first,Jeffrey H Miller,1,0
A5033496466,W1607171655,first,Charles D. Spielberger,1,0
A5032812428,W1607171655,middle,Richard L. Gorsuch,0,1
A5028437506,W1607171655,last,Robert E. Lushene,0,2
A5021483327,W1720881856,first,John Bowlby,1,0
A5034798175,W1546962148,first,Robert R. Sokal,1,0
A5062254329,W1546962148,last,F. James Rohlf,0,1
A5110826490,W2752853835,first,Donald E. Knuth,1,0
A5017790958,W2282054059,first,S P Colowick,1,0
A5023440342,W2282054059,middle,M D Joshi,0,1
A5067992479,W2282054059,middle,Jagannathan,0,2
A5077951346,W2282054059,last,N O Kaplan,0,3
A5039601178,W2798456356,first,Albert Messiah,1,0
A5078798103,W1992897439,first,R. G. D. Steel,1,0
A5110138757,W1992897439,last,J. H. Torrie,0,1
A5110158417,W1591593323,first,John Crank,1,0
A5112140704,W1614549126,first,Sigmund Freud,1,0
A5005199063,W2002729176,first,H. S. Carslaw,1,0
A5029605479,W2002729176,last,J. C. Jaeger,0,1
