publication_id,keyword_id,keyword_name,score
W2108598243,computer-science,Computer science,0.8695341348648071
W2108598243,wordnet,WordNet,0.8275002241134644
W2108598243,hierarchy,Hierarchy,0.5417234897613525
W2108598243,cluster-analysis,Cluster analysis,0.5259278416633606
W2108598243,artificial-intelligence,Artificial intelligence,0.5181483030319214
W2108598243,information-retrieval,Information retrieval,0.5032419562339783
W2108598243,scale,Scale (ratio),0.5020468235015869
W2108598243,object,Object (grammar),0.500352144241333
W2108598243,image,Image (mathematics),0.47625064849853516
W2108598243,ontology,Ontology,0.4443924129009247
W2108598243,data-mining,Data mining,0.3922329545021057
W2108598243,machine-learning,Machine learning,0.325738787651062
W2108598243,pattern-recognition,Pattern recognition (psychology),0.3202351927757263
W3138516171,transformer,Transformer,0.7096699476242065
W3138516171,computer-science,Computer science,0.709116518497467
W3138516171,segmentation,Segmentation,0.5326670408248901
W3138516171,artificial-intelligence,Artificial intelligence,0.5039402842521667
W3138516171,computation,Computation,0.47424808144569397
W3138516171,pixel,Pixel,0.4375455975532532
W3138516171,architecture,Architecture,0.41989022493362427
W3138516171,image-segmentation,Image segmentation,0.41790586709976196
W3138516171,computer-vision,Computer vision,0.40671929717063904
W3138516171,algorithm,Algorithm,0.16333866119384766
W3138516171,engineering,Engineering,0.13118842244148254
W3138516171,voltage,Voltage,0.13036873936653137
W2167928095,management-science,Management science,0.5429688096046448
W2167928095,replication,Replication (statistics),0.49208754301071167
W2167928095,computer-science,Computer science,0.45989730954170227
W2167928095,organizational-theory,Organizational theory,0.456143856048584
W2167928095,empirical-research,Empirical research,0.45554110407829285
W2167928095,positive-economics,Positive economics,0.3555530905723572
W2167928095,knowledge-management,Knowledge management,0.3464924991130829
W2167928095,sociology,Sociology,0.3403385281562805
W2167928095,operations-research,Operations research,0.3294052183628082
W2167928095,economics,Economics,0.2781541347503662
W2167928095,epistemology,Epistemology,0.27712148427963257
W2167928095,management,Management,0.2686750590801239
W2167928095,engineering,Engineering,0.15455308556556702
W2167928095,mathematics,Mathematics,0.09848779439926147
W2081228936,organizational-culture,Organizational culture,0.6292597055435181
W2081228936,organizational-behavior,Organizational behavior,0.5184845328330994
W2081228936,cultural-values,Cultural values,0.44655105471611023
W2081228936,public-relations,Public relations,0.410265177488327
W2081228936,sociology,Sociology,0.3862811028957367
W2081228936,psychology,Psychology,0.37104737758636475
W2081228936,political-science,Political science,0.3683249354362488
W2081228936,management,Management,0.3453659117221832
W2081228936,business,Business,0.32710909843444824
W2081228936,social-psychology,Social psychology,0.3201479911804199
W2081228936,social-science,Social science,0.2201775312423706
W2081228936,economics,Economics,0.19454169273376465
W201578715,sensemaking,Sensemaking,0.9362108111381531
W201578715,sociology,Sociology,0.42476218938827515
W201578715,organizational-behavior,Organizational behavior,0.4113690257072449
W201578715,process-management,Process management,0.3751818537712097
W201578715,management,Management,0.36946770548820496
W201578715,business,Business,0.3515043258666992
W201578715,public-relations,Public relations,0.33662405610084534
W201578715,knowledge-management,Knowledge management,0.334760844707489
W201578715,engineering-ethics,Engineering ethics,0.32189327478408813
W201578715,political-science,Political science,0.2667267918586731
W201578715,engineering,Engineering,0.2091221809387207
W201578715,computer-science,Computer science,0.18412324786186218
W201578715,economics,Economics,0.11808937788009644
W2141951329,organizational-behavior,Organizational behavior,0.4660932123661041
W2141951329,sociology,Sociology,0.44821470975875854
W2141951329,management,Management,0.3690701127052307
W2141951329,economics,Economics,0.24469035863876343
W3123397884,organizational-behavior,Organizational behavior,0.44941645860671997
W3123397884,sociology,Sociology,0.4463486075401306
W3123397884,management,Management,0.349536657333374
W3123397884,economics,Economics,0.2251240313053131
W2133990480,computer-science,Computer science,0.773963451385498
W2133990480,workbench,Workbench,0.7535520195960999
W2133990480,data-science,Data science,0.5109173655509949
W2133990480,software,Software,0.5087793469429016
W2133990480,data-mining,Data mining,0.4788517951965332
W2133990480,open-source-software,Open source software,0.4678913652896881
W2133990480,world-wide-web,World Wide Web,0.4012964069843292
W2133990480,software-engineering,Software engineering,0.3339848220348358
W2133990480,operating-system,Operating system,0.1360885202884674
W2764347725,quantum-computer,Quantum computer,0.627932071685791
W2764347725,computer-science,Computer science,0.5772696137428284
W2764347725,quantum,Quantum,0.532921552658081
W2764347725,quantum-information,Quantum information,0.4741458594799042
W2764347725,computation,Computation,0.4532011151313782
W2764347725,theoretical-computer-science,Theoretical computer science,0.3802448511123657
W2764347725,programming-language,Programming language,0.27893513441085815
W2764347725,physics,Physics,0.1967219114303589
W2764347725,quantum-mechanics,Quantum mechanics,0.13351210951805115
W2153635508,computer-science,Computer science,0.9018539190292358
W2153635508,support-vector-machine,Support vector machine,0.7129232287406921
W2153635508,popularity,Popularity,0.6622347831726074
W2153635508,machine-learning,Machine learning,0.5552013516426086
W2153635508,artificial-intelligence,Artificial intelligence,0.5184590220451355
W2153635508,selection,Selection (genetic algorithm),0.5124928951263428
W2153635508,convergence,Convergence (economics),0.47850337624549866
W2153635508,multiclass-classification,Multiclass classification,0.42061424255371094
W2153635508,data-mining,Data mining,0.34050875902175903
W2167590372,ionic-radius,Ionic radius,0.8369654417037964
W2167590372,crystallography,Crystallography,0.6866428256034851
W2167590372,electronegativity,Electronegativity,0.6181147694587708
W2167590372,covalent-bond,Covalent bond,0.6044055223464966
W2167590372,ionic-bonding,Ionic bonding,0.6017544269561768
W2167590372,bond-length,Bond length,0.5712502598762512
W2167590372,delocalized-electron,Delocalized electron,0.5205681920051575
W2167590372,metal,Metal,0.5116334557533264
W2167590372,octahedron,Octahedron,0.5087319016456604
W2167590372,chemistry,Chemistry,0.489434152841568
W2167590372,coordination-number,Coordination number,0.47098609805107117
W2167590372,electron,Electron,0.4191923439502716
W2167590372,ion,Ion,0.36746513843536377
W2167590372,materials-science,Materials science,0.34974873065948486
W2167590372,crystal-structure,Crystal structure,0.16802912950515747
W2167590372,physics,Physics,0.16425812244415283
W2132454074,group,Group (periodic table),0.693602442741394
W2132454074,space,Space (punctuation),0.6718230247497559
W2132454074,space-group,Space group,0.5206865072250366
W2132454074,crystal-structure,Crystal structure,0.506614089012146
W2132454074,isotropy,Isotropy,0.4932333827018738
W2132454074,data-structure,Data structure,0.4782511293888092
W2132454074,unit,Unit (ring theory),0.47172608971595764
W2132454074,inversion,Inversion (geology),0.45875927805900574
W2132454074,reflection,Reflection (computer programming),0.44149380922317505
W2132454074,crystallography,Crystallography,0.4196999967098236
W2132454074,group-structure,Group structure,0.41143763065338135
W2132454074,mathematics,Mathematics,0.37295782566070557
W2132454074,computer-science,Computer science,0.3446301817893982
W2132454074,physics,Physics,0.3156608045101166
W2132454074,chemistry,Chemistry,0.18419474363327026
W2132454074,optics,Optics,0.1718992292881012
W2132454074,quantum-mechanics,Quantum mechanics,0.15690773725509644
W2132454074,diffraction,Diffraction,0.11329713463783264
W2132454074,x-ray-crystallography,X-ray crystallography,0.10617908835411072
W2131350133,phaser,Phaser,0.7482668161392212
W2131350133,computer-science,Computer science,0.7137467861175537
W2131350133,software,Software,0.5285099148750305
W2131350133,interface,Interface (matter),0.5080828666687012
W2131350133,software-engineering,Software engineering,0.3587818741798401
W2131350133,computational-science,Computational science,0.3565381169319153
W2131350133,programming-language,Programming language,0.16702380776405334
W2131350133,parallel-computing,Parallel computing,0.09456115961074829
W2131350133,engineering,Engineering,0.0943327248096466
W2148066840,simulated-annealing,Simulated annealing,0.7361748218536377
W2148066840,annealing,Annealing (glass),0.7063326835632324
W2148066840,computer-science,Computer science,0.47429850697517395
W2148066840,quantum-annealing,Quantum annealing,0.4676600992679596
W2148066840,algorithm,Algorithm,0.42796817421913147
W2148066840,mathematical-optimization,Mathematical optimization,0.37912020087242126
W2148066840,mathematics,Mathematics,0.30730849504470825
W2148066840,physics,Physics,0.2254394292831421
W2148066840,quantum-mechanics,Quantum mechanics,0.17952635884284973
W2148066840,thermodynamics,Thermodynamics,0.11487042903900146
W1969360633,computer-science,Computer science,0.6852735877037048
W1969360633,crystal-structure,Crystal structure,0.5937033891677856
W1969360633,file-format,File format,0.5746297836303711
W1969360633,data-structure,Data structure,0.5282788872718811
W1969360633,crystallography,Crystallography,0.5056142807006836
W1969360633,core,Core (optical fiber),0.48464614152908325
W1969360633,reflection,Reflection (computer programming),0.431610643863678
W1969360633,operating-system,Operating system,0.3216918110847473
W1969360633,programming-language,Programming language,0.19994020462036133
W1969360633,chemistry,Chemistry,0.10163632035255432
W2180229411,python,Python (programming language),0.807931661605835
W2180229411,computer-science,Computer science,0.714674711227417
W2180229411,automation,Automation,0.5735701322555542
W2180229411,graphics,Graphics,0.5545434951782227
W2180229411,software,Software,0.535729169845581
W2180229411,computational-science,Computational science,0.4070265293121338
W2180229411,algorithm,Algorithm,0.39991509914398193
W2180229411,software-engineering,Software engineering,0.358934611082077
W2180229411,programming-language,Programming language,0.2695217728614807
W2180229411,computer-graphics,Computer graphics (images),0.21209827065467834
W2180229411,engineering,Engineering,0.12776979804039001
W4248872320,computer-science,Computer science,0.6944277286529541
W4248872320,completeness,Completeness (order theory),0.6418664455413818
W4248872320,context,Context (archaeology),0.5693333745002747
W4248872320,pixel,Pixel,0.5530027151107788
W4248872320,rotation,Rotation (mathematics),0.527111828327179
W4248872320,artificial-intelligence,Artificial intelligence,0.5016107559204102
W4248872320,scaling,Scaling,0.4459880590438843
W4248872320,data-processing,Data processing,0.4402187168598175
W4248872320,representation,Representation (politics),0.41255998611450195
W4248872320,computer-vision,Computer vision,0.38158249855041504
W4248872320,mathematics,Mathematics,0.18239694833755493
W4248872320,database,Database,0.17891216278076172
W4248872320,geography,Geography,0.08324074745178223
W4248872320,geometry,Geometry,0.06565779447555542
W2124026197,computer-science,Computer science,0.73307204246521
W2124026197,scripting-language,Scripting language,0.6528394818305969
W2124026197,software,Software,0.6192662119865417
W2124026197,interface,Interface (matter),0.5340911746025085
W2124026197,human–computer-interaction,Human–computer interaction,0.5088815689086914
W2124026197,graphics,Graphics,0.4359610974788666
W2124026197,computer-graphics,Computer graphics (images),0.2843582034111023
W2124026197,programming-language,Programming language,0.22699525952339172
W2144081223,graphics,Graphics,0.7909897565841675
W2144081223,r-package,R package,0.5323327779769897
W2144081223,computer-science,Computer science,0.5249668955802917
W2144081223,molecular-graphics,Molecular graphics,0.4352743327617645
W2144081223,computer-graphics,Computer graphics,0.358842670917511
W2144081223,computational-science,Computational science,0.11540597677230835
W1995017064,computer-science,Computer science,0.7161784172058105
W1995017064,software,Software,0.5596204996109009
W1995017064,interface,Interface (matter),0.5282995700836182
W1995017064,source-code,Source code,0.5206829309463501
W1995017064,user-interface,User interface,0.4874765872955322
W1995017064,suite,Suite,0.43251746892929077
W1995017064,crystallography,Crystallography,0.37600067257881165
W1995017064,programming-language,Programming language,0.36838215589523315
W1995017064,computational-science,Computational science,0.3316771984100342
W1995017064,chemistry,Chemistry,0.20911049842834473
W2001641653,suite,Suite,0.904822587966919
W2001641653,unix,Unix,0.7837996482849121
W2001641653,subroutine,Subroutine,0.7767598628997803
W2001641653,computer-science,Computer science,0.7272747755050659
W2001641653,porting,Porting,0.7132301330566406
W2001641653,operating-system,Operating system,0.5333720445632935
W2001641653,variety,Variety (cybernetics),0.44504451751708984
W2001641653,programming-language,Programming language,0.44426336884498596
W2001641653,software,Software,0.17018452286720276
W2001641653,geography,Geography,0.09084725379943848
W2366536035,central-nervous-system,Central nervous system,0.5318906903266907
W2366536035,medicine,Medicine,0.39972400665283203
W2366536035,pathology,Pathology,0.3742324411869049
W2366536035,neuroscience,Neuroscience,0.33983534574508667
W2366536035,biology,Biology,0.31654566526412964
W2052742260,neuropil,Neuropil,0.844840407371521
W2052742260,senile-plaques,Senile plaques,0.8402742147445679
W2052742260,pathology,Pathology,0.6240928769111633
W2052742260,neurofibrillary-tangle,Neurofibrillary tangle,0.5595093369483948
W2052742260,entorhinal-cortex,Entorhinal cortex,0.5483898520469666
W2052742260,alzheimers-disease,Alzheimer's disease,0.545767605304718
W2052742260,cortex,Cortex (anatomy),0.5052183270454407
W2052742260,autopsy,Autopsy,0.4999411106109619
W2052742260,amyloid,Amyloid (mycology),0.4389289319515228
W2052742260,anatomy,Anatomy,0.4070495665073395
W2052742260,hippocampus,Hippocampus,0.40337589383125305
W2052742260,biology,Biology,0.33785778284072876
W2052742260,chemistry,Chemistry,0.3283136487007141
W2052742260,neuroscience,Neuroscience,0.30879244208335876
W2052742260,medicine,Medicine,0.18569040298461914
W2052742260,central-nervous-system,Central nervous system,0.11797016859054565
W2052742260,disease,Disease,0.10164228081703186
W2166281097,anxiety,Anxiety,0.7409211993217468
W2166281097,depression,Depression (economics),0.6812386512756348
W2166281097,hospital-anxiety-and-depression-scale,Hospital Anxiety and Depression Scale,0.5672159194946289
W2166281097,psychiatry,Psychiatry,0.5500208735466003
W2166281097,scale,Scale (ratio),0.5033630728721619
W2166281097,psychology,Psychology,0.46508923172950745
W2166281097,clinical-psychology,Clinical psychology,0.4646131098270416
W2166281097,outpatient-clinic,Outpatient clinic,0.4444262981414795
W2166281097,medicine,Medicine,0.3814036250114441
W2140918013,public-relations,Public relations,0.43504226207733154
W2140918013,sociology,Sociology,0.39976152777671814
W2140918013,business,Business,0.3814515471458435
W2140918013,political-science,Political science,0.35844337940216064
W2140918013,knowledge-management,Knowledge management,0.3441144824028015
W2140918013,computer-science,Computer science,0.2844001352787018
W2108795964,absorptive-capacity,Absorptive capacity,0.8982901573181152
W2108795964,perspective,Perspective (graphical),0.6862170696258545
W2108795964,knowledge-management,Knowledge management,0.4511805772781372
W2108795964,psychology,Psychology,0.3962953984737396
W2108795964,sociology,Sociology,0.3568878173828125
W2108795964,computer-science,Computer science,0.2379325032234192
W2108795964,artificial-intelligence,Artificial intelligence,0.11944073438644409
W2135732933,solubility,Solubility,0.8773416876792908
W2135732933,drug-discovery,Drug discovery,0.6712460517883301
W2135732933,thermodynamics,Thermodynamics,0.48660576343536377
W2135732933,chemistry,Chemistry,0.46680760383605957
W2135732933,permeability,Permeability (electromagnetism),0.44944432377815247
W2135732933,computational-chemistry,Computational chemistry,0.32412219047546387
W2135732933,physics,Physics,0.19652637839317322
W2135732933,organic-chemistry,Organic chemistry,0.17582908272743225
W2061438946,differential-evolution,Differential evolution,0.5487717390060425
W2061438946,cuckoo-search,Cuckoo search,0.5272573232650757
W2061438946,particle-swarm-optimization,Particle swarm optimization,0.5148955583572388
W2061438946,mathematical-optimization,Mathematical optimization,0.5065826177597046
W2061438946,evolutionary-algorithm,Evolutionary algorithm,0.43350738286972046
W2061438946,computer-science,Computer science,0.41311225295066833
W2061438946,algorithm,Algorithm,0.3820435106754303
W2061438946,mathematics,Mathematics,0.3054293990135193
W4214907476,psychology,Psychology,0.5764628052711487
W4214907476,applied-psychology,Applied psychology,0.40343260765075684
W2061977616,competitive-advantage,Competitive advantage,0.8932385444641113
W2061977616,industrial-organization,Industrial organization,0.7018531560897827
W2061977616,business,Business,0.6204040050506592
W2061977616,resource,Resource (disambiguation),0.596855878829956
W2061977616,resource-based-view,Resource-based view,0.5154460072517395
W2061977616,strategic-management,Strategic management,0.4905065894126892
W2061977616,value,Value (mathematics),0.447244793176651
W2061977616,marketing,Marketing,0.21004843711853027
W2061977616,computer-science,Computer science,0.10874900221824646
W1993663609,rationalization,Rationalization (economics),0.817317008972168
W1993663609,ambiguity,Ambiguity,0.7525370121002197
W1993663609,normative,Normative,0.6920415163040161
W1993663609,bureaucracy,Bureaucracy,0.6704528331756592
W1993663609,organizational-field,Organizational field,0.6290954947471619
W1993663609,rationality,Rationality,0.5728327035903931
W1993663609,professionalization,Professionalization,0.5563039779663086
W1993663609,isomorphism,Isomorphism (crystallography),0.5352804064750671
W1993663609,field,Field (mathematics),0.4302327036857605
W1993663609,positive-economics,Positive economics,0.4161759614944458
W1993663609,political-science,Political science,0.4131964147090912
W1993663609,sociology,Sociology,0.4009392261505127
W1993663609,institutional-logic,Institutional logic,0.3067397475242615
W1993663609,politics,Politics,0.23880824446678162
W1993663609,economics,Economics,0.21094149351119995
W1993663609,social-science,Social science,0.14803588390350342
W1993663609,computer-science,Computer science,0.1125372052192688
W1993663609,law,Law,0.09882846474647522
W2069687969,citation,Citation,0.6503217220306396
W2069687969,library-science,Library science,0.5127831101417542
W2069687969,state,State (computer science),0.4317138195037842
W2069687969,mathematics,Mathematics,0.40376016497612
W2069687969,statistics,Statistics,0.36058294773101807
W2069687969,sociology,Sociology,0.3487885296344757
W2069687969,computer-science,Computer science,0.34398341178894043
W2069687969,operations-research,Operations research,0.3382824659347534
W2069687969,combinatorics,Combinatorics,0.32389742136001587
W2069687969,algorithm,Algorithm,0.14431187510490417
W1974097079,turbulence-modeling,Turbulence modeling,0.8301929235458374
W1974097079,turbulence,Turbulence,0.7386213541030884
W1974097079,k-epsilon-turbulence-model,K-epsilon turbulence model,0.526726484298706
W1974097079,mechanics,Mechanics,0.5125184059143066
W1974097079,k-omega-turbulence-model,K-omega turbulence model,0.47236496210098267
W1974097079,viscosity,Viscosity,0.45003741979599
W1974097079,physics,Physics,0.4346398711204529
W1974097079,large-eddy-simulation,Large eddy simulation,0.41742756962776184
W1974097079,aerospace-engineering,Aerospace engineering,0.3592539429664612
W1974097079,statistical-physics,Statistical physics,0.3479582667350769
W1974097079,classical-mechanics,Classical mechanics,0.3320123553276062
W1974097079,meteorology,Meteorology,0.3225395679473877
W1974097079,engineering,Engineering,0.2517321705818176
W1974097079,thermodynamics,Thermodynamics,0.19352024793624878
W2115017507,dementia,Dementia,0.7063384056091309
W2115017507,disease,Disease,0.6606549024581909
W2115017507,alzheimers-disease,Alzheimer's disease,0.5829137563705444
W2115017507,association,Association (psychology),0.5364232063293457
W2115017507,medicine,Medicine,0.48294752836227417
W2115017507,gerontology,Gerontology,0.4400528073310852
W2115017507,psychiatry,Psychiatry,0.4256120026111603
W2115017507,psychology,Psychology,0.3788122534751892
W2115017507,pathology,Pathology,0.11335423588752747
W2115017507,psychotherapist,Psychotherapist,0.05996674299240112
W3121131820,free-cash-flow,Free cash flow,0.7890591621398926
W3121131820,agency-cost,Agency cost,0.6142597794532776
W3121131820,shareholder,Shareholder,0.5858293175697327
W3121131820,cash-flow-statement,Cash flow statement,0.5576822757720947
W3121131820,business,Business,0.5238161683082581
W3121131820,incentive,Incentive,0.5223925113677979
W3121131820,debt,Debt,0.5064033269882202
W3121131820,cash-management,Cash management,0.5004787445068359
W3121131820,monetary-economics,Monetary economics,0.5002973079681396
W3121131820,cash-flow-forecasting,Cash flow forecasting,0.49857139587402344
W3121131820,cash-flow,Cash flow,0.4979991912841797
W3121131820,operating-cash-flow,Operating cash flow,0.4925294816493988
W3121131820,finance,Finance,0.4865216612815857
W3121131820,economics,Economics,0.4399719834327698
W3121131820,dividend,Dividend,0.4321134686470032
W3121131820,cash,Cash,0.4241178035736084
W3121131820,corporate-governance,Corporate governance,0.30170875787734985
W3121131820,microeconomics,Microeconomics,0.2117232084274292
W2136931384,clinical-microbiology,Clinical microbiology,0.7027233242988586
W2136931384,library-science,Library science,0.5205844044685364
W2136931384,medicine,Medicine,0.506538987159729
W2136931384,family-medicine,Family medicine,0.3478183150291443
W2136931384,microbiology,Microbiology,0.11922433972358704
W2136931384,computer-science,Computer science,0.102297842502594
W2136931384,biology,Biology,0.09454643726348877
W2114004260,phosphomolybdic-acid,Phosphomolybdic acid,0.967826247215271
W2114004260,reagent,Reagent,0.8544366359710693
W2114004260,gallic-acid,Gallic acid,0.8208861351013184
W2114004260,chemistry,Chemistry,0.8188872337341309
W2114004260,phosphotungstic-acid,Phosphotungstic acid,0.8186390995979309
W2114004260,tannin,Tannin,0.7918031215667725
W2114004260,colorimetry,Colorimetry,0.7869280576705933
W2114004260,chromatography,Chromatography,0.6349275708198547
W2114004260,organic-chemistry,Organic chemistry,0.26256808638572693
W2114004260,food-science,Food science,0.20787131786346436
W2256756668,simple,Simple (philosophy),0.686863362789154
W2256756668,epidemiology,Epidemiology,0.5102498531341553
W2256756668,classics,Classics,0.4505220353603363
W2256756668,medicine,Medicine,0.43019527196884155
W2256756668,medline,MEDLINE,0.42769432067871094
W2256756668,history,History,0.39667558670043945
W2256756668,library-science,Library science,0.37794774770736694
W2256756668,philosophy,Philosophy,0.1876002550125122
W2256756668,computer-science,Computer science,0.17249733209609985
W2256756668,internal-medicine,Internal medicine,0.14508363604545593
W2256756668,political-science,Political science,0.10537222027778625
W2256756668,epistemology,Epistemology,0.0853869616985321
W2256756668,law,Law,0.06144055724143982
W1631356911,physics,Physics,0.9139736890792847
W1631356911,quantum-computer,Quantum computer,0.558157205581665
W1631356911,quantum-information,Quantum information,0.5341735482215881
W1631356911,quantum-mechanics,Quantum mechanics,0.5161031484603882
W1631356911,computation,Computation,0.5018930435180664
W1631356911,open-quantum-system,Open quantum system,0.49997639656066895
W1631356911,quantum,Quantum,0.47939443588256836
W1631356911,theoretical-physics,Theoretical physics,0.4611167907714844
W1631356911,quantum-technology,Quantum technology,0.45902568101882935
W1631356911,quantum-operation,Quantum operation,0.42423075437545776
W1631356911,statistical-physics,Statistical physics,0.33412718772888184
W1631356911,algorithm,Algorithm,0.09987056255340576
W2078206416,physics,Physics,0.890301525592804
W2078206416,fractal,Fractal,0.7837742567062378
W2078206416,geometry,Geometry,0.5814701914787292
W2078206416,classical-mechanics,Classical mechanics,0.412391722202301
W2078206416,theoretical-physics,Theoretical physics,0.3326770067214966
W2078206416,mathematical-analysis,Mathematical analysis,0.27390390634536743
W2078206416,mathematics,Mathematics,0.08200335502624512
W2120062331,physics,Physics,0.8969196081161499
W2120062331,theoretical-physics,Theoretical physics,0.3865395486354828
W2120062331,applied-mathematics,Applied mathematics,0.326338529586792
W2120062331,statistical-physics,Statistical physics,0.3229372799396515
W1974085346,diffractometer,Diffractometer,0.8830611705780029
W1974085346,diffraction,Diffraction,0.8247244358062744
W1974085346,materials-science,Materials science,0.6204698085784912
W1974085346,x-ray-crystallography,X-ray crystallography,0.5710930228233337
W1974085346,powder-diffraction,Powder diffraction,0.5081501007080078
W1974085346,optics,Optics,0.4875189960002899
W1974085346,crystallite,Crystallite,0.44685015082359314
W1974085346,crystallography,Crystallography,0.43649911880493164
W1974085346,selected-area-diffraction,Selected area diffraction,0.410694420337677
W1974085346,chemistry,Chemistry,0.23852336406707764
W1974085346,crystal-structure,Crystal structure,0.22211629152297974
W1974085346,physics,Physics,0.14452821016311646
W2056722718,physics,Physics,0.9457934498786926
W2056722718,state,State (computer science),0.448927104473114
W2056722718,physics-education,Physics education,0.43308234214782715
W2056722718,theoretical-physics,Theoretical physics,0.40804386138916016
W2056722718,statistical-physics,Statistical physics,0.3535330295562744
W2056722718,engineering-physics,Engineering physics,0.3471045196056366
W2056722718,nuclear-physics,Nuclear physics,0.32715147733688354
W2056722718,quantum-mechanics,Quantum mechanics,0.20378676056861877
W2116839388,medicine,Medicine,0.5431806445121765
W2116839388,injury-prevention,Injury prevention,0.43393275141716003
W2116839388,environmental-health,Environmental health,0.4317711293697357
W2116839388,childhood-abuse,Childhood abuse,0.4277122914791107
W2116839388,poison-control,Poison control,0.3955274522304535
W2116839388,psychiatry,Psychiatry,0.36384904384613037
W2116839388,child-abuse,Child abuse,0.3292093276977539
W2127951128,medicine,Medicine,0.9656769037246704
W2127951128,pulmonary-disease,Pulmonary disease,0.8013339042663574
W2127951128,copd,COPD,0.6485558748245239
W2127951128,intensive-care-medicine,Intensive care medicine,0.6456799507141113
W2127951128,disease-management,Disease management,0.5511153340339661
W2127951128,management-strategy,Management strategy,0.4185114800930023
W2127951128,disease,Disease,0.34827229380607605
W2127951128,internal-medicine,Internal medicine,0.2381497323513031
W3123534837,social-capital,Social capital,0.6553786396980286
W3123534837,business,Business,0.5769056081771851
W3123534837,human-capital,Human capital,0.44676271080970764
W3123534837,financial-capital,Financial capital,0.4269885718822479
W3123534837,capital,Capital (architecture),0.42698344588279724
W3123534837,natural-resource-economics,Natural resource economics,0.32543954253196716
W3123534837,economics,Economics,0.2877015471458435
W3123534837,market-economy,Market economy,0.23361483216285706
W3123534837,sociology,Sociology,0.1320435106754303
W3123534837,geography,Geography,0.10402312874794006
W3123534837,social-science,Social science,0.08973640203475952
W3123534837,archaeology,Archaeology,0.055479079484939575
W3022339544,embeddedness,Embeddedness,0.9109874963760376
W3022339544,action,Action (physics),0.7287096381187439
W3022339544,economics,Economics,0.36510002613067627
W3022339544,economic-system,Economic system,0.3359956443309784
W3022339544,business,Business,0.327888548374176
W3022339544,sociology,Sociology,0.2670701742172241
W3022339544,social-science,Social science,0.10340741276741028
W3022339544,physics,Physics,0.04742202162742615
W1965278510,ceremony,Ceremony,0.7878361940383911
W1965278510,mythology,Mythology,0.7069830894470215
W1965278510,psychology,Psychology,0.32959842681884766
W1965278510,art,Art,0.2169988453388214
W1965278510,philosophy,Philosophy,0.16977643966674805
W1965278510,theology,Theology,0.11679893732070923
W1965278510,literature,Literature,0.10239124298095703
W2109469951,business,Business,0.39281168580055237
W2144846366,economics,Economics,0.4020202159881592
W2144846366,psychology,Psychology,0.3405614495277405
W2144846366,mathematical-economics,Mathematical economics,0.33785608410835266
W4247665917,psychology,Psychology,0.502825915813446
W4247665917,classification-of-mental-disorders,Classification of mental disorders,0.44724905490875244
W4247665917,diagnostic-classification-of-mental-health-and-developmental-disorders-of-infancy-and-early-childhood,Diagnostic Classification of Mental Health and Developmental Disorders of Infancy and Early Childhood,0.4145171344280243
W4247665917,psychiatry,Psychiatry,0.27419495582580566
W4247665917,mental-health,Mental health,0.17117249965667725
W4247665917,prevalence-of-mental-disorders,Prevalence of mental disorders,0.155491441488266
W4281687410,classification-of-mental-disorders,Classification of mental disorders,0.5486657023429871
W4281687410,psychology,Psychology,0.5070385932922363
W4281687410,diagnostic-classification-of-mental-health-and-developmental-disorders-of-infancy-and-early-childhood,Diagnostic Classification of Mental Health and Developmental Disorders of Infancy and Early Childhood,0.4582977890968323
W4281687410,psychiatry,Psychiatry,0.37562820315361023
W4281687410,prevalence-of-mental-disorders,Prevalence of mental disorders,0.2175968587398529
W4281687410,mental-health,Mental health,0.19162505865097046
W4242883546,facilitation,Facilitation,0.7403156757354736
W4242883546,psychology,Psychology,0.7242392897605896
W4242883546,self-determination-theory,Self-determination theory,0.6613419055938721
W4242883546,intrinsic-motivation,Intrinsic motivation,0.6050444841384888
W4242883546,social-facilitation,Social facilitation,0.5812000036239624
W4242883546,goal-theory,Goal theory,0.5097338557243347
W4242883546,social-psychology,Social psychology,0.5037190318107605
W4242883546,cognitive-evaluation-theory,Cognitive evaluation theory,0.44368162751197815
W4242883546,cognitive-psychology,Cognitive psychology,0.3935108780860901
W4242883546,developmental-psychology,Developmental psychology,0.3332696557044983
W4242883546,neuroscience,Neuroscience,0.12277865409851074
W4242883546,political-science,Political science,0.09877002239227295
W4242883546,autonomy,Autonomy,0.08015981316566467
W2141846678,self-determination-theory,Self-determination theory,0.8206930756568909
W2141846678,psychology,Psychology,0.7758462429046631
W2141846678,autonomy,Autonomy,0.669582188129425
W2141846678,competence,Competence (human resources),0.6588958501815796
W2141846678,intrinsic-motivation,Intrinsic motivation,0.6152260303497314
W2141846678,social-psychology,Social psychology,0.5736728310585022
W2141846678,cognitive-evaluation-theory,Cognitive evaluation theory,0.4870312809944153
W2141846678,facilitation,Facilitation,0.4579429030418396
W2141846678,function,Function (biology),0.4474214017391205
W2141846678,maslows-hierarchy-of-needs,Maslow's hierarchy of needs,0.43472588062286377
W2141846678,self-actualization,Self-actualization,0.4202621877193451
W3123282572,rationality,Rationality,0.8016607761383057
W3123282572,isomorphism,Isomorphism (crystallography),0.7779868841171265
W3123282572,organizational-field,Organizational field,0.51263827085495
W3123282572,cage,Cage,0.4864477813243866
W3123282572,sociology,Sociology,0.3930862545967102
W3123282572,political-science,Political science,0.37448593974113464
W3123282572,business,Business,0.33581268787384033
W3123282572,institutional-theory,Institutional theory,0.31557056307792664
W3123282572,mathematics,Mathematics,0.22124305367469788
W3123282572,combinatorics,Combinatorics,0.11619582772254944
W3123282572,social-science,Social science,0.10500025749206543
W3123282572,law,Law,0.09800127148628235
W3123282572,chemistry,Chemistry,0.07580229640007019
W3123282572,crystal-structure,Crystal structure,0.06835323572158813
W2073506374,sociology,Sociology,0.6892155408859253
W2073506374,social-reality,Social reality,0.5404444932937622
W2073506374,sociology-of-knowledge,Sociology of knowledge,0.5385341048240662
W2073506374,epistemology,Epistemology,0.46002355217933655
W2073506374,social-constructionism,Social constructionism,0.41074106097221375
W2073506374,social-science,Social science,0.38904932141304016
W2073506374,philosophy,Philosophy,0.1700153946876526
W2044950274,everyday-life,Everyday life,0.692955732345581
W2044950274,presentation,Presentation (obstetrics),0.6917886137962341
W2044950274,psychology,Psychology,0.5391661524772644
W2044950274,sociology,Sociology,0.33940261602401733
W2044950274,epistemology,Epistemology,0.15011444687843323
W2044950274,medicine,Medicine,0.085181325674057
W2044950274,philosophy,Philosophy,0.07465189695358276
W2075435443,chemistry,Chemistry,0.9684557914733887
W2075435443,reagent,Reagent,0.8227925896644592
W2075435443,ammonium-molybdate,Ammonium molybdate,0.7972795963287354
W2075435443,antimony,Antimony,0.7207275629043579
W2075435443,molybdate,Molybdate,0.7146581411361694
W2075435443,ascorbic-acid,Ascorbic acid,0.7104953527450562
W2075435443,phosphate,Phosphate,0.7078948020935059
W2075435443,molybdenum-blue,Molybdenum blue,0.6689735651016235
W2075435443,nuclear-chemistry,Nuclear chemistry,0.5876748561859131
W2075435443,phosphorus,Phosphorus,0.5207062363624573
W2075435443,ammonium,Ammonium,0.5024313926696777
W2075435443,inorganic-chemistry,Inorganic chemistry,0.38213852047920227
W2075435443,zinc,Zinc,0.30691927671432495
W2075435443,organic-chemistry,Organic chemistry,0.09634003043174744
W2075435443,food-science,Food science,0.06418800354003906
W2165292984,chemistry,Chemistry,0.8343204259872437
W2165292984,ferrous,Ferrous,0.7395555973052979
W2165292984,ferric,Ferric,0.7255200743675232
W2165292984,antioxidant,Antioxidant,0.7154402732849121
W2165292984,ascorbic-acid,Ascorbic acid,0.6390289068222046
W2165292984,chromatography,Chromatography,0.6362595558166504
W2165292984,absorbance,Absorbance,0.6029626131057739
W2165292984,uric-acid,Uric acid,0.5894112586975098
W2165292984,trolox,Trolox,0.5425939559936523
W2165292984,ferric-reducing-ability-of-plasma,Ferric reducing ability of plasma,0.5081686973571777
W2165292984,reagent,Reagent,0.4290812611579895
W2165292984,oxygen-radical-absorbance-capacity,Oxygen radical absorbance capacity,0.41931167244911194
W2165292984,biochemistry,Biochemistry,0.373981237411499
W2165292984,food-science,Food science,0.3629024028778076
W2165292984,dpph,DPPH,0.30568844079971313
W2165292984,inorganic-chemistry,Inorganic chemistry,0.16085639595985413
W2165292984,antioxidant-capacity,Antioxidant capacity,0.15479278564453125
W2165292984,organic-chemistry,Organic chemistry,0.1280895173549652
W2314225431,cloning,Cloning (programming),0.6579941511154175
W2314225431,computational-biology,Computational biology,0.5747970938682556
W2314225431,molecular-cloning,Molecular cloning,0.4280606210231781
W2314225431,biology,Biology,0.36210745573043823
W2314225431,genetics,Genetics,0.28011149168014526
W2314225431,computer-science,Computer science,0.2798805832862854
W2314225431,gene,Gene,0.1197633147239685
W2314225431,programming-language,Programming language,0.10340029001235962
W2314225431,complementary-dna,Complementary DNA,0.06986689567565918
W1856219842,environmental-science,Environmental science,0.5426855087280273
W1856219842,wastewater,Wastewater,0.503692090511322
W1856219842,waste-management,Waste management,0.45931413769721985
W1856219842,environmental-chemistry,Environmental chemistry,0.3953712582588196
W1856219842,chemistry,Chemistry,0.3910484313964844
W1856219842,pulp-and-paper-industry,Pulp and paper industry,0.3697921335697174
W1856219842,environmental-engineering,Environmental engineering,0.19008690118789673
W1856219842,engineering,Engineering,0.13836213946342468
W4294216491,rna-extraction,RNA extraction,0.8508381843566895
W4294216491,chloroform,Chloroform,0.8494598269462585
W4294216491,phenol,Phenol,0.7353430986404419
W4294216491,extraction,Extraction (chemistry),0.7104964852333069
W4294216491,chemistry,Chemistry,0.699091911315918
W4294216491,thiocyanate,Thiocyanate,0.679770827293396
W4294216491,chromatography,Chromatography,0.6696425676345825
W4294216491,rna,RNA,0.6639275550842285
W4294216491,isolation,Isolation (microbiology),0.491384893655777
W4294216491,phenol-extraction,Phenol extraction,0.4877637028694153
W4294216491,yield,Yield (engineering),0.417153000831604
W4294216491,biochemistry,Biochemistry,0.4121885895729065
W4294216491,organic-chemistry,Organic chemistry,0.25570976734161377
W4294216491,biology,Biology,0.17152255773544312
W4294216491,bioinformatics,Bioinformatics,0.059410035610198975
W4294216491,materials-science,Materials science,0.04611197113990784
W4294216491,gene,Gene,0.044563621282577515
W2134812217,rna-extraction,RNA extraction,0.8505454063415527
W2134812217,chloroform,Chloroform,0.8226078748703003
W2134812217,extraction,Extraction (chemistry),0.7135711908340454
W2134812217,phenol,Phenol,0.7086870670318604
W2134812217,chemistry,Chemistry,0.6599142551422119
W2134812217,rna,RNA,0.652883768081665
W2134812217,thiocyanate,Thiocyanate,0.6181289553642273
W2134812217,chromatography,Chromatography,0.6144527196884155
W2134812217,isolation,Isolation (microbiology),0.4713805615901947
W2134812217,phenol-extraction,Phenol extraction,0.46227437257766724
W2134812217,yield,Yield (engineering),0.421420693397522
W2134812217,biochemistry,Biochemistry,0.3827414810657501
W2134812217,organic-chemistry,Organic chemistry,0.24929141998291016
W2134812217,biology,Biology,0.17724883556365967
W2134812217,bioinformatics,Bioinformatics,0.06280118227005005
W2134812217,materials-science,Materials science,0.05932033061981201
W4232534952,biuret-test,Biuret test,0.9723998308181763
W4232534952,reagent,Reagent,0.9099305868148804
W4232534952,bicinchoninic-acid-assay,Bicinchoninic acid assay,0.8736664652824402
W4232534952,chemistry,Chemistry,0.7711400985717773
W4232534952,chromophore,Chromophore,0.6589916348457336
W4232534952,salt,Salt (chemistry),0.5984174013137817
W4232534952,chromatography,Chromatography,0.5781879425048828
W4232534952,bradford-protein-assay,Bradford protein assay,0.477450430393219
W4232534952,lowry-protein-assay,Lowry protein assay,0.4725101888179779
W4232534952,colorimetric-analysis,Colorimetric analysis,0.41034573316574097
W4232534952,inorganic-chemistry,Inorganic chemistry,0.336311936378479
W4232534952,organic-chemistry,Organic chemistry,0.1700301170349121
W4232534952,urea,Urea,0.07859277725219727
W2014669590,endonuclease,Endonuclease,0.6668758988380432
W2014669590,dna,DNA,0.665182888507843
W2014669590,restriction-enzyme,Restriction enzyme,0.6621165871620178
W2014669590,agarose,Agarose,0.6039363741874695
W2014669590,oligonucleotide,Oligonucleotide,0.5938535928726196
W2014669590,chemistry,Chemistry,0.5854471921920776
W2014669590,molecular-biology,Molecular biology,0.5688824653625488
W2014669590,dna-polymerase,DNA polymerase,0.5521650314331055
W2014669590,dna-clamp,DNA clamp,0.47119995951652527
W2014669590,polymerase,Polymerase,0.41452014446258545
W2014669590,polymerase-chain-reaction,Polymerase chain reaction,0.3887684941291809
W2014669590,biochemistry,Biochemistry,0.3792566955089569
W2014669590,biology,Biology,0.2658216655254364
W2014669590,reverse-transcriptase,Reverse transcriptase,0.10900455713272095
W2014669590,gene,Gene,0.09666985273361206
W1983310681,thiobarbituric-acid,Thiobarbituric acid,0.8895710706710815
W1983310681,chemistry,Chemistry,0.8861873745918274
W1983310681,lipid-peroxide,Lipid peroxide,0.7621883749961853
W1983310681,peroxide,Peroxide,0.6472137570381165
W1983310681,chromatography,Chromatography,0.5675501823425293
W1983310681,carbon-tetrachloride,Carbon tetrachloride,0.552129864692688
W1983310681,peroxide-value,Peroxide value,0.5364435911178589
W1983310681,malondialdehyde,Malondialdehyde,0.5355019569396973
W1983310681,absorbance,Absorbance,0.5166809558868408
W1983310681,lipid-oxidation,Lipid oxidation,0.4851034879684448
W1983310681,hydrogen-peroxide,Hydrogen peroxide,0.41724228858947754
W1983310681,biochemistry,Biochemistry,0.3265616297721863
W1983310681,organic-chemistry,Organic chemistry,0.29884496331214905
W1983310681,lipid-peroxidation,Lipid peroxidation,0.28261035680770874
W1983310681,antioxidant,Antioxidant,0.15580639243125916
W2128635872,chemistry,Chemistry,0.8466570973396301
W2128635872,coomassie-brilliant-blue,Coomassie Brilliant Blue,0.8333386182785034
W2128635872,chromatography,Chromatography,0.7219492197036743
W2128635872,bradford-protein-assay,Bradford protein assay,0.6462738513946533
W2128635872,sodium-dodecyl-sulfate,Sodium dodecyl sulfate,0.5595735311508179
W2128635872,sodium,Sodium,0.4677101969718933
W2128635872,absorption,Absorption (acoustics),0.453016072511673
W2128635872,organic-chemistry,Organic chemistry,0.12468421459197998
W4293247451,chemistry,Chemistry,0.8462104797363281
W4293247451,coomassie-brilliant-blue,Coomassie Brilliant Blue,0.8358038067817688
W4293247451,chromatography,Chromatography,0.7369446754455566
W4293247451,bradford-protein-assay,Bradford protein assay,0.6424295902252197
W4293247451,sodium-dodecyl-sulfate,Sodium dodecyl sulfate,0.5716386437416077
W4293247451,sodium,Sodium,0.47814714908599854
W4293247451,absorption,Absorption (acoustics),0.4441903829574585
W4293247451,colorimetry,Colorimetry,0.4123152494430542
W4293247451,microgram,Microgram,0.41066303849220276
W4293247451,biochemistry,Biochemistry,0.26399409770965576
W4293247451,organic-chemistry,Organic chemistry,0.1287490725517273
W2298230951,citation,Citation,0.7085047364234924
W2298230951,icon,Icon,0.7047480344772339
W2298230951,altmetrics,Altmetrics,0.6904718279838562
W2298230951,social-media,Social media,0.6109819412231445
W2298230951,computer-science,Computer science,0.5780969858169556
W2298230951,information-retrieval,Information retrieval,0.438734233379364
W2298230951,citation-analysis,Citation analysis,0.43054503202438354
W2298230951,world-wide-web,World Wide Web,0.3383631706237793
W2298230951,library-science,Library science,0.3295031785964966
W2109606373,citation,Citation,0.6373572945594788
W2109606373,icon,Icon,0.6341367363929749
W2109606373,social-media,Social media,0.6029196977615356
W2109606373,computer-science,Computer science,0.5990431308746338
W2109606373,altmetrics,Altmetrics,0.5187985301017761
W2109606373,smoothing,Smoothing,0.45297402143478394
W2109606373,information-retrieval,Information retrieval,0.4491186738014221
W2109606373,data-science,Data science,0.35007911920547485
W2109606373,world-wide-web,World Wide Web,0.2686097025871277
W2009674410,citation,Citation,0.7536274194717407
W2009674410,altmetrics,Altmetrics,0.6892175674438477
W2009674410,icon,Icon,0.6167577505111694
W2009674410,computer-science,Computer science,0.5565134882926941
W2009674410,social-media,Social media,0.5004532337188721
W2009674410,information-retrieval,Information retrieval,0.4186820685863495
W2009674410,world-wide-web,World Wide Web,0.3610835373401642
W1968834637,citation,Citation,0.7259050607681274
W1968834637,icon,Icon,0.6848458051681519
W1968834637,altmetrics,Altmetrics,0.6762385368347168
W1968834637,social-media,Social media,0.5959833860397339
W1968834637,computer-science,Computer science,0.5502746105194092
W1968834637,information-retrieval,Information retrieval,0.47126293182373047
W1968834637,library-science,Library science,0.34398365020751953
W1968834637,world-wide-web,World Wide Web,0.3237406015396118
W593898368,humanities,Humanities,0.5514250993728638
W593898368,political-science,Political science,0.4394562542438507
W593898368,sociology,Sociology,0.4132738709449768
W593898368,art,Art,0.17338645458221436
W1584697775,psychology,Psychology,0.472486674785614
W1584697775,meaning,Meaning (existential),0.4681644141674042
W1584697775,psychoanalysis,Psychoanalysis,0.46524038910865784
W1584697775,consciousness,Consciousness,0.44892004132270813
W1584697775,the-arts,The arts,0.416287899017334
W1584697775,human-science,Human science,0.41329193115234375
W1584697775,history-of-psychology,History of psychology,0.4103314280509949
W1584697775,sociology,Sociology,0.2955731153488159
W1584697775,social-science,Social science,0.25825053453445435
W1584697775,art,Art,0.13094007968902588
W2891378911,checklist,Checklist,0.8808916807174683
W2891378911,systematic-review,Systematic review,0.7916669845581055
W2891378911,terminology,Terminology,0.6444637775421143
W2891378911,medicine,Medicine,0.5868179202079773
W2891378911,guideline,Guideline,0.527173638343811
W2891378911,health-care,Health care,0.43670088052749634
W2891378911,quality,Quality (philosophy),0.43310436606407166
W2891378911,medical-education,Medical education,0.41545921564102173
W2891378911,medline,MEDLINE,0.38614749908447266
W2891378911,management-science,Management science,0.3798329830169678
W2891378911,knowledge-management,Knowledge management,0.36066341400146484
W2891378911,process-management,Process management,0.34307581186294556
W2891378911,psychology,Psychology,0.24006125330924988
W2891378911,computer-science,Computer science,0.22816473245620728
W2891378911,engineering,Engineering,0.12582725286483765
W2155965977,renal-function,Renal function,0.8239548206329346
W2155965977,medicine,Medicine,0.8041012287139893
W2155965977,national-health-and-nutrition-examination-survey,National Health and Nutrition Examination Survey,0.6696845293045044
W2155965977,kidney-disease,Kidney disease,0.6489940285682678
W2155965977,interquartile-range,Interquartile range,0.6140283346176147
W2155965977,urology,Urology,0.5647197961807251
W2155965977,creatinine,Creatinine,0.5193392038345337
W2155965977,population,Population,0.5124800205230713
W2155965977,cystatin-c,Cystatin C,0.46656763553619385
W2155965977,estimating-equations,Estimating equations,0.444860577583313
W2155965977,linear-regression,Linear regression,0.4258442223072052
W2155965977,confidence-interval,Confidence interval,0.4224252998828888
W2155965977,internal-medicine,Internal medicine,0.38759660720825195
W2155965977,statistics,Statistics,0.3505876958370209
W2155965977,mathematics,Mathematics,0.21942079067230225
W2155965977,environmental-health,Environmental health,0.08660241961479187
W2005501262,medicine,Medicine,0.6588538289070129
W2005501262,library-science,Library science,0.48894038796424866
W2005501262,systematic-review,Systematic review,0.4797981083393097
W2005501262,humanities,Humanities,0.3415220379829407
W2005501262,medline,MEDLINE,0.2433043122291565
W2005501262,art,Art,0.11918249726295471
W2005501262,political-science,Political science,0.09972640872001648
W2059796825,strengthening-the-reporting-of-observational-studies-in-epidemiology,Strengthening the reporting of observational studies in epidemiology,0.9398962259292603
W2059796825,observational-study,Observational study,0.9204659461975098
W2059796825,checklist,Checklist,0.7313625812530518
W2059796825,medicine,Medicine,0.6708387136459351
W2059796825,generalizability-theory,Generalizability theory,0.6196524500846863
W2059796825,consolidated-standards-of-reporting-trials,Consolidated Standards of Reporting Trials,0.5048919320106506
W2059796825,family-medicine,Family medicine,0.5035223364830017
W2059796825,medline,MEDLINE,0.47229626774787903
W2059796825,epidemiology,Epidemiology,0.46455806493759155
W2059796825,cohort-study,Cohort study,0.4462140202522278
W2059796825,scope,Scope (computer science),0.43832188844680786
W2059796825,guideline,Guideline,0.4302399158477783
W2059796825,medical-education,Medical education,0.42247045040130615
W2059796825,evidence-based-medicine,Evidence-based medicine,0.41525518894195557
W2059796825,alternative-medicine,Alternative medicine,0.35852521657943726
W2059796825,psychology,Psychology,0.26782873272895813
W2059796825,pathology,Pathology,0.1407032608985901
W2059796825,computer-science,Computer science,0.11011850833892822
W1485044783,bacteriology,Bacteriology,0.9436198472976685
W1485044783,medicine,Medicine,0.7018970847129822
W1485044783,cover,Cover (algebra),0.436749666929245
W1485044783,biology,Biology,0.22624945640563965
W1485044783,bacteria,Bacteria,0.12585192918777466
W1485044783,genetics,Genetics,0.07021141052246094
W2096998881,medicine,Medicine,0.9545161724090576
W2096998881,grading,Grading (engineering),0.6932328939437866
W2096998881,complication,Complication,0.578265368938446
W2096998881,cohort,Cohort,0.5555185675621033
W2096998881,academic-institution,Academic institution,0.486095666885376
W2096998881,ranking,Ranking (information retrieval),0.41204696893692017
W2096998881,medline,MEDLINE,0.4116249084472656
W2096998881,surgery,Surgery,0.3801315724849701
W2096998881,general-surgery,General surgery,0.37628957629203796
W2096998881,internal-medicine,Internal medicine,0.15387803316116333
W2111301002,electrophoresis,Electrophoresis,0.5955113768577576
W2111301002,chemistry,Chemistry,0.4739537239074707
W2111301002,gel-electrophoresis-of-proteins,Gel electrophoresis of proteins,0.44827932119369507
W2111301002,blood-proteins,Blood proteins,0.43651530146598816
W2111301002,chromatography,Chromatography,0.39034557342529297
W2111301002,biochemistry,Biochemistry,0.23166242241859436
W2111301002,polyacrylamide-gel-electrophoresis,Polyacrylamide gel electrophoresis,0.2019939124584198
W1983649348,george,George (robot),0.897275447845459
W1983649348,scatchard-plot,Scatchard plot,0.8288871049880981
W1983649348,citation,Citation,0.6229947805404663
W1983649348,annals,Annals,0.5473905801773071
W1983649348,library-science,Library science,0.5344623327255249
W1983649348,chemistry,Chemistry,0.44239795207977295
W1983649348,computer-science,Computer science,0.4323011636734009
W1983649348,classics,Classics,0.28484439849853516
W1983649348,biochemistry,Biochemistry,0.2038957178592682
W1983649348,history,History,0.20019739866256714
W1983649348,binding-site,Binding site,0.1517384946346283
W1983649348,artificial-intelligence,Artificial intelligence,0.11628559231758118
W2011303397,resilience,Resilience (materials science),0.7627955675125122
W2011303397,ecology,Ecology,0.5088322758674622
W2011303397,ecological-systems-theory,Ecological systems theory,0.41322070360183716
W2011303397,geography,Geography,0.40062180161476135
W2011303397,environmental-resource-management,Environmental resource management,0.3870405852794647
W2011303397,environmental-science,Environmental science,0.3195701837539673
W2011303397,biology,Biology,0.17384400963783264
W2130354913,homophily,Homophily,0.9932535290718079
W2130354913,friendship,Friendship,0.7029388546943665
W2130354913,interpersonal-ties,Interpersonal ties,0.6983699798583984
W2130354913,intrapersonal-communication,Intrapersonal communication,0.58870530128479
W2130354913,social-psychology,Social psychology,0.557151734828949
W2130354913,social-network,Social network (sociolinguistics),0.5523824095726013
W2130354913,sociology,Sociology,0.4932064414024353
W2130354913,psychology,Psychology,0.3780553936958313
W2130354913,interpersonal-communication,Interpersonal communication,0.23664045333862305
W2130354913,social-media,Social media,0.20265114307403564
W2130354913,political-science,Political science,0.12343019247055054
W2108718991,laptop,Laptop,0.7003308534622192
W2108718991,software,Software,0.6890066862106323
W2108718991,pyrosequencing,Pyrosequencing,0.587070882320404
W2108718991,computer-science,Computer science,0.5491970181465149
W2108718991,metagenomics,Metagenomics,0.48713991045951843
W2108718991,data-mining,Data mining,0.3585800528526306
W2108718991,computational-biology,Computational biology,0.3555642366409302
W2108718991,biology,Biology,0.34293657541275024
W2108718991,software-engineering,Software engineering,0.33261436223983765
W2108718991,genetics,Genetics,0.13490784168243408
W2108718991,gene,Gene,0.12089326977729797
W2108718991,programming-language,Programming language,0.11842328310012817
W2108718991,operating-system,Operating system,0.10742837190628052
W2152885278,16s-ribosomal-rna,16S ribosomal RNA,0.7216489911079407
W2152885278,classifier,Classifier (UML),0.7084202170372009
W2152885278,ribosomal-rna,Ribosomal RNA,0.6923308372497559
W2152885278,biology,Biology,0.6506382822990417
W2152885278,taxonomic-rank,Taxonomic rank,0.5042821168899536
W2152885278,taxonomy,Taxonomy (biology),0.4959805905818939
W2152885278,artificial-intelligence,Artificial intelligence,0.39855891466140747
W2152885278,genetics,Genetics,0.38161131739616394
W2152885278,computational-biology,Computational biology,0.3731681704521179
W2152885278,computer-science,Computer science,0.2681928277015686
W2152885278,gene,Gene,0.26530197262763977
W2152885278,ecology,Ecology,0.13016873598098755
W2152885278,taxon,Taxon,0.07592612504959106
W2089876099,dynamical-systems-theory,Dynamical systems theory,0.7598310112953186
W2089876099,nonlinear-oscillations,Nonlinear Oscillations,0.7408685088157654
W2089876099,nonlinear-system,Nonlinear system,0.6847478151321411
W2089876099,bifurcation,Bifurcation,0.6595764756202698
W2089876099,nonlinear-dynamical-systems,Nonlinear dynamical systems,0.6519988775253296
W2089876099,biological-applications-of-bifurcation-theory,Biological applications of bifurcation theory,0.5386428833007812
W2089876099,vector-field,Vector field,0.46909961104393005
W2089876099,control-theory,Control theory (sociology),0.4188789129257202
W2089876099,computer-science,Computer science,0.4104144871234894
W2089876099,bifurcation-theory,Bifurcation theory,0.3930518925189972
W2089876099,physics,Physics,0.35934770107269287
W2089876099,mathematics,Mathematics,0.3359377980232239
W2089876099,statistical-physics,Statistical physics,0.3332541882991791
W2089876099,artificial-intelligence,Artificial intelligence,0.11859187483787537
W2089876099,mechanics,Mechanics,0.11095157265663147
W2089876099,quantum-mechanics,Quantum mechanics,0.0464668869972229
W2089876099,control,Control (management),0.03862714767456055
W2112778345,psychology,Psychology,0.7352833151817322
W2112778345,scale,Scale (ratio),0.6583134531974792
W2112778345,construct-validity,Construct validity,0.6379531025886536
W2112778345,reliability,Reliability (semiconductor),0.5669506788253784
W2112778345,test-validity,Test validity,0.5561448931694031
W2112778345,clinical-psychology,Clinical psychology,0.5550817251205444
W2112778345,psychometrics,Psychometrics,0.5433704257011414
W2112778345,population,Population,0.5205662846565247
W2112778345,internal-consistency,Internal consistency,0.47653183341026306
W2112778345,medicine,Medicine,0.13379016518592834
W2112778345,environmental-health,Environmental health,0.07543724775314331
W2112778345,cartography,Cartography,0.07493776082992554
W2112778345,geography,Geography,0.06715002655982971
W2006370393,disulfide-bond,Disulfide bond,0.901104748249054
W2006370393,chemistry,Chemistry,0.7255985140800476
W2006370393,heme,Heme,0.41540271043777466
W2006370393,biochemistry,Biochemistry,0.3555692434310913
W2006370393,enzyme,Enzyme,0.11245298385620117
W2118826874,national-comorbidity-survey,National Comorbidity Survey,0.7719674110412598
W2118826874,comorbidity,Comorbidity,0.7037805318832397
W2118826874,anxiety,Anxiety,0.6884170770645142
W2118826874,mood-disorders,Mood disorders,0.6156925559043884
W2118826874,psychiatry,Psychiatry,0.5644874572753906
W2118826874,mood,Mood,0.5239406228065491
W2118826874,age-of-onset,Age of onset,0.4841788113117218
W2118826874,prevalence-of-mental-disorders,Prevalence of mental disorders,0.47078341245651245
W2118826874,medicine,Medicine,0.4626269042491913
W2118826874,psychological-intervention,Psychological intervention,0.46086180210113525
W2118826874,anxiety-disorder,Anxiety disorder,0.43391096591949463
W2118826874,prevalence,Prevalence,0.43297886848449707
W2118826874,psychology,Psychology,0.41391250491142273
W2118826874,demography,Demography,0.34002619981765747
W2118826874,epidemiology,Epidemiology,0.3380948305130005
W2118826874,clinical-psychology,Clinical psychology,0.3340681791305542
W2118826874,disease,Disease,0.1283506453037262
W2118826874,internal-medicine,Internal medicine,0.08798548579216003
W2067495470,variety,Variety (cybernetics),0.6774044036865234
W2067495470,psychology,Psychology,0.6567010283470154
W2067495470,psychopathology,Psychopathology,0.5441681742668152
W2067495470,indictment,Indictment,0.5378785133361816
W2067495470,medical-diagnosis,Medical diagnosis,0.5020933151245117
W2067495470,rating-scale,Rating scale,0.4961260259151459
W2067495470,clinical-psychology,Clinical psychology,0.4313104748725891
W2067495470,psychological-testing,Psychological testing,0.4284323751926422
W2067495470,psychiatry,Psychiatry,0.39055755734443665
W2067495470,medicine,Medicine,0.18426939845085144
W2067495470,developmental-psychology,Developmental psychology,0.14931166172027588
W2067495470,computer-science,Computer science,0.12617939710617065
W2067495470,artificial-intelligence,Artificial intelligence,0.09290856122970581
W2043705607,generalized-anxiety-disorder,Generalized anxiety disorder,0.8036143779754639
W2043705607,clinical-psychology,Clinical psychology,0.6426079273223877
W2043705607,anxiety,Anxiety,0.6068682074546814
W2043705607,psychology,Psychology,0.5861261487007141
W2043705607,psychiatry,Psychiatry,0.5280324220657349
W2043705607,construct-validity,Construct validity,0.5234165191650391
W2043705607,mental-health,Mental health,0.5050128102302551
W2043705607,medical-diagnosis,Medical diagnosis,0.48142263293266296
W2043705607,convergent-validity,Convergent validity,0.4573726952075958
W2043705607,criterion-validity,Criterion validity,0.4561154544353485
W2043705607,psychometrics,Psychometrics,0.3173869848251343
W2043705607,medicine,Medicine,0.28075170516967773
W2152348310,medicine,Medicine,0.9380344152450562
W2152348310,rheumatoid-arthritis,Rheumatoid arthritis,0.901572048664093
W2152348310,wrist,Wrist,0.5874661207199097
W2152348310,rheumatism,Rheumatism,0.5814356207847595
W2152348310,rheumatoid-factor,Rheumatoid factor,0.513705849647522
W2152348310,internal-medicine,Internal medicine,0.505132257938385
W2152348310,arthritis,Arthritis,0.5000817775726318
W2152348310,metacarpophalangeal-joint,Metacarpophalangeal joint,0.45960214734077454
W2152348310,morning-stiffness,Morning stiffness,0.45433858036994934
W2152348310,interphalangeal-joint,Interphalangeal Joint,0.4325686991214752
W2152348310,dermatology,Dermatology,0.4324703812599182
W2152348310,rheumatology,Rheumatology,0.41495972871780396
W2152348310,physical-therapy,Physical therapy,0.36140286922454834
W2152348310,surgery,Surgery,0.345043420791626
W2152348310,psoriatic-arthritis,Psoriatic arthritis,0.3000454902648926
W2152348310,thumb,Thumb,0.12668782472610474
W1485283179,phase-diagram,Phase diagram,0.5621973872184753
W1485283179,alloy,Alloy,0.5614259243011475
W1485283179,materials-science,Materials science,0.5008633136749268
W1485283179,phase,Phase (matter),0.43541640043258667
W1485283179,binary-alloy,Binary alloy,0.4201320707798004
W1485283179,metallurgy,Metallurgy,0.2208174467086792
W1485283179,physics,Physics,0.16591262817382812
W1914972138,medicine,Medicine,0.37712591886520386
W2072500831,statistics,Statistics,0.6949989199638367
W2072500831,bivariate-analysis,Bivariate analysis,0.6088418960571289
W2072500831,linear-regression,Linear regression,0.6041873097419739
W2072500831,logistic-regression,Logistic regression,0.5615783333778381
W2072500831,regression-analysis,Regression analysis,0.5607782006263733
W2072500831,regression-diagnostic,Regression diagnostic,0.5178347229957581
W2072500831,proper-linear-model,Proper linear model,0.4977555572986603
W2072500831,poisson-regression,Poisson regression,0.4812716841697693
W2072500831,segmented-regression,Segmented regression,0.46607422828674316
W2072500831,regression,Regression,0.4551231563091278
W2072500831,statistical-power,Statistical power,0.4381812810897827
W2072500831,mathematics,Mathematics,0.40667465329170227
W2072500831,econometrics,Econometrics,0.37056678533554077
W2072500831,polynomial-regression,Polynomial regression,0.3050055503845215
W2038702827,mediation,Mediation,0.8554865121841431
W2038702827,helpfulness,Helpfulness,0.8017284870147705
W2038702827,lisrel,LISREL,0.7610936164855957
W2038702827,structural-equation-modeling,Structural equation modeling,0.5536773204803467
W2038702827,psychology,Psychology,0.5256265997886658
W2038702827,computer-science,Computer science,0.46160855889320374
W2038702827,resampling,Resampling,0.4603751301765442
W2038702827,latent-variable,Latent variable,0.43561309576034546
W2038702827,cognitive-psychology,Cognitive psychology,0.32793140411376953
W2038702827,social-psychology,Social psychology,0.3258640468120575
W2038702827,artificial-intelligence,Artificial intelligence,0.15915673971176147
W2038702827,machine-learning,Machine learning,0.13950300216674805
W2087484885,statistical-power,Statistical power,0.6882699728012085
W2087484885,power,Power (physics),0.6850464344024658
W2087484885,computer-science,Computer science,0.6149672865867615
W2087484885,statistical-analysis,Statistical analysis,0.5783616304397583
W2087484885,power-analysis,Power analysis,0.5451464056968689
W2087484885,extension,Extension (predicate logic),0.5157737731933594
W2087484885,statistical-hypothesis-testing,Statistical hypothesis testing,0.48724690079689026
W2087484885,test,Test (biology),0.43225857615470886
W2087484885,statistics,Statistics,0.26420170068740845
W2087484885,programming-language,Programming language,0.20305144786834717
W2087484885,mathematics,Mathematics,0.1575213074684143
W2087484885,computer-security,Computer security,0.09484657645225525
W1995031937,mediation,Mediation,0.7632889747619629
W1995031937,simple,Simple (philosophy),0.6657662987709045
W1995031937,econometrics,Econometrics,0.4954291582107544
W1995031937,computer-science,Computer science,0.40398654341697693
W1995031937,psychology,Psychology,0.40070974826812744
W1995031937,statistics,Statistics,0.3477928042411804
W1995031937,mathematics,Mathematics,0.22485262155532837
W1995031937,sociology,Sociology,0.09165072441101074
W1995031937,epistemology,Epistemology,0.05895712971687317
W1995031937,social-science,Social science,0.0541500449180603
W2212401464,psychology,Psychology,0.6545342206954956
W2212401464,coping,Coping (psychology),0.6262041330337524
W2212401464,clinical-psychology,Clinical psychology,0.3978911340236664
W2212401464,psychotherapist,Psychotherapist,0.3366987705230713
W1995875735,bandwidth,Bandwidth (computing),0.5265562534332275
W1995875735,computer-science,Computer science,0.5086527466773987
W1995875735,nyquist–shannon-sampling-theorem,Nyquist–Shannon sampling theorem,0.5044609308242798
W1995875735,channel,Channel (broadcasting),0.47029468417167664
W1995875735,communication-theory,Communication theory,0.43803641200065613
W1995875735,mathematics,Mathematics,0.35253867506980896
W1995875735,algorithm,Algorithm,0.3497645854949951
W1995875735,theoretical-computer-science,Theoretical computer science,0.3314421474933624
W1995875735,telecommunications,Telecommunications,0.2999321520328522
W1995875735,statistics,Statistics,0.18545374274253845
W4294214983,inter-rater-reliability,Inter-rater reliability,0.9371601939201355
W4294214983,kappa,Kappa,0.9176545143127441
W4294214983,cohens-kappa,Cohen's kappa,0.8532609939575195
W4294214983,statistics,Statistics,0.7385140061378479
W4294214983,statistic,Statistic,0.6150709390640259
W4294214983,reliability,Reliability (semiconductor),0.5984522104263306
W4294214983,mathematics,Mathematics,0.42643052339553833
W4294214983,test,Test (biology),0.41580989956855774
W4294214983,psychology,Psychology,0.40216556191444397
W4294214983,medicine,Medicine,0.34057021141052246
W4294214983,rating-scale,Rating scale,0.09945020079612732
W1513717105,galleria-mellonella,Galleria mellonella,0.9038538932800293
W1513717105,photorhabdus-luminescens,Photorhabdus luminescens,0.7888500094413757
W1513717105,biology,Biology,0.7585203647613525
W1513717105,lipopolysaccharide,Lipopolysaccharide,0.7211576700210571
W1513717105,immune-system,Immune system,0.7008718252182007
W1513717105,innate-immune-system,Innate immune system,0.6922723650932312
W1513717105,hemolymph,Hemolymph,0.6134986877441406
W1513717105,superoxide-dismutase,Superoxide dismutase,0.6083089113235474
W1513717105,microbiology,Microbiology,0.5873713493347168
W1513717105,photorhabdus,Photorhabdus,0.5277500748634338
W1513717105,lysozyme,Lysozyme,0.49592718482017517
W1513717105,catalase,Catalase,0.4722791612148285
W1513717105,priming,Priming (agriculture),0.4539182484149933
W1513717105,immunology,Immunology,0.3328167796134949
W1513717105,enzyme,Enzyme,0.286917120218277
W1513717105,biochemistry,Biochemistry,0.24481835961341858
W1513717105,virulence,Virulence,0.08617600798606873
W1513717105,botany,Botany,0.061059147119522095
W1971048984,acetylcholinesterase,Acetylcholinesterase,0.9035307168960571
W1971048984,chemistry,Chemistry,0.7060792446136475
W1971048984,chromatography,Chromatography,0.627838671207428
W1971048984,enzyme,Enzyme,0.611770510673523
W1971048984,colorimetry,Colorimetry,0.5656769275665283
W1971048984,enzyme-assay,Enzyme assay,0.5607593655586243
W1971048984,biochemistry,Biochemistry,0.45926323533058167
W2060333964,rna,RNA,0.7523933053016663
W2060333964,ribonuclease,Ribonuclease,0.7161583304405212
W2060333964,rnase-p,RNase P,0.7037043571472168
W2060333964,chemistry,Chemistry,0.6989799737930298
W2060333964,biochemistry,Biochemistry,0.5915126204490662
W2060333964,homogenization,Homogenization (climate),0.47784802317619324
W2060333964,pancreatic-ribonuclease,Pancreatic ribonuclease,0.4593645930290222
W2060333964,molecular-biology,Molecular biology,0.3405710756778717
W2060333964,biology,Biology,0.205377459526062
W2951912016,computer-science,Computer science,0.8609876036643982
W2951912016,preprocessor,Preprocessor,0.8018463850021362
W2951912016,trimming,Trimming,0.7430148720741272
W2951912016,python,Python (programming language),0.7330666780471802
W2951912016,adapter,Adapter (computing),0.635664701461792
W2951912016,java,Java,0.55821692943573
W2951912016,data-mining,Data mining,0.47421860694885254
W2951912016,data-pre-processing,Data pre-processing,0.47121161222457886
W2951912016,programming-language,Programming language,0.43911799788475037
W2951912016,source-code,Source code,0.4322468638420105
W2951912016,operating-system,Operating system,0.22665691375732422
W2789843538,pairwise-comparison,Pairwise comparison,0.8440110683441162
W2789843538,nucleotide,Nucleotide,0.592958927154541
W2789843538,multiple-sequence-alignment,Multiple sequence alignment,0.5563033223152161
W2789843538,sequence-alignment,Sequence alignment,0.49378547072410583
W2789843538,computational-biology,Computational biology,0.4751303493976593
W2789843538,computer-science,Computer science,0.46413654088974
W2789843538,genetics,Genetics,0.42495372891426086
W2789843538,biology,Biology,0.35248100757598877
W2789843538,artificial-intelligence,Artificial intelligence,0.2213679552078247
W2789843538,gene,Gene,0.1488339900970459
W2789843538,peptide-sequence,Peptide sequence,0.1335601806640625
W2134526812,python,Python (programming language),0.9333775043487549
W2134526812,computer-science,Computer science,0.819096565246582
W2134526812,scripting-language,Scripting language,0.7913240194320679
W2134526812,workflow,Workflow,0.6208126544952393
W2134526812,programming-language,Programming language,0.5722302794456482
W2134526812,software,Software,0.49259573221206665
W2134526812,parsing,Parsing,0.4149208664894104
W2134526812,operating-system,Operating system,0.3287167251110077
W2134526812,data-mining,Data mining,0.3272877335548401
W2134526812,database,Database,0.24458760023117065
W2096093282,perl,Perl,0.7984480857849121
W2096093282,computer-science,Computer science,0.6881772875785828
W2096093282,genome,Genome,0.6731555461883545
W2096093282,contig,Contig,0.6552762985229492
W2096093282,annotation,Annotation,0.637283205986023
W2096093282,mit-license,MIT License,0.624193549156189
W2096093282,software,Software,0.5471550226211548
W2096093282,sequence-assembly,Sequence assembly,0.5358852744102478
W2096093282,genome-project,Genome project,0.5023367404937744
W2096093282,bacterial-genome-size,Bacterial genome size,0.4770190715789795
W2096093282,computational-biology,Computational biology,0.45557916164398193
W2096093282,open-source,Open source,0.4103614091873169
W2096093282,world-wide-web,World Wide Web,0.3233548700809479
W2096093282,biology,Biology,0.27223026752471924
W2096093282,genetics,Genetics,0.24381029605865479
W2096093282,programming-language,Programming language,0.19828161597251892
W2096093282,artificial-intelligence,Artificial intelligence,0.11840465664863586
W2096093282,gene,Gene,0.1109100878238678
W2141052558,phylogenetic-tree,Phylogenetic tree,0.7324705719947815
W2141052558,computer-science,Computer science,0.6470308303833008
W2141052558,intrinsics,Intrinsics,0.5219775438308716
W2141052558,pace,Pace,0.492291122674942
W2141052558,maximum-likelihood,Maximum likelihood,0.42874929308891296
W2141052558,biology,Biology,0.2305801808834076
W2141052558,artificial-intelligence,Artificial intelligence,0.18009158968925476
W2141052558,geography,Geography,0.11611238121986389
W2141052558,statistics,Statistics,0.10390335321426392
W2141052558,mathematics,Mathematics,0.08120259642601013
W2131271579,preprocessor,Preprocessor,0.821911633014679
W2131271579,computer-science,Computer science,0.778835654258728
W2131271579,flexibility,Flexibility (engineering),0.7083804607391357
W2131271579,java,Java,0.5930689573287964
W2131271579,data-mining,Data mining,0.5405773520469666
W2131271579,data-pre-processing,Data pre-processing,0.5300414562225342
W2131271579,sequence,Sequence (biology),0.44586268067359924
W2131271579,operating-system,Operating system,0.3283514976501465
W2131271579,programming-language,Programming language,0.22207921743392944
W2131271579,biology,Biology,0.05652138590812683
W2138207763,automatic-summarization,Automatic summarization,0.7969629764556885
W2138207763,computer-science,Computer science,0.7220826148986816
W2138207763,bioconductor,Bioconductor,0.5922159552574158
W2138207763,mit-license,MIT License,0.5461760759353638
W2138207763,software,Software,0.43657350540161133
W2138207763,dna-sequencing,DNA sequencing,0.4356839060783386
W2138207763,genome,Genome,0.42335978150367737
W2138207763,computational-biology,Computational biology,0.375021368265152
W2138207763,biology,Biology,0.2530628442764282
W2138207763,genetics,Genetics,0.2351030707359314
W2138207763,artificial-intelligence,Artificial intelligence,0.18903380632400513
W2138207763,gene,Gene,0.1726779341697693
W2138207763,programming-language,Programming language,0.10489976406097412
W2128880918,computer-science,Computer science,0.76693195104599
W2128880918,software,Software,0.6423557996749878
W2128880918,personalization,Personalization,0.5692433714866638
W2128880918,leverage,Leverage (statistics),0.5326957702636719
W2128880918,visualization,Visualization,0.49974536895751953
W2128880918,cross-platform,Cross-platform,0.4978928565979004
W2128880918,software-engineering,Software engineering,0.49611958861351013
W2128880918,java,Java,0.49109315872192383
W2128880918,graphical-user-interface,Graphical user interface,0.4830520749092102
W2128880918,interface,Interface (matter),0.48044225573539734
W2128880918,application-programming-interface,Application programming interface,0.44142845273017883
W2128880918,data-visualization,Data visualization,0.4334973096847534
W2128880918,operating-system,Operating system,0.3361673951148987
W2128880918,world-wide-web,World Wide Web,0.31820932030677795
W2128880918,data-mining,Data mining,0.20004576444625854
W2169456326,computer-science,Computer science,0.6207780838012695
W2169456326,json,JSON,0.5520739555358887
W2169456326,computational-biology,Computational biology,0.49607691168785095
W2169456326,software,Software,0.47478267550468445
W2169456326,rna-seq,RNA-Seq,0.4536069333553314
W2169456326,adapter,Adapter (computing),0.4257257580757141
W2169456326,algorithm,Algorithm,0.38917243480682373
W2169456326,biology,Biology,0.3107697665691376
W2169456326,genetics,Genetics,0.2761869430541992
W2169456326,transcriptome,Transcriptome,0.19421446323394775
W2169456326,gene,Gene,0.19036465883255005
W2169456326,database,Database,0.17621901631355286
W2149992227,dbsnp,dbSNP,0.8018985390663147
W2149992227,perl,Perl,0.7651614546775818
W2149992227,computer-science,Computer science,0.6644801497459412
W2149992227,suite,Suite,0.5848119258880615
W2149992227,software,Software,0.5735538601875305
W2149992227,exome,Exome,0.5672910809516907
W2149992227,annotation,Annotation,0.46321162581443787
W2149992227,exome-sequencing,Exome sequencing,0.36918359994888306
W2149992227,world-wide-web,World Wide Web,0.30413755774497986
W2149992227,single-nucleotide-polymorphism,Single-nucleotide polymorphism,0.27272576093673706
W2149992227,programming-language,Programming language,0.22410982847213745
W2149992227,genetics,Genetics,0.20370519161224365
W2149992227,biology,Biology,0.20119285583496094
W2149992227,artificial-intelligence,Artificial intelligence,0.15234750509262085
W2149992227,mutation,Mutation,0.11835461854934692
W2149992227,gene,Gene,0.09557333588600159
W2149992227,genotype,Genotype,0.07835322618484497
W2102619694,computer-science,Computer science,0.7910476922988892
W2102619694,suite,Suite,0.7375205755233765
W2102619694,annotation,Annotation,0.6916934251785278
W2102619694,unix,Unix,0.5994070172309875
W2102619694,source-code,Source code,0.5976645350456238
W2102619694,software,Software,0.5835461616516113
W2102619694,genomics,Genomics,0.5817607641220093
W2102619694,data-mining,Data mining,0.47825729846954346
W2102619694,software-suite,Software suite,0.4569973349571228
W2102619694,information-retrieval,Information retrieval,0.43488502502441406
W2102619694,feature,Feature (linguistics),0.4285608232021332
W2102619694,genome,Genome,0.3037574291229248
W2102619694,artificial-intelligence,Artificial intelligence,0.21657979488372803
W2102619694,programming-language,Programming language,0.2070837914943695
W2102619694,biology,Biology,0.10147431492805481
W2124351063,cluster-analysis,Cluster analysis,0.8268839120864868
W2124351063,computer-science,Computer science,0.690463662147522
W2124351063,sequence,Sequence (biology),0.6839332580566406
W2124351063,sensitivity,Sensitivity (control systems),0.6412323713302612
W2124351063,data-mining,Data mining,0.5233142375946045
W2124351063,exploit,Exploit,0.47148963809013367
W2124351063,pattern-recognition,Pattern recognition (psychology),0.3237585425376892
W2124351063,machine-learning,Machine learning,0.2580275535583496
W2124351063,artificial-intelligence,Artificial intelligence,0.24729230999946594
W2124351063,biology,Biology,0.10384950041770935
W2114104545,bioconductor,Bioconductor,0.9850140810012817
W2114104545,count-data,Count data,0.6324459910392761
W2114104545,computer-science,Computer science,0.4784781336784363
W2114104545,r-package,R package,0.45781058073043823
W2114104545,computational-biology,Computational biology,0.4555765688419342
W2114104545,software,Software,0.45446789264678955
W2114104545,inference,Inference,0.452961266040802
W2114104545,biology,Biology,0.4497251510620117
W2114104545,overdispersion,Overdispersion,0.41055524349212646
W2114104545,data-mining,Data mining,0.33860448002815247
W2114104545,genetics,Genetics,0.2396029531955719
W2114104545,gene,Gene,0.22796612977981567
W2114104545,poisson-distribution,Poisson distribution,0.19650483131408691
W2114104545,statistics,Statistics,0.19473916292190552
W2114104545,mathematics,Mathematics,0.12420988082885742
W2114104545,artificial-intelligence,Artificial intelligence,0.09726962447166443
W2154845780,software,Software,0.6194658875465393
W2154845780,computer-science,Computer science,0.5620476007461548
W2154845780,r-package,R package,0.5310633182525635
W2154845780,haplotype,Haplotype,0.4947952628135681
W2154845780,computational-biology,Computational biology,0.4574216902256012
W2154845780,polymorphism,Polymorphism (computer science),0.4439361095428467
W2154845780,sliding-window-protocol,Sliding window protocol,0.42818576097488403
W2154845780,genome-browser,Genome browser,0.4149840474128723
W2154845780,genome,Genome,0.4123092293739319
W2154845780,data-mining,Data mining,0.3420292139053345
W2154845780,biology,Biology,0.30858057737350464
W2154845780,genetics,Genetics,0.304448664188385
W2154845780,genomics,Genomics,0.28975188732147217
W2154845780,window,Window (computing),0.2367122769355774
W2154845780,world-wide-web,World Wide Web,0.18832501769065857
W2154845780,operating-system,Operating system,0.13247013092041016
W2154845780,genotype,Genotype,0.1196708083152771
W2154845780,gene,Gene,0.1041693389415741
W2154845780,programming-language,Programming language,0.09340515732765198
W2103441770,computer-science,Computer science,0.731576681137085
W2103441770,software,Software,0.5981895923614502
W2103441770,alignment-free-sequence-analysis,Alignment-free sequence analysis,0.5813172459602356
W2103441770,hash-table,Hash table,0.5203908681869507
W2103441770,reference-genome,Reference genome,0.5142509341239929
W2103441770,hybrid-genome-assembly,Hybrid genome assembly,0.49126118421554565
W2103441770,indel,Indel,0.4667617976665497
W2103441770,multiple-sequence-alignment,Multiple sequence alignment,0.458482950925827
W2103441770,sequence-alignment,Sequence alignment,0.4211825728416443
W2103441770,dna-sequencing,DNA sequencing,0.40252745151519775
W2103441770,data-mining,Data mining,0.3873422145843506
W2103441770,hash-function,Hash function,0.33951085805892944
W2103441770,algorithm,Algorithm,0.3357474207878113
W2103441770,biology,Biology,0.13973453640937805
W2103441770,genetics,Genetics,0.11692717671394348
W2103441770,programming-language,Programming language,0.09641501307487488
W2103441770,dna,DNA,0.09261596202850342
W2108234281,computer-science,Computer science,0.6548399925231934
W2108234281,search-engine-indexing,Search engine indexing,0.6382876634597778
W2108234281,sequence-alignment,Sequence alignment,0.578029990196228
W2108234281,k-mer,k-mer,0.5592251420021057
W2108234281,multiple-sequence-alignment,Multiple sequence alignment,0.5495407581329346
W2108234281,file-format,File format,0.5118226408958435
W2108234281,sanger-sequencing,Sanger sequencing,0.49335208535194397
W2108234281,sequence,Sequence (biology),0.4724063277244568
W2108234281,alignment-free-sequence-analysis,Alignment-free sequence analysis,0.4216029942035675
W2108234281,information-retrieval,Information retrieval,0.3666032552719116
W2108234281,computational-biology,Computational biology,0.3508337140083313
W2108234281,genome,Genome,0.29459574818611145
W2108234281,dna-sequencing,DNA sequencing,0.26770496368408203
W2108234281,database,Database,0.2136782705783844
W2108234281,biology,Biology,0.1745779812335968
W2108234281,genetics,Genetics,0.12808388471603394
W2108234281,peptide-sequence,Peptide sequence,0.10386660695075989
W2108234281,dna,DNA,0.0718909502029419
W2108234281,gene,Gene,0.0639946460723877
W2137015675,porting,Porting,0.8327140808105469
W2137015675,file-transfer-protocol,File Transfer Protocol,0.8310529589653015
W2137015675,executable,Executable,0.8064444065093994
W2137015675,computer-science,Computer science,0.7395131587982178
W2137015675,operating-system,Operating system,0.7139036059379578
W2137015675,windows-nt,Windows NT,0.5567824840545654
W2137015675,software,Software,0.5165237784385681
W2137015675,web-site,Web site,0.45685747265815735
W2137015675,programming-language,Programming language,0.347573459148407
W2137015675,world-wide-web,World Wide Web,0.33654332160949707
W2137015675,the-internet,The Internet,0.2780745029449463
W2168696662,taxon,Taxon,0.6717839241027832
W2168696662,inference,Inference,0.642613410949707
W2168696662,computer-science,Computer science,0.5470406413078308
W2168696662,phylogenetic-tree,Phylogenetic tree,0.5115340948104858
W2168696662,parallel-computing,Parallel computing,0.490296870470047
W2168696662,maximum-likelihood,Maximum likelihood,0.4686628580093384
W2168696662,biology,Biology,0.2647344768047333
W2168696662,mathematics,Mathematics,0.25857657194137573
W2168696662,statistics,Statistics,0.253277450799942
W2168696662,artificial-intelligence,Artificial intelligence,0.14021596312522888
W2168696662,ecology,Ecology,0.11008381843566895
W2146058063,unix,Unix,0.8797618746757507
W2146058063,partition,Partition (number theory),0.6202914714813232
W2146058063,phylogenetic-tree,Phylogenetic tree,0.6173605918884277
W2146058063,bayesian-probability,Bayesian probability,0.5400079488754272
W2146058063,computer-science,Computer science,0.4526701271533966
W2146058063,inference,Inference,0.4258430600166321
W2146058063,biology,Biology,0.33052313327789307
W2146058063,artificial-intelligence,Artificial intelligence,0.2601979374885559
W2146058063,software,Software,0.25816813111305237
W2146058063,mathematics,Mathematics,0.19008010625839233
W2146058063,combinatorics,Combinatorics,0.1648431122303009
W2146058063,programming-language,Programming language,0.10735473036766052
W2146058063,genetics,Genetics,0.09184810519218445
W2161444534,markov-chain-monte-carlo,Markov chain Monte Carlo,0.734169602394104
W2161444534,executable,Executable,0.7209272980690002
W2161444534,computer-science,Computer science,0.5161367654800415
W2161444534,source-code,Source code,0.5097355246543884
W2161444534,bayesian-probability,Bayesian probability,0.49480217695236206
W2161444534,inference,Inference,0.49189209938049316
W2161444534,sample,Sample (material),0.45688965916633606
W2161444534,phylogenetic-tree,Phylogenetic tree,0.44890397787094116
W2161444534,software,Software,0.4150518774986267
W2161444534,biology,Biology,0.36211758852005005
W2161444534,artificial-intelligence,Artificial intelligence,0.29140427708625793
W2161444534,programming-language,Programming language,0.21847471594810486
W2161444534,genetics,Genetics,0.1080470085144043
W2082928585,documentation,Documentation,0.7089874744415283
W2082928585,substitution,Substitution (logic),0.644321084022522
W2082928585,source-code,Source code,0.6387342810630798
W2082928585,computer-science,Computer science,0.5962942242622375
W2082928585,code,Code (set theory),0.5363093614578247
W2082928585,r-package,R package,0.528044581413269
W2082928585,programming-language,Programming language,0.44011157751083374
W2082928585,computational-biology,Computational biology,0.36652907729148865
W2082928585,biology,Biology,0.20860084891319275
W2082928585,set,Set (abstract data type),0.18885460495948792
W1964435302,publication-bias,Publication bias,0.694250226020813
W1964435302,funnel-plot,Funnel plot,0.6851575374603271
W1964435302,statistics,Statistics,0.6557085514068604
W1964435302,sample-size-determination,Sample size determination,0.5606459379196167
W1964435302,meta-analysis,Meta-analysis,0.5563656687736511
W1964435302,statistic,Statistic,0.5271177887916565
W1964435302,complement,Complement (music),0.5056579113006592
W1964435302,statistical-power,Statistical power,0.4872969388961792
W1964435302,type-i-and-type-ii-errors,Type I and type II errors,0.48122596740722656
W1964435302,test-statistic,Test statistic,0.4790964424610138
W1964435302,econometrics,Econometrics,0.44906723499298096
W1964435302,computer-science,Computer science,0.427871972322464
W1964435302,statistical-hypothesis-testing,Statistical hypothesis testing,0.4262502193450928
W1964435302,rank,Rank (graph theory),0.4182318449020386
W1964435302,mathematics,Mathematics,0.4024726152420044
W1964435302,confidence-interval,Confidence interval,0.2034626007080078
W1964435302,medicine,Medicine,0.09492519497871399
W2328176404,receiver-operating-characteristic,Receiver operating characteristic,0.8940452337265015
W2328176404,nonparametric-statistics,Nonparametric statistics,0.86658775806427
W2328176404,statistics,Statistics,0.7211179733276367
W2328176404,mathematics,Mathematics,0.6552226543426514
W2328176404,variable,Variable (mathematics),0.5811018347740173
W2328176404,covariance-matrix,Covariance matrix,0.4879850745201111
W2328176404,scale,Scale (ratio),0.46676039695739746
W2328176404,covariance,Covariance,0.45522674918174744
W2328176404,statistical-hypothesis-testing,Statistical hypothesis testing,0.4303009510040283
W2328176404,econometrics,Econometrics,0.38762491941452026
W2328176404,mathematical-analysis,Mathematical analysis,0.08690384030342102
W1594031697,computer-science,Computer science,0.5778771638870239
W1594031697,focus,Focus (optics),0.5379157066345215
W1594031697,construct,Construct (python library),0.5224846005439758
W1594031697,tree,Tree (set theory),0.5178004503250122
W1594031697,regression,Regression,0.49740102887153625
W1594031697,regression-analysis,Regression analysis,0.4781385660171509
W1594031697,pencil,Pencil (optics),0.4417654275894165
W1594031697,mathematics,Mathematics,0.3868819773197174
W1594031697,machine-learning,Machine learning,0.37136948108673096
W1594031697,statistics,Statistics,0.3685062527656555
W1594031697,artificial-intelligence,Artificial intelligence,0.34751832485198975
W1594031697,programming-language,Programming language,0.0637320876121521
W1594031697,combinatorics,Combinatorics,0.06080356240272522
W1594031697,engineering,Engineering,0.05637386441230774
W2141088880,inbreeding,Inbreeding,0.8831151723861694
W2141088880,selection,Selection (genetic algorithm),0.6585622429847717
W2141088880,crossbreed,Crossbreed,0.6217860579490662
W2141088880,heritability,Heritability,0.5830598473548889
W2141088880,biology,Biology,0.575344979763031
W2141088880,population,Population,0.4648610055446625
W2141088880,evolutionary-biology,Evolutionary biology,0.4590531587600708
W2141088880,variance,Variance (accounting),0.45545074343681335
W2141088880,genetics,Genetics,0.43613627552986145
W2141088880,statistics,Statistics,0.3596039414405823
W2141088880,mathematics,Mathematics,0.2333606779575348
W2141088880,demography,Demography,0.1793377697467804
W2141088880,sociology,Sociology,0.08356219530105591
W2141088880,computer-science,Computer science,0.07801905274391174
W2164777277,categorical-variable,Categorical variable,0.8692288398742676
W2164777277,kappa,Kappa,0.7041875720024109
W2164777277,statistics,Statistics,0.6827325820922852
W2164777277,homogeneity,Homogeneity (statistics),0.6136261820793152
W2164777277,multivariate-statistics,Multivariate statistics,0.5648215413093567
W2164777277,mathematics,Mathematics,0.5552538633346558
W2164777277,statistical-hypothesis-testing,Statistical hypothesis testing,0.4950510561466217
W2164777277,cohens-kappa,Cohen's kappa,0.4824248254299164
W2164777277,observer,Observer (physics),0.4750261902809143
W2164777277,econometrics,Econometrics,0.4631468951702118
W2164777277,poisson-distribution,Poisson distribution,0.4563252925872803
W2164777277,reliability,Reliability (semiconductor),0.43611282110214233
W2164777277,type-i-and-type-ii-errors,Type I and type II errors,0.43386223912239075
W2164777277,multivariate-analysis,Multivariate analysis,0.4262905716896057
W2164777277,computer-science,Computer science,0.32549604773521423
W2092713296,range,Range (aeronautics),0.6159529089927673
W2092713296,statistics,Statistics,0.381527841091156
W2092713296,computer-science,Computer science,0.3680773377418518
W2092713296,mathematics,Mathematics,0.36231499910354614
W2092713296,materials-science,Materials science,0.12971296906471252
W2097580026,unit-root,Unit root,0.9500213861465454
W2097580026,mathematics,Mathematics,0.8385899066925049
W2097580026,series,Series (stratigraphy),0.6508177518844604
W2097580026,nonparametric-statistics,Nonparametric statistics,0.6469143033027649
W2097580026,nuisance-parameter,Nuisance parameter,0.6327345967292786
W2097580026,statistics,Statistics,0.5835813879966736
W2097580026,statistical-hypothesis-testing,Statistical hypothesis testing,0.531611442565918
W2097580026,null-hypothesis,Null hypothesis,0.517206072807312
W2097580026,asymptotic-distribution,Asymptotic distribution,0.512227475643158
W2097580026,limiting,Limiting,0.48063912987709045
W2097580026,unit-root-test,Unit root test,0.476581335067749
W2097580026,null,Null (SQL),0.4658108055591583
W2097580026,augmented-dickey–fuller-test,Augmented Dickey–Fuller test,0.45093804597854614
W2097580026,econometrics,Econometrics,0.44258591532707214
W2097580026,regression,Regression,0.4170456528663635
W2097580026,applied-mathematics,Applied mathematics,0.41700485348701477
W2097580026,time-series,Time series,0.4141228199005127
W2097580026,cointegration,Cointegration,0.17022019624710083
W2097580026,computer-science,Computer science,0.11734861135482788
W2097580026,data-mining,Data mining,0.08862999081611633
W2149860264,mathematics,Mathematics,0.8655602335929871
W2149860264,estimator,Estimator,0.7631174325942993
W2149860264,estimating-equations,Estimating equations,0.6481317281723022
W2149860264,generalized-estimating-equation,Generalized estimating equation,0.6313761472702026
W2149860264,extension,Extension (predicate logic),0.6208730340003967
W2149860264,applied-mathematics,Applied mathematics,0.5874712467193604
W2149860264,generalized-linear-model,Generalized linear model,0.5824249386787415
W2149860264,gaussian,Gaussian,0.5490829348564148
W2149860264,independence,Independence (probability theory),0.5437723994255066
W2149860264,class,Class (philosophy),0.48965269327163696
W2149860264,asymptotic-distribution,Asymptotic distribution,0.48297372460365295
W2149860264,simple,Simple (philosophy),0.46602723002433777
W2149860264,linear-model,Linear model,0.45488739013671875
W2149860264,variance,Variance (accounting),0.4498063325881958
W2149860264,statistics,Statistics,0.43692633509635925
W2149860264,longitudinal-data,Longitudinal data,0.4294520318508148
W2149860264,linear-regression,Linear regression,0.418783038854599
W2149860264,quasi-likelihood,Quasi-likelihood,0.4165138602256775
W2149860264,count-data,Count data,0.17313158512115479
W2149860264,computer-science,Computer science,0.08900439739227295
W2150291618,propensity-score-matching,Propensity score matching,0.9440639019012451
W2150291618,mathematics,Mathematics,0.7280917167663574
W2150291618,covariate,Covariate,0.724472165107727
W2150291618,statistics,Statistics,0.6658762097358704
W2150291618,univariate,Univariate,0.580240786075592
W2150291618,observational-study,Observational study,0.5757187008857727
W2150291618,multivariate-statistics,Multivariate statistics,0.5533221364021301
W2150291618,econometrics,Econometrics,0.4240516424179077
W2150291618,matching,Matching (statistics),0.41581571102142334
W2168745915,normality,Normality,0.7359226942062378
W2168745915,mathematics,Mathematics,0.5993561744689941
W2168745915,test,Test (biology),0.5970165133476257
W2168745915,statistics,Statistics,0.5199486017227173
W2168745915,normality-test,Normality test,0.5185902118682861
W2168745915,variance,Variance (accounting),0.4721683859825134
W2168745915,statistical-hypothesis-testing,Statistical hypothesis testing,0.1979440450668335
W2008708467,protein-secondary-structure,Protein secondary structure,0.7285716533660889
W2008708467,chemistry,Chemistry,0.7070901393890381
W2008708467,hydrogen-bond,Hydrogen bond,0.5765910744667053
W2008708467,torsion,Torsion (gastropod),0.5611741542816162
W2008708467,curvature,Curvature,0.521665096282959
W2008708467,crystallography,Crystallography,0.5136975049972534
W2008708467,globular-protein,Globular protein,0.4463125467300415
W2008708467,loop-modeling,Loop modeling,0.4382779896259308
W2008708467,molecule,Molecule,0.40398240089416504
W2008708467,protein-structure,Protein structure,0.3791186213493347
W2008708467,geometry,Geometry,0.29696616530418396
W2008708467,mathematics,Mathematics,0.17228850722312927
W2008708467,protein-structure-prediction,Protein structure prediction,0.16254186630249023
W2159707944,bioconductor,Bioconductor,0.970443606376648
W2159707944,interpretability,Interpretability,0.5094261765480042
W2159707944,microarray-analysis-techniques,Microarray analysis techniques,0.4984464645385742
W2159707944,data-mining,Data mining,0.48090696334838867
W2159707944,robustness,Robustness (evolution),0.4704039692878723
W2159707944,gene-expression-profiling,Gene expression profiling,0.4648994505405426
W2159707944,dna-microarray,DNA microarray,0.46295931935310364
W2159707944,computational-biology,Computational biology,0.4617839455604553
W2159707944,computer-science,Computer science,0.4582291543483734
W2159707944,significance-analysis-of-microarrays,Significance analysis of microarrays,0.4570872485637665
W2159707944,population,Population,0.44028735160827637
W2159707944,biology,Biology,0.3679988384246826
W2159707944,gene,Gene,0.31498485803604126
W2159707944,gene-expression,Gene expression,0.25621452927589417
W2159707944,genetics,Genetics,0.25161558389663696
W2159707944,artificial-intelligence,Artificial intelligence,0.15068429708480835
W1999574084,computational-biology,Computational biology,0.6858428120613098
W1999574084,rna-seq,RNA-Seq,0.6149810552597046
W1999574084,genome,Genome,0.6081339120864868
W1999574084,biology,Biology,0.604788064956665
W1999574084,reference-genome,Reference genome,0.5842535495758057
W1999574084,gene,Gene,0.49712303280830383
W1999574084,dna-microarray,DNA microarray,0.47706782817840576
W1999574084,transcriptome,Transcriptome,0.4619361162185669
W1999574084,genetics,Genetics,0.42158228158950806
W1999574084,gene-expression,Gene expression,0.25261390209198
W2142678478,computer-science,Computer science,0.8359646797180176
W2142678478,interface,Interface (matter),0.5338975191116333
W2142678478,heuristics,Heuristics,0.5234757661819458
W2142678478,software,Software,0.5179647207260132
W2142678478,database,Database,0.46795499324798584
W2142678478,set,Set (abstract data type),0.42981380224227905
W2142678478,task,Task (project management),0.4237526059150696
W2142678478,sequence,Sequence (biology),0.42020177841186523
W2142678478,modular-design,Modular design,0.41938111186027527
W2142678478,information-retrieval,Information retrieval,0.40354597568511963
W2142678478,data-mining,Data mining,0.36309337615966797
W2142678478,programming-language,Programming language,0.16059577465057373
W2142678478,parallel-computing,Parallel computing,0.11952558159828186
W2142678478,operating-system,Operating system,0.112418532371521
W1966327575,gene-co-expression-network,Gene co-expression network,0.7086437940597534
W1966327575,r-package,R package,0.6208553314208984
W1966327575,computer-science,Computer science,0.584035336971283
W1966327575,software,Software,0.5758398175239563
W1966327575,data-mining,Data mining,0.5696113705635071
W1966327575,correlation,Correlation,0.5395734310150146
W1966327575,network-analysis,Network analysis,0.5327000617980957
W1966327575,computational-biology,Computational biology,0.5220372676849365
W1966327575,dna-microarray,DNA microarray,0.5060212016105652
W1966327575,gene-regulatory-network,Gene regulatory network,0.4964333176612854
W1966327575,interfacing,Interfacing,0.44969233870506287
W1966327575,biological-network,Biological network,0.433779776096344
W1966327575,biology,Biology,0.3328898251056671
W1966327575,gene,Gene,0.3067038655281067
W1966327575,gene-expression,Gene expression,0.18086639046669006
W1966327575,genetics,Genetics,0.17092940211296082
W1966327575,gene-ontology,Gene ontology,0.13927888870239258
W1966327575,mathematics,Mathematics,0.11512520909309387
W3118615836,checklist,Checklist,0.8825289011001587
W3118615836,systematic-review,Systematic review,0.8597397804260254
W3118615836,guideline,Guideline,0.6794942617416382
W3118615836,statement,Statement (logic),0.6102980971336365
W3118615836,terminology,Terminology,0.5911567807197571
W3118615836,presentation,Presentation (obstetrics),0.527360737323761
W3118615836,computer-science,Computer science,0.4939418435096741
W3118615836,medline,MEDLINE,0.45061057806015015
W3118615836,management-science,Management science,0.3789009153842926
W3118615836,medicine,Medicine,0.3779466450214386
W3118615836,data-science,Data science,0.3526175022125244
W3118615836,psychology,Psychology,0.2349657118320465
W3118615836,pathology,Pathology,0.12360993027687073
W3118615836,engineering,Engineering,0.09278735518455505
W3118615836,political-science,Political science,0.08834731578826904
W2970684805,systematic-review,Systematic review,0.533315122127533
W2970684805,medicine,Medicine,0.5176556706428528
W2970684805,randomized-controlled-trial,Randomized controlled trial,0.5045734643936157
W2970684805,publication-bias,Publication bias,0.4742540419101715
W2970684805,clinical-trial,Clinical trial,0.42311277985572815
W2970684805,medline,MEDLINE,0.4072604179382324
W2970684805,computer-science,Computer science,0.39250078797340393
W2970684805,meta-analysis,Meta-analysis,0.3769868016242981
W2970684805,medical-physics,Medical physics,0.3722756505012512
W2970684805,internal-medicine,Internal medicine,0.13073280453681946
W2531269403,psychological-intervention,Psychological intervention,0.8379109501838684
W2531269403,medicine,Medicine,0.5872930288314819
W2531269403,strengths-and-weaknesses,Strengths and weaknesses,0.5695809721946716
W2531269403,systematic-review,Systematic review,0.5523392558097839
W2531269403,harm,Harm,0.5276176929473877
W2531269403,meta-analysis,Meta-analysis,0.4871029853820801
W2531269403,medline,MEDLINE,0.4540763795375824
W2531269403,psychology,Psychology,0.2573462128639221
W2531269403,nursing,Nursing,0.12202504277229309
W2531269403,pathology,Pathology,0.0836808979511261
W2531269403,social-psychology,Social psychology,0.07648447155952454
W2098923148,cochrane-collaboration,Cochrane collaboration,0.5331164002418518
W2098923148,randomized-controlled-trial,Randomized controlled trial,0.4750514030456543
W2098923148,medicine,Medicine,0.4672154486179352
W2098923148,medline,MEDLINE,0.43950536847114563
W2098923148,intervention,Intervention (counseling),0.4316330850124359
W2098923148,computer-science,Computer science,0.41589054465293884
W2098923148,process,Process (computing),0.41522300243377686
W2098923148,risk-analysis,Risk analysis (engineering),0.3622165322303772
W2098923148,medical-physics,Medical physics,0.3316230773925781
W2098923148,data-science,Data science,0.3240252137184143
W2098923148,cochrane-library,Cochrane Library,0.17975863814353943
W2098923148,surgery,Surgery,0.10840851068496704
W2098923148,nursing,Nursing,0.09695643186569214
W2156098321,systematic-review,Systematic review,0.7104284167289734
W2156098321,statement,Statement (logic),0.6835535764694214
W2156098321,computer-science,Computer science,0.535333514213562
W2156098321,information-retrieval,Information retrieval,0.4949745535850525
W2156098321,data-science,Data science,0.4716935455799103
W2156098321,medline,MEDLINE,0.42469996213912964
W2156098321,medicine,Medicine,0.3671656847000122
W2156098321,world-wide-web,World Wide Web,0.3506365418434143
W2156098321,biology,Biology,0.08249497413635254
W2156098321,political-science,Political science,0.08080971240997314
W2134833483,systematic-review,Systematic review,0.8903539180755615
W2134833483,checklist,Checklist,0.819125771522522
W2134833483,psychological-intervention,Psychological intervention,0.6544206142425537
W2134833483,guideline,Guideline,0.5735664367675781
W2134833483,health-care,Health care,0.5084651708602905
W2134833483,medline,MEDLINE,0.4916287064552307
W2134833483,clarity,CLARITY,0.47788846492767334
W2134833483,psychology,Psychology,0.4505860209465027
W2134833483,medicine,Medicine,0.3872709274291992
W2134833483,management-science,Management science,0.3536655902862549
W2134833483,nursing,Nursing,0.23184072971343994
W2134833483,political-science,Political science,0.10936370491981506
W2134833483,pathology,Pathology,0.0974409282207489
W2165010366,quality-of-evidence,Quality of evidence,0.7126451730728149
W2165010366,quality,Quality (philosophy),0.5854171514511108
W2165010366,consensus-conference,Consensus conference,0.5312397480010986
W2165010366,computer-science,Computer science,0.4620707631111145
W2165010366,evidence-based-medicine,Evidence-based medicine,0.4161224663257599
W2165010366,rating-system,Rating system,0.41029655933380127
W2165010366,medicine,Medicine,0.40691906213760376
W2165010366,data-science,Data science,0.3590407967567444
W2165010366,alternative-medicine,Alternative medicine,0.2860163450241089
W2165010366,meta-analysis,Meta-analysis,0.1831997036933899
W2165010366,pathology,Pathology,0.11588352918624878
W2165010366,environmental-economics,Environmental economics,0.07188957929611206
W2165010366,economics,Economics,0.06894993782043457
W2165010366,library-science,Library science,0.06203576922416687
W2125435699,computer-science,Computer science,0.5832133293151855
W2125435699,data-science,Data science,0.5164527893066406
W2125435699,information-retrieval,Information retrieval,0.4352452754974365
W2125435699,world-wide-web,World Wide Web,0.35861536860466003
W2104129218,overweight,Overweight,0.8848618268966675
W2104129218,obesity,Obesity,0.7307194471359253
W2104129218,body-mass-index,Body mass index,0.7104946970939636
W2104129218,demography,Demography,0.6868805885314941
W2104129218,population,Population,0.5530645251274109
W2104129218,cross-sectional-study,Cross-sectional study,0.512185275554657
W2104129218,medicine,Medicine,0.47634509205818176
W2104129218,geography,Geography,0.3543429374694824
W2104129218,gerontology,Gerontology,0.3408958613872528
W2104129218,sociology,Sociology,0.06532344222068787
W2157823046,funnel-plot,Funnel plot,0.977001428604126
W2157823046,publication-bias,Publication bias,0.875644326210022
W2157823046,meta-analysis,Meta-analysis,0.867306113243103
W2157823046,concordance,Concordance,0.6982810497283936
W2157823046,meta-regression,Meta-regression,0.6592282056808472
W2157823046,medicine,Medicine,0.522966206073761
W2157823046,asymmetry,Asymmetry,0.4849386513233185
W2157823046,statistics,Statistics,0.4674685001373291
W2157823046,systematic-error,Systematic error,0.4559803605079651
W2157823046,forest-plot,Forest plot,0.4400196969509125
W2157823046,sample-size-determination,Sample size determination,0.4384498596191406
W2157823046,mathematics,Mathematics,0.26372864842414856
W2157823046,internal-medicine,Internal medicine,0.22908520698547363
W2157823046,physics,Physics,0.06709030270576477
W2106952837,medicine,Medicine,0.3399515151977539
W2106952837,psychology,Psychology,0.3242107629776001
W2106952837,computer-science,Computer science,0.3226695656776428
W2121960517,software,Software,0.6453980207443237
W2121960517,statistical-software,Statistical software,0.6072654128074646
W2121960517,medicine,Medicine,0.548478901386261
W2121960517,statistical-analysis,Statistical analysis,0.4623045027256012
W2121960517,covariate,Covariate,0.4382418394088745
W2121960517,computer-science,Computer science,0.3367897570133209
W2121960517,software-engineering,Software engineering,0.3024868667125702
W2121960517,operating-system,Operating system,0.28309884667396545
W2121960517,statistics,Statistics,0.27657240629196167
W2121960517,mathematics,Mathematics,0.09559783339500427
W2121960517,machine-learning,Machine learning,0.08376365900039673
W2560367415,blockade,Blockade,0.791092574596405
W2560367415,medicine,Medicine,0.705788791179657
W2560367415,breast-cancer,Breast cancer,0.6678853034973145
W2560367415,immune-checkpoint,Immune checkpoint,0.6656387448310852
W2560367415,oncology,Oncology,0.5619849562644958
W2560367415,pd-l1,PD-L1,0.5569206476211548
W2560367415,internal-medicine,Internal medicine,0.45999419689178467
W2560367415,cancer,Cancer,0.45925092697143555
W2560367415,immune-system,Immune system,0.42846086621284485
W2560367415,immunotherapy,Immunotherapy,0.29647284746170044
W2560367415,immunology,Immunology,0.2790127992630005
W2560367415,receptor,Receptor,0.15479061007499695
W2052853635,mitosis,Mitosis,0.7239314317703247
W2052853635,apoptosis,Apoptosis,0.6709667444229126
W2052853635,biology,Biology,0.6609582304954529
W2052853635,cell-biology,Cell biology,0.6561517119407654
W2052853635,involution,Involution (esoterism),0.6405214071273804
W2052853635,cytoplasm,Cytoplasm,0.5458075404167175
W2052853635,cell,Cell,0.5033933520317078
W2052853635,programmed-cell-death,Programmed cell death,0.48291298747062683
W2052853635,cell-type,Cell type,0.4303853511810303
W2052853635,phagosome,Phagosome,0.4295233190059662
W2052853635,embryonic-stem-cell,Embryonic stem cell,0.4265816807746887
W2052853635,intracellular,Intracellular,0.3372892141342163
W2052853635,biochemistry,Biochemistry,0.20326805114746094
W2052853635,neuroscience,Neuroscience,0.12578222155570984
W2033952602,sociology,Sociology,0.42559778690338135
W2033952602,qualitative-research,Qualitative research,0.4139842092990875
W2033952602,psychology,Psychology,0.34454530477523804
W2033952602,social-science,Social science,0.1555175483226776
W1995341919,propositional-calculus,Propositional calculus,0.7293434143066406
W1995341919,character,Character (mathematics),0.631030261516571
W1995341919,net,Net (polyhedron),0.5670857429504395
W1995341919,calculus,Calculus (dental),0.5502246022224426
W1995341919,logical-conjunction,Logical conjunction,0.5229940414428711
W1995341919,neurophysiology,Neurophysiology,0.4837496280670166
W1995341919,logical-consequence,Logical consequence,0.43915557861328125
W1995341919,mathematics,Mathematics,0.4317716062068939
W1995341919,computer-science,Computer science,0.38890355825424194
W1995341919,artificial-intelligence,Artificial intelligence,0.19151929020881653
W1995341919,discrete-mathematics,Discrete mathematics,0.1770607829093933
W1995341919,psychology,Psychology,0.1766725778579712
W1995341919,neuroscience,Neuroscience,0.1542026400566101
W2173251738,radiosonde,Radiosonde,0.79690021276474
W2173251738,data-assimilation,Data assimilation,0.7697681784629822
W2173251738,meteorology,Meteorology,0.6107561588287354
W2173251738,environmental-science,Environmental science,0.5995377898216248
W2173251738,troposphere,Troposphere,0.5008056163787842
W2173251738,climatology,Climatology,0.47187772393226624
W2173251738,satellite,Satellite,0.47172537446022034
W2173251738,computer-science,Computer science,0.38215047121047974
W2173251738,database,Database,0.3716380298137665
W2173251738,geography,Geography,0.14460641145706177
W2173251738,geology,Geology,0.09057086706161499
W2121001699,social-media,Social media,0.7816288471221924
W2121001699,world-wide-web,World Wide Web,0.5571889281272888
W2121001699,social-media-optimization,Social media optimization,0.549113392829895
W2121001699,computer-science,Computer science,0.5010924339294434
W2121001699,term,Term (time),0.48919060826301575
W2121001699,web-2.0,Web 2.0,0.4437463879585266
W2121001699,metaverse,Metaverse,0.42731013894081116
W2121001699,user-generated-content,User-generated content,0.41953739523887634
W2121001699,sociology,Sociology,0.4163099229335785
W2121001699,public-relations,Public relations,0.4081132113933563
W2121001699,internet-privacy,Internet privacy,0.38884758949279785
W2121001699,the-internet,The Internet,0.2900177240371704
W2121001699,political-science,Political science,0.18293443322181702
W2121001699,virtual-reality,Virtual reality,0.17122796177864075
W2121001699,human–computer-interaction,Human–computer interaction,0.0906389057636261
W4393935425,cancer,Cancer,0.7008956074714661
W4393935425,medicine,Medicine,0.6678707003593445
W4393935425,breast-cancer,Breast cancer,0.6617358922958374
W4393935425,lung-cancer,Lung cancer,0.6045265793800354
W4393935425,skin-cancer,Skin cancer,0.5522206425666809
W4393935425,incidence,Incidence (geometry),0.5396433472633362
W4393935425,demography,Demography,0.48698362708091736
W4393935425,colorectal-cancer,Colorectal cancer,0.4825381636619568
W4393935425,stomach-cancer,Stomach cancer,0.47673001885414124
W4393935425,causes-of-cancer,Causes of cancer,0.4578501284122467
W4393935425,prostate-cancer,Prostate cancer,0.45036718249320984
W4393935425,cause-of-death,Cause of death,0.44309180974960327
W4393935425,international-agency,International agency,0.4150984287261963
W4393935425,oncology,Oncology,0.41343507170677185
W4393935425,internal-medicine,Internal medicine,0.3735617995262146
W4393935425,gynecology,Gynecology,0.3347449004650116
W4393935425,disease,Disease,0.22642579674720764
W4315754639,medicine,Medicine,0.7684791088104248
W4315754639,cancer,Cancer,0.7162827253341675
W4315754639,cervical-cancer,Cervical cancer,0.5951120853424072
W4315754639,demography,Demography,0.5726604461669922
W4315754639,incidence,Incidence (geometry),0.5227801203727722
W4315754639,population,Population,0.5183547735214233
W4315754639,prostate-cancer,Prostate cancer,0.5093573331832886
W4315754639,lung-cancer,Lung cancer,0.46941766142845154
W4315754639,cohort,Cohort,0.45728960633277893
W4315754639,breast-cancer,Breast cancer,0.446760356426239
W4315754639,oncology,Oncology,0.23529314994812012
W4315754639,internal-medicine,Internal medicine,0.1881798803806305
W4315754639,environmental-health,Environmental health,0.14967671036720276
W4206841660,medicine,Medicine,0.7630438208580017
W4206841660,prostate-cancer,Prostate cancer,0.7415614128112793
W4206841660,cancer,Cancer,0.6975903511047363
W4206841660,lung-cancer,Lung cancer,0.6600717902183533
W4206841660,breast-cancer,Breast cancer,0.6582409143447876
W4206841660,incidence,Incidence (geometry),0.5592193007469177
W4206841660,cancer-registry,Cancer registry,0.5262419581413269
W4206841660,relative-survival,Relative survival,0.525542676448822
W4206841660,population,Population,0.5251062512397766
W4206841660,epidemiology-of-cancer,Epidemiology of cancer,0.4964197278022766
W4206841660,epidemiology,Epidemiology,0.492782860994339
W4206841660,disease,Disease,0.45298299193382263
W4206841660,demography,Demography,0.445195734500885
W4206841660,mortality-rate,Mortality rate,0.4133860468864441
W4206841660,oncology,Oncology,0.34657931327819824
W4206841660,internal-medicine,Internal medicine,0.2925710380077362
W4206841660,environmental-health,Environmental health,0.14008700847625732
W3119005666,cancer,Cancer,0.5963426828384399
W3119005666,statistics,Statistics,0.44954580068588257
W3119005666,medicine,Medicine,0.32235658168792725
W3119005666,mathematics,Mathematics,0.1590135097503662
W3119005666,internal-medicine,Internal medicine,0.1442917287349701
W3128646645,medicine,Medicine,0.7026069760322571
W3128646645,cancer,Cancer,0.6876381635665894
W3128646645,breast-cancer,Breast cancer,0.6682701706886292
W3128646645,skin-cancer,Skin cancer,0.5792765021324158
W3128646645,lung-cancer,Lung cancer,0.5768730044364929
W3128646645,colorectal-cancer,Colorectal cancer,0.5180783271789551
W3128646645,incidence,Incidence (geometry),0.5160927176475525
W3128646645,demography,Demography,0.5144960880279541
W3128646645,prostate-cancer,Prostate cancer,0.4548410475254059
W3128646645,mortality-rate,Mortality rate,0.44843122363090515
W3128646645,stomach-cancer,Stomach cancer,0.4154999852180481
W3128646645,oncology,Oncology,0.33189263939857483
W3128646645,internal-medicine,Internal medicine,0.32103973627090454
W2999417355,medicine,Medicine,0.7660980224609375
W2999417355,colorectal-cancer,Colorectal cancer,0.654758095741272
W2999417355,cancer,Cancer,0.6466898918151855
W2999417355,prostate-cancer,Prostate cancer,0.6210018992424011
W2999417355,breast-cancer,Breast cancer,0.6025815010070801
W2999417355,demography,Demography,0.5513307452201843
W2999417355,lung-cancer,Lung cancer,0.5457618832588196
W2999417355,population,Population,0.4962156414985657
W2999417355,mortality-rate,Mortality rate,0.49318212270736694
W2999417355,epidemiology,Epidemiology,0.4617561995983124
W2999417355,epidemiology-of-cancer,Epidemiology of cancer,0.45808544754981995
W2999417355,incidence,Incidence (geometry),0.42067956924438477
W2999417355,health-statistics,Health statistics,0.4114413261413574
W2999417355,gerontology,Gerontology,0.32288578152656555
W2999417355,oncology,Oncology,0.3172023296356201
W2999417355,internal-medicine,Internal medicine,0.221140056848526
W2999417355,environmental-health,Environmental health,0.15783023834228516
W2911188335,cancer,Cancer,0.713351845741272
W2911188335,medicine,Medicine,0.6959922313690186
W2911188335,demography,Demography,0.6909000873565674
W2911188335,mortality-rate,Mortality rate,0.6088014245033264
W2911188335,epidemiology,Epidemiology,0.5255847573280334
W2911188335,cervical-cancer,Cervical cancer,0.5119355916976929
W2911188335,lung-cancer,Lung cancer,0.5107147693634033
W2911188335,socioeconomic-status,Socioeconomic status,0.5053892135620117
W2911188335,incidence,Incidence (geometry),0.5011639595031738
W2911188335,cancer-incidence,Cancer incidence,0.43614402413368225
W2911188335,liver-cancer,Liver cancer,0.4294228255748749
W2911188335,epidemiology-of-cancer,Epidemiology of cancer,0.4128812849521637
W2911188335,cause-of-death,Cause of death,0.4117785096168518
W2911188335,gerontology,Gerontology,0.322567880153656
W2911188335,population,Population,0.3224407732486725
W2911188335,environmental-health,Environmental health,0.29279768466949463
W2911188335,surgery,Surgery,0.1312015950679779
W2911188335,oncology,Oncology,0.12725216150283813
W2911188335,disease,Disease,0.11723947525024414
W2911188335,internal-medicine,Internal medicine,0.1085655689239502
W2911188335,breast-cancer,Breast cancer,0.09729662537574768
W2781525129,cancer,Cancer,0.7554837465286255
W2781525129,medicine,Medicine,0.7496256232261658
W2781525129,demography,Demography,0.6550658345222473
W2781525129,mortality-rate,Mortality rate,0.5668987035751343
W2781525129,epidemiology,Epidemiology,0.5172460675239563
W2781525129,incidence,Incidence (geometry),0.5022931098937988
W2781525129,cause-of-death,Cause of death,0.4888419508934021
W2781525129,confidence-interval,Confidence interval,0.4776707589626312
W2781525129,gerontology,Gerontology,0.36448901891708374
W2781525129,disease,Disease,0.16938480734825134
W2781525129,internal-medicine,Internal medicine,0.15569689869880676
W2889646458,cancer,Cancer,0.814186692237854
W2889646458,colorectal-cancer,Colorectal cancer,0.7472394704818726
W2889646458,medicine,Medicine,0.6954325437545776
W2889646458,skin-cancer,Skin cancer,0.662139892578125
W2889646458,breast-cancer,Breast cancer,0.6420378088951111
W2889646458,prostate-cancer,Prostate cancer,0.5993866920471191
W2889646458,lung-cancer,Lung cancer,0.587192952632904
W2889646458,liver-cancer,Liver cancer,0.5850893259048462
W2889646458,stomach-cancer,Stomach cancer,0.5637483596801758
W2889646458,causes-of-cancer,Causes of cancer,0.5202661752700806
W2889646458,incidence,Incidence (geometry),0.514241635799408
W2889646458,cancer-registry,Cancer registry,0.46199703216552734
W2889646458,cause-of-death,Cause of death,0.46064096689224243
W2889646458,epidemiology-of-cancer,Epidemiology of cancer,0.4530446529388428
W2889646458,mortality-rate,Mortality rate,0.4510115087032318
W2889646458,oncology,Oncology,0.3965390920639038
W2889646458,internal-medicine,Internal medicine,0.33826944231987
W2889646458,disease,Disease,0.17574074864387512
W2272984102,medicine,Medicine,0.7252436280250549
W2272984102,cancer,Cancer,0.6746506690979004
W2272984102,population,Population,0.667651891708374
W2272984102,incidence,Incidence (geometry),0.6629897356033325
W2272984102,demography,Demography,0.5923647284507751
W2272984102,stomach-cancer,Stomach cancer,0.58649742603302
W2272984102,cancer-registry,Cancer registry,0.5765012502670288
W2272984102,lung-cancer,Lung cancer,0.5383781790733337
W2272984102,mortality-rate,Mortality rate,0.5204196572303772
W2272984102,esophageal-cancer,Esophageal cancer,0.44449061155319214
W2272984102,standardized-mortality-ratio,Standardized mortality ratio,0.4404814839363098
W2272984102,environmental-health,Environmental health,0.23933875560760498
W2272984102,internal-medicine,Internal medicine,0.19846269488334656
W2235523093,cancer,Cancer,0.7785648107528687
W2235523093,medicine,Medicine,0.7240057587623596
W2235523093,cause-of-death,Cause of death,0.5446774363517761
W2235523093,prostate-cancer,Prostate cancer,0.5021188259124756
W2235523093,incidence,Incidence (geometry),0.4859520196914673
W2235523093,epidemiology,Epidemiology,0.48551034927368164
W2235523093,disease,Disease,0.4740599989891052
W2235523093,mortality-rate,Mortality rate,0.4667043685913086
W2235523093,cancer-prevention,Cancer prevention,0.4653312563896179
W2235523093,demography,Demography,0.4545229971408844
W2235523093,epidemiology-of-cancer,Epidemiology of cancer,0.44126808643341064
W2235523093,causes-of-cancer,Causes of cancer,0.41254496574401855
W2235523093,gerontology,Gerontology,0.3203807473182678
W2235523093,internal-medicine,Internal medicine,0.21528968214988708
W2235523093,breast-cancer,Breast cancer,0.19330036640167236
W2917837889,medicine,Medicine,0.9142652750015259
W2917837889,cancer,Cancer,0.5863662362098694
W2917837889,statistics,Statistics,0.5098225474357605
W2917837889,internal-medicine,Internal medicine,0.1108277440071106
W2106787323,medicine,Medicine,0.8977848291397095
W2106787323,statistics,Statistics,0.6058022379875183
W2106787323,cancer-incidence,Cancer incidence,0.6050009727478027
W2106787323,incidence,Incidence (geometry),0.5758281946182251
W2106787323,cancer,Cancer,0.5480802059173584
W2106787323,demography,Demography,0.41905999183654785
W2106787323,internal-medicine,Internal medicine,0.12165439128875732
W2020830322,cancer,Cancer,0.7308974862098694
W2020830322,medicine,Medicine,0.7164933681488037
W2020830322,breast-cancer,Breast cancer,0.6725999116897583
W2020830322,lung-cancer,Lung cancer,0.5917248129844666
W2020830322,international-agency,International agency,0.5564857125282288
W2020830322,demography,Demography,0.5345121622085571
W2020830322,colorectal-cancer,Colorectal cancer,0.509985089302063
W2020830322,incidence,Incidence (geometry),0.5072714686393738
W2020830322,stomach-cancer,Stomach cancer,0.43957772850990295
W2020830322,cancer-registry,Cancer registry,0.4299089312553406
W2020830322,epidemiology-of-cancer,Epidemiology of cancer,0.4253042936325073
W2020830322,cause-of-death,Cause of death,0.42356303334236145
W2020830322,causes-of-cancer,Causes of cancer,0.4234112501144409
W2020830322,mortality-rate,Mortality rate,0.41895201802253723
W2020830322,disease,Disease,0.3249562978744507
W2020830322,oncology,Oncology,0.21999943256378174
W2020830322,internal-medicine,Internal medicine,0.19011551141738892
W4300009529,climate-change,Climate change,0.6928252577781677
W4300009529,climatology,Climatology,0.650741457939148
W4300009529,adaptation,Adaptation (eye),0.5570489168167114
W4300009529,climate-change-adaptation,Climate change adaptation,0.41556739807128906
W4300009529,geography,Geography,0.4084908366203308
W4300009529,environmental-science,Environmental science,0.39321571588516235
W4300009529,environmental-resource-management,Environmental resource management,0.36369654536247253
W4300009529,political-science,Political science,0.3329014778137207
W4300009529,psychology,Psychology,0.14574554562568665
W4300009529,geology,Geology,0.08500373363494873
W2296319761,appeal,Appeal,0.6870809197425842
W2296319761,subject,Subject (documents),0.5542862415313721
W2296319761,focus,Focus (optics),0.5449867844581604
W2296319761,regular-polygon,Regular polygon,0.544857919216156
W2296319761,convex-optimization,Convex optimization,0.5240316987037659
W2296319761,convex-analysis,Convex analysis,0.5180925726890564
W2296319761,computer-science,Computer science,0.4652790427207947
W2296319761,mathematical-optimization,Mathematical optimization,0.4617483913898468
W2296319761,proper-convex-function,Proper convex function,0.44205427169799805
W2296319761,optimization-problem,Optimization problem,0.4222645163536072
W2296319761,mathematical-economics,Mathematical economics,0.4082756042480469
W2296319761,management-science,Management science,0.4027880132198334
W2296319761,mathematics,Mathematics,0.3731670677661896
W2296319761,engineering,Engineering,0.18231362104415894
W2296319761,political-science,Political science,0.16707965731620789
W2296319761,physics,Physics,0.1291719377040863
W2296319761,geometry,Geometry,0.09655237197875977
W2296319761,library-science,Library science,0.06270483136177063
W2033819227,fundamental-matrix,Fundamental matrix (linear differential equation),0.609194278717041
W2033819227,photogrammetry,Photogrammetry,0.5971300601959229
W2033819227,projective-geometry,Projective geometry,0.5750280618667603
W2033819227,computer-science,Computer science,0.5299038887023926
W2033819227,epipolar-geometry,Epipolar geometry,0.523726761341095
W2033819227,projection,Projection (relational algebra),0.5064831972122192
W2033819227,orthographic-projection,Orthographic projection,0.49108028411865234
W2033819227,computation,Computation,0.47997212409973145
W2033819227,representation,Representation (politics),0.4786704480648041
W2033819227,tensor,Tensor (intrinsic definition),0.4615722894668579
W2033819227,algebra-over-a-field,Algebra over a field,0.4546507000923157
W2033819227,key,Key (lock),0.44549560546875
W2033819227,computer-vision,Computer vision,0.4285089671611786
W2033819227,artificial-intelligence,Artificial intelligence,0.39161768555641174
W2033819227,geometry,Geometry,0.39156362414360046
W2033819227,algebraic-geometry,Algebraic geometry,0.3904651999473572
W2033819227,mathematics,Mathematics,0.3598477840423584
W2033819227,algorithm,Algorithm,0.32108545303344727
W2033819227,image,Image (mathematics),0.22506296634674072
W2033819227,pure-mathematics,Pure mathematics,0.17742541432380676
W1666853924,optics,Optics,0.7018529772758484
W1666853924,diffraction,Diffraction,0.6866198182106018
W1666853924,interference,Interference (communication),0.5674303770065308
W1666853924,astronomical-interferometer,Astronomical interferometer,0.5301331877708435
W1666853924,physical-optics,Physical optics,0.5267450213432312
W1666853924,physics,Physics,0.4910616874694824
W1666853924,geometrical-optics,Geometrical optics,0.4815707206726074
W1666853924,crystal-optics,Crystal optics,0.4169026017189026
W1666853924,interferometry,Interferometry,0.35280585289001465
W1666853924,theoretical-physics,Theoretical physics,0.32680919766426086
W1666853924,computer-science,Computer science,0.2918144464492798
W1666853924,telecommunications,Telecommunications,0.10518515110015869
W1666853924,laser,Laser,0.08257156610488892
W4210702550,process,Process (computing),0.6269391179084778
W4210702550,identity,Identity (music),0.588097870349884
W4210702550,relevance,Relevance (law),0.5853129625320435
W4210702550,meaning,Meaning (existential),0.5834916830062866
W4210702550,intersection,Intersection (aeronautics),0.5772687196731567
W4210702550,sociology,Sociology,0.5297278761863708
W4210702550,epistemology,Epistemology,0.5230811238288879
W4210702550,social-practice,Social practice,0.4533514380455017
W4210702550,political-science,Political science,0.2190711498260498
W4210702550,computer-science,Computer science,0.16716328263282776
W4210702550,engineering,Engineering,0.10445424914360046
W4210702550,aesthetics,Aesthetics,0.08801797032356262
W950821216,social-network-analysis,Social network analysis,0.6797739267349243
W950821216,social-network,Social network (sociolinguistics),0.6407796144485474
W950821216,organizational-network-analysis,Organizational network analysis,0.5831140875816345
W950821216,field,Field (mathematics),0.5689283013343811
W950821216,data-science,Data science,0.5545505285263062
W950821216,perspective,Perspective (graphical),0.5184390544891357
W950821216,computer-science,Computer science,0.5071322917938232
W950821216,management-science,Management science,0.480571985244751
W950821216,focus,Focus (optics),0.45093947649002075
W950821216,knowledge-management,Knowledge management,0.26217716932296753
W950821216,world-wide-web,World Wide Web,0.17975780367851257
W950821216,artificial-intelligence,Artificial intelligence,0.1769566833972931
W950821216,engineering,Engineering,0.15941372513771057
W950821216,social-media,Social media,0.1380065679550171
W4245961435,situated,Situated,0.9693796038627625
W4245961435,situated-learning,Situated learning,0.9181290864944458
W4245961435,sociocultural-evolution,Sociocultural evolution,0.6488935947418213
W4245961435,sociology,Sociology,0.5177375674247742
W4245961435,social-learning,Social learning,0.5125800967216492
W4245961435,community-of-practice,Community of practice,0.5047100782394409
W4245961435,process,Process (computing),0.4924374520778656
W4245961435,pedagogy,Pedagogy,0.38772860169410706
W4245961435,psychology,Psychology,0.3638307452201843
W4245961435,computer-science,Computer science,0.19242313504219055
W4245961435,anthropology,Anthropology,0.15084737539291382
W4245961435,artificial-intelligence,Artificial intelligence,0.10320848226547241
W4233654598,commons,Commons,0.8926206231117249
W4233654598,tragedy-of-the-commons,Tragedy of the commons,0.8566088676452637
W4233654598,common-pool-resource,Common-pool resource,0.8011757135391235
W4233654598,natural-resource,Natural resource,0.6101034879684448
W4233654598,corporate-governance,Corporate governance,0.5768983960151672
W4233654598,argument,Argument (complex analysis),0.5645678639411926
W4233654598,institutional-analysis,Institutional analysis,0.5211860537528992
W4233654598,environmental-governance,Environmental governance,0.5112237930297852
W4233654598,state,State (computer science),0.5023453235626221
W4233654598,resource,Resource (disambiguation),0.4696459174156189
W4233654598,law-and-economics,Law and economics,0.46162062883377075
W4233654598,order,Order (exchange),0.4555895924568176
W4233654598,diversity,Diversity (politics),0.4256887137889862
W4233654598,political-science,Political science,0.4253644347190857
W4233654598,economics,Economics,0.3799300193786621
W4233654598,public-economics,Public economics,0.3791583776473999
W4233654598,sociology,Sociology,0.23273921012878418
W4233654598,microeconomics,Microeconomics,0.2239147424697876
W4233654598,law,Law,0.18955332040786743
W4233654598,social-science,Social science,0.15475794672966003
W4233654598,computer-science,Computer science,0.12609249353408813
W4233654598,management,Management,0.09001114964485168
W4298413470,incentive,Incentive,0.6732636094093323
W4298413470,transaction-cost,Transaction cost,0.6678459644317627
W4298413470,institutional-change,Institutional change,0.5784897804260254
W4298413470,new-institutional-economics,New institutional economics,0.5720661282539368
W4298413470,politics,Politics,0.5053799748420715
W4298413470,institutional-analysis,Institutional analysis,0.48932522535324097
W4298413470,path-dependence,Path dependence,0.4566445052623749
W4298413470,political-science,Political science,0.4544144868850708
W4298413470,institutional-economics,Institutional economics,0.4491262435913086
W4298413470,economic-system,Economic system,0.42640697956085205
W4298413470,economics,Economics,0.37962251901626587
W4298413470,economy,Economy,0.347159206867218
W4298413470,political-economy,Political economy,0.3206135332584381
W4298413470,neoclassical-economics,Neoclassical economics,0.26064687967300415
W4298413470,public-administration,Public administration,0.25538355112075806
W4298413470,market-economy,Market economy,0.19973981380462646
W4298413470,sociology,Sociology,0.18225234746932983
W4298413470,social-science,Social science,0.1177125871181488
W4298413470,finance,Finance,0.10352429747581482
W4298413470,law,Law,0.08340996503829956
W2133469585,axiom,Axiom,0.7726175785064697
W2133469585,arrow,Arrow,0.7669095993041992
W2133469585,normative,Normative,0.7174387574195862
W2133469585,expected-utility-hypothesis,Expected utility hypothesis,0.6637121438980103
W2133469585,subjective-expected-utility,Subjective expected utility,0.6106410026550293
W2133469585,mathematical-economics,Mathematical economics,0.5751233696937561
W2133469585,decision-theory,Decision theory,0.5640044212341309
W2133469585,von-neumann-architecture,Von Neumann architecture,0.5601280927658081
W2133469585,von-neumann–morgenstern-utility-theorem,Von Neumann–Morgenstern utility theorem,0.4743579626083374
W2133469585,economics,Economics,0.39159518480300903
W2133469585,positive-economics,Positive economics,0.3383753299713135
W2133469585,computer-science,Computer science,0.3086715638637543
W2133469585,epistemology,Epistemology,0.20038053393363953
W2133469585,microeconomics,Microeconomics,0.1844826638698578
W2133469585,mathematics,Mathematics,0.1817188262939453
W2133469585,philosophy,Philosophy,0.10594925284385681
W4301056702,habitus,Habitus,0.9212214946746826
W4301056702,epistemology,Epistemology,0.7493892908096313
W4301056702,practice-theory,Practice theory,0.733627438545227
W4301056702,dialectic,Dialectic,0.6895408630371094
W4301056702,sociology,Sociology,0.6817720532417297
W4301056702,dichotomy,Dichotomy,0.6573631763458252
W4301056702,objectification,Objectification,0.6073414087295532
W4301056702,social-theory,Social theory,0.5934886932373047
W4301056702,materialism,Materialism,0.509893536567688
W4301056702,social-practice,Social practice,0.47386860847473145
W4301056702,action,Action (physics),0.46104711294174194
W4301056702,doxa,Doxa,0.4527367651462555
W4301056702,critical-theory,Critical theory,0.42982012033462524
W4301056702,power,Power (physics),0.4159505367279053
W4301056702,social-science,Social science,0.3560536503791809
W4301056702,cultural-capital,Cultural capital,0.24420490860939026
W4301056702,philosophy,Philosophy,0.15745997428894043
W2118338381,structural-equation-modeling,Structural equation modeling,0.762739896774292
W2118338381,computer-science,Computer science,0.35772615671157837
W2118338381,psychology,Psychology,0.3328374922275543
W2118338381,machine-learning,Machine learning,0.06058478355407715
W2152311269,chloroform,Chloroform,0.8842306137084961
W2152311269,chromatography,Chromatography,0.7442933320999146
W2152311269,extraction,Extraction (chemistry),0.6755035519599915
W2152311269,chemistry,Chemistry,0.6193746328353882
W2152311269,dilution,Dilution,0.4759925603866577
W2152311269,methanol,Methanol,0.4276466965675354
W2152311269,fish-actinopterygii,Fish <Actinopterygii>,0.4150148630142212
W2152311269,biology,Biology,0.21345272660255432
W2152311269,organic-chemistry,Organic chemistry,0.13929331302642822
W2152311269,fishery,Fishery,0.0713861882686615
W2300552860,chloroform,Chloroform,0.8892467617988586
W2300552860,chromatography,Chromatography,0.7472904920578003
W2300552860,extraction,Extraction (chemistry),0.6711732149124146
W2300552860,chemistry,Chemistry,0.6467916369438171
W2300552860,dilution,Dilution,0.4703543186187744
W2300552860,methanol,Methanol,0.4352600574493408
W2300552860,organic-chemistry,Organic chemistry,0.14378753304481506
W2038533471,physics,Physics,0.8726773262023926
W2038533471,spin,Spin (aerodynamics),0.6359190940856934
W2038533471,fermi-gas,Fermi gas,0.5931283235549927
W2038533471,spin-polarization,Spin polarization,0.5296288132667542
W2038533471,electron,Electron,0.5170060396194458
W2038533471,local-density-approximation,Local-density approximation,0.505650520324707
W2038533471,range,Range (aeronautics),0.4681404232978821
W2038533471,monte-carlo-method,Monte Carlo method,0.4464153051376343
W2038533471,interpolation,Interpolation (computer graphics),0.41430145502090454
W2038533471,condensed-matter-physics,Condensed matter physics,0.39721184968948364
W2038533471,quantum-mechanics,Quantum mechanics,0.2866789698600769
W2038533471,density-functional-theory,Density functional theory,0.2490890622138977
W2038533471,classical-mechanics,Classical mechanics,0.07731276750564575
W1999130958,guideline,Guideline,0.8653019666671753
W1999130958,medicine,Medicine,0.8542697429656982
W1999130958,cancer,Cancer,0.5750005841255188
W1999130958,clinical-practice,Clinical Practice,0.5743383169174194
W1999130958,medical-physics,Medical physics,0.4086079001426697
W1999130958,intensive-care-medicine,Intensive care medicine,0.36275094747543335
W1999130958,family-medicine,Family medicine,0.3255806565284729
W1999130958,internal-medicine,Internal medicine,0.15833771228790283
W1999130958,pathology,Pathology,0.13943421840667725
W2149441684,genomics,Genomics,0.8440196514129639
W2149441684,cancer,Cancer,0.6897988319396973
W2149441684,computational-biology,Computational biology,0.5064233541488647
W2149441684,biology,Biology,0.39103004336357117
W2149441684,bioinformatics,Bioinformatics,0.3818748891353607
W2149441684,genome,Genome,0.22544679045677185
W2149441684,genetics,Genetics,0.20997658371925354
W2149441684,gene,Gene,0.12060612440109253
W3009912996,tmprss2,TMPRSS2,0.8528943657875061
W3009912996,proteases,Proteases,0.7866625189781189
W3009912996,biology,Biology,0.7614295482635498
W3009912996,viral-entry,Viral entry,0.7227671146392822
W3009912996,virology,Virology,0.6368671655654907
W3009912996,coronavirus,Coronavirus,0.631517767906189
W3009912996,protease,Protease,0.6093997955322266
W3009912996,receptor,Receptor,0.5335175395011902
W3009912996,serine-protease,Serine protease,0.5181599855422974
W3009912996,severe-acute-respiratory-syndrome-coronavirus-2,Severe acute respiratory syndrome coronavirus 2 (SARS-CoV-2),0.5180742740631104
W3009912996,priming,Priming (agriculture),0.5022308826446533
W3009912996,protease-inhibitor,Protease inhibitor (pharmacology),0.4538998007774353
W3009912996,betacoronavirus,Betacoronavirus,0.4160149395465851
W3009912996,coronavirus-disease-2019,Coronavirus disease 2019 (COVID-19),0.37990912795066833
W3009912996,virus,Virus,0.37773436307907104
W3009912996,immunology,Immunology,0.3486670255661011
W3009912996,viral-replication,Viral replication,0.21063309907913208
W3009912996,genetics,Genetics,0.16041946411132812
W3009912996,viral-load,Viral load,0.15147718787193298
W3009912996,enzyme,Enzyme,0.12194547057151794
W3009912996,medicine,Medicine,0.10556316375732422
W3009912996,disease,Disease,0.06992313265800476
W2949177718,biology,Biology,0.929631233215332
W2949177718,computational-biology,Computational biology,0.5100274682044983
W2949177718,data-integration,Data integration,0.44733062386512756
W2949177718,computer-science,Computer science,0.13379773497581482
W2949177718,data-mining,Data mining,0.11016786098480225
W1997183854,biology,Biology,0.9437977075576782
W1997183854,programmed-cell-death,Programmed cell death,0.584044337272644
W1997183854,cell-biology,Cell biology,0.4045311212539673
W1997183854,apoptosis,Apoptosis,0.2768837511539459
W1997183854,biochemistry,Biochemistry,0.236640065908432
W2117692326,biology,Biology,0.9425488710403442
W2117692326,cancer,Cancer,0.6869092583656311
W2117692326,computational-biology,Computational biology,0.4076009690761566
W2117692326,cancer-research,Cancer research,0.3388110399246216
W2117692326,genetics,Genetics,0.3202258348464966
W2162674813,biology,Biology,0.9553614854812622
W2162674813,microrna,microRNA,0.7436237335205078
W2162674813,computational-biology,Computational biology,0.5043953657150269
W2162674813,regulation-of-gene-expression,Regulation of gene expression,0.4242579936981201
W2162674813,genetics,Genetics,0.39061862230300903
W2162674813,gene,Gene,0.36804407835006714
W2138977668,biology,Biology,0.9524216651916504
W2138977668,induced-pluripotent-stem-cell,Induced pluripotent stem cell,0.7788927555084229
W2138977668,cell-biology,Cell biology,0.6601287126541138
W2138977668,stem-cell,Stem cell,0.619223952293396
W2138977668,embryonic-stem-cell,Embryonic stem cell,0.3703981935977936
W2138977668,genetics,Genetics,0.3060859441757202
W2138977668,gene,Gene,0.16580575704574585
W2125987139,homeobox-protein-nanog,Homeobox protein NANOG,0.866460919380188
W2125987139,biology,Biology,0.8664429187774658
W2125987139,sox2,SOX2,0.8592209219932556
W2125987139,embryonic-stem-cell,Embryonic stem cell,0.8099088668823242
W2125987139,induced-pluripotent-stem-cell,Induced pluripotent stem cell,0.8039628863334656
W2125987139,reprogramming,Reprogramming,0.7919796705245972
W2125987139,kosr,KOSR,0.7911526560783386
W2125987139,cell-biology,Cell biology,0.6717668771743774
W2125987139,stem-cell,Stem cell,0.5576420426368713
W2125987139,embryoid-body,Embryoid body,0.5529565215110779
W2125987139,induced-stem-cells,Induced stem cells,0.5391671061515808
W2125987139,rex1,Rex1,0.46920245885849
W2125987139,cell-potency,Cell potency,0.46361926198005676
W2125987139,klf4,KLF4,0.45382723212242126
W2125987139,adult-stem-cell,Adult stem cell,0.43300437927246094
W2125987139,cellular-differentiation,Cellular differentiation,0.41246843338012695
W2125987139,genetics,Genetics,0.22892960906028748
W2125987139,cell,Cell,0.22284266352653503
W2125987139,gene,Gene,0.07529821991920471
W144423133,biology,Biology,0.9509134292602539
W144423133,microrna,microRNA,0.8190277814865112
W144423133,multicellular-organism,Multicellular organism,0.7024810314178467
W144423133,gene,Gene,0.6143732070922852
W144423133,genetics,Genetics,0.5251707434654236
W144423133,psychological-repression,Psychological repression,0.5204879641532898
W144423133,regulation-of-gene-expression,Regulation of gene expression,0.48828887939453125
W144423133,computational-biology,Computational biology,0.42619284987449646
W144423133,argonaute,Argonaute,0.41860780119895935
W144423133,cell-biology,Cell biology,0.4124296307563782
W144423133,gene-expression,Gene expression,0.36579999327659607
W144423133,rna,RNA,0.3601452708244324
W144423133,rna-interference,RNA interference,0.3503039479255676
W2034269086,biology,Biology,0.9520451426506042
W2034269086,cancer,Cancer,0.4750625789165497
W2034269086,computational-biology,Computational biology,0.4530264735221863
W2034269086,genetics,Genetics,0.3111672103404999
W1523693806,autophagy,Autophagy,0.8545735478401184
W1523693806,cell-biology,Cell biology,0.6459888219833374
W1523693806,lipofuscin,Lipofuscin,0.5497539043426514
W1523693806,biology,Biology,0.5344901084899902
W1523693806,proteasome,Proteasome,0.5275235772132874
W1523693806,sequestosome-1,Sequestosome 1,0.4436924457550049
W1523693806,activator,Activator (genetics),0.43082094192504883
W1523693806,lamp1,LAMP1,0.4176673889160156
W1523693806,apoptosis,Apoptosis,0.16585353016853333
W1523693806,gene,Gene,0.15800601243972778
W1523693806,biochemistry,Biochemistry,0.09532490372657776
W2018289835,chemistry,Chemistry,0.5956186652183533
W2018289835,tumor-necrosis-factor-alpha,Tumor necrosis factor alpha,0.5606574416160583
W2018289835,reactive-oxygen-species,Reactive oxygen species,0.5502974987030029
W2018289835,p38-mitogen-activated-protein-kinases,p38 mitogen-activated protein kinases,0.5481685400009155
W2018289835,nadph-oxidase,NADPH oxidase,0.5189856886863708
W2018289835,protein-kinase-b,Protein kinase B,0.49618062376976013
W2018289835,oxidative-stress,Oxidative stress,0.48292800784111023
W2018289835,inflammation,Inflammation,0.4670874774456024
W2018289835,nox4,NOX4,0.4298902451992035
W2018289835,phosphorylation,Phosphorylation,0.39414697885513306
W2018289835,protein-kinase-a,Protein kinase A,0.3907443881034851
W2018289835,endocrinology,Endocrinology,0.3802792429924011
W2018289835,internal-medicine,Internal medicine,0.35159868001937866
W2018289835,immunology,Immunology,0.2908360958099365
W2018289835,biochemistry,Biochemistry,0.28392428159713745
W2018289835,biology,Biology,0.2599753141403198
W2018289835,medicine,Medicine,0.16149356961250305
W1487127700,control,Control (management),0.474176287651062
W1487127700,nonlinear-system,Nonlinear system,0.45923125743865967
W1487127700,computer-science,Computer science,0.347382515668869
W1487127700,control-theory,Control theory (sociology),0.330011785030365
W1487127700,physics,Physics,0.1580125093460083
W1487127700,artificial-intelligence,Artificial intelligence,0.12543514370918274
W1997151511,solvation,Solvation,0.7207472920417786
W1997151511,citation,Citation,0.6193390488624573
W1997151511,altmetrics,Altmetrics,0.42672374844551086
W1997151511,computer-science,Computer science,0.3771328628063202
W1997151511,physics,Physics,0.2852650284767151
W1997151511,library-science,Library science,0.26779600977897644
W1997151511,quantum-mechanics,Quantum mechanics,0.12350362539291382
W1997151511,molecule,Molecule,0.08323606848716736
W2110540540,altmetrics,Altmetrics,0.7957948446273804
W2110540540,citation,Citation,0.7274637222290039
W2110540540,social-media,Social media,0.5861601233482361
W2110540540,icon,Icon,0.5718796253204346
W2110540540,computer-science,Computer science,0.5439671277999878
W2110540540,reuse,Reuse,0.4293592572212219
W2110540540,world-wide-web,World Wide Web,0.36979103088378906
W2110540540,library-science,Library science,0.35623645782470703
W2110540540,engineering,Engineering,0.09847560524940491
W2038767330,icon,Icon,0.7659502029418945
W2038767330,citation,Citation,0.7042779326438904
W2038767330,altmetrics,Altmetrics,0.5502252578735352
W2038767330,computer-science,Computer science,0.5419642925262451
W2038767330,social-media,Social media,0.49785757064819336
W2038767330,acceptor,Acceptor,0.4445452392101288
W2038767330,world-wide-web,World Wide Web,0.3585057258605957
W2038767330,information-retrieval,Information retrieval,0.33962225914001465
W2038767330,physics,Physics,0.17333534359931946
W2038767330,condensed-matter-physics,Condensed matter physics,0.08533066511154175
W2140190241,computer-science,Computer science,0.5311043858528137
W2140190241,data-science,Data science,0.429187536239624
W2140190241,data-mining,Data mining,0.3398261070251465
W1815596065,confirmatory-factor-analysis,Confirmatory factor analysis,0.7414166331291199
W1815596065,factor,Factor (programming language),0.6099167466163635
W1815596065,computer-science,Computer science,0.3327814042568207
W1815596065,mathematics,Mathematics,0.23120272159576416
W1815596065,statistics,Statistics,0.20898762345314026
W1815596065,structural-equation-modeling,Structural equation modeling,0.09930741786956787
W2147264455,quarter,Quarter (Canadian coin),0.6073618531227112
W2147264455,politics,Politics,0.6056284308433533
W2147264455,immigration,Immigration,0.5723742842674255
W2147264455,industrialisation,Industrialisation,0.5088210701942444
W2147264455,social-capital,Social capital,0.45500728487968445
W2147264455,urbanization,Urbanization,0.44580355286598206
W2147264455,sociology,Sociology,0.4204578399658203
W2147264455,craft,Craft,0.4181283414363861
W2147264455,history,History,0.4121740460395813
W2147264455,political-science,Political science,0.37221455574035645
W2147264455,economic-history,Economic history,0.3684003949165344
W2147264455,political-economy,Political economy,0.3492361903190613
W2147264455,economic-growth,Economic growth,0.2951884865760803
W2147264455,law,Law,0.22872045636177063
W2147264455,social-science,Social science,0.21030297875404358
W2147264455,economics,Economics,0.12830129265785217
W4293586167,control,Control (management),0.4946303069591522
W4293586167,medicine,Medicine,0.37626320123672485
W4293586167,computer-science,Computer science,0.2783868908882141
W4293586167,artificial-intelligence,Artificial intelligence,0.08918902277946472
W2122410182,artificial-intelligence,Artificial intelligence,0.6893883347511292
W2122410182,computer-science,Computer science,0.6826483011245728
W2122410182,inference,Inference,0.5192570686340332
W2122410182,artificial-intelligence-situated-approach,"Artificial intelligence, situated approach",0.5185168981552124
W2122410182,probabilistic-logic,Probabilistic logic,0.4949490427970886
W2122410182,cognitive-robotics,Cognitive robotics,0.4799776077270508
W2122410182,symbolic-artificial-intelligence,Symbolic artificial intelligence,0.46390315890312195
W2122410182,reinforcement-learning,Reinforcement learning,0.4250318109989166
W2122410182,cognitive-science,Cognitive science,0.39074257016181946
W2122410182,robot,Robot,0.2001550793647766
W2122410182,psychology,Psychology,0.1727777123451233
W1554663460,computer-science,Computer science,0.48922204971313477
W1554663460,pattern-recognition,Pattern recognition (psychology),0.46169647574424744
W1554663460,artificial-intelligence,Artificial intelligence,0.42632415890693665
W2432517183,computer-science,Computer science,0.48304325342178345
W2797247465,regression-testing,Regression testing,0.5913937091827393
W2797247465,regression,Regression,0.5251640677452087
W2797247465,regression-analysis,Regression analysis,0.4822410047054291
W2797247465,regression-diagnostic,Regression diagnostic,0.41583260893821716
W2797247465,statistics,Statistics,0.40456879138946533
W2797247465,computer-science,Computer science,0.3919253945350647
W2797247465,mathematics,Mathematics,0.22517606616020203
W2797247465,polynomial-regression,Polynomial regression,0.1119108498096466
W2797247465,programming-language,Programming language,0.07633224129676819
W1973948212,logistic-regression,Logistic regression,0.7654666900634766
W1973948212,statistics,Statistics,0.46320641040802
W1973948212,regression,Regression,0.42766839265823364
W1973948212,mathematics,Mathematics,0.2910434603691101
W2153943092,history,History,0.3926515579223633
W2153943092,sociology,Sociology,0.3733624815940857
W2153943092,epistemology,Epistemology,0.3288067877292633
W2153943092,philosophy,Philosophy,0.25786781311035156
W1541515907,modernity,Modernity,0.912203311920166
W1541515907,history,History,0.36902371048927307
W1541515907,art,Art,0.34121668338775635
W1541515907,aesthetics,Aesthetics,0.33982741832733154
W1541515907,philosophy,Philosophy,0.2857978940010071
W1541515907,epistemology,Epistemology,0.14576196670532227
W2157207849,capitalism,Capitalism,0.8615323305130005
W2157207849,welfare,Welfare,0.5408279299736023
W2157207849,economics,Economics,0.39652976393699646
W2157207849,market-economy,Market economy,0.26830384135246277
W2157207849,political-science,Political science,0.1776050329208374
W2157207849,law,Law,0.06467747688293457
W3023540311,computer-science,Computer science,0.64090496301651
W3023540311,artificial-intelligence,Artificial intelligence,0.4825281798839569
W3023540311,machine-learning,Machine learning,0.4684337079524994
W3023540311,quality-control-and-genetic-algorithms,Quality control and genetic algorithms,0.4515381157398224
W3023540311,algorithm,Algorithm,0.39135777950286865
W3023540311,genetic-algorithm,Genetic algorithm,0.37594497203826904
W3023540311,meta-optimization,Meta-optimization,0.18808576464653015
W2160456562,internal-combustion-engine,Internal combustion engine,0.5295672416687012
W2160456562,combustion,Combustion,0.5207971930503845
W2160456562,environmental-science,Environmental science,0.3895542621612549
W2160456562,automotive-engineering,Automotive engineering,0.28267359733581543
W2160456562,engineering,Engineering,0.22740516066551208
W2160456562,chemistry,Chemistry,0.2052624523639679
W2285072859,medicine,Medicine,0.9323832988739014
W2285072859,cardiology,Cardiology,0.4843369722366333
W2285072859,internal-medicine,Internal medicine,0.38361606001853943
W3199943451,biology,Biology,0.5605209469795227
W3199943451,evolutionary-biology,Evolutionary biology,0.5056154727935791
W3199943451,r-package,R package,0.48847877979278564
W3199943451,phylogenetics,Phylogenetics,0.4650128483772278
W3199943451,inference,Inference,0.4595112204551697
W3199943451,computer-science,Computer science,0.36702853441238403
W3199943451,artificial-intelligence,Artificial intelligence,0.28843557834625244
W3199943451,programming-language,Programming language,0.2304859757423401
W3199943451,genetics,Genetics,0.08983820676803589
W2004778468,natural-selection,Natural selection,0.7505004405975342
W2004778468,selection,Selection (genetic algorithm),0.6463531255722046
W2004778468,natural,Natural (archaeology),0.6216909885406494
W2004778468,evolutionary-biology,Evolutionary biology,0.4942631721496582
W2004778468,biology,Biology,0.35314276814460754
W2004778468,computer-science,Computer science,0.2609395682811737
W2004778468,artificial-intelligence,Artificial intelligence,0.20436516404151917
W2004778468,paleontology,Paleontology,0.0593353807926178
W1866311589,elliptic-partial-differential-equation,Elliptic partial differential equation,0.591412365436554
W1866311589,order,Order (exchange),0.5439205169677734
W1866311589,mathematics,Mathematics,0.5053822994232178
W1866311589,first-order-partial-differential-equation,First-order partial differential equation,0.46811574697494507
W1866311589,applied-mathematics,Applied mathematics,0.46489065885543823
W1866311589,partial-differential-equation,Partial differential equation,0.4493173658847809
W1866311589,work,Work (physics),0.4485359489917755
W1866311589,differential-equation,Differential equation,0.43878471851348877
W1866311589,mathematical-analysis,Mathematical analysis,0.409201443195343
W1866311589,calculus,Calculus (dental),0.40023577213287354
W1866311589,engineering,Engineering,0.12105664610862732
W1866311589,economics,Economics,0.10823673009872437
W1866311589,medicine,Medicine,0.07913932204246521
W1866311589,mechanical-engineering,Mechanical engineering,0.07221928238868713
W1575147392,bibliography,Bibliography,0.6370646953582764
W1575147392,perturbation,Perturbation (astronomy),0.503884494304657
W1575147392,linear-operators,Linear operators,0.50034499168396
W1575147392,perturbation-theory,Perturbation theory (quantum mechanics),0.4256751835346222
W1575147392,mathematics,Mathematics,0.40458279848098755
W1575147392,computer-science,Computer science,0.3660648465156555
W1575147392,calculus,Calculus (dental),0.3273022174835205
W1575147392,library-science,Library science,0.17578566074371338
W1575147392,physics,Physics,0.17407503724098206
W1575147392,mathematical-analysis,Mathematical analysis,0.16182512044906616
W1575147392,medicine,Medicine,0.07212629914283752
W1575147392,quantum-mechanics,Quantum mechanics,0.04759925603866577
W2168420558,real-time-polymerase-chain-reaction,Real-time polymerase chain reaction,0.41866815090179443
W2168420558,computer-science,Computer science,0.39295363426208496
W2168420558,computational-biology,Computational biology,0.3856563866138458
W2168420558,information-retrieval,Information retrieval,0.3551366925239563
W2168420558,statistics,Statistics,0.33373135328292847
W2168420558,biology,Biology,0.20140916109085083
W2168420558,mathematics,Mathematics,0.1889101266860962
W2168420558,genetics,Genetics,0.09068191051483154
W2168420558,gene,Gene,0.07014137506484985
W2116404316,ultracentrifuge,Ultracentrifuge,0.958219051361084
W2116404316,chemistry,Chemistry,0.7111212611198425
W2116404316,cholesterol,Cholesterol,0.6824228763580322
W2116404316,chromatography,Chromatography,0.6037627458572388
W2116404316,triglyceride,Triglyceride,0.583750307559967
W2116404316,lipoprotein,Lipoprotein,0.5796599984169006
W2116404316,fraction,Fraction (chemistry),0.5044950246810913
W2116404316,high-density-lipoprotein,High-density lipoprotein,0.49842143058776855
W2116404316,population,Population,0.45155441761016846
W2116404316,plasma-lipoprotein,Plasma lipoprotein,0.4183374047279358
W2116404316,biochemistry,Biochemistry,0.23283082246780396
W2116404316,medicine,Medicine,0.06479242444038391
W2163605009,softmax-function,Softmax function,0.881705641746521
W2163605009,convolutional-neural-network,Convolutional neural network,0.811793327331543
W2163605009,computer-science,Computer science,0.7891139984130859
W2163605009,pooling,Pooling,0.6898125410079956
W2163605009,dropout,Dropout (neural networks),0.629219651222229
W2163605009,artificial-intelligence,Artificial intelligence,0.6158985495567322
W2163605009,convolution,Convolution (computer science),0.606465220451355
W2163605009,regularization,Regularization (linguistics),0.5937029123306274
W2163605009,pattern-recognition,Pattern recognition (psychology),0.5828321576118469
W2163605009,deep-neural-networks,Deep neural networks,0.4886980354785919
W2163605009,word-error-rate,Word error rate,0.4540156424045563
W2163605009,normalization,Normalization (sociology),0.44189316034317017
W2163605009,artificial-neural-network,Artificial neural network,0.44072216749191284
W2163605009,machine-learning,Machine learning,0.30995941162109375
W2173213060,petabyte,Petabyte,0.9152945280075073
W2173213060,computer-science,Computer science,0.8925561904907227
W2173213060,computation,Computation,0.5662506818771362
W2173213060,variety,Variety (cybernetics),0.5441691279411316
W2173213060,programming-paradigm,Programming paradigm,0.5378875136375427
W2173213060,function,Function (biology),0.4425894618034363
W2173213060,parallel-computing,Parallel computing,0.3977789282798767
W2173213060,operating-system,Operating system,0.38476651906967163
W2173213060,distributed-computing,Distributed computing,0.3548569679260254
W2173213060,big-data,Big data,0.32425105571746826
W2173213060,artificial-intelligence,Artificial intelligence,0.15563496947288513
W2173213060,programming-language,Programming language,0.1353224515914917
W2085261163,ransac,RANSAC,0.9966862797737122
W2085261163,smoothing,Smoothing,0.718184232711792
W2085261163,computer-science,Computer science,0.6771417856216431
W2085261163,artificial-intelligence,Artificial intelligence,0.6203285455703735
W2085261163,landmark,Landmark,0.6108582019805908
W2085261163,sample,Sample (material),0.5637772083282471
W2085261163,feature,Feature (linguistics),0.5240340828895569
W2085261163,computer-vision,Computer vision,0.5129978060722351
W2085261163,set,Set (abstract data type),0.4916868805885315
W2085261163,basis,Basis (linear algebra),0.4718092679977417
W2085261163,image,Image (mathematics),0.4524305462837219
W2085261163,point,Point (geometry),0.43779462575912476
W2085261163,pattern-recognition,Pattern recognition (psychology),0.38709670305252075
W2085261163,algorithm,Algorithm,0.3462222218513489
W2085261163,data-mining,Data mining,0.32894885540008545
W2085261163,mathematics,Mathematics,0.29007112979888916
W2007395042,ab-initio,Ab initio,0.6324779391288757
W2007395042,hamiltonian,Hamiltonian (control theory),0.6135933995246887
W2007395042,basis-set,Basis set,0.5524305105209351
W2007395042,plane-wave,Plane wave,0.5355318188667297
W2007395042,statistical-physics,Statistical physics,0.4704911708831787
W2007395042,ab-initio-quantum-chemistry-methods,Ab initio quantum chemistry methods,0.4451865553855896
W2007395042,density-functional-theory,Density functional theory,0.4351430833339691
W2007395042,electronic-structure,Electronic structure,0.43143072724342346
W2007395042,phonon,Phonon,0.420976847410202
W2007395042,degrees-of-freedom,Degrees of freedom (physics and chemistry),0.41925710439682007
W2007395042,tetrahedron,Tetrahedron,0.4181564152240753
W2007395042,quantum-mechanics,Quantum mechanics,0.4070276916027069
W2007395042,physics,Physics,0.3852187991142273
W2007395042,chemistry,Chemistry,0.3515990972518921
W2007395042,mathematics,Mathematics,0.13867750763893127
W2007395042,molecule,Molecule,0.13125941157341003
W2007395042,mathematical-optimization,Mathematical optimization,0.1041233241558075
W2168452204,wireless-sensor-network,Wireless sensor network,0.8524287343025208
W2168452204,computer-science,Computer science,0.8352013826370239
W2168452204,key-distribution-in-wireless-sensor-networks,Key distribution in wireless sensor networks,0.6575073003768921
W2168452204,realization,Realization (probability),0.5526559352874756
W2168452204,open-research,Open research,0.5394729971885681
W2168452204,wireless,Wireless,0.5216643810272217
W2168452204,electronics,Electronics,0.5007381439208984
W2168452204,mobile-wireless-sensor-network,Mobile wireless sensor network,0.4746934771537781
W2168452204,computer-network,Computer network,0.46839404106140137
W2168452204,architecture,Architecture,0.4127277731895447
W2168452204,wireless-network,Wireless network,0.40179118514060974
W2168452204,telecommunications,Telecommunications,0.38920825719833374
W2168452204,electrical-engineering,Electrical engineering,0.182493656873703
W2168452204,engineering,Engineering,0.06500691175460815
W2066636486,computer-science,Computer science,0.8417505025863647
W2066636486,hypertext,Hypertext,0.7986567616462708
W2066636486,web-search-engine,Web search engine,0.7055180072784424
W2066636486,hyperlink,Hyperlink,0.7020409107208252
W2066636486,world-wide-web,World Wide Web,0.6790400743484497
W2066636486,search-engine,Search engine,0.5947740077972412
W2066636486,web-crawler,Web crawler,0.5865991711616516
W2066636486,information-retrieval,Information retrieval,0.5794408321380615
W2066636486,web-page,Web page,0.5336276888847351
W2066636486,spamdexing,Spamdexing,0.5014755725860596
W2066636486,publication,Publication,0.4919678866863251
W2066636486,index,Index (typography),0.45273393392562866
W2066636486,web-search-query,Web search query,0.3638727068901062
W2107031757,statistics,Statistics,0.7305043339729309
W2107031757,contingency-table,Contingency table,0.7172871232032776
W2107031757,sign-test,Sign test,0.6099221706390381
W2107031757,mathematics,Mathematics,0.5419498682022095
W2107031757,correlation,Correlation,0.5382772088050842
W2107031757,analysis-of-covariance,Analysis of covariance,0.5308676362037659
W2107031757,analysis-of-variance,Analysis of variance,0.5117018222808838
W2107031757,goodness-of-fit,Goodness of fit,0.49255117774009705
W2107031757,multivariate-analysis-of-variance,Multivariate analysis of variance,0.48118239641189575
W2107031757,regression-analysis,Regression analysis,0.4702552556991577
W2107031757,covariance,Covariance,0.4550841450691223
W2107031757,correlation-coefficient,Correlation coefficient,0.44726648926734924
W2107031757,chi-square-test,Chi-square test,0.4358658790588379
W2107031757,econometrics,Econometrics,0.4322471022605896
W2107031757,test,Test (biology),0.42862385511398315
W2107031757,set,Set (abstract data type),0.42115887999534607
W2107031757,computer-science,Computer science,0.18425309658050537
W2107031757,mann–whitney-u-test,Mann–Whitney U test,0.1421085000038147
W2107031757,wilcoxon-signed-rank-test,Wilcoxon signed-rank test,0.13882407546043396
W2011301426,computer-science,Computer science,0.7345890998840332
W2011301426,graphics,Graphics,0.6856414079666138
W2011301426,computer-graphics,Computer graphics,0.5027999877929688
W2170899200,autonomy,Autonomy,0.7589924335479736
W2170899200,competence,Competence (human resources),0.7539619207382202
W2170899200,psychology,Psychology,0.7532729506492615
W2170899200,self-determination-theory,Self-determination theory,0.7235475778579712
W2170899200,intrinsic-motivation,Intrinsic motivation,0.6945922374725342
W2170899200,cognitive-evaluation-theory,Cognitive evaluation theory,0.5960623621940613
W2170899200,construct,Construct (python library),0.5625393390655518
W2170899200,social-psychology,Social psychology,0.49847412109375
W2170899200,goal-theory,Goal theory,0.4686179757118225
W2170899200,cognitive-psychology,Cognitive psychology,0.3936706781387329
W2170899200,epistemology,Epistemology,0.33866897225379944
W2324392187,computer-science,Computer science,0.4713168740272522
W2000117884,grounded-theory,Grounded theory,0.8210762143135071
W2000117884,qualitative-research,Qualitative research,0.48853716254234314
W2000117884,computer-science,Computer science,0.365834504365921
W2000117884,sociology,Sociology,0.36380404233932495
W2000117884,social-science,Social science,0.08732393383979797
W2005061283,consciousness,Consciousness,0.7794731855392456
W2005061283,empowerment,Empowerment,0.7290140390396118
W2005061283,politics,Politics,0.6569805145263672
W2005061283,sociology,Sociology,0.5353484749794006
W2005061283,critical-consciousness,Critical consciousness,0.48840898275375366
W2005061283,gender-studies,Gender studies,0.4826298654079437
W2005061283,political-science,Political science,0.3213358521461487
W2005061283,epistemology,Epistemology,0.24321633577346802
W2005061283,philosophy,Philosophy,0.13561317324638367
W2005061283,law,Law,0.04796376824378967
W2059334100,latent-variable,Latent variable,0.8471609354019165
W2059334100,structural-equation-modeling,Structural equation modeling,0.6462973356246948
W2059334100,econometrics,Econometrics,0.4951230585575104
W2059334100,latent-class-model,Latent class model,0.48450252413749695
W2059334100,latent-variable-model,Latent variable model,0.4425174593925476
W2059334100,mathematics,Mathematics,0.3653954267501831
W2059334100,applied-mathematics,Applied mathematics,0.33674949407577515
W2059334100,statistics,Statistics,0.2860605716705322
W1550621568,sociology,Sociology,0.5392391085624695
W1550621568,psychology,Psychology,0.3973138928413391
W1986215651,blinding,Blinding,0.9560468196868896
W1986215651,randomized-controlled-trial,Randomized controlled trial,0.5309255719184875
W1986215651,medicine,Medicine,0.5074185729026794
W1986215651,systematic-review,Systematic review,0.48746156692504883
W1986215651,clinical-trial,Clinical trial,0.4799506962299347
W1986215651,quality,Quality (philosophy),0.4562271237373352
W1986215651,research-design,Research design,0.42279157042503357
W1986215651,psychology,Psychology,0.3948992192745209
W1986215651,physical-therapy,Physical therapy,0.3798889219760895
W1986215651,medline,MEDLINE,0.3519931435585022
W1986215651,medical-physics,Medical physics,0.3204934597015381
W1986215651,statistics,Statistics,0.121457040309906
W1986215651,surgery,Surgery,0.10083144903182983
W2107328434,pooling,Pooling,0.8226829767227173
W2107328434,covariate,Covariate,0.653844952583313
W2107328434,clinical-trial,Clinical trial,0.533285915851593
W2107328434,homogeneity,Homogeneity (statistics),0.5312445163726807
W2107328434,random-effects-model,Random effects model,0.514137327671051
W2107328434,treatment-effect,Treatment effect,0.4898199737071991
W2107328434,econometrics,Econometrics,0.4539991021156311
W2107328434,meta-analysis,Meta-analysis,0.43683695793151855
W2107328434,computer-science,Computer science,0.41565585136413574
W2107328434,medicine,Medicine,0.31459277868270874
W2107328434,machine-learning,Machine learning,0.20062726736068726
W2107328434,mathematics,Mathematics,0.1659834086894989
W2107328434,artificial-intelligence,Artificial intelligence,0.15453466773033142
W2107328434,internal-medicine,Internal medicine,0.06498482823371887
W2025371271,mesenchymal-stem-cell,Mesenchymal stem cell,0.8504117727279663
W2025371271,cd90,CD90,0.6267805099487305
W2025371271,cell-therapy,Cell therapy,0.5169153213500977
W2025371271,multipotent-stem-cell,Multipotent Stem Cell,0.5165459513664246
W2025371271,cd34,CD34,0.4137239456176758
W2025371271,cell-biology,Cell biology,0.40150102972984314
W2025371271,medicine,Medicine,0.38041678071022034
W2025371271,stem-cell,Stem cell,0.33095037937164307
W2025371271,biology,Biology,0.310993492603302
W2025371271,progenitor-cell,Progenitor cell,0.20505249500274658
W2964015378,computer-science,Computer science,0.6711171865463257
W2964015378,graph,Graph,0.6608391404151917
W2964015378,convolutional-neural-network,Convolutional neural network,0.5660300254821777
W2964015378,scalability,Scalability,0.5202385187149048
W2964015378,artificial-intelligence,Artificial intelligence,0.49181631207466125
W2964015378,encode,ENCODE,0.48016873002052307
W2964015378,margin,Margin (machine learning),0.4601469933986664
W2964015378,theoretical-computer-science,Theoretical computer science,0.45507752895355225
W2964015378,pattern-recognition,Pattern recognition (psychology),0.3938823938369751
W2964015378,machine-learning,Machine learning,0.32120564579963684
W2139212933,support-vector-machine,Support vector machine,0.802727460861206
W2139212933,dimension,Dimension (graph theory),0.7437925338745117
W2139212933,generalization,Generalization,0.6601340770721436
W2139212933,structural-risk-minimization,Structural risk minimization,0.6146497130393982
W2139212933,mathematical-proof,Mathematical proof,0.6048847436904907
W2139212933,computer-science,Computer science,0.594307541847229
W2139212933,kernel,Kernel (algebra),0.5822827219963074
W2139212933,vc-dimension,VC dimension,0.5662565231323242
W2139212933,separable-space,Separable space,0.540930986404419
W2139212933,construct,Construct (python library),0.4826936721801758
W2139212933,polynomial,Polynomial,0.44938722252845764
W2139212933,nonlinear-system,Nonlinear system,0.43955421447753906
W2139212933,gaussian-function,Gaussian function,0.4387891888618469
W2139212933,gaussian,Gaussian,0.43195343017578125
W2139212933,artificial-intelligence,Artificial intelligence,0.4119425415992737
W2139212933,basis,Basis (linear algebra),0.4114454686641693
W2139212933,mathematics,Mathematics,0.3849020004272461
W2139212933,discrete-mathematics,Discrete mathematics,0.17924165725708008
W2139212933,pure-mathematics,Pure mathematics,0.17624229192733765
W2139212933,mathematical-analysis,Mathematical analysis,0.0815044641494751
W2127218421,mathematics,Mathematics,0.5768434405326843
W2127218421,generalization,Generalization,0.5483959913253784
W2127218421,population,Population,0.5443460941314697
W2127218421,nonparametric-statistics,Nonparametric statistics,0.5398191213607788
W2127218421,independence,Independence (probability theory),0.5065797567367554
W2127218421,multivariate-statistics,Multivariate statistics,0.49799203872680664
W2127218421,set,Set (abstract data type),0.46451109647750854
W2127218421,sort,sort,0.45124551653862
W2127218421,sample,Sample (material),0.4373648762702942
W2127218421,partition,Partition (number theory),0.424092173576355
W2127218421,function,Function (biology),0.4119245409965515
W2127218421,algorithm,Algorithm,0.3663003742694855
W2127218421,statistics,Statistics,0.3483392000198364
W2127218421,combinatorics,Combinatorics,0.2868974804878235
W2127218421,computer-science,Computer science,0.2794882357120514
W2127218421,arithmetic,Arithmetic,0.10213911533355713
W2148080316,dementia,Dementia,0.8980993032455444
W2148080316,residence,Residence,0.6928005218505859
W2148080316,gerontology,Gerontology,0.647170901298523
W2148080316,nursing-homes,Nursing homes,0.5688955783843994
W2148080316,medicine,Medicine,0.5648866891860962
W2148080316,quality-of-life,Quality of life (healthcare),0.5215751528739929
W2148080316,cognition,Cognition,0.4849741458892822
W2148080316,activities-of-daily-living,Activities of daily living,0.48347264528274536
W2148080316,health-and-retirement-study,Health and Retirement Study,0.45131492614746094
W2148080316,cohort,Cohort,0.4470576047897339
W2148080316,longitudinal-study,Longitudinal study,0.42358309030532837
W2148080316,cohort-study,Cohort study,0.4119245409965515
W2148080316,psychiatry,Psychiatry,0.2781915068626404
W2148080316,nursing,Nursing,0.2169189751148224
W2148080316,demography,Demography,0.10977643728256226
W2148080316,disease,Disease,0.07293802499771118
W2160234571,insulin-resistance,Insulin resistance,0.8357177972793579
W2160234571,internal-medicine,Internal medicine,0.7870663404464722
W2160234571,basal,Basal (medicine),0.764123797416687
W2160234571,insulin,Insulin,0.7594672441482544
W2160234571,endocrinology,Endocrinology,0.7573215961456299
W2160234571,homeostasis,Homeostasis,0.7491018772125244
W2160234571,glucose-homeostasis,Glucose homeostasis,0.6399760246276855
W2160234571,glucose-clamp-technique,Glucose clamp technique,0.5957435965538025
W2160234571,clamp,Clamp,0.4419688880443573
W2160234571,glucose-tolerance-test,Glucose tolerance test,0.4188218116760254
W2160234571,medicine,Medicine,0.411730021238327
W2160234571,biology,Biology,0.37971416115760803
W2160234571,pancreatic-hormone,Pancreatic hormone,0.3282352089881897
W4385245566,computer-science,Computer science,0.8551121950149536
W4385245566,machine-translation,Machine translation,0.8304240703582764
W4385245566,transformer,Transformer,0.7824931144714355
W4385245566,bleu,BLEU,0.6924161911010742
W4385245566,encoder,Encoder,0.6585307121276855
W4385245566,artificial-intelligence,Artificial intelligence,0.6133711338043213
W4385245566,parallelizable-manifold,Parallelizable manifold,0.5542272925376892
W4385245566,parsing,Parsing,0.521559476852417
W4385245566,natural-language-processing,Natural language processing,0.5018882751464844
W4385245566,decoding-methods,Decoding methods,0.49938035011291504
W4385245566,language-model,Language model,0.49533000588417053
W4385245566,task,Task (project management),0.48461946845054626
W4385245566,convolutional-neural-network,Convolutional neural network,0.42193466424942017
W4385245566,speech-recognition,Speech recognition,0.38881179690361023
W4385245566,machine-learning,Machine learning,0.3401392102241516
W4385245566,algorithm,Algorithm,0.14997288584709167
W2964121744,regret,Regret,0.6122738718986511
W2964121744,computer-science,Computer science,0.5568274259567261
W2964121744,mathematical-optimization,Mathematical optimization,0.5504745244979858
W2964121744,diagonal,Diagonal,0.508443295955658
W2964121744,stochastic-optimization,Stochastic optimization,0.5060886740684509
W2964121744,convergence,Convergence (economics),0.5008625984191895
W2964121744,rate-of-convergence,Rate of convergence,0.49109363555908203
W2964121744,optimization-problem,Optimization problem,0.43487656116485596
W2964121744,mathematics,Mathematics,0.3687055706977844
W2964121744,key,Key (lock),0.08541631698608398
W2965373594,hyperparameter,Hyperparameter,0.9048327803611755
W2965373594,computer-science,Computer science,0.7392182350158691
W2965373594,replication,Replication (statistics),0.6915276646614075
W2965373594,code,Code (set theory),0.6303969621658325
W2965373594,key,Key (lock),0.6137202382087708
W2965373594,language-model,Language model,0.5329820513725281
W2965373594,artificial-intelligence,Artificial intelligence,0.4992396831512451
W2965373594,machine-learning,Machine learning,0.4961768090724945
W2965373594,training-set,Training set,0.46392735838890076
W2965373594,natural-language-processing,Natural language processing,0.3498411178588867
W2965373594,programming-language,Programming language,0.1653825342655182
W2965373594,statistics,Statistics,0.10682034492492676
W2965373594,mathematics,Mathematics,0.08108815550804138
W2965373594,set,Set (abstract data type),0.07911321520805359
W2965373594,computer-security,Computer security,0.07375958561897278
W2896457183,transformer,Transformer,0.6331506967544556
W2896457183,computer-science,Computer science,0.4975297749042511
W2896457183,training,Training (meteorology),0.49745848774909973
W2896457183,artificial-intelligence,Artificial intelligence,0.3458932638168335
W2896457183,electrical-engineering,Electrical engineering,0.2428191602230072
W2896457183,engineering,Engineering,0.2135811746120453
W2896457183,geography,Geography,0.14049533009529114
W2896457183,voltage,Voltage,0.05465960502624512
W3165656738,medicine,Medicine,0.9620709419250488
W3165656738,interquartile-range,Interquartile range,0.9337615966796875
W3165656738,epidemiology,Epidemiology,0.6455034017562866
W3165656738,pneumonia,Pneumonia,0.5850207805633545
W3165656738,retrospective-cohort-study,Retrospective cohort study,0.5790819525718689
W3165656738,internal-medicine,Internal medicine,0.4542945921421051
W3165656738,pediatrics,Pediatrics,0.40176117420196533
W3165656738,emergency-medicine,Emergency medicine,0.3861420750617981
W2139416101,principle-of-maximum-entropy,Principle of maximum entropy,0.7807353138923645
W2139416101,environmental-niche-modelling,Environmental niche modelling,0.6734880208969116
W2139416101,range,Range (aeronautics),0.5650221705436707
W2139416101,species-distribution,Species distribution,0.552861750125885
W2139416101,ecology,Ecology,0.41450417041778564
W2139416101,statistics,Statistics,0.4092622995376587
W2139416101,computer-science,Computer science,0.40209540724754333
W2139416101,biology,Biology,0.23492133617401123
W2139416101,mathematics,Mathematics,0.21826213598251343
W2139416101,ecological-niche,Ecological niche,0.10667556524276733
W4229954146,ecology,Ecology,0.5856316685676575
W4229954146,geography,Geography,0.41471827030181885
W4229954146,biology,Biology,0.34278422594070435
W2117178635,heteroscedasticity,Heteroscedasticity,0.6945139169692993
W2117178635,mathematics,Mathematics,0.6679432392120361
W2117178635,positive-definite-matrix,Positive-definite matrix,0.6593783497810364
W2117178635,simple,Simple (philosophy),0.6463010907173157
W2117178635,covariance-matrix,Covariance matrix,0.6416339874267578
W2117178635,autocorrelation,Autocorrelation,0.6287941336631775
W2117178635,applied-mathematics,Applied mathematics,0.4735868573188782
W2117178635,matrix,Matrix (chemical analysis),0.4670165181159973
W2117178635,econometrics,Econometrics,0.45735353231430054
W2117178635,covariance,Covariance,0.4187096953392029
W2117178635,statistics,Statistics,0.3996400237083435
W2117178635,physics,Physics,0.11031836271286011
W2117178635,eigenvalues-and-eigenvectors,Eigenvalues and eigenvectors,0.054092198610305786
W2117178635,chemistry,Chemistry,0.049676984548568726
W2117178635,philosophy,Philosophy,0.04412233829498291
W2110603299,estimation,Estimation,0.5247830748558044
W2110603299,representation,Representation (politics),0.48901185393333435
W2110603299,econometrics,Econometrics,0.4374634623527527
W2110603299,computer-science,Computer science,0.4359528720378876
W2110603299,statistics,Statistics,0.38972118496894836
W2110603299,mathematics,Mathematics,0.3473479151725769
W2110603299,economics,Economics,0.25055769085884094
W2110603299,political-science,Political science,0.12462526559829712
W2110603299,management,Management,0.045609354972839355
W2110603299,law,Law,0.04455596208572388
W1979575715,heteroscedasticity,Heteroscedasticity,0.9243426322937012
W1979575715,inflation,Inflation (cosmology),0.7231817841529846
W1979575715,econometrics,Econometrics,0.6752277612686157
W1979575715,economics,Economics,0.629633367061615
W1979575715,autoregressive-model,Autoregressive model,0.6183555722236633
W1979575715,conditional-variance,Conditional variance,0.5889068841934204
W1979575715,variance,Variance (accounting),0.5537833571434021
W1979575715,autoregressive-conditional-heteroskedasticity,Autoregressive conditional heteroskedasticity,0.5243497490882874
W1979575715,statistics,Statistics,0.40850257873535156
W1979575715,mathematics,Mathematics,0.33337903022766113
W1979575715,volatility,Volatility (finance),0.13625836372375488
W2108818539,heteroscedasticity,Heteroscedasticity,0.8142242431640625
W2108818539,mathematics,Mathematics,0.5428100228309631
W2108818539,econometrics,Econometrics,0.537961483001709
W2108818539,estimator,Estimator,0.5051959156990051
W2108818539,covariance-matrix,Covariance matrix,0.4908795952796936
W2108818539,estimation-of-covariance-matrices,Estimation of covariance matrices,0.4607675075531006
W2108818539,test,Test (biology),0.4233071804046631
W2108818539,statistics,Statistics,0.3380754292011261
W3011865677,decision-theory,Decision theory,0.5278561115264893
W3011865677,economics,Economics,0.5195212960243225
W3011865677,prospect-theory,Prospect theory,0.41429218649864197
W3011865677,econometrics,Econometrics,0.3452727794647217
W3011865677,mathematical-economics,Mathematical economics,0.34383708238601685
W3011865677,microeconomics,Microeconomics,0.17420414090156555
W2139122730,selection,Selection (genetic algorithm),0.6019777059555054
W2139122730,selection-bias,Selection bias,0.5796492695808411
W2139122730,statistics,Statistics,0.520742654800415
W2139122730,econometrics,Econometrics,0.5039047598838806
W2139122730,sample,Sample (material),0.46326735615730286
W2139122730,computer-science,Computer science,0.39728033542633057
W2139122730,economics,Economics,0.3625110983848572
W2139122730,mathematics,Mathematics,0.2844043970108032
W2139122730,artificial-intelligence,Artificial intelligence,0.16922280192375183
W2139122730,chemistry,Chemistry,0.06991556286811829
W2112352537,econometrics,Econometrics,0.6946485042572021
W2112352537,economics,Economics,0.5619499683380127
W2112352537,specification,Specification,0.4379335939884186
W2178225550,econometrics,Econometrics,0.709119439125061
W2178225550,economics,Economics,0.5986589193344116
W2178225550,econometric-model,Econometric model,0.5664567947387695
W2178225550,causal-model,Causal model,0.438424289226532
W2178225550,mathematical-economics,Mathematical economics,0.3868745267391205
W2178225550,mathematics,Mathematics,0.36200612783432007
W2178225550,statistics,Statistics,0.2852306067943573
W2318680928,nonparametric-statistics,Nonparametric statistics,0.7834234833717346
W2318680928,econometrics,Econometrics,0.6446925401687622
W2318680928,statistics,Statistics,0.46813902258872986
W2318680928,economics,Economics,0.46328774094581604
W2318680928,mathematics,Mathematics,0.32548874616622925
W2015930340,set,Set (abstract data type),0.6206323504447937
W2015930340,economics,Economics,0.6077579855918884
W2015930340,theory-of-the-firm,Theory of the firm,0.5701814889907837
W2015930340,positive-economics,Positive economics,0.5303417444229126
W2015930340,subject,Subject (documents),0.5128650665283203
W2015930340,neoclassical-economics,Neoclassical economics,0.4545747637748718
W2015930340,term,Term (time),0.45155441761016846
W2015930340,mathematical-economics,Mathematical economics,0.3891771733760834
W2015930340,computer-science,Computer science,0.1183042824268341
W1736209534,sample-size-determination,Sample size determination,0.6042516231536865
W1736209534,psychology,Psychology,0.5432213544845581
W1736209534,sample,Sample (material),0.5408774614334106
W1736209534,statistics,Statistics,0.4713285267353058
W1736209534,statistical-analysis,Statistical analysis,0.42849844694137573
W1736209534,econometrics,Econometrics,0.4212062954902649
W1736209534,mathematics,Mathematics,0.2514762282371521
W2053154970,statistics,Statistics,0.5126191973686218
W2053154970,mathematics,Mathematics,0.4334678053855896
W2140369176,mathematics-education,Mathematics education,0.5189585089683533
W2140369176,psychology,Psychology,0.46037277579307556
W2140369176,teaching-method,Teaching method,0.4261023700237274
W2140369176,pedagogy,Pedagogy,0.3916897177696228
W2332086916,prison,Prison,0.8408348560333252
W2332086916,criminology,Criminology,0.6901180744171143
W2332086916,sociology,Sociology,0.46083077788352966
W2332086916,psychology,Psychology,0.41691672801971436
W2332086916,political-science,Political science,0.3386774957180023
W1570448133,computer-science,Computer science,0.6216986179351807
W1570448133,machine-learning,Machine learning,0.40141761302948
W1570448133,data-science,Data science,0.381103515625
W1570448133,data-mining,Data mining,0.3717349171638489
W1570448133,artificial-intelligence,Artificial intelligence,0.3705868124961853
W2124614417,intermolecular-force,Intermolecular force,0.7709617614746094
W2124614417,surface,Surface (topology),0.5329001545906067
W2124614417,materials-science,Materials science,0.46702292561531067
W2124614417,surface-force,Surface force,0.4289436340332031
W2124614417,chemical-physics,Chemical physics,0.3450324535369873
W2124614417,physics,Physics,0.24463343620300293
W2124614417,classical-mechanics,Classical mechanics,0.22450727224349976
W2124614417,geometry,Geometry,0.12119472026824951
W2124614417,mathematics,Mathematics,0.09643039107322693
W2124614417,quantum-mechanics,Quantum mechanics,0.08828607201576233
W2124614417,molecule,Molecule,0.06684347987174988
W2085491458,social-capital,Social capital,0.7203724980354309
W2085491458,business,Business,0.5308920741081238
W2085491458,human-capital,Human capital,0.4989316463470459
W2085491458,individual-capital,Individual capital,0.4524083435535431
W2085491458,means-of-production,Means of production,0.44198721647262573
W2085491458,social-reproduction,Social reproduction,0.42562413215637207
W2085491458,financial-capital,Financial capital,0.4014785587787628
W2085491458,economic-system,Economic system,0.33739495277404785
W2085491458,economics,Economics,0.2790454030036926
W2085491458,market-economy,Market economy,0.2183527946472168
W2085491458,sociology,Sociology,0.20027294754981995
W2085491458,social-science,Social science,0.13276195526123047
W2115755118,wavelet,Wavelet,0.7845610976219177
W2115755118,wavelet-packet-decomposition,Wavelet packet decomposition,0.7088831663131714
W2115755118,second-generation-wavelet-transform,Second-generation wavelet transform,0.5950403809547424
W2115755118,discrete-wavelet-transform,Discrete wavelet transform,0.5898473858833313
W2115755118,zoom,Zoom,0.5833637714385986
W2115755118,stationary-wavelet-transform,Stationary wavelet transform,0.5400335192680359
W2115755118,wavelet-transform,Wavelet transform,0.5276336073875427
W2115755118,harmonic-wavelet-transform,Harmonic wavelet transform,0.4951719343662262
W2115755118,algorithm,Algorithm,0.49161750078201294
W2115755118,computer-science,Computer science,0.4862295687198639
W2115755118,mathematics,Mathematics,0.4011293649673462
W2115755118,speech-recognition,Speech recognition,0.341646671295166
W2115755118,theoretical-computer-science,Theoretical computer science,0.32320404052734375
W2115755118,artificial-intelligence,Artificial intelligence,0.3135029077529907
W2115755118,engineering,Engineering,0.17900535464286804
W1542649433,nutrient,Nutrient,0.8085808753967285
W1542649433,rhizosphere,Rhizosphere,0.7399954795837402
W1542649433,micronutrient,Micronutrient,0.6046013832092285
W1542649433,plant-nutrition,Plant nutrition,0.5945501327514648
W1542649433,agronomy,Agronomy,0.5903839468955994
W1542649433,xylem,Xylem,0.49525800347328186
W1542649433,soil-water,Soil water,0.46943429112434387
W1542649433,biology,Biology,0.4404234290122986
W1542649433,mineral,Mineral,0.4322766065597534
W1542649433,essential-nutrient,Essential nutrient,0.4288179874420166
W1542649433,environmental-science,Environmental science,0.32037055492401123
W1542649433,chemistry,Chemistry,0.30823516845703125
W1542649433,botany,Botany,0.3068470358848572
W1542649433,ecology,Ecology,0.19035029411315918
W2120644786,biology,Biology,0.6120495200157166
W2120644786,ribosomal-rna,Ribosomal RNA,0.589201033115387
W2120644786,phylogenetics,Phylogenetics,0.5650618076324463
W2120644786,gene,Gene,0.5615851283073425
W2120644786,genetics,Genetics,0.510316789150238
W2120644786,computational-biology,Computational biology,0.45734357833862305
W2162123284,constant,Constant (computer programming),0.40190213918685913
W2162123284,computer-science,Computer science,0.2866430878639221
W2162123284,programming-language,Programming language,0.06673309206962585
W2163815564,neuroscience,Neuroscience,0.58669513463974
W2163815564,computer-science,Computer science,0.36631566286087036
W2163815564,psychology,Psychology,0.3293592929840088
W2157005274,series,Series (stratigraphy),0.797455906867981
W2157005274,table,Table (database),0.7612488269805908
W2157005274,mathematics,Mathematics,0.4463549554347992
W2157005274,arithmetic,Arithmetic,0.3666307330131531
W2157005274,computer-science,Computer science,0.31402692198753357
W2157005274,geology,Geology,0.16463196277618408
W2157005274,data-mining,Data mining,0.07310819625854492
W2157005274,paleontology,Paleontology,0.05734953284263611
W2036897871,adapter,Adapter (computing),0.9824773073196411
W2036897871,computer-science,Computer science,0.7135193347930908
W2036897871,trimming,Trimming,0.6488692760467529
W2036897871,operating-system,Operating system,0.23937055468559265
W4392145873,insulin-sensitivity,Insulin sensitivity,0.7484523057937622
W4392145873,sugar,Sugar,0.5783707499504089
W4392145873,insulin,Insulin,0.5165402293205261
W4392145873,carbohydrate-metabolism,Carbohydrate metabolism,0.49874329566955566
W4392145873,metabolism,Metabolism,0.4800609052181244
W4392145873,blood-sugar,Blood sugar,0.4526788890361786
W4392145873,consumption,Consumption (sociology),0.4380101263523102
W4392145873,endocrinology,Endocrinology,0.3982633650302887
W4392145873,diabetes-mellitus,Diabetes mellitus,0.39639055728912354
W4392145873,internal-medicine,Internal medicine,0.36532115936279297
W4392145873,food-science,Food science,0.35726198554039
W4392145873,biology,Biology,0.349374920129776
W4392145873,medicine,Medicine,0.34066125750541687
W4392145873,chemistry,Chemistry,0.32783451676368713
W4392145873,insulin-resistance,Insulin resistance,0.215687096118927
W4392145873,art,Art,0.051440030336380005
W75231382,humanities,Humanities,0.8251383304595947
W75231382,philosophy,Philosophy,0.441644549369812
W2905811773,structural-equation-modeling,Structural equation modeling,0.6821497678756714
W2905811773,computer-science,Computer science,0.6119691133499146
W2905811773,rule-of-thumb,Rule of thumb,0.5971243381500244
W2905811773,robustness,Robustness (evolution),0.5526672601699829
W2905811773,partial-least-squares-regression,Partial least squares regression,0.5429434776306152
W2905811773,sample,Sample (material),0.4942905902862549
W2905811773,sample-size-determination,Sample size determination,0.489876925945282
W2905811773,originality,Originality,0.4402191936969757
W2905811773,data-mining,Data mining,0.380876362323761
W2905811773,artificial-intelligence,Artificial intelligence,0.35684821009635925
W2905811773,machine-learning,Machine learning,0.3437340259552002
W2905811773,mathematics,Mathematics,0.2512165904045105
W2905811773,statistics,Statistics,0.2505626976490021
W2905811773,algorithm,Algorithm,0.11125940084457397
W2905811773,psychology,Psychology,0.09656548500061035
W2019607817,guideline,Guideline,0.8345648050308228
W2019607817,response-evaluation-criteria-in-solid-tumors,Response Evaluation Criteria in Solid Tumors,0.8071038722991943
W2019607817,medicine,Medicine,0.7674190998077393
W2019607817,clinical-trial,Clinical trial,0.601489782333374
W2019607817,clinical-endpoint,Clinical endpoint,0.599279522895813
W2019607817,pathological,Pathological,0.46112483739852905
W2019607817,disease,Disease,0.42987972497940063
W2019607817,target-lesion,Target lesion,0.42212679982185364
W2019607817,progressive-disease,Progressive disease,0.42086061835289
W2019607817,medical-physics,Medical physics,0.4153737425804138
W2019607817,radiology,Radiology,0.36483877897262573
W2019607817,pathology,Pathology,0.24465245008468628
W2019607817,internal-medicine,Internal medicine,0.23225539922714233
W2116475791,medicine,Medicine,0.9228718876838684
W2116475791,public-health,Public health,0.5689210891723633
W2116475791,scale,Scale (ratio),0.5187740325927734
W2116475791,epidemiology,Epidemiology,0.5170067548751831
W2116475791,quality-assessment,Quality assessment,0.4724484086036682
W2116475791,environmental-health,Environmental health,0.45051565766334534
W2116475791,quality,Quality (philosophy),0.43239104747772217
W2116475791,family-medicine,Family medicine,0.35205233097076416
W2116475791,external-quality-assessment,External quality assessment,0.12734857201576233
W2116475791,internal-medicine,Internal medicine,0.1240505576133728
W2116475791,pathology,Pathology,0.11186349391937256
W2076452041,dual-polyhedron,Dual polyhedron,0.6584839820861816
W2076452041,linear-programming,Linear programming,0.6349685192108154
W2076452041,computer-science,Computer science,0.5930533409118652
W2076452041,computation,Computation,0.5596691370010376
W2076452041,mathematical-optimization,Mathematical optimization,0.5238773226737976
W2076452041,measure,Measure (data warehouse),0.4942210018634796
W2076452041,observational-study,Observational study,0.4252546429634094
W2076452041,profit,Profit (economics),0.4219297766685486
W2076452041,operations-research,Operations research,0.4054740369319916
W2076452041,mathematics,Mathematics,0.30680444836616516
W2076452041,data-mining,Data mining,0.2596956491470337
W2076452041,algorithm,Algorithm,0.19118207693099976
W2076452041,statistics,Statistics,0.13380035758018494
W2076452041,economics,Economics,0.12578079104423523
W2076452041,microeconomics,Microeconomics,0.09281337261199951
W2125078269,medicine,Medicine,0.9614823460578918
W2125078269,spirometry,Spirometry,0.8583734035491943
W2125078269,intensive-care-medicine,Intensive care medicine,0.4272370934486389
W2125078269,medical-physics,Medical physics,0.3270070552825928
W2125078269,internal-medicine,Internal medicine,0.1860622763633728
W2125078269,asthma,Asthma,0.11486944556236267
W2133766618,mathematics-education,Mathematics education,0.5486838817596436
W2133766618,research-design,Research design,0.4994673728942871
W2133766618,sociology,Sociology,0.39475521445274353
W2133766618,psychology,Psychology,0.3687610626220703
W2133766618,pedagogy,Pedagogy,0.3328879177570343
W2133766618,social-science,Social science,0.14586776494979858
W2030966943,biology,Biology,0.9157255291938782
W2030966943,confidence-interval,Confidence interval,0.5249143242835999
W2030966943,evolutionary-biology,Evolutionary biology,0.4292137026786804
W2030966943,statistics,Statistics,0.3476625680923462
W4254275792,biology,Biology,0.9212155938148499
W4254275792,confidence-interval,Confidence interval,0.5472053289413452
W4254275792,evolutionary-biology,Evolutionary biology,0.4507446885108948
W4254275792,statistics,Statistics,0.33421650528907776
W4254275792,mathematics,Mathematics,0.08300328254699707
W1997476591,biology,Biology,0.8815392255783081
W1997476591,statistics,Statistics,0.5648653507232666
W1997476591,population,Population,0.45308154821395874
W1997476591,population-structure,Population structure,0.4302852749824524
W1997476591,demography,Demography,0.17448937892913818
W1997476591,mathematics,Mathematics,0.11222994327545166
W2038600245,subversion,Subversion,0.7603288888931274
W2038600245,feminism,Feminism,0.6908573508262634
W2038600245,gender-studies,Gender studies,0.6363124847412109
W2038600245,sociology,Sociology,0.5765876173973083
W2038600245,performative-utterance,Performative utterance,0.5482573509216309
W2038600245,politics,Politics,0.5299782752990723
W2038600245,psychoanalysis,Psychoanalysis,0.4980790615081787
W2038600245,identity-politics,Identity politics,0.49258142709732056
W2038600245,identity,Identity (music),0.4778299331665039
W2038600245,power,Power (physics),0.47375020384788513
W2038600245,metaphysics,Metaphysics,0.4407691955566406
W2038600245,subjectivity,Subjectivity,0.44046714901924133
W2038600245,philosophy,Philosophy,0.33106759190559387
W2038600245,psychology,Psychology,0.22539666295051575
W2038600245,aesthetics,Aesthetics,0.20364704728126526
W2038600245,epistemology,Epistemology,0.12482941150665283
W2038600245,law,Law,0.08292442560195923
W3146083582,situated,Situated,0.9050770998001099
W3146083582,perspective,Perspective (graphical),0.7662826776504517
W3146083582,privilege,Privilege (computing),0.719982385635376
W3146083582,feminism,Feminism,0.6878763437271118
W3146083582,sociology,Sociology,0.5591172575950623
W3146083582,gender-studies,Gender studies,0.40566277503967285
W3146083582,political-science,Political science,0.2067560851573944
W3146083582,art,Art,0.160366952419281
W3146083582,visual-arts,Visual arts,0.0989348292350769
W3146083582,computer-science,Computer science,0.09863641858100891
W3146083582,law,Law,0.08261576294898987
W2129660502,operationalization,Operationalization,0.7766826152801514
W2129660502,data-collection,Data collection,0.7260668873786926
W2129660502,nonprobability-sampling,Nonprobability sampling,0.6993303894996643
W2129660502,sample,Sample (material),0.5857619643211365
W2129660502,saturation,Saturation (graph theory),0.46049052476882935
W2129660502,data-quality,Data quality,0.44519904255867004
W2129660502,sample-size-determination,Sample size determination,0.42763176560401917
W2129660502,psychology,Psychology,0.40613746643066406
W2129660502,statistics,Statistics,0.35013774037361145
W2129660502,data-science,Data science,0.32332438230514526
W2129660502,computer-science,Computer science,0.29930979013442993
W2129660502,medicine,Medicine,0.2168857455253601
W2129660502,mathematics,Mathematics,0.21592271327972412
W2129660502,engineering,Engineering,0.11846727132797241
W2129660502,population,Population,0.09461236000061035
W2129660502,environmental-health,Environmental health,0.0856482982635498
W4292363360,computer-science,Computer science,0.56806480884552
W4292363360,statistical-learning,Statistical learning,0.44289156794548035
W4292363360,mathematical-optimization,Mathematical optimization,0.35807332396507263
W4292363360,artificial-intelligence,Artificial intelligence,0.3458283245563507
W4292363360,mathematics,Mathematics,0.2526182234287262
W2012991711,abts,ABTS,0.9512578248977661
W2012991711,chemistry,Chemistry,0.9408318996429443
W2012991711,antioxidant,Antioxidant,0.8453055024147034
W2012991711,radical-ion,Radical ion,0.6956753730773926
W2012991711,potassium-persulfate,Potassium persulfate,0.6438776850700378
W2012991711,hydroxyl-radical,Hydroxyl radical,0.5706077814102173
W2012991711,chromatography,Chromatography,0.3640144467353821
W2012991711,organic-chemistry,Organic chemistry,0.3466605246067047
W2012991711,dpph,DPPH,0.14524507522583008
W1980564456,mathematics,Mathematics,0.7938849925994873
W1980564456,generalization,Generalization,0.6848577260971069
W1980564456,fuzzy-set,Fuzzy set,0.6113962531089783
W1980564456,modal,Modal,0.5310088992118835
W1980564456,set,Set (abstract data type),0.5083932280540466
W1980564456,algebra-over-a-field,Algebra over a field,0.468906044960022
W1980564456,fuzzy-set-operations,Fuzzy set operations,0.46722328662872314
W1980564456,discrete-mathematics,Discrete mathematics,0.41574805974960327
W1980564456,fuzzy-logic,Fuzzy logic,0.40605950355529785
W1980564456,pure-mathematics,Pure mathematics,0.32072386145591736
W1980564456,artificial-intelligence,Artificial intelligence,0.2242538034915924
W1980564456,computer-science,Computer science,0.17773908376693726
W1980564456,mathematical-analysis,Mathematical analysis,0.0513232946395874
W2010094123,reactive-oxygen-species,Reactive oxygen species,0.9280800819396973
W2010094123,radical,Radical,0.7704281806945801
W2010094123,oxidative-stress,Oxidative stress,0.7380301356315613
W2010094123,antioxidant,Antioxidant,0.5977131128311157
W2010094123,reactive-intermediate,Reactive intermediate,0.5573201775550842
W2010094123,senescence,Senescence,0.5023300647735596
W2010094123,biology,Biology,0.44133907556533813
W2010094123,chemistry,Chemistry,0.37533390522003174
W2010094123,biochemistry,Biochemistry,0.35121434926986694
W2010094123,cell-biology,Cell biology,0.24386128783226013
W2098126593,biology,Biology,0.8858920335769653
W2098126593,microsatellite,Microsatellite,0.7246013879776001
W2098126593,genotype,Genotype,0.6997219324111938
W2098126593,locus,Locus (genetics),0.6394267082214355
W2098126593,genetics,Genetics,0.6267231702804565
W2098126593,inference,Inference,0.5956358909606934
W2098126593,population,Population,0.5881674289703369
W2098126593,population-genetics,Population genetics,0.5372447967529297
W2098126593,cluster-analysis,Cluster analysis,0.5149922966957092
W2098126593,allele,Allele,0.5032615065574646
W2098126593,genetic-structure,Genetic structure,0.5004599094390869
W2098126593,population-structure,Population structure,0.47786158323287964
W2098126593,evolutionary-biology,Evolutionary biology,0.47554489970207214
W2098126593,allele-frequency,Allele frequency,0.46225306391716003
W2098126593,genetic-data,Genetic data,0.4577218294143677
W2098126593,computational-biology,Computational biology,0.3477010726928711
W2098126593,genetic-variation,Genetic variation,0.25976693630218506
W2098126593,computer-science,Computer science,0.10162824392318726
W2098126593,artificial-intelligence,Artificial intelligence,0.0880100429058075
W2098126593,gene,Gene,0.07675740122795105
W2098126593,demography,Demography,0.060945749282836914
W2051978340,medical-genetics,Medical genetics,0.6927087306976318
W2051978340,workgroup,Workgroup,0.6349256038665771
W2051978340,exome-sequencing,Exome sequencing,0.6054781079292297
W2051978340,context,Context (archaeology),0.5783970355987549
W2051978340,exome,Exome,0.5332229733467102
W2051978340,genomics,Genomics,0.5330480337142944
W2051978340,genetic-testing,Genetic testing,0.45737671852111816
W2051978340,genetics,Genetics,0.4442348778247833
W2051978340,whole-genome-sequencing,Whole genome sequencing,0.4177917242050171
W2051978340,genetic-association,Genetic association,0.4143868386745453
W2051978340,computational-biology,Computational biology,0.3601316809654236
W2051978340,biology,Biology,0.3523225784301758
W2051978340,bioinformatics,Bioinformatics,0.32303759455680847
W2051978340,genome,Genome,0.20689421892166138
W2051978340,computer-science,Computer science,0.19280385971069336
W2051978340,single-nucleotide-polymorphism,Single-nucleotide polymorphism,0.16274437308311462
W2051978340,gene,Gene,0.1315501630306244
W2051978340,genotype,Genotype,0.10445600748062134
W2051978340,mutation,Mutation,0.10024502873420715
W2179438025,biology,Biology,0.7535013556480408
W2179438025,computational-biology,Computational biology,0.5058188438415527
W2179438025,genome-biology,Genome Biology,0.44937777519226074
W2179438025,rna-seq,RNA-Seq,0.4489422142505646
W2179438025,genomics,Genomics,0.3402111530303955
W2179438025,evolutionary-biology,Evolutionary biology,0.32619136571884155
W2179438025,genetics,Genetics,0.3195399045944214
W2179438025,transcriptome,Transcriptome,0.20087623596191406
W2179438025,genome,Genome,0.15425118803977966
W2179438025,gene,Gene,0.09707024693489075
W2133856765,metagenomics,Metagenomics,0.8709119558334351
W2133856765,biology,Biology,0.8356318473815918
W2133856765,computational-biology,Computational biology,0.6618541479110718
W2133856765,human-genetics,Human genetics,0.6426740884780884
W2133856765,genome-biology,Genome Biology,0.5932316780090332
W2133856765,biomarker-discovery,Biomarker discovery,0.5586557388305664
W2133856765,evolutionary-biology,Evolutionary biology,0.4683643579483032
W2133856765,biomarker,Biomarker,0.4389329254627228
W2133856765,genomics,Genomics,0.426724910736084
W2133856765,genetics,Genetics,0.3381273150444031
W2133856765,bioinformatics,Bioinformatics,0.3205695152282715
W2133856765,proteomics,Proteomics,0.31006425619125366
W2133856765,genome,Genome,0.2687777876853943
W2133856765,gene,Gene,0.15703719854354858
W2152239989,bioconductor,Bioconductor,0.9260488152503967
W2152239989,count-data,Count data,0.8626031279563904
W2152239989,negative-binomial-distribution,Negative binomial distribution,0.8349997997283936
W2152239989,barcode,Barcode,0.6363723278045654
W2152239989,biology,Biology,0.5931980609893799
W2152239989,statistics,Statistics,0.46846526861190796
W2152239989,binomial-distribution,Binomial distribution,0.44302523136138916
W2152239989,computational-biology,Computational biology,0.3929022252559662
W2152239989,computer-science,Computer science,0.3398798406124115
W2152239989,mathematics,Mathematics,0.24427303671836853
W2152239989,genetics,Genetics,0.23859438300132751
W2152239989,gene,Gene,0.09306204319000244
W2124985265,biology,Biology,0.8509682416915894
W2124985265,human-genetics,Human genetics,0.7771162390708923
W2124985265,human-genome,Human genome,0.6280904412269592
W2124985265,genome,Genome,0.5975379347801208
W2124985265,computational-biology,Computational biology,0.5605996251106262
W2124985265,genetics,Genetics,0.5436074733734131
W2124985265,genome-biology,Genome Biology,0.5287090539932251
W2124985265,computational-genomics,Computational genomics,0.5162801146507263
W2124985265,dna,DNA,0.5098894834518433
W2124985265,dna-sequencing,DNA sequencing,0.4375864565372467
W2124985265,evolutionary-biology,Evolutionary biology,0.419039785861969
W2124985265,genomics,Genomics,0.39258331060409546
W2124985265,gene,Gene,0.21812677383422852
W2171808845,biology,Biology,0.8583057522773743
W2171808845,computational-biology,Computational biology,0.6112421751022339
W2171808845,human-genetics,Human genetics,0.5662949085235596
W2171808845,genome-biology,Genome Biology,0.5651578903198242
W2171808845,computational-genomics,Computational genomics,0.468619167804718
W2171808845,evolutionary-biology,Evolutionary biology,0.45239323377609253
W2171808845,genomics,Genomics,0.36396652460098267
W2171808845,genetics,Genetics,0.3434746265411377
W2171808845,genome,Genome,0.2514767646789551
W2171808845,gene,Gene,0.19047170877456665
W1577577364,housekeeping-gene,Housekeeping gene,0.8854440450668335
W1577577364,normalization,Normalization (sociology),0.813238263130188
W1577577364,biology,Biology,0.7262822985649109
W1577577364,database-normalization,Database normalization,0.6103722453117371
W1577577364,computational-biology,Computational biology,0.5893898010253906
W1577577364,gene,Gene,0.5545496344566345
W1577577364,gene-expression-profiling,Gene expression profiling,0.5532792210578918
W1577577364,gene-expression,Gene expression,0.42949455976486206
W1577577364,microarray-analysis-techniques,Microarray analysis techniques,0.42316773533821106
W1577577364,genetics,Genetics,0.4200007915496826
W1577577364,data-mining,Data mining,0.3773788809776306
W1577577364,bioinformatics,Bioinformatics,0.34095048904418945
W1577577364,computer-science,Computer science,0.2799926698207855
W1577577364,artificial-intelligence,Artificial intelligence,0.1153656542301178
W1577577364,pattern-recognition,Pattern recognition (psychology),0.10373768210411072
W2138522501,geology,Geology,0.866719663143158
W2138522501,systematics,Systematics,0.7596420049667358
W2138522501,mantle,Mantle (geology),0.7315002679824829
W2138522501,basalt,Basalt,0.7188525199890137
W2138522501,geochemistry,Geochemistry,0.576062023639679
W2138522501,earth-science,Earth science,0.47822755575180054
W2138522501,oceanic-crust,Oceanic crust,0.4180104732513428
W2138522501,subduction,Subduction,0.3354741334915161
W2138522501,paleontology,Paleontology,0.24143943190574646
W2138522501,tectonics,Tectonics,0.044571131467819214
W2167311298,gerontology,Gerontology,0.7115103602409363
W2167311298,aging-in-place,Aging in place,0.6217492818832397
W2167311298,thematic-analysis,Thematic analysis,0.6025394797325134
W2167311298,context,Context (archaeology),0.5981771945953369
W2167311298,nonprobability-sampling,Nonprobability sampling,0.5113503336906433
W2167311298,qualitative-research,Qualitative research,0.505751371383667
W2167311298,activities-of-daily-living,Activities of daily living,0.49587592482566833
W2167311298,psychology,Psychology,0.47320693731307983
W2167311298,independent-living,Independent living,0.45627421140670776
W2167311298,successful-aging,Successful aging,0.4319976568222046
W2167311298,medicine,Medicine,0.34192490577697754
W2167311298,population,Population,0.2659705877304077
W2167311298,environmental-health,Environmental health,0.15686392784118652
W2167311298,sociology,Sociology,0.10762244462966919
W2008854521,alarm,ALARM,0.8341562151908875
W2008854521,falling,Falling (accident),0.7126268148422241
W2008854521,medicine,Medicine,0.6626203656196594
W2008854521,false-alarm,False alarm,0.5910385251045227
W2008854521,tolerability,Tolerability,0.536860466003418
W2008854521,physical-medicine-and-rehabilitation,Physical medicine and rehabilitation,0.5031766295433044
W2008854521,adverse-effect,Adverse effect,0.43134182691574097
W2008854521,poison-control,Poison control,0.4105026423931122
W2008854521,medical-emergency,Medical emergency,0.28357309103012085
W2008854521,computer-science,Computer science,0.20841577649116516
W2008854521,internal-medicine,Internal medicine,0.20492136478424072
W2008854521,artificial-intelligence,Artificial intelligence,0.1321822702884674
W2008854521,engineering,Engineering,0.08932864665985107
W2073775990,discrete-element-method,Discrete element method,0.6874435544013977
W2073775990,ball,Ball (mathematics),0.570137083530426
W2073775990,physics,Physics,0.5526955723762512
W2073775990,granular-material,Granular material,0.506943941116333
W2073775990,contact-force,Contact force,0.4121192991733551
W2073775990,geometry,Geometry,0.3540502190589905
W2073775990,mechanics,Mechanics,0.2838401794433594
W2073775990,classical-mechanics,Classical mechanics,0.27862948179244995
W2073775990,mathematics,Mathematics,0.2313443124294281
W2153000380,comprehension,Comprehension,0.6239086985588074
W2153000380,publishing,Publishing,0.5734196901321411
W2153000380,pedagogy,Pedagogy,0.5489259362220764
W2153000380,teaching-method,Teaching method,0.5272311568260193
W2153000380,action,Action (physics),0.5081977844238281
W2153000380,sociology,Sociology,0.49083027243614197
W2153000380,educational-psychology,Educational psychology,0.48375773429870605
W2153000380,foundation,Foundation (evidence),0.4420570731163025
W2153000380,mathematics-education,Mathematics education,0.42032143473625183
W2153000380,reflection,Reflection (computer programming),0.4143187999725342
W2153000380,psychology,Psychology,0.3522176742553711
W2153000380,epistemology,Epistemology,0.32208436727523804
W2153000380,political-science,Political science,0.2396453619003296
W2153000380,law,Law,0.1348634660243988
W2254735081,ecology,Ecology,0.6058760285377502
W2254735081,geography,Geography,0.43060582876205444
W2254735081,biology,Biology,0.25364214181900024
W2473786944,table,Table (database),0.6996641755104065
W2473786944,complement,Complement (music),0.4930700957775116
W2473786944,scale,Scale (ratio),0.49173644185066223
W2473786944,visual-analogue-scale,Visual analogue scale,0.4812595546245575
W2473786944,data-collection,Data collection,0.4723803997039795
W2473786944,quality-of-life,Quality of life (healthcare),0.46742576360702515
W2473786944,medicine,Medicine,0.45514681935310364
W2473786944,psychology,Psychology,0.3609861135482788
W2473786944,family-medicine,Family medicine,0.35623055696487427
W2473786944,gerontology,Gerontology,0.327092707157135
W2473786944,statistics,Statistics,0.2757319211959839
W2473786944,nursing,Nursing,0.23469260334968567
W2473786944,computer-science,Computer science,0.22065356373786926
W2473786944,physical-therapy,Physical therapy,0.2145002782344818
W2473786944,data-mining,Data mining,0.16217947006225586
W2473786944,geography,Geography,0.15881285071372986
W2473786944,mathematics,Mathematics,0.11681532859802246
W2149868499,qualitative-research,Qualitative research,0.6928863525390625
W2149868499,research-design,Research design,0.5354547500610352
W2149868499,resource,Resource (disambiguation),0.5260636210441589
W2149868499,data-collection,Data collection,0.48927733302116394
W2149868499,management-science,Management science,0.4827825129032135
W2149868499,public-health,Public health,0.457848459482193
W2149868499,process,Process (computing),0.42362892627716064
W2149868499,sociology,Sociology,0.38975247740745544
W2149868499,engineering-ethics,Engineering ethics,0.34994396567344666
W2149868499,computer-science,Computer science,0.34281104803085327
W2149868499,medicine,Medicine,0.2022961974143982
W2149868499,social-science,Social science,0.18639037013053894
W2149868499,engineering,Engineering,0.1412021815776825
W2149868499,nursing,Nursing,0.10064095258712769
W2157300266,psychology,Psychology,0.6360544562339783
W2157300266,clarity,CLARITY,0.624853253364563
W2157300266,function,Function (biology),0.5761146545410156
W2157300266,affect,Affect (linguistics),0.5705505609512329
W2157300266,cognition,Cognition,0.5003783702850342
W2157300266,social-psychology,Social psychology,0.4937165677547455
W2157300266,cognitive-psychology,Cognitive psychology,0.4793201684951782
W2157300266,communication,Communication,0.1328325867652893
W2142635246,identification,Identification (biology),0.6903277635574341
W2142635246,statistical-hypothesis-testing,Statistical hypothesis testing,0.6076122522354126
W2142635246,statistical-model,Statistical model,0.5947930812835693
W2142635246,maximum-likelihood,Maximum likelihood,0.5825235247612
W2142635246,series,Series (stratigraphy),0.5414995551109314
W2142635246,estimation-theory,Estimation theory,0.5410943627357483
W2142635246,mathematics,Mathematics,0.4779788851737976
W2142635246,computer-science,Computer science,0.442747563123703
W2142635246,statistical-theory,Statistical theory,0.43538734316825867
W2142635246,statistical-analysis,Statistical analysis,0.4311748147010803
W2142635246,likelihood-ratio-test,Likelihood-ratio test,0.4197501540184021
W2142635246,statistics,Statistics,0.41165655851364136
W2142635246,algorithm,Algorithm,0.3982318341732025
W2126105956,mathematical-optimization,Mathematical optimization,0.7549978494644165
W2126105956,sorting,Sorting,0.7539053559303284
W2126105956,evolutionary-algorithm,Evolutionary algorithm,0.6553612351417542
W2126105956,multi-objective-optimization,Multi-objective optimization,0.6378189325332642
W2126105956,pareto-principle,Pareto principle,0.5412494540214539
W2126105956,population,Population,0.49846434593200684
W2126105956,computer-science,Computer science,0.46970078349113464
W2126105956,computational-complexity-theory,Computational complexity theory,0.45895346999168396
W2126105956,selection,Selection (genetic algorithm),0.44139882922172546
W2126105956,convergence,Convergence (economics),0.43460774421691895
W2126105956,genetic-algorithm,Genetic algorithm,0.4344310760498047
W2126105956,mathematics,Mathematics,0.42343127727508545
W2126105956,algorithm,Algorithm,0.35380423069000244
W2126105956,artificial-intelligence,Artificial intelligence,0.1653900146484375
W2133665775,artificial-intelligence,Artificial intelligence,0.7201701402664185
W2133665775,jpeg,JPEG,0.6978613138198853
W2133665775,computer-science,Computer science,0.697081983089447
W2133665775,human-visual-system-model,Human visual system model,0.6342230439186096
W2133665775,image-quality,Image quality,0.6211300492286682
W2133665775,visibility,Visibility,0.6109098792076111
W2133665775,computer-vision,Computer vision,0.5501384139060974
W2133665775,jpeg-2000,JPEG 2000,0.5258677005767822
W2133665775,structural-similarity,Structural similarity,0.49088746309280396
W2133665775,similarity,Similarity (geometry),0.4825243651866913
W2133665775,image-compression,Image compression,0.4767802059650421
W2133665775,transform-coding,Transform coding,0.4685189425945282
W2133665775,visualization,Visualization,0.45890846848487854
W2133665775,perception,Perception,0.45129626989364624
W2133665775,set,Set (abstract data type),0.45117396116256714
W2133665775,pattern-recognition,Pattern recognition (psychology),0.4464527666568756
W2133665775,image,Image (mathematics),0.4224897623062134
W2133665775,image-processing,Image processing,0.41636067628860474
W2133665775,discrete-cosine-transform,Discrete cosine transform,0.12042060494422913
W4250955649,compressed-sensing,Compressed sensing,0.6155815124511719
W4250955649,orthonormal-basis,Orthonormal basis,0.5942148566246033
W4250955649,artificial-intelligence,Artificial intelligence,0.4296726584434509
W4250955649,pixel,Pixel,0.42362383008003235
W4250955649,computer-science,Computer science,0.38584598898887634
W4250955649,combinatorics,Combinatorics,0.3611557185649872
W4250955649,algorithm,Algorithm,0.33945780992507935
W4250955649,mathematics,Mathematics,0.28818726539611816
W4250955649,physics,Physics,0.17113977670669556
W2145096794,omega,Omega,0.7174733281135559
W2145096794,combinatorics,Combinatorics,0.6264214515686035
W2145096794,mathematics,Mathematics,0.5694778561592102
W2145096794,signal-reconstruction,Signal reconstruction,0.5279473662376404
W2145096794,superposition-principle,Superposition principle,0.5167600512504578
W2145096794,convex-optimization,Convex optimization,0.42342591285705566
W2145096794,discrete-mathematics,Discrete mathematics,0.4006355404853821
W2145096794,regular-polygon,Regular polygon,0.3822605609893799
W2145096794,algorithm,Algorithm,0.3366870880126953
W2145096794,signal-processing,Signal processing,0.32862013578414917
W2145096794,mathematical-analysis,Mathematical analysis,0.3021833300590515
W2145096794,physics,Physics,0.21154281497001648
W2145096794,computer-science,Computer science,0.11577001214027405
W2145096794,quantum-mechanics,Quantum mechanics,0.11548590660095215
W2145096794,geometry,Geometry,0.11091604828834534
W2122111042,bayes-theorem,Bayes' theorem,0.6593295335769653
W2122111042,k-nearest-neighbors-algorithm,k-nearest neighbors algorithm,0.6031482219696045
W2122111042,probability-distribution,Probability distribution,0.5133683085441589
W2122111042,artificial-intelligence,Artificial intelligence,0.5126463770866394
W2122111042,mathematics,Mathematics,0.45857885479927063
W2122111042,computer-science,Computer science,0.4226200580596924
W2122111042,combinatorics,Combinatorics,0.38063281774520874
W2122111042,pattern-recognition,Pattern recognition (psychology),0.3676908016204834
W2122111042,algorithm,Algorithm,0.3477823734283447
W2122111042,statistics,Statistics,0.33502721786499023
W2122111042,bayesian-probability,Bayesian probability,0.19719675183296204
W2165698076,transfer-of-learning,Transfer of learning,0.8254754543304443
W2165698076,computer-science,Computer science,0.7869760990142822
W2165698076,inductive-transfer,Inductive transfer,0.7166155576705933
W2165698076,machine-learning,Machine learning,0.6950868368148804
W2165698076,artificial-intelligence,Artificial intelligence,0.6332722902297974
W2165698076,multi-task-learning,Multi-task learning,0.6255656480789185
W2165698076,cluster-analysis,Cluster analysis,0.6244370937347412
W2165698076,semi-supervised-learning,Semi-supervised learning,0.48395445942878723
W2165698076,feature,Feature (linguistics),0.4638526439666748
W2165698076,domain,Domain (mathematical analysis),0.459983766078949
W2165698076,instance-based-learning,Instance-based learning,0.4404723346233368
W2165698076,online-machine-learning,Online machine learning,0.43851959705352783
W2165698076,feature-vector,Feature vector,0.42801299691200256
W2165698076,task,Task (project management),0.39701640605926514
W2165698076,robot-learning,Robot learning,0.21571582555770874
W2121863487,reinforcement-learning,Reinforcement learning,0.722037672996521
W2121863487,computer-science,Computer science,0.6576324701309204
W2121863487,artificial-intelligence,Artificial intelligence,0.481260746717453
W2121863487,reinforcement,Reinforcement,0.44238853454589844
W2121863487,machine-learning,Machine learning,0.3610089421272278
W2121863487,engineering,Engineering,0.14022168517112732
W4214717370,reinforcement-learning,Reinforcement learning,0.704748272895813
W4214717370,computer-science,Computer science,0.6613008975982666
W4214717370,reinforcement,Reinforcement,0.48707154393196106
W4214717370,artificial-intelligence,Artificial intelligence,0.4570366144180298
W4214717370,engineering,Engineering,0.12477907538414001
W2412782625,conditional-random-field,Conditional random field,0.8148250579833984
W2412782625,artificial-intelligence,Artificial intelligence,0.7277060747146606
W2412782625,computer-science,Computer science,0.6866145133972168
W2412782625,pattern-recognition,Pattern recognition (psychology),0.6659557819366455
W2412782625,upsampling,Upsampling,0.6584140658378601
W2412782625,convolutional-neural-network,Convolutional neural network,0.6457340717315674
W2412782625,pascal,Pascal (unit),0.6051734685897827
W2412782625,markov-random-field,Markov random field,0.5049715638160706
W2412782625,segmentation,Segmentation,0.4956551790237427
W2412782625,convolution,Convolution (computer science),0.49196526408195496
W2412782625,crfs,CRFS,0.4663592576980591
W2412782625,image-segmentation,Image segmentation,0.45715659856796265
W2412782625,contextual-image-classification,Contextual image classification,0.4563998281955719
W2412782625,pooling,Pooling,0.4413691759109497
W2412782625,object-detection,Object detection,0.4387816786766052
W2412782625,feature,Feature (linguistics),0.438664972782135
W2412782625,feature-extraction,Feature extraction,0.42253419756889343
W2412782625,image,Image (mathematics),0.2509967088699341
W2412782625,artificial-neural-network,Artificial neural network,0.1865835189819336
W639708223,computer-science,Computer science,0.7335767149925232
W639708223,object-detection,Object detection,0.7104262709617615
W639708223,artificial-intelligence,Artificial intelligence,0.6813444495201111
W639708223,computer-vision,Computer vision,0.5549260377883911
W639708223,object,Object (grammar),0.5236596465110779
W639708223,cognitive-neuroscience-of-visual-object-recognition,Cognitive neuroscience of visual object recognition,0.43268272280693054
W639708223,pattern-recognition,Pattern recognition (psychology),0.41049179434776306
W2121947440,artificial-intelligence,Artificial intelligence,0.7304000854492188
W2121947440,image-segmentation,Image segmentation,0.7122476100921631
W2121947440,segmentation,Segmentation,0.6134597659111023
W2121947440,pattern-recognition,Pattern recognition (psychology),0.5950479507446289
W2121947440,segmentation-based-object-categorization,Segmentation-based object categorization,0.5317434668540955
W2121947440,market-segmentation,Market segmentation,0.5023584365844727
W2121947440,scale-space-segmentation,Scale-space segmentation,0.49163275957107544
W2121947440,computer-vision,Computer vision,0.48437461256980896
W2121947440,range-segmentation,Range segmentation,0.47574400901794434
W2121947440,graph,Graph,0.46934592723846436
W2121947440,computer-science,Computer science,0.461007297039032
W2121947440,image,Image (mathematics),0.4529147148132324
W2121947440,similarity,Similarity (geometry),0.422902375459671
W2121947440,mathematics,Mathematics,0.42013323307037354
W2121947440,image-texture,Image texture,0.41129350662231445
W2121947440,theoretical-computer-science,Theoretical computer science,0.08288076519966125
W2049981393,iterative-closest-point,Iterative closest point,0.754439115524292
W2049981393,metric,Metric (unit),0.5998356342315674
W2049981393,point,Point (geometry),0.5634300112724304
W2049981393,representation,Representation (politics),0.5310438275337219
W2049981393,algorithm,Algorithm,0.5240371823310852
W2049981393,degrees-of-freedom,Degrees of freedom (physics and chemistry),0.5040823221206665
W2049981393,convergence,Convergence (economics),0.49816155433654785
W2049981393,mathematics,Mathematics,0.4937628209590912
W2049981393,computer-science,Computer science,0.48403018712997437
W2049981393,set,Set (abstract data type),0.4644043445587158
W2049981393,image-registration,Image registration,0.45045310258865356
W2049981393,square,Square (algebra),0.4470418095588684
W2049981393,artificial-intelligence,Artificial intelligence,0.4234691858291626
W2049981393,point-cloud,Point cloud,0.36398109793663025
W2049981393,image,Image (mathematics),0.22484728693962097
W2049981393,geometry,Geometry,0.19311410188674927
W2132984323,orthonormal-basis,Orthonormal basis,0.8332659006118774
W2132984323,wavelet,Wavelet,0.7920798063278198
W2132984323,wavelet-transform,Wavelet transform,0.5689750909805298
W2132984323,mathematics,Mathematics,0.5574439764022827
W2132984323,multiresolution-analysis,Multiresolution analysis,0.5529668927192688
W2132984323,pattern-recognition,Pattern recognition (psychology),0.47496816515922546
W2132984323,artificial-intelligence,Artificial intelligence,0.46376726031303406
W2132984323,representation,Representation (politics),0.45182156562805176
W2132984323,basis-function,Basis function,0.4426461458206177
W2132984323,square-integrable-function,Square-integrable function,0.4273691773414612
W2132984323,algorithm,Algorithm,0.3442705273628235
W2132984323,discrete-wavelet-transform,Discrete wavelet transform,0.3231535255908966
W2132984323,computer-science,Computer science,0.28133195638656616
W2132984323,mathematical-analysis,Mathematical analysis,0.2412339150905609
W2132984323,physics,Physics,0.11563026905059814
W2145023731,edge-detection,Edge detection,0.6913872361183167
W2145023731,detector,Detector,0.6830607652664185
W2145023731,operator,Operator (biology),0.6019187569618225
W2145023731,algorithm,Algorithm,0.5171515345573425
W2145023731,computation,Computation,0.5048597455024719
W2145023731,image-gradient,Image gradient,0.4555659294128418
W2145023731,computer-science,Computer science,0.4512662887573242
W2145023731,mathematics,Mathematics,0.4422059953212738
W2145023731,gaussian,Gaussian,0.41648954153060913
W2145023731,deriche-edge-detector,Deriche edge detector,0.4123808741569519
W2145023731,image-processing,Image processing,0.37041956186294556
W2145023731,artificial-intelligence,Artificial intelligence,0.3427889347076416
W2145023731,image,Image (mathematics),0.3291170597076416
W2020999234,maximum-a-posteriori-estimation,Maximum a posteriori estimation,0.6558863520622253
W2020999234,posterior-probability,Posterior probability,0.6061312556266785
W2020999234,markov-random-field,Markov random field,0.5605874061584473
W2020999234,markov-chain,Markov chain,0.5339708924293518
W2020999234,mathematics,Mathematics,0.5053215622901917
W2020999234,algorithm,Algorithm,0.46363064646720886
W2020999234,boltzmann-distribution,Boltzmann distribution,0.4582407474517822
W2020999234,random-field,Random field,0.4572671353816986
W2020999234,statistical-physics,Statistical physics,0.4322623312473297
W2020999234,gibbs-sampling,Gibbs sampling,0.41839519143104553
W2020999234,artificial-intelligence,Artificial intelligence,0.3725016713142395
W2020999234,computer-science,Computer science,0.36267465353012085
W2020999234,bayesian-probability,Bayesian probability,0.3093734681606293
W2020999234,image-segmentation,Image segmentation,0.28584110736846924
W2020999234,statistics,Statistics,0.18245026469230652
W2020999234,physics,Physics,0.16375574469566345
W2020999234,image,Image (mathematics),0.16207024455070496
W2019207321,adaptive-neuro-fuzzy-inference-system,Adaptive neuro fuzzy inference system,0.9675569534301758
W2019207321,computer-science,Computer science,0.6408872008323669
W2019207321,artificial-intelligence,Artificial intelligence,0.6103675365447998
W2019207321,neuro-fuzzy,Neuro-fuzzy,0.5917057394981384
W2019207321,artificial-neural-network,Artificial neural network,0.5398205518722534
W2019207321,inference-system,Inference system,0.5111172795295715
W2019207321,fuzzy-logic,Fuzzy logic,0.5059732794761658
W2019207321,nonlinear-system,Nonlinear system,0.45615923404693604
W2019207321,machine-learning,Machine learning,0.4553464353084564
W2019207321,fuzzy-control-system,Fuzzy control system,0.45491719245910645
W2019207321,fuzzy-inference-system,Fuzzy inference system,0.41182035207748413
W2019207321,data-mining,Data mining,0.3885260224342346
W2019207321,control-engineering,Control engineering,0.363827645778656
W2019207321,engineering,Engineering,0.16532960534095764
W2079325629,identification,Identification (biology),0.6818751096725464
W2079325629,fuzzy-control-system,Fuzzy control system,0.6438096761703491
W2079325629,relation,Relation (database),0.6270093321800232
W2079325629,fuzzy-logic,Fuzzy logic,0.6092478632926941
W2079325629,subspace-topology,Subspace topology,0.5970518589019775
W2079325629,computer-science,Computer science,0.5657636523246765
W2079325629,process,Process (computing),0.5562573671340942
W2079325629,neuro-fuzzy,Neuro-fuzzy,0.49953341484069824
W2079325629,premise,Premise,0.4666913151741028
W2079325629,fuzzy-set-operations,Fuzzy set operations,0.4391736686229706
W2079325629,control-engineering,Control engineering,0.41270142793655396
W2079325629,control,Control (management),0.38075199723243713
W2079325629,artificial-intelligence,Artificial intelligence,0.379721999168396
W2079325629,control-theory,Control theory (sociology),0.37687215209007263
W2079325629,mathematics,Mathematics,0.3491804897785187
W2079325629,data-mining,Data mining,0.28182023763656616
W2079325629,engineering,Engineering,0.21589189767837524
W2133059825,gray,Gray (unit),0.84427809715271
W2133059825,histogram,Histogram,0.5872951149940491
W2133059825,computer-science,Computer science,0.5160581469535828
W2133059825,selection,Selection (genetic algorithm),0.5052116513252258
W2133059825,artificial-intelligence,Artificial intelligence,0.492060124874115
W2133059825,gray-level,Gray level,0.4614632725715637
W2133059825,pattern-recognition,Pattern recognition (psychology),0.4574103355407715
W2133059825,medicine,Medicine,0.1696760356426239
W2133059825,nuclear-medicine,Nuclear medicine,0.07700186967849731
W2133059825,pixel,Pixel,0.07396930456161499
W2133059825,image,Image (mathematics),0.044025421142578125
W2044465660,panchromatic-film,Panchromatic film,0.6988814473152161
W2044465660,artificial-intelligence,Artificial intelligence,0.6363462209701538
W2044465660,set,Set (abstract data type),0.5259737372398376
W2044465660,computer-science,Computer science,0.514090359210968
W2044465660,pattern-recognition,Pattern recognition (psychology),0.47775569558143616
W2044465660,decision-rule,Decision rule,0.4700773060321808
W2044465660,identification,Identification (biology),0.4699796736240387
W2044465660,test-set,Test set,0.45039692521095276
W2044465660,image,Image (mathematics),0.40723511576652527
W2044465660,computer-vision,Computer vision,0.3936888873577118
W2561675875,computer-science,Computer science,0.4251963496208191
W4211007335,computer-science,Computer science,0.34393349289894104
W246286872,meta-analysis,Meta-analysis,0.7394146919250488
W246286872,randomized-controlled-trial,Randomized controlled trial,0.7109229564666748
W246286872,medicine,Medicine,0.702701210975647
W246286872,cerebral-palsy,Cerebral palsy,0.6264192461967468
W246286872,cochrane-library,Cochrane Library,0.5961140394210815
W246286872,physical-therapy,Physical therapy,0.4922741949558258
W246286872,medline,MEDLINE,0.48854026198387146
W246286872,systematic-review,Systematic review,0.47665268182754517
W246286872,pediatrics,Pediatrics,0.39229023456573486
W246286872,internal-medicine,Internal medicine,0.3216029405593872
W1797402740,distortion,Distortion (music),0.6107169389724731
W1797402740,business,Business,0.5136079788208008
W1797402740,economics,Economics,0.43465837836265564
W1797402740,finance,Finance,0.4195302128791809
W1797402740,accounting,Accounting,0.3663935661315918
W1797402740,engineering,Engineering,0.1575515866279602
W1797402740,telecommunications,Telecommunications,0.044397950172424316
W2138664283,checklist,Checklist,0.8465931415557861
W2138664283,cinahl,CINAHL,0.7051098346710205
W2138664283,qualitative-research,Qualitative research,0.6575624942779541
W2138664283,respondent,Respondent,0.6452082991600037
W2138664283,data-collection,Data collection,0.6104164719581604
W2138664283,context,Context (archaeology),0.5961358547210693
W2138664283,research-design,Research design,0.5478624105453491
W2138664283,focus-group,Focus group,0.5260838270187378
W2138664283,qualitative-property,Qualitative property,0.5015175342559814
W2138664283,psychology,Psychology,0.44584476947784424
W2138664283,medline,MEDLINE,0.4241790473461151
W2138664283,medical-education,Medical education,0.3928546607494354
W2138664283,applied-psychology,Applied psychology,0.38546323776245117
W2138664283,computer-science,Computer science,0.3386839032173157
W2138664283,medicine,Medicine,0.3076380491256714
W2138664283,nursing,Nursing,0.2504810690879822
W2138664283,sociology,Sociology,0.08906838297843933
W1757407923,cancer,Cancer,0.7375115156173706
W1757407923,medicine,Medicine,0.7334874272346497
W1757407923,incidence,Incidence (geometry),0.6570720672607422
W1757407923,lung-cancer,Lung cancer,0.638087272644043
W1757407923,breast-cancer,Breast cancer,0.5654890537261963
W1757407923,colorectal-cancer,Colorectal cancer,0.5496037602424622
W1757407923,international-agency,International agency,0.5490508675575256
W1757407923,mortality-rate,Mortality rate,0.5209102034568787
W1757407923,demography,Demography,0.480183482170105
W1757407923,stomach-cancer,Stomach cancer,0.47730860114097595
W1757407923,cause-of-death,Cause of death,0.467011034488678
W1757407923,causes-of-cancer,Causes of cancer,0.46345704793930054
W1757407923,cancer-incidence,Cancer incidence,0.43956831097602844
W1757407923,cancer-registry,Cancer registry,0.41694363951683044
W1757407923,oncology,Oncology,0.3277754783630371
W1757407923,internal-medicine,Internal medicine,0.2940710484981537
W1757407923,disease,Disease,0.19885197281837463
W1981989535,cancer,Cancer,0.78075110912323
W1981989535,lung-cancer,Lung cancer,0.6860613822937012
W1981989535,medicine,Medicine,0.6743435263633728
W1981989535,breast-cancer,Breast cancer,0.6144794225692749
W1981989535,colorectal-cancer,Colorectal cancer,0.6011738181114197
W1981989535,stomach-cancer,Stomach cancer,0.546760618686676
W1981989535,international-agency,International agency,0.5362329483032227
W1981989535,demography,Demography,0.535020112991333
W1981989535,causes-of-cancer,Causes of cancer,0.4899860918521881
W1981989535,liver-cancer,Liver cancer,0.4679286479949951
W1981989535,incidence,Incidence (geometry),0.46601560711860657
W1981989535,mortality-rate,Mortality rate,0.46121346950531006
W1981989535,cause-of-death,Cause of death,0.42460164427757263
W1981989535,disease,Disease,0.3132127523422241
W1981989535,internal-medicine,Internal medicine,0.3070136308670044
W2614464134,environmental-science,Environmental science,0.7424583435058594
W2614464134,satellite,Satellite,0.6435053944587708
W2614464134,cloud-cover,Cloud cover,0.6281062364578247
W2614464134,precipitation,Precipitation,0.60866379737854
W2614464134,climatology,Climatology,0.5879389047622681
W2614464134,wind-speed,Wind speed,0.566868007183075
W2614464134,multivariate-interpolation,Multivariate interpolation,0.5213876366615295
W2614464134,land-cover,Land cover,0.49389368295669556
W2614464134,elevation,Elevation (ballistics),0.49131980538368225
W2614464134,meteorology,Meteorology,0.4689927399158478
W2614464134,covariate,Covariate,0.4648085832595825
W2614464134,climate-model,Climate model,0.41348177194595337
W2614464134,climate-change,Climate change,0.39624133706092834
W2614464134,atmospheric-sciences,Atmospheric sciences,0.3663581609725952
W2614464134,geography,Geography,0.20505934953689575
W2614464134,land-use,Land use,0.20369762182235718
W2614464134,cloud-computing,Cloud computing,0.18339699506759644
W2614464134,statistics,Statistics,0.12315574288368225
W2614464134,mathematics,Mathematics,0.09902867674827576
W2614464134,geology,Geology,0.0939943790435791
W2614464134,computer-science,Computer science,0.08314844965934753
W2112776483,elevation,Elevation (ballistics),0.7756781578063965
W2112776483,latitude,Latitude,0.6427095532417297
W2112776483,longitude,Longitude,0.616422712802887
W2112776483,climatology,Climatology,0.570307731628418
W2112776483,environmental-science,Environmental science,0.5655117630958557
W2112776483,multivariate-interpolation,Multivariate interpolation,0.49121493101119995
W2112776483,precipitation,Precipitation,0.48554202914237976
W2112776483,data-set,Data set,0.47034838795661926
W2112776483,smoothing,Smoothing,0.4477628171443939
W2112776483,interpolation,Interpolation (computer graphics),0.4314056932926178
W2112776483,meteorology,Meteorology,0.35960856080055237
W2112776483,geography,Geography,0.2735903263092041
W2112776483,geology,Geology,0.25145989656448364
W2112776483,geodesy,Geodesy,0.20257532596588135
W2112776483,mathematics,Mathematics,0.14214524626731873
W2112776483,statistics,Statistics,0.1373099982738495
W2117539524,benchmark,Benchmark (surveying),0.7811989784240723
W2117539524,artificial-intelligence,Artificial intelligence,0.7471951842308044
W2117539524,computer-science,Computer science,0.735179603099823
W2117539524,categorical-variable,Categorical variable,0.6385412216186523
W2117539524,cognitive-neuroscience-of-visual-object-recognition,Cognitive neuroscience of visual object recognition,0.61514812707901
W2117539524,scale,Scale (ratio),0.6076879501342773
W2117539524,object,Object (grammar),0.5931663513183594
W2117539524,object-detection,Object detection,0.5644959211349487
W2117539524,field,Field (mathematics),0.5203689932823181
W2117539524,pattern-recognition,Pattern recognition (psychology),0.4839942455291748
W2117539524,machine-learning,Machine learning,0.4352133870124817
W2117539524,3d-single-object-recognition,3D single-object recognition,0.42655906081199646
W2117539524,annotation,Annotation,0.4138840436935425
W2117539524,computer-vision,Computer vision,0.3936089873313904
W2117539524,geography,Geography,0.08473539352416992
W2117539524,cartography,Cartography,0.06555545330047607
W2117539524,mathematics,Mathematics,0.057067930698394775
W2031489346,pascal,Pascal (unit),0.9152013063430786
W2031489346,benchmark,Benchmark (surveying),0.7516878247261047
W2031489346,artificial-intelligence,Artificial intelligence,0.7465195655822754
W2031489346,computer-science,Computer science,0.7050977945327759
W2031489346,object-detection,Object detection,0.6893080472946167
W2031489346,cognitive-neuroscience-of-visual-object-recognition,Cognitive neuroscience of visual object recognition,0.5778392553329468
W2031489346,machine-learning,Machine learning,0.5548940300941467
W2031489346,visual-inspection,Visual inspection,0.4693532884120941
W2031489346,context,Context (archaeology),0.4605087637901306
W2031489346,object,Object (grammar),0.4543560743331909
W2031489346,annotation,Annotation,0.4407191276550293
W2031489346,pattern-recognition,Pattern recognition (psychology),0.42842161655426025
W2031489346,computer-vision,Computer vision,0.33825644850730896
W2151103935,artificial-intelligence,Artificial intelligence,0.7958396673202515
W2151103935,pattern-recognition,Pattern recognition (psychology),0.7189508676528931
W2151103935,clutter,Clutter,0.661230206489563
W2151103935,affine-transformation,Affine transformation,0.5778087377548218
W2151103935,computer-science,Computer science,0.573537290096283
W2151103935,cognitive-neuroscience-of-visual-object-recognition,Cognitive neuroscience of visual object recognition,0.5690328478813171
W2151103935,computer-vision,Computer vision,0.5563133955001831
W2151103935,invariant,Invariant (physics),0.538766622543335
W2151103935,hough-transform,Hough transform,0.48619669675827026
W2151103935,3d-single-object-recognition,3D single-object recognition,0.4627784192562103
W2151103935,scale-invariant-feature-transform,Scale-invariant feature transform,0.46095210313796997
W2151103935,feature-extraction,Feature extraction,0.3590019941329956
W2151103935,mathematics,Mathematics,0.33067065477371216
W2151103935,image,Image (mathematics),0.289537250995636
W2151103935,radar,Radar,0.12759986519813538
W2104095591,artificial-intelligence,Artificial intelligence,0.7341504096984863
W2104095591,computer-vision,Computer vision,0.7135103940963745
W2104095591,active-contour-model,Active contour model,0.666289210319519
W2104095591,computer-science,Computer science,0.6276684403419495
W2104095591,constraint,Constraint (computer-aided design),0.6067458391189575
W2104095591,tracking,Tracking (education),0.5244432091712952
W2104095591,spline,Spline (mechanical),0.5002248287200928
W2104095591,feature-matching,Feature matching,0.46891555190086365
W2104095591,matching,Matching (statistics),0.45074114203453064
W2104095591,feature,Feature (linguistics),0.43152686953544617
W2104095591,three-dimensional-space,Three-dimensional space,0.4295109212398529
W2104095591,pattern-recognition,Pattern recognition (psychology),0.4192083477973938
W2104095591,image,Image (mathematics),0.32931798696517944
W2104095591,mathematics,Mathematics,0.3035541772842407
W2104095591,geometry,Geometry,0.21354436874389648
W2104095591,image-segmentation,Image segmentation,0.1810198724269867
W2104095591,engineering,Engineering,0.10027670860290527
W1513281941,regional-science,Regional science,0.4260562062263489
W1513281941,economics,Economics,0.39874616265296936
W1513281941,geography,Geography,0.21363773941993713
W1517701247,computer-science,Computer science,0.7600022554397583
W1517701247,automation,Automation,0.5168505311012268
W1517701247,completeness,Completeness (order theory),0.5030912756919861
W1517701247,set,Set (abstract data type),0.48335713148117065
W1517701247,process,Process (computing),0.4749736189842224
W1517701247,software-engineering,Software engineering,0.4470576047897339
W1517701247,task,Task (project management),0.4470404088497162
W1517701247,fault-tree-analysis,Fault tree analysis,0.43590646982192993
W1517701247,software-evolution,Software evolution,0.43297791481018066
W1517701247,factory,Factory (object-oriented programming),0.4289700388908386
W1517701247,tree,Tree (set theory),0.41260552406311035
W1517701247,software,Software,0.33061641454696655
W1517701247,software-system,Software system,0.2806858718395233
W1517701247,systems-engineering,Systems engineering,0.233284592628479
W1517701247,programming-language,Programming language,0.1998630166053772
W1517701247,reliability-engineering,Reliability engineering,0.13067391514778137
W1517701247,engineering,Engineering,0.09757295250892639
W2390008750,qualitative-research,Qualitative research,0.4929382801055908
W2390008750,computer-science,Computer science,0.41999104619026184
W2390008750,management-science,Management science,0.3463098406791687
W2390008750,sociology,Sociology,0.311360627412796
W2390008750,engineering,Engineering,0.24386587738990784
W2390008750,social-science,Social science,0.10369488596916199
W79229537,naturalism,Naturalism,0.7403679490089417
W79229537,psychology,Psychology,0.6677793264389038
W79229537,naturalistic-observation,Naturalistic observation,0.5077396631240845
W79229537,social-psychology,Social psychology,0.35870903730392456
W79229537,developmental-psychology,Developmental psychology,0.3458000421524048
W79229537,epistemology,Epistemology,0.22815284132957458
W79229537,philosophy,Philosophy,0.15653112530708313
W2000380427,partial-least-squares-regression,Partial least squares regression,0.8358867168426514
W2000380427,structural-equation-modeling,Structural equation modeling,0.8324122428894043
W2000380427,statistics,Statistics,0.38367220759391785
W2000380427,mathematics,Mathematics,0.3685632646083832
W2000380427,econometrics,Econometrics,0.33054232597351074
W2075950485,systematic-review,Systematic review,0.62154221534729
W2075950485,relation,Relation (database),0.6104076504707336
W2075950485,field,Field (mathematics),0.5007321834564209
W2075950485,management-science,Management science,0.4742005467414856
W2075950485,psychology,Psychology,0.4305765926837921
W2075950485,sociology,Sociology,0.3832104504108429
W2075950485,applied-psychology,Applied psychology,0.35687094926834106
W2075950485,computer-science,Computer science,0.2700183093547821
W2075950485,medline,MEDLINE,0.20553529262542725
W2075950485,political-science,Political science,0.13714644312858582
W2075950485,engineering,Engineering,0.10373267531394958
W2004038836,modernity,Modernity,0.8971744775772095
W2004038836,globalization,Globalization,0.7369788885116577
W2004038836,sociology,Sociology,0.3867180049419403
W2004038836,political-science,Political science,0.3446946144104004
W2004038836,economic-geography,Economic geography,0.32304322719573975
W2004038836,geography,Geography,0.30554941296577454
W2004038836,law,Law,0.07684040069580078
W3008028633,medicine,Medicine,0.890566885471344
W3008028633,coronavirus-disease-2019,Coronavirus disease 2019 (COVID-19),0.8352895975112915
W3008028633,outbreak,Outbreak,0.8130524754524231
W3008028633,mainland-china,Mainland China,0.7220958471298218
W3008028633,2019-20-coronavirus-outbreak,2019-20 coronavirus outbreak,0.680850625038147
W3008028633,severe-acute-respiratory-syndrome-coronavirus-2,Severe acute respiratory syndrome coronavirus 2 (SARS-CoV-2),0.6787465214729309
W3008028633,coronavirus,Coronavirus,0.6784621477127075
W3008028633,china,China,0.6597803235054016
W3008028633,betacoronavirus,Betacoronavirus,0.5345218777656555
W3008028633,virology,Virology,0.5330711007118225
W3008028633,government,Government (linguistics),0.5282950401306152
W3008028633,disease,Disease,0.5096249580383301
W3008028633,coronavirus-infections,Coronavirus Infections,0.45745551586151123
W3008028633,contact-tracing,Contact tracing,0.4476071894168854
W3008028633,pandemic,Pandemic,0.43686556816101074
W3008028633,environmental-health,Environmental health,0.39684221148490906
W3008028633,infectious-disease,Infectious disease (medical specialty),0.21405747532844543
W3008028633,pathology,Pathology,0.0909537672996521
W3008028633,geography,Geography,0.061115115880966187
W3005079553,pneumonia,Pneumonia,0.7565000057220459
W3005079553,transmission,Transmission (telecommunications),0.40139999985694885
W3005079553,china,China,0.36340001225471497
W3005079553,medline,MEDLINE,0.3028999865055084
W2280404143,sepsis,Sepsis,0.8699451088905334
W2280404143,medicine,Medicine,0.8337922096252441
W2280404143,septic-shock,Septic shock,0.8011101484298706
W2280404143,intensive-care-medicine,Intensive care medicine,0.7006258368492126
W2280404143,organ-dysfunction,Organ dysfunction,0.665127694606781
W2280404143,systemic-inflammatory-response-syndrome,Systemic inflammatory response syndrome,0.5821648836135864
W2280404143,sofa-score,SOFA score,0.5207162499427795
W2280404143,epidemiology,Epidemiology,0.4713418185710907
W2280404143,shock,Shock (circulatory),0.44265931844711304
W2280404143,immunology,Immunology,0.31963467597961426
W2280404143,internal-medicine,Internal medicine,0.18833184242248535
W4292528167,medicine,Medicine,0.9731022119522095
W4292528167,declaration-of-helsinki,Declaration of Helsinki,0.6153849363327026
W4292528167,family-medicine,Family medicine,0.48800888657569885
W4292528167,declaration,Declaration,0.48596155643463135
W4292528167,association,Association (psychology),0.479660302400589
W4292528167,library-science,Library science,0.3200792968273163
W4292528167,law,Law,0.22053861618041992
W4292528167,informed-consent,Informed consent,0.14892685413360596
W4292528167,alternative-medicine,Alternative medicine,0.13589242100715637
W4292528167,pathology,Pathology,0.1350979506969452
W2156121263,medicine,Medicine,0.9345033168792725
W2156121263,blood-pressure,Blood pressure,0.7640429735183716
W2156121263,guideline,Guideline,0.6633111834526062
W2156121263,prehypertension,Prehypertension,0.6202552914619446
W2156121263,thiazide,Thiazide,0.6095572710037231
W2156121263,internal-medicine,Internal medicine,0.5953854918479919
W2156121263,candesartan,Candesartan,0.49409082531929016
W2156121263,diuretic,Diuretic,0.4898054301738739
W2156121263,kidney-disease,Kidney disease,0.4534800052642822
W2156121263,hydrochlorothiazide,Hydrochlorothiazide,0.4334532916545868
W2156121263,diabetes-mellitus,Diabetes mellitus,0.42921581864356995
W2156121263,cardiology,Cardiology,0.41594845056533813
W2156121263,endocrinology,Endocrinology,0.2506454586982727
W2156121263,angiotensin-ii,Angiotensin II,0.24347838759422302
W2156121263,pathology,Pathology,0.06465727090835571
W1593442063,medicine,Medicine,0.9540859460830688
W1593442063,womens-health-initiative,Women's Health Initiative,0.8339024782180786
W1593442063,medroxyprogesterone-acetate,Medroxyprogesterone acetate,0.7046223878860474
W1593442063,hazard-ratio,Hazard ratio,0.6143937706947327
W1593442063,randomized-controlled-trial,Randomized controlled trial,0.5246223211288452
W1593442063,placebo,Placebo,0.49460145831108093
W1593442063,hormone-therapy,Hormone therapy,0.4931885600090027
W1593442063,gynecology,Gynecology,0.45091938972473145
W1593442063,endometrial-cancer,Endometrial cancer,0.4448341727256775
W1593442063,adverse-effect,Adverse effect,0.4438949227333069
W1593442063,stroke,Stroke (engine),0.4391353726387024
W1593442063,hormone-replacement-therapy,Hormone replacement therapy (female-to-male),0.42526137828826904
W1593442063,internal-medicine,Internal medicine,0.41724205017089844
W1593442063,breast-cancer,Breast cancer,0.39874112606048584
W1593442063,estrogen,Estrogen,0.34684327244758606
W1593442063,observational-study,Observational study,0.2898944020271301
W1593442063,confidence-interval,Confidence interval,0.28498566150665283
W1593442063,cancer,Cancer,0.2046312391757965
W4238251256,medicine,Medicine,0.9550600051879883
W4238251256,family-medicine,Family medicine,0.5368677973747253
W4238251256,otorhinolaryngology,Otorhinolaryngology,0.4999699592590332
W4238251256,medline,MEDLINE,0.41662442684173584
W4238251256,psychiatry,Psychiatry,0.31425726413726807
W1979423827,observational-study,Observational study,0.9008173942565918
W1979423827,checklist,Checklist,0.7783929109573364
W1979423827,strengthening-the-reporting-of-observational-studies-in-epidemiology,Strengthening the reporting of observational studies in epidemiology,0.6339829564094543
W1979423827,medicine,Medicine,0.6198816895484924
W1979423827,systematic-review,Systematic review,0.5464257001876831
W1979423827,medline,MEDLINE,0.5099886655807495
W1979423827,medical-education,Medical education,0.48161810636520386
W1979423827,meta-analysis,Meta-analysis,0.48086434602737427
W1979423827,family-medicine,Family medicine,0.4396054446697235
W1979423827,subtitle,Subtitle,0.43264642357826233
W1979423827,categorization,Categorization,0.42371299862861633
W1979423827,psychology,Psychology,0.2802536189556122
W1979423827,pathology,Pathology,0.13108426332473755
W1979423827,computer-science,Computer science,0.12580564618110657
W1979423827,political-science,Political science,0.07503530383110046
W2118310760,medicine,Medicine,0.9316781759262085
W2118310760,national-cholesterol-education-program,National Cholesterol Education Program,0.9265874624252319
W2118310760,cholesterol,Cholesterol,0.7219582200050354
W2118310760,blood-cholesterol,Blood cholesterol,0.7015359997749329
W2118310760,coronary-heart-disease,Coronary heart disease,0.516428530216217
W2118310760,internal-medicine,Internal medicine,0.40908223390579224
W2139248078,response-evaluation-criteria-in-solid-tumors,Response Evaluation Criteria in Solid Tumors,0.5901505351066589
W2139248078,medicine,Medicine,0.5298343300819397
W2139248078,set,Set (abstract data type),0.5010874271392822
W2139248078,medical-physics,Medical physics,0.49987101554870605
W2139248078,process,Process (computing),0.4732385575771332
W2139248078,cancer,Cancer,0.4264179468154907
W2139248078,solid-tumor,Solid tumor,0.41683095693588257
W2139248078,computer-science,Computer science,0.4002302885055542
W2139248078,management-science,Management science,0.33690714836120605
W2139248078,operations-research,Operations research,0.3327525854110718
W2139248078,intensive-care-medicine,Intensive care medicine,0.3212846517562866
W2139248078,pathology,Pathology,0.23490315675735474
W2139248078,clinical-trial,Clinical trial,0.19166094064712524
W2139248078,internal-medicine,Internal medicine,0.15228542685508728
W2139248078,mathematics,Mathematics,0.15021824836730957
W2139248078,engineering,Engineering,0.12088415026664734
W2167571044,quality-of-life,Quality of life (healthcare),0.77695232629776
W2167571044,cronbachs-alpha,Cronbach's alpha,0.7694427967071533
W2167571044,clinical-trial,Clinical trial,0.6151923537254333
W2167571044,construct-validity,Construct validity,0.5340570211410522
W2167571044,medicine,Medicine,0.5084187388420105
W2167571044,nausea,Nausea,0.44691452383995056
W2167571044,physical-therapy,Physical therapy,0.4337521493434906
W2167571044,reliability,Reliability (semiconductor),0.4128049910068512
W2167571044,psychology,Psychology,0.3850487768650055
W2167571044,psychometrics,Psychometrics,0.31213265657424927
W2167571044,clinical-psychology,Clinical psychology,0.30453693866729736
W2167571044,internal-medicine,Internal medicine,0.19115790724754333
W2167571044,nursing,Nursing,0.10595327615737915
W2798909945,mathematics,Mathematics,0.38867467641830444
W2798909945,computer-science,Computer science,0.3559640049934387
W4230354434,interpretation,Interpretation (philosophy),0.7350376844406128
W4230354434,epistemology,Epistemology,0.3973648250102997
W4230354434,sociology,Sociology,0.3941176235675812
W4230354434,philosophy,Philosophy,0.3467983603477478
W4230354434,linguistics,Linguistics,0.13898921012878418
W2067404301,operationalization,Operationalization,0.7433807253837585
W2067404301,content-analysis,Content analysis,0.7301977872848511
W2067404301,phenomenon,Phenomenon,0.6299796104431152
W2067404301,computer-science,Computer science,0.6052349805831909
W2067404301,content,Content (measure theory),0.6049054861068726
W2067404301,inductive-reasoning,Inductive reasoning,0.5936688780784607
W2067404301,qualitative-analysis,Qualitative analysis,0.5226709246635437
W2067404301,process,Process (computing),0.5112000107765198
W2067404301,deductive-reasoning,Deductive reasoning,0.4958570897579193
W2067404301,inductive-method,Inductive method,0.4313841760158539
W2067404301,qualitative-research,Qualitative research,0.41793113946914673
W2067404301,epistemology,Epistemology,0.23049643635749817
W2067404301,artificial-intelligence,Artificial intelligence,0.22927004098892212
W2067404301,psychology,Psychology,0.2079509198665619
W2067404301,mathematics,Mathematics,0.1888405680656433
W2067404301,mathematics-education,Mathematics education,0.1518695056438446
W1933657216,perception,Perception,0.6396804451942444
W1933657216,geography,Geography,0.5005342960357666
W1933657216,ecological-psychology,Ecological psychology,0.4737482964992523
W1933657216,ecology,Ecology,0.3776460289955139
W1933657216,psychology,Psychology,0.3405121862888336
W1933657216,environmental-resource-management,Environmental resource management,0.3276943564414978
W1933657216,computer-science,Computer science,0.3262936472892761
W1933657216,environmental-science,Environmental science,0.29752737283706665
W1933657216,cognitive-psychology,Cognitive psychology,0.2542141377925873
W1933657216,biology,Biology,0.13335910439491272
W1933657216,neuroscience,Neuroscience,0.05044448375701904
W1566830427,library-science,Library science,0.5813829302787781
W1566830427,volume,Volume (thermodynamics),0.5453006029129028
W1566830427,computer-science,Computer science,0.19563192129135132
W1566830427,physics,Physics,0.1276777684688568
W1566830427,thermodynamics,Thermodynamics,0.09015876054763794
W2028056984,undo,Undo,0.7802073955535889
W2028056984,visualization,Visualization,0.7654117345809937
W2028056984,voronoi-diagram,Voronoi diagram,0.6357828974723816
W2028056984,computer-science,Computer science,0.592366099357605
W2028056984,computer-graphics,Computer graphics (images),0.5370389819145203
W2028056984,rendering,Rendering (computer graphics),0.5182654857635498
W2028056984,subdivision,Subdivision,0.4844784438610077
W2028056984,interactive-visualization,Interactive visualization,0.4523691236972809
W2028056984,computational-science,Computational science,0.4192866086959839
W2028056984,data-visualization,Data visualization,0.41881948709487915
W2028056984,crystallography,Crystallography,0.3219093084335327
W2028056984,geometry,Geometry,0.24469563364982605
W2028056984,artificial-intelligence,Artificial intelligence,0.20978397130966187
W2028056984,chemistry,Chemistry,0.17306414246559143
W2028056984,mathematics,Mathematics,0.12550368905067444
W2028056984,geography,Geography,0.11099016666412354
W2059205366,workflow,Workflow,0.8169372081756592
W2059205366,computer-science,Computer science,0.7558989524841309
W2059205366,visualization,Visualization,0.6304023265838623
W2059205366,software,Software,0.6022493839263916
W2059205366,computational-science,Computational science,0.5121986269950867
W2059205366,graphical-user-interface,Graphical user interface,0.4997539520263672
W2059205366,interface,Interface (matter),0.4357108771800995
W2059205366,process,Process (computing),0.4328264594078064
W2059205366,programming-language,Programming language,0.40552207827568054
W2059205366,software-engineering,Software engineering,0.3999086916446686
W2059205366,data-mining,Data mining,0.25765419006347656
W2059205366,database,Database,0.23134836554527283
W2059205366,operating-system,Operating system,0.116108238697052
W2163341755,phaser,Phaser,0.9933281540870667
W2163341755,molecular-replacement,Molecular replacement,0.5923129320144653
W2163341755,python,Python (programming language),0.5862244367599487
W2163341755,computer-science,Computer science,0.5321328639984131
W2163341755,algorithm,Algorithm,0.5289105176925659
W2163341755,software,Software,0.4386933743953705
W2163341755,crystallography,Crystallography,0.38231101632118225
W2163341755,crystal-structure,Crystal structure,0.3630252182483673
W2163341755,optics,Optics,0.31579160690307617
W2163341755,physics,Physics,0.2672581672668457
W2163341755,chemistry,Chemistry,0.20854485034942627
W2163341755,programming-language,Programming language,0.15164488554000854
W2063334178,suite,Suite,0.8027024269104004
W2063334178,computer-science,Computer science,0.6299935579299927
W2063334178,software,Software,0.6281464099884033
W2063334178,world-wide-web,World Wide Web,0.40635645389556885
W2063334178,information-retrieval,Information retrieval,0.3594778776168823
W2063334178,crystallography,Crystallography,0.3380756378173828
W2063334178,library-science,Library science,0.3222799301147461
W2063334178,programming-language,Programming language,0.21091407537460327
W2063334178,chemistry,Chemistry,0.19033923745155334
W2063334178,geography,Geography,0.09790024161338806
W2059020082,graphical-user-interface,Graphical user interface,0.8457629084587097
W2059020082,computer-science,Computer science,0.5735529065132141
W2059020082,graphical-user-interface-testing,Graphical user interface testing,0.521091103553772
W2059020082,user-interface,User interface,0.4638723134994507
W2059020082,operating-system,Operating system,0.45395463705062866
W2059020082,computer-graphics,Computer graphics (images),0.4446377754211426
W2059020082,interface,Interface (matter),0.41101646423339844
W2059020082,user-interface-design,User interface design,0.1663476824760437
W1986191025,suite,Suite,0.6301305294036865
W1986191025,listing,Listing (finance),0.5816632509231567
W1986191025,computer-science,Computer science,0.5264374017715454
W1986191025,residue,Residue (chemistry),0.4904598891735077
W1986191025,quality,Quality (philosophy),0.4152195453643799
W1986191025,chemistry,Chemistry,0.28525274991989136
W1986191025,physics,Physics,0.10766610503196716
W1986191025,biochemistry,Biochemistry,0.0986568033695221
W1986191025,business,Business,0.07556462287902832
W1986191025,geography,Geography,0.05642691254615784
W2016260972,simple,Simple (philosophy),0.6065007448196411
W2016260972,code,Code (set theory),0.48153573274612427
W2016260972,neutron,Neutron,0.45090052485466003
W2016260972,quadratic-equation,Quadratic equation,0.4474928379058838
W2016260972,computational-physics,Computational physics,0.44594210386276245
W2016260972,diagram,Diagram,0.43981385231018066
W2016260972,materials-science,Materials science,0.40067219734191895
W2016260972,computer-science,Computer science,0.3690454959869385
W2016260972,algorithm,Algorithm,0.3561773896217346
W2016260972,physics,Physics,0.31291434168815613
W2016260972,mathematics,Mathematics,0.22501042485237122
W2016260972,nuclear-physics,Nuclear physics,0.19957417249679565
W2016260972,geometry,Geometry,0.17788228392601013
W1966910378,mathematics,Mathematics,0.705365777015686
W1966910378,null-hypothesis,Null hypothesis,0.6921890377998352
W1966910378,econometrics,Econometrics,0.633202314376831
W1966910378,univariate,Univariate,0.5815233588218689
W1966910378,statistical-hypothesis-testing,Statistical hypothesis testing,0.5513986945152283
W1966910378,null,Null (SQL),0.4469682574272156
W1966910378,variable,Variable (mathematics),0.435750275850296
W1966910378,asymptotic-analysis,Asymptotic analysis,0.42270034551620483
W1966910378,set,Set (abstract data type),0.41343531012535095
W1966910378,statistics,Statistics,0.4131964147090912
W1966910378,applied-mathematics,Applied mathematics,0.34392422437667847
W1966910378,mathematical-economics,Mathematical economics,0.3341061472892761
W1966910378,multivariate-statistics,Multivariate statistics,0.2510029673576355
W1966910378,computer-science,Computer science,0.12781572341918945
W1966910378,mathematical-analysis,Mathematical analysis,0.10648536682128906
W2081693079,bifurcation,Bifurcation,0.7231667041778564
W2081693079,molecular-dynamics,Molecular dynamics,0.6703379154205322
W2081693079,stress,Stress (linguistics),0.5904679298400879
W2081693079,materials-science,Materials science,0.5343821048736572
W2081693079,shock,Shock (circulatory),0.5241718292236328
W2081693079,work,Work (physics),0.5137980580329895
W2081693079,stress-space,Stress space,0.4553346037864685
W2081693079,ultimate-tensile-strength,Ultimate tensile strength,0.4463273882865906
W2081693079,mechanics,Mechanics,0.42105820775032043
W2081693079,lagrangian,Lagrangian,0.4199434220790863
W2081693079,statistical-physics,Statistical physics,0.414977103471756
W2081693079,space,Space (punctuation),0.41319596767425537
W2081693079,classical-mechanics,Classical mechanics,0.40431541204452515
W2081693079,finite-element-method,Finite element method,0.3408125042915344
W2081693079,physics,Physics,0.3356276750564575
W2081693079,constitutive-equation,Constitutive equation,0.31751617789268494
W2081693079,thermodynamics,Thermodynamics,0.2722102403640747
W2081693079,mathematics,Mathematics,0.231267511844635
W2081693079,mathematical-analysis,Mathematical analysis,0.22491711378097534
W2081693079,nonlinear-system,Nonlinear system,0.20106276869773865
W2081693079,chemistry,Chemistry,0.17952659726142883
W2081693079,computational-chemistry,Computational chemistry,0.1652364432811737
W2081693079,composite-material,Composite material,0.1314437985420227
W2081693079,computer-science,Computer science,0.0806989073753357
W2106096361,psychology,Psychology,0.6857016086578369
W2106096361,cognitive-psychology,Cognitive psychology,0.5047847032546997
W2106096361,cognitive-bias,Cognitive bias,0.5005743503570557
W2106096361,cognition,Cognition,0.49139726161956787
W2106096361,behavioural-sciences,Behavioural sciences,0.4889301359653473
W2106096361,control,Control (management),0.46918439865112305
W2106096361,management-science,Management science,0.34156447649002075
W2106096361,computer-science,Computer science,0.22448515892028809
W2106096361,artificial-intelligence,Artificial intelligence,0.17675566673278809
W2106096361,psychotherapist,Psychotherapist,0.11810678243637085
W2106096361,neuroscience,Neuroscience,0.08783063292503357
W2148143831,oversampling,Oversampling,0.7632623910903931
W2148143831,classifier,Classifier (UML),0.7301996946334839
W2148143831,naive-bayes-classifier,Naive Bayes classifier,0.6493867039680481
W2148143831,artificial-intelligence,Artificial intelligence,0.6233555674552917
W2148143831,receiver-operating-characteristic,Receiver operating characteristic,0.5602169036865234
W2148143831,computer-science,Computer science,0.5322104692459106
W2148143831,pattern-recognition,Pattern recognition (psychology),0.5086806416511536
W2148143831,prior-probability,Prior probability,0.49618086218833923
W2148143831,class,Class (philosophy),0.4490990936756134
W2148143831,convex-hull,Convex hull,0.4387863874435425
W2148143831,sampling,Sampling (signal processing),0.417957603931427
W2148143831,mathematics,Mathematics,0.4122253358364105
W2148143831,machine-learning,Machine learning,0.40106201171875
W2148143831,bayesian-probability,Bayesian probability,0.3359490633010864
W2148143831,statistics,Statistics,0.33124715089797974
W2148143831,support-vector-machine,Support vector machine,0.22221282124519348
W2148143831,regular-polygon,Regular polygon,0.15009289979934692
W2148143831,bandwidth,Bandwidth (computing),0.0942312479019165
W2148143831,filter,Filter (signal processing),0.0802590548992157
W2105934661,mathematics,Mathematics,0.6330115795135498
W2105934661,applied-mathematics,Applied mathematics,0.5906127095222473
W2105934661,covariance,Covariance,0.5620285868644714
W2105934661,filter,Filter (signal processing),0.5206995606422424
W2105934661,representation,Representation (politics),0.5178956985473633
W2105934661,filtering-problem,Filtering problem,0.5122489333152771
W2105934661,nonlinear-system,Nonlinear system,0.5086684823036194
W2105934661,linear-filter,Linear filter,0.48477405309677124
W2105934661,differential-equation,Differential equation,0.46596741676330566
W2105934661,noise,Noise (video),0.44007983803749084
W2105934661,partial-differential-equation,Partial differential equation,0.4355132281780243
W2105934661,covariance-matrix,Covariance matrix,0.425743043422699
W2105934661,linear-system,Linear system,0.4240614175796509
W2105934661,kalman-filter,Kalman filter,0.3988828957080841
W2105934661,mathematical-optimization,Mathematical optimization,0.35590630769729614
W2105934661,computer-science,Computer science,0.3047255873680115
W2105934661,algorithm,Algorithm,0.29947978258132935
W2105934661,mathematical-analysis,Mathematical analysis,0.19582420587539673
W2105934661,statistics,Statistics,0.14204081892967224
W2105934661,artificial-intelligence,Artificial intelligence,0.12991076707839966
W2141260882,fluorescence,Fluorescence,0.5622739195823669
W2141260882,chemistry,Chemistry,0.5007178783416748
W2141260882,biophysics,Biophysics,0.4412795901298523
W2141260882,biology,Biology,0.2016080617904663
W2141260882,physics,Physics,0.08941802382469177
W2141260882,optics,Optics,0.06455057859420776
W1606423922,chromatography,Chromatography,0.6369796395301819
W1606423922,electrophoresis,Electrophoresis,0.5943314433097839
W1606423922,acrylamide,Acrylamide,0.5476436614990234
W1606423922,chemistry,Chemistry,0.4983837604522705
W1606423922,polyacrylamide-gel-electrophoresis,Polyacrylamide gel electrophoresis,0.4540983736515045
W1606423922,biochemistry,Biochemistry,0.15553337335586548
W1606423922,enzyme,Enzyme,0.1427696943283081
W1606423922,organic-chemistry,Organic chemistry,0.12575113773345947
W1606423922,polymer,Polymer,0.1224590539932251
W1606423922,monomer,Monomer,0.10475534200668335
W1581414347,glutathione,Glutathione,0.7721014022827148
W1581414347,enzyme,Enzyme,0.7385031580924988
W1581414347,chemistry,Chemistry,0.6677591800689697
W1581414347,biochemistry,Biochemistry,0.6153614521026611
W1581414347,transferase,Transferase,0.5921109318733215
W1581414347,substrate,Substrate (aquarium),0.5733611583709717
W1581414347,conjugate,Conjugate,0.541994571685791
W1581414347,homogeneous,Homogeneous,0.5394341349601746
W1581414347,substrate-specificity,Substrate specificity,0.4964621663093567
W1581414347,glutathione-transferase,Glutathione transferase,0.48830485343933105
W1581414347,glutathione-s-transferase,Glutathione S-transferase,0.4394167959690094
W1581414347,biology,Biology,0.12877050042152405
W1625660792,polyacrylamide-gel-electrophoresis,Polyacrylamide gel electrophoresis,0.6706807613372803
W1625660792,sodium-dodecyl-sulfate,Sodium dodecyl sulfate,0.5858803987503052
W1625660792,gel-electrophoresis-of-proteins,Gel electrophoresis of proteins,0.5739829540252686
W1625660792,chemistry,Chemistry,0.5603461265563965
W1625660792,polyacrylamide,Polyacrylamide,0.554569661617279
W1625660792,gel-electrophoresis,Gel electrophoresis,0.525885283946991
W1625660792,chromatography,Chromatography,0.48307231068611145
W1625660792,reliability,Reliability (semiconductor),0.4247889816761017
W1625660792,electrophoresis,Electrophoresis,0.4204448163509369
W1625660792,biochemistry,Biochemistry,0.2995724380016327
W1625660792,enzyme,Enzyme,0.0515214204788208
W1625660792,polymer-chemistry,Polymer chemistry,0.047130733728408813
W2168526937,isolation,Isolation (microbiology),0.7818199992179871
W2168526937,simple,Simple (philosophy),0.6611568927764893
W2168526937,chemistry,Chemistry,0.455557644367218
W2168526937,chromatography,Chromatography,0.4195118546485901
W2168526937,biology,Biology,0.4125024378299713
W2168526937,biochemistry,Biochemistry,0.36000552773475647
W2168526937,microbiology,Microbiology,0.1573428213596344
W1775749144,reagent,Reagent,0.974293053150177
W1775749144,chemistry,Chemistry,0.8413830995559692
W1775749144,phenol,Phenol,0.5679616332054138
W1775749144,chromatography,Chromatography,0.5565454959869385
W1775749144,organic-chemistry,Organic chemistry,0.27057263255119324
W1506043065,biuret-test,Biuret test,0.9600538015365601
W1506043065,chemistry,Chemistry,0.5314756035804749
W1506043065,blood-proteins,Blood proteins,0.44155848026275635
W1506043065,biochemistry,Biochemistry,0.40556854009628296
W1506043065,urea,Urea,0.11201953887939453
W2153435210,phosphorus,Phosphorus,0.657589316368103
W2153435210,colorimetry,Colorimetry,0.6069927215576172
W2153435210,chemistry,Chemistry,0.5358126759529114
W2153435210,chromatography,Chromatography,0.4629576802253723
W2153435210,environmental-chemistry,Environmental chemistry,0.3770732879638672
W2153435210,organic-chemistry,Organic chemistry,0.09186863899230957
W2944434778,dissemination,Dissemination,0.7506331205368042
W2944434778,software,Software,0.5764188170433044
W2944434778,computer-science,Computer science,0.5223939418792725
W2944434778,data-sharing,Data sharing,0.49718692898750305
W2944434778,government,Government (linguistics),0.461961954832077
W2944434778,knowledge-management,Knowledge management,0.41201138496398926
W2944434778,data-science,Data science,0.37284523248672485
W2944434778,engineering-management,Engineering management,0.36154282093048096
W2944434778,world-wide-web,World Wide Web,0.3416711091995239
W2944434778,engineering,Engineering,0.2685126066207886
W2944434778,telecommunications,Telecommunications,0.12765058875083923
W2944434778,medicine,Medicine,0.12295117974281311
W2093274439,electronic-data-capture,Electronic data capture,0.9068393707275391
W2093274439,workflow,Workflow,0.8138247728347778
W2093274439,metadata,Metadata,0.7003195285797119
W2093274439,computer-science,Computer science,0.657383143901825
W2093274439,translational-research-informatics,Translational research informatics,0.5678851008415222
W2093274439,software-deployment,Software deployment,0.5245792269706726
W2093274439,software,Software,0.43162304162979126
W2093274439,translational-research,Translational research,0.4232727289199829
W2093274439,interoperability,Interoperability,0.42009884119033813
W2093274439,process,Process (computing),0.41945937275886536
W2093274439,data-science,Data science,0.39302095770835876
W2093274439,software-engineering,Software engineering,0.34506237506866455
W2093274439,data-mining,Data mining,0.32229411602020264
W2093274439,health-informatics,Health informatics,0.27851277589797974
W2093274439,world-wide-web,World Wide Web,0.23228687047958374
W2093274439,database,Database,0.21383485198020935
W2093274439,bioinformatics,Bioinformatics,0.20051437616348267
W2093274439,medicine,Medicine,0.1574927270412445
W2093274439,clinical-trial,Clinical trial,0.15670081973075867
W2093274439,health-administration-informatics,Health Administration Informatics,0.10045966506004333
W2169821755,unix,Unix,0.8367663621902466
W2169821755,computer-science,Computer science,0.800891637802124
W2169821755,data-processing,Data processing,0.5999985933303833
W2169821755,pipeline,Pipeline (software),0.5739002227783203
W2169821755,stream-processing,Stream processing,0.5704287886619568
W2169821755,software,Software,0.47943586111068726
W2169821755,asynchronous-communication,Asynchronous communication,0.42299941182136536
W2169821755,distributed-computing,Distributed computing,0.37944868206977844
W2169821755,database,Database,0.23963963985443115
W2169821755,operating-system,Operating system,0.2234000563621521
W1966078827,computer-science,Computer science,0.8238365650177002
W1966078827,scalability,Scalability,0.7295150756835938
W1966078827,algorithm,Algorithm,0.4948710799217224
W1966078827,computational-science,Computational science,0.4786328375339508
W1966078827,node,Node (physics),0.46003660559654236
W1966078827,molecular-dynamics,Molecular dynamics,0.4414914548397064
W1966078827,parallel-computing,Parallel computing,0.4363557994365692
W1966078827,supercomputer,Supercomputer,0.431385338306427
W1966078827,domain-decomposition-methods,Domain decomposition methods,0.42968806624412537
W1966078827,solver,Solver,0.41128844022750854
W1966078827,chemistry,Chemistry,0.11091640591621399
W2327037637,intraclass-correlation,Intraclass correlation,0.8902919292449951
W2327037637,reliability,Reliability (semiconductor),0.7686021327972412
W2327037637,guideline,Guideline,0.7590250968933105
W2327037637,inter-rater-reliability,Inter-rater reliability,0.5503265261650085
W2327037637,intra-rater-reliability,Intra-rater reliability,0.49980998039245605
W2327037637,medicine,Medicine,0.4908512234687805
W2327037637,clinical-practice,Clinical Practice,0.4870205521583557
W2327037637,reading,Reading (process),0.45208966732025146
W2327037637,test,Test (biology),0.4210670292377472
W2327037637,computer-science,Computer science,0.4022444486618042
W2327037637,medical-physics,Medical physics,0.34548646211624146
W2327037637,data-mining,Data mining,0.33581972122192383
W2327037637,statistics,Statistics,0.32762083411216736
W2327037637,mathematics,Mathematics,0.19040066003799438
W2327037637,confidence-interval,Confidence interval,0.1819688081741333
W2327037637,physical-therapy,Physical therapy,0.14994698762893677
W2327037637,pathology,Pathology,0.10454058647155762
W2327037637,psychometrics,Psychometrics,0.10321792960166931
W2327037637,rating-scale,Rating scale,0.08753210306167603
W2000445173,comorbidity,Comorbidity,0.8252949714660645
W2000445173,medicine,Medicine,0.7662451267242432
W2000445173,longitudinal-study,Longitudinal study,0.5341106653213501
W2000445173,disease,Disease,0.5240614414215088
W2000445173,seriousness,Seriousness,0.5213383436203003
W2000445173,cohort,Cohort,0.5192994475364685
W2000445173,internal-medicine,Internal medicine,0.46486765146255493
W2000445173,cohort-study,Cohort study,0.4603767991065979
W2000445173,proportional-hazards-model,Proportional hazards model,0.41464143991470337
W2000445173,demography,Demography,0.35011017322540283
W2000445173,pathology,Pathology,0.10881826281547546
W2468996569,systematic-review,Systematic review,0.8411707878112793
W2468996569,clarity,CLARITY,0.7944200038909912
W2468996569,medicine,Medicine,0.5526587963104248
W2468996569,health-care,Health care,0.5187695026397705
W2468996569,alternative-medicine,Alternative medicine,0.5155970454216003
W2468996569,medline,MEDLINE,0.46458107233047485
W2468996569,meta-analysis,Meta-analysis,0.4476347863674164
W2468996569,family-medicine,Family medicine,0.3593812882900238
W2468996569,political-science,Political science,0.12662580609321594
W2468996569,pathology,Pathology,0.07755792140960693
W4292229870,observational-study,Observational study,0.9434851408004761
W4292229870,strengthening-the-reporting-of-observational-studies-in-epidemiology,Strengthening the reporting of observational studies in epidemiology,0.888485848903656
W4292229870,epidemiology,Epidemiology,0.5982425212860107
W4292229870,statement,Statement (logic),0.5611016154289246
W4292229870,medicine,Medicine,0.5550812482833862
W4292229870,consolidated-standards-of-reporting-trials,Consolidated Standards of Reporting Trials,0.5528294444084167
W4292229870,medline,MEDLINE,0.45479539036750793
W4292229870,family-medicine,Family medicine,0.4051241874694824
W4292229870,environmental-health,Environmental health,0.3220735788345337
W4292229870,alternative-medicine,Alternative medicine,0.29080501198768616
W4292229870,internal-medicine,Internal medicine,0.10006272792816162
W4292229870,political-science,Political science,0.09923425316810608
W4292229870,pathology,Pathology,0.09324246644973755
W1562208008,psychology,Psychology,0.7315311431884766
W1562208008,self-control,Self-control,0.5438336730003357
W1562208008,self-efficacy,Self-efficacy,0.5011703968048096
W1562208008,psychotherapist,Psychotherapist,0.4125622808933258
W1562208008,clinical-psychology,Clinical psychology,0.3890001177787781
W1562208008,social-psychology,Social psychology,0.3220217227935791
W1987971958,silhouette,Silhouette,0.9943533539772034
W1987971958,cluster-analysis,Cluster analysis,0.7601704001426697
W1987971958,mathematics,Mathematics,0.7451639175415039
W1987971958,cluster,Cluster (spacecraft),0.6750566959381104
W1987971958,graphical-display,Graphical display,0.5562058687210083
W1987971958,interpretation,Interpretation (philosophy),0.5527176856994629
W1987971958,artificial-intelligence,Artificial intelligence,0.48654571175575256
W1987971958,pattern-recognition,Pattern recognition (psychology),0.4773719012737274
W1987971958,plot,Plot (graphics),0.46162205934524536
W1987971958,computer-science,Computer science,0.25225433707237244
W1987971958,statistics,Statistics,0.20754030346870422
W1987971958,computer-graphics,Computer graphics (images),0.1391468346118927
W2120902911,metagenomics,Metagenomics,0.8028439879417419
W2120902911,sequence-assembly,Sequence assembly,0.7607021927833557
W2120902911,genome,Genome,0.6748457551002502
W2120902911,software,Software,0.5782467722892761
W2120902911,genomics,Genomics,0.5535964965820312
W2120902911,computational-biology,Computational biology,0.5508803725242615
W2120902911,biology,Biology,0.5137823224067688
W2120902911,computer-science,Computer science,0.45712512731552124
W2120902911,contig,Contig,0.44524872303009033
W2120902911,gene,Gene,0.24677738547325134
W2120902911,genetics,Genetics,0.21187779307365417
W2120902911,transcriptome,Transcriptome,0.0964927077293396
W2120902911,programming-language,Programming language,0.07323604822158813
W2096747776,dispersion,Dispersion (optics),0.6690369248390198
W2096747776,intermolecular-force,Intermolecular force,0.6522295475006104
W2096747776,intramolecular-force,Intramolecular force,0.6325896382331848
W2096747776,london-dispersion-force,London dispersion force,0.5856145620346069
W2096747776,function,Function (biology),0.5327484607696533
W2096747776,benchmark,Benchmark (surveying),0.5298383235931396
W2096747776,density-functional-theory,Density functional theory,0.5187326073646545
W2096747776,range,Range (aeronautics),0.5118574500083923
W2096747776,statistical-physics,Statistical physics,0.5093733072280884
W2096747776,computation,Computation,0.48251768946647644
W2096747776,physics,Physics,0.44275227189064026
W2096747776,van-der-waals-force,van der Waals force,0.37658777832984924
W2096747776,quantum-mechanics,Quantum mechanics,0.351715624332428
W2096747776,mathematics,Mathematics,0.3119504451751709
W2096747776,materials-science,Materials science,0.30376386642456055
W2096747776,molecule,Molecule,0.15214991569519043
W2096747776,algorithm,Algorithm,0.10302451252937317
W2132525235,wave-function,Wave function,0.6635309457778931
W2132525235,computer-science,Computer science,0.5962421298027039
W2132525235,graph,Graph,0.4677678942680359
W2132525235,computational-science,Computational science,0.4154207706451416
W2132525235,theoretical-computer-science,Theoretical computer science,0.3640393614768982
W2132525235,physics,Physics,0.22004950046539307
W2132525235,quantum-mechanics,Quantum mechanics,0.19407346844673157
W2134967712,autodock,AutoDock,0.9046612977981567
W2134967712,multithreading,Multithreading,0.8171991109848022
W2134967712,computer-science,Computer science,0.758578896522522
W2134967712,parallel-computing,Parallel computing,0.6117604970932007
W2134967712,grid,Grid,0.5036661028862
W2134967712,software,Software,0.44929659366607666
W2134967712,docking,Docking (animal),0.4337516725063324
W2134967712,operating-system,Operating system,0.27929356694221497
W2134967712,mathematics,Mathematics,0.1249125599861145
W2134967712,chemistry,Chemistry,0.12061074376106262
W2134967712,thread,Thread (computing),0.08640816807746887
W2105668062,docking,Docking (animal),0.9083515405654907
W2105668062,searching-the-conformational-space-for-docking,Searching the conformational space for docking,0.6099008321762085
W2105668062,chemistry,Chemistry,0.5443756580352783
W2105668062,protein–ligand-docking,Protein–ligand docking,0.5314454436302185
W2105668062,computer-science,Computer science,0.5205374956130981
W2105668062,grid,Grid,0.5094171166419983
W2105668062,flexibility,Flexibility (engineering),0.5066967606544495
W2105668062,covalent-bond,Covalent bond,0.44511258602142334
W2105668062,graphical-user-interface,Graphical user interface,0.44122129678726196
W2105668062,combinatorial-chemistry,Combinatorial chemistry,0.3901712894439697
W2105668062,computational-biology,Computational biology,0.35522884130477905
W2105668062,virtual-screening,Virtual screening,0.2957308292388916
W2105668062,molecular-dynamics,Molecular dynamics,0.27039048075675964
W2105668062,binding-site,Binding site,0.2636212706565857
W2105668062,computational-chemistry,Computational chemistry,0.2017582356929779
W2105668062,biochemistry,Biochemistry,0.17131257057189941
W2105668062,mathematics,Mathematics,0.11155828833580017
W2105668062,biology,Biology,0.09654650092124939
W2105668062,organic-chemistry,Organic chemistry,0.08621913194656372
W2105668062,programming-language,Programming language,0.0785273015499115
W2044591029,density-functional-theory,Density functional theory,0.7179144620895386
W2044591029,parameterized-complexity,Parameterized complexity,0.6064262986183167
W2044591029,ansatz,Ansatz,0.5838128924369812
W2044591029,london-dispersion-force,London dispersion force,0.5203732848167419
W2044591029,van-der-waals-force,van der Waals force,0.5132787227630615
W2044591029,orbital-free-density-functional-theory,Orbital-free density functional theory,0.5087597966194153
W2044591029,dispersion,Dispersion (optics),0.4930102527141571
W2044591029,thermochemistry,Thermochemistry,0.4903883934020996
W2044591029,hybrid-functional,Hybrid functional,0.4900890588760376
W2044591029,basis-set,Basis set,0.4554857313632965
W2044591029,scaling,Scaling,0.4488891065120697
W2044591029,physics,Physics,0.44630712270736694
W2044591029,standard-deviation,Standard deviation,0.43409204483032227
W2044591029,computational-chemistry,Computational chemistry,0.43065375089645386
W2044591029,chemistry,Chemistry,0.42576146125793457
W2044591029,range,Range (aeronautics),0.42399388551712036
W2044591029,type,Type (biology),0.4188327193260193
W2044591029,statistical-physics,Statistical physics,0.39109477400779724
W2044591029,thermodynamics,Thermodynamics,0.34873005747795105
W2044591029,molecule,Molecule,0.3375422954559326
W2044591029,materials-science,Materials science,0.3071727156639099
W2044591029,quantum-mechanics,Quantum mechanics,0.29668450355529785
W2044591029,mathematics,Mathematics,0.2489442527294159
W2044591029,geometry,Geometry,0.13662827014923096
W2044591029,algorithm,Algorithm,0.11269283294677734
W2171268876,computer-science,Computer science,0.7445390224456787
W2171268876,software,Software,0.6150009036064148
W2171268876,computational-science,Computational science,0.6076256632804871
W2171268876,force-field,Force field (fiction),0.6038309931755066
W2171268876,suite,Suite,0.5232345461845398
W2171268876,molecular-dynamics,Molecular dynamics,0.4570976793766022
W2171268876,software-suite,Software suite,0.4296974241733551
W2171268876,field,Field (mathematics),0.4216920733451843
W2171268876,documentation,Documentation,0.41561925411224365
W2171268876,parallel-computing,Parallel computing,0.3432656228542328
W2171268876,operating-system,Operating system,0.2008850872516632
W2171268876,chemistry,Chemistry,0.18543556332588196
W2171268876,computational-chemistry,Computational chemistry,0.15909358859062195
W2171268876,artificial-intelligence,Artificial intelligence,0.10344016551971436
W2150981663,computer-science,Computer science,0.8381662368774414
W2150981663,scalability,Scalability,0.5939540863037109
W2150981663,software,Software,0.5509355664253235
W2150981663,molecular-dynamics,Molecular dynamics,0.5224555730819702
W2150981663,field,Field (mathematics),0.48253557085990906
W2150981663,scripting-language,Scripting language,0.4780576527118683
W2150981663,computational-science,Computational science,0.4376530945301056
W2150981663,graphics,Graphics,0.4340716600418091
W2150981663,code,Code (set theory),0.42324477434158325
W2150981663,parallel-computing,Parallel computing,0.40729820728302
W2150981663,programming-language,Programming language,0.23824837803840637
W2150981663,computer-graphics,Computer graphics (images),0.23751258850097656
W2150981663,operating-system,Operating system,0.14066284894943237
W2150981663,chemistry,Chemistry,0.11033833026885986
W2147993766,force-field,Force field (fiction),0.8305293321609497
W2147993766,chemistry,Chemistry,0.5942374467849731
W2147993766,computational-chemistry,Computational chemistry,0.48318877816200256
W2147993766,molecule,Molecule,0.4683605432510376
W2147993766,intermolecular-force,Intermolecular force,0.44189783930778503
W2147993766,atom,Atom (system on chip),0.43131375312805176
W2147993766,base,Base (topology),0.41720426082611084
W2147993766,thermodynamics,Thermodynamics,0.4031383693218231
W2147993766,crystallography,Crystallography,0.32554924488067627
W2147993766,mathematics,Mathematics,0.18216225504875183
W2147993766,physics,Physics,0.14410731196403503
W2147993766,organic-chemistry,Organic chemistry,0.12787097692489624
W2147993766,computer-science,Computer science,0.10970580577850342
W2132629607,computer-science,Computer science,0.7340141534805298
W2132629607,chimera,Chimera (genetics),0.7246018648147583
W2132629607,visualization,Visualization,0.7029627561569214
W2132629607,computer-graphics,Computer graphics (images),0.439494788646698
W2132629607,data-mining,Data mining,0.21676155924797058
W2132629607,chemistry,Chemistry,0.08466055989265442
W2128572087,solver,Solver,0.7339670062065125
W2128572087,matrix,Matrix (chemical analysis),0.6085690259933472
W2128572087,reset,Reset (finance),0.6028000116348267
W2128572087,constraint,Constraint (computer-aided design),0.5953225493431091
W2128572087,algorithm,Algorithm,0.5538630485534668
W2128572087,computer-science,Computer science,0.5319412350654602
W2128572087,matrix-multiplication,Matrix multiplication,0.42180395126342773
W2128572087,shake,Shake,0.4118272662162781
W2128572087,mathematical-optimization,Mathematical optimization,0.4079556465148926
W2128572087,parallel-computing,Parallel computing,0.3723331391811371
W2128572087,mathematics,Mathematics,0.2945273816585541
W2128572087,chemistry,Chemistry,0.1721825897693634
W2128572087,physics,Physics,0.13698571920394897
W2022950330,computer-science,Computer science,0.6037166714668274
W2022950330,ab-initio,Ab initio,0.5733833312988281
W2022950330,electronic-structure,Electronic structure,0.5533671379089355
W2022950330,workstation,Workstation,0.5475795865058899
W2022950330,sophistication,Sophistication,0.4878566265106201
W2022950330,wave-function,Wave function,0.42683154344558716
W2022950330,computational-chemistry,Computational chemistry,0.4181935489177704
W2022950330,computational-science,Computational science,0.41783207654953003
W2022950330,chemistry,Chemistry,0.3681694269180298
W2022950330,atomic-physics,Atomic physics,0.2786492109298706
W2022950330,physics,Physics,0.19978490471839905
W2019465613,parallel-computing,Parallel computing,0.8168453574180603
W2019465613,computer-science,Computer science,0.7966359853744507
W2019465613,benchmark,Benchmark (surveying),0.7178287506103516
W2019465613,parallel-algorithm,Parallel algorithm,0.6133878231048584
W2019465613,intel-ipsc,Intel iPSC,0.5937049388885498
W2019465613,algorithm,Algorithm,0.5719120502471924
W2019465613,range,Range (aeronautics),0.5529070496559143
W2019465613,molecular-dynamics,Molecular dynamics,0.4971902668476105
W2019465613,supercomputer,Supercomputer,0.4218960404396057
W2019465613,node,Node (physics),0.41499078273773193
W2019465613,computational-science,Computational science,0.3315315246582031
W2019465613,physics,Physics,0.08038562536239624
W2106140689,cartesian-coordinate-system,Cartesian coordinate system,0.7394146919250488
W2106140689,holonomic-constraints,Holonomic constraints,0.7048891186714172
W2106140689,verlet-integration,Verlet integration,0.620663583278656
W2106140689,equations-of-motion,Equations of motion,0.5968460440635681
W2106140689,constraint,Constraint (computer-aided design),0.563847541809082
W2106140689,numerical-integration,Numerical integration,0.519561767578125
W2106140689,classical-mechanics,Classical mechanics,0.5072819590568542
W2106140689,molecular-dynamics,Molecular dynamics,0.5028066635131836
W2106140689,motion,Motion (physics),0.5003416538238525
W2106140689,generalized-coordinates,Generalized coordinates,0.4880999028682709
W2106140689,degrees-of-freedom,Degrees of freedom (physics and chemistry),0.44922417402267456
W2106140689,dynamics,Dynamics (music),0.44544142484664917
W2106140689,trajectory,Trajectory,0.430219829082489
W2106140689,coordinate-system,Coordinate system,0.4154985845088959
W2106140689,mathematics,Mathematics,0.38883286714553833
W2106140689,physics,Physics,0.3658747673034668
W2106140689,mathematical-analysis,Mathematical analysis,0.30876803398132324
W2106140689,geometry,Geometry,0.20971518754959106
W2106140689,thermodynamics,Thermodynamics,0.07875052094459534
W1988790447,boosting,Boosting (machine learning),0.7825980186462402
W1988790447,multiplicative-function,Multiplicative function,0.7135090231895447
W1988790447,bounded-function,Bounded function,0.557635486125946
W1988790447,computer-science,Computer science,0.5065716505050659
W1988790447,generalization,Generalization,0.45284026861190796
W1988790447,mathematical-optimization,Mathematical optimization,0.4511323869228363
W1988790447,decision-rule,Decision rule,0.4469182789325714
W1988790447,artificial-intelligence,Artificial intelligence,0.4344092905521393
W1988790447,mathematics,Mathematics,0.3876652121543884
W1988790447,machine-learning,Machine learning,0.3835980296134949
W1988790447,algorithm,Algorithm,0.3506307005882263
W1985749074,scholarship,Scholarship,0.917025089263916
W1985749074,affordance,Affordance,0.866003155708313
W1985749074,theme,Theme (computing),0.7496302723884583
W1985749074,perspective,Perspective (graphical),0.655082643032074
W1985749074,section,Section (typography),0.6498461961746216
W1985749074,key,Key (lock),0.5563701391220093
W1985749074,sociology,Sociology,0.48649853467941284
W1985749074,computer-science,Computer science,0.32745951414108276
W1985749074,world-wide-web,World Wide Web,0.2826349437236786
W1985749074,political-science,Political science,0.1797274351119995
W1985749074,human–computer-interaction,Human–computer interaction,0.109720379114151
W1985749074,computer-security,Computer security,0.0946376621723175
W1985749074,law,Law,0.05636468529701233
W1997087247,polysaccharide,Polysaccharide,0.6473653316497803
W1997087247,pectin,Pectin,0.6247358918190002
W1997087247,starch,Starch,0.5951594114303589
W1997087247,rumen,Rumen,0.5937983393669128
W1997087247,dietary-fiber,Dietary fiber,0.566066324710846
W1997087247,amylase,Amylase,0.5411175489425659
W1997087247,food-science,Food science,0.5326882004737854
W1997087247,fermentation,Fermentation,0.5171617865562439
W1997087247,enzyme,Enzyme,0.5096521377563477
W1997087247,lignin,Lignin,0.5067563652992249
W1997087247,fiber,Fiber,0.4991898536682129
W1997087247,digestion,Digestion (alchemy),0.4751600921154022
W1997087247,bacillus-subtilis,Bacillus subtilis,0.4383087456226349
W1997087247,monogastric,Monogastric,0.4359932243824005
W1997087247,biochemistry,Biochemistry,0.42067211866378784
W1997087247,chemistry,Chemistry,0.4141646921634674
W1997087247,animal-nutrition,Animal nutrition,0.4036499559879303
W1997087247,biology,Biology,0.3779533803462982
W1997087247,agronomy,Agronomy,0.17689812183380127
W1997087247,botany,Botany,0.1554185450077057
W1997087247,chromatography,Chromatography,0.12806060910224915
W1997087247,crop,Crop,0.09392273426055908
W1997087247,bacteria,Bacteria,0.0770949125289917
W1997087247,organic-chemistry,Organic chemistry,0.06475117802619934
W3121403162,estimator,Estimator,0.9126502275466919
W3121403162,generalized-method-of-moments,Generalized method of moments,0.7697490453720093
W3121403162,moment,Moment (physics),0.687538206577301
W3121403162,monte-carlo-method,Monte Carlo method,0.6744471788406372
W3121403162,panel-data,Panel data,0.6531779170036316
W3121403162,econometrics,Econometrics,0.5332856774330139
W3121403162,mathematics,Mathematics,0.4636467695236206
W3121403162,estimation,Estimation,0.4128718078136444
W3121403162,applied-mathematics,Applied mathematics,0.37644582986831665
W3121403162,statistics,Statistics,0.30604255199432373
W3121403162,economics,Economics,0.20153576135635376
W2035554302,estimator,Estimator,0.8521996736526489
W2035554302,instrumental-variable,Instrumental variable,0.7062187194824219
W2035554302,transformation,Transformation (genetics),0.6439651250839233
W2035554302,orthogonality,Orthogonality,0.6119140982627869
W2035554302,mathematics,Mathematics,0.5639223456382751
W2035554302,econometrics,Econometrics,0.4777352213859558
W2035554302,invariant,Invariant (physics),0.4461126923561096
W2035554302,autocorrelation,Autocorrelation,0.4460403621196747
W2035554302,additive-model,Additive model,0.418760746717453
W2035554302,errors-in-variables-models,Errors-in-variables models,0.416144460439682
W2035554302,applied-mathematics,Applied mathematics,0.4128257930278778
W2035554302,variable,Variable (mathematics),0.4105527102947235
W2035554302,computer-science,Computer science,0.3246850371360779
W2035554302,statistics,Statistics,0.2871825695037842
W1999996900,conditional-variance,Conditional variance,0.8267333507537842
W1999996900,heteroscedasticity,Heteroscedasticity,0.7993642091751099
W1999996900,autoregressive-conditional-heteroskedasticity,Autoregressive conditional heteroskedasticity,0.7569341659545898
W1999996900,econometrics,Econometrics,0.7385024428367615
W1999996900,mathematics,Mathematics,0.670181155204773
W1999996900,autoregressive-model,Autoregressive model,0.6610464453697205
W1999996900,autocorrelation,Autocorrelation,0.5558800101280212
W1999996900,generalization,Generalization,0.5014679431915283
W1999996900,statistics,Statistics,0.44766944646835327
W1999996900,conditional-probability-distribution,Conditional probability distribution,0.42930296063423157
W1999996900,conditional-expectation,Conditional expectation,0.42356932163238525
W1999996900,applied-mathematics,Applied mathematics,0.348747581243515
W1999996900,volatility,Volatility (finance),0.12357848882675171
W2153562738,cointegration,Cointegration,0.9030781388282776
W2153562738,autoregressive-model,Autoregressive model,0.7996801137924194
W2153562738,unit-root,Unit root,0.6702941060066223
W2153562738,econometrics,Econometrics,0.6050759553909302
W2153562738,estimator,Estimator,0.6008264422416687
W2153562738,mathematics,Mathematics,0.5658079385757446
W2153562738,likelihood-ratio-test,Likelihood-ratio test,0.5430372357368469
W2153562738,unit-root-test,Unit root test,0.4888266921043396
W2153562738,asymptotic-distribution,Asymptotic distribution,0.4613149166107178
W2153562738,statistics,Statistics,0.4489639103412628
W2153562738,statistical-hypothesis-testing,Statistical hypothesis testing,0.41375818848609924
W2153562738,applied-mathematics,Applied mathematics,0.36276859045028687
W2123036062,entomology,Entomology,0.7859857082366943
W2123036062,library-science,Library science,0.6313128471374512
W2123036062,biology,Biology,0.6259821653366089
W2123036062,agriculture,Agriculture,0.4257301986217499
W2123036062,ecology,Ecology,0.24880468845367432
W2123036062,computer-science,Computer science,0.16640406847000122
W1663973292,computer-science,Computer science,0.5992881655693054
W1663973292,imaging-science,Imaging science,0.5219192504882812
W1663973292,cover,Cover (algebra),0.45677652955055237
W1663973292,data-science,Data science,0.4510306119918823
W1663973292,artificial-intelligence,Artificial intelligence,0.41892093420028687
W1663973292,engineering,Engineering,0.15935367345809937
W1556808170,qualitative-analysis,Qualitative analysis,0.6453984379768372
W1556808170,qualitative-research,Qualitative research,0.5003235340118408
W1556808170,psychology,Psychology,0.479386568069458
W1556808170,qualitative-property,Qualitative property,0.45693105459213257
W1556808170,sociology,Sociology,0.3395611047744751
W1556808170,social-science,Social science,0.1437138319015503
W1556808170,statistics,Statistics,0.12237507104873657
W1556808170,mathematics,Mathematics,0.10950276255607605
W2120357670,psychology,Psychology,0.7093387246131897
W2120357670,interference,Interference (communication),0.627778947353363
W2120357670,cognitive-psychology,Cognitive psychology,0.4850565493106842
W2120357670,nonverbal-communication,Nonverbal communication,0.4667186141014099
W2120357670,serial-learning,Serial learning,0.4565732777118683
W2120357670,communication,Communication,0.37552082538604736
W2120357670,computer-science,Computer science,0.1425698697566986
W2120357670,telecommunications,Telecommunications,0.06970861554145813
W1995834279,bond,Bond,0.7669987678527832
W1995834279,bond-market,Bond market,0.5844520926475525
W1995834279,stock,Stock (firearms),0.5702289342880249
W1995834279,bond-market-index,Bond market index,0.568707287311554
W1995834279,equity,Equity (law),0.563714325428009
W1995834279,financial-economics,Financial economics,0.4705372750759125
W1995834279,economics,Economics,0.4499543309211731
W1995834279,stock-market,Stock market,0.4451959729194641
W1995834279,business,Business,0.4218434691429138
W1995834279,econometrics,Econometrics,0.3447473645210266
W1995834279,monetary-economics,Monetary economics,0.3052396774291992
W1995834279,finance,Finance,0.15569338202476501
W3124114405,equity-financing,Equity financing,0.6452105045318604
W3124114405,stock,Stock (firearms),0.6016621589660645
W3124114405,finance,Finance,0.5975909233093262
W3124114405,business,Business,0.5923589468002319
W3124114405,equity,Equity (law),0.5825835466384888
W3124114405,debt,Debt,0.5814203023910522
W3124114405,internal-financing,Internal financing,0.5622706413269043
W3124114405,cash-flow,Cash flow,0.5439070463180542
W3124114405,corporate-finance,Corporate finance,0.5389249324798584
W3124114405,investment-decisions,Investment decisions,0.48025014996528625
W3124114405,debt-financing,Debt financing,0.464470773935318
W3124114405,external-financing,External financing,0.4590834677219391
W3124114405,investment,Investment (military),0.44198745489120483
W3124114405,economics,Economics,0.3972862958908081
W3124114405,behavioral-economics,Behavioral economics,0.14153742790222168
W2752617332,agency-cost,Agency cost,0.6480812430381775
W2752617332,principal–agent-problem,Principal–agent problem,0.6308650374412537
W2752617332,equity,Equity (law),0.5637302398681641
W2752617332,debt,Debt,0.5490215420722961
W2752617332,economics,Economics,0.4960866868495941
W2752617332,agency,Agency (philosophy),0.46687644720077515
W2752617332,business,Business,0.4445981979370117
W2752617332,pareto-principle,Pareto principle,0.42045876383781433
W2752617332,law-and-economics,Law and economics,0.38952386379241943
W2752617332,finance,Finance,0.38196536898612976
W2752617332,accounting,Accounting,0.3390847444534302
W2752617332,corporate-governance,Corporate governance,0.2736303210258484
W2752617332,law,Law,0.18888938426971436
W2752617332,sociology,Sociology,0.1399964988231659
W2752617332,political-science,Political science,0.0971178412437439
W2132322340,medicine,Medicine,0.8745838403701782
W2132322340,patient-health-questionnaire,Patient Health Questionnaire,0.8232209086418152
W2132322340,depression,Depression (economics),0.6439966559410095
W2132322340,medical-diagnosis,Medical diagnosis,0.5626527070999146
W2132322340,mental-health,Mental health,0.517525851726532
W2132322340,criterion-validity,Criterion validity,0.4801323115825653
W2132322340,construct-validity,Construct validity,0.41276198625564575
W2132322340,psychometrics,Psychometrics,0.37818971276283264
W2132322340,psychiatry,Psychiatry,0.3718184530735016
W2132322340,physical-therapy,Physical therapy,0.32171630859375
W2132322340,depressive-symptoms,Depressive symptoms,0.3044509291648865
W2132322340,clinical-psychology,Clinical psychology,0.2622867822647095
W2132322340,anxiety,Anxiety,0.21453112363815308
W1595159159,mathematics,Mathematics,0.8863247632980347
W1595159159,mathematical-optimization,Mathematical optimization,0.551100492477417
W1595159159,heuristic,Heuristic,0.5189406871795654
W1595159159,differentiable-function,Differentiable function,0.5024881362915039
W1595159159,pure-mathematics,Pure mathematics,0.07512077689170837
W1996299251,psychology,Psychology,0.6824889779090881
W1996299251,clinical-psychology,Clinical psychology,0.6654390096664429
W1996299251,anxiety,Anxiety,0.6110988855361938
W1996299251,reliability,Reliability (semiconductor),0.5935425758361816
W1996299251,construct-validity,Construct validity,0.5594080686569214
W1996299251,scale,Scale (ratio),0.4921185374259949
W1996299251,psychometrics,Psychometrics,0.469204843044281
W1996299251,perceived-stress-scale,Perceived Stress Scale,0.41672107577323914
W1996299251,stress,Stress (linguistics),0.34480488300323486
W1996299251,psychiatry,Psychiatry,0.2806051969528198
W2033904036,conceptual-model,Conceptual model,0.6581676006317139
W2033904036,flow,Flow (mathematics),0.45134681463241577
W2033904036,computer-science,Computer science,0.4455149173736572
W2033904036,streamflow,Streamflow,0.43024975061416626
W2033904036,management-science,Management science,0.4197778105735779
W2033904036,development,Development (topology),0.4144141674041748
W2033904036,environmental-science,Environmental science,0.34151196479797363
W2033904036,mechanics,Mechanics,0.14125794172286987
W2033904036,mathematics,Mathematics,0.10196605324745178
W2033904036,engineering,Engineering,0.09261098504066467
W2033904036,geography,Geography,0.08258289098739624
W2114918609,cytotoxicity,Cytotoxicity,0.8544941544532776
W2114918609,formazan,Formazan,0.7921990156173706
W2114918609,colorimetry,Colorimetry,0.6767866015434265
W2114918609,lysis,Lysis,0.5995146632194519
W2114918609,molecular-biology,Molecular biology,0.5389562249183655
W2114918609,cell-growth,Cell growth,0.5324040055274963
W2114918609,lymphokine,Lymphokine,0.5070862770080566
W2114918609,bioassay,Bioassay,0.504515528678894
W2114918609,chemistry,Chemistry,0.4411023259162903
W2114918609,biology,Biology,0.3992120027542114
W2114918609,biochemistry,Biochemistry,0.3459405303001404
W2114918609,chromatography,Chromatography,0.3198983669281006
W2114918609,in-vitro,In vitro,0.2898883521556854
W2099471712,adversarial-system,Adversarial system,0.7537075281143188
W2099471712,generative-grammar,Generative grammar,0.7515395283699036
W2099471712,computer-science,Computer science,0.5394315123558044
W2099471712,artificial-intelligence,Artificial intelligence,0.40712666511535645
W2187089797,isomap,Isomap,0.8972924947738647
W2187089797,computer-science,Computer science,0.7685401439666748
W2187089797,embedding,Embedding,0.7598822116851807
W2187089797,visualization,Visualization,0.6494172811508179
W2187089797,nonlinear-dimensionality-reduction,Nonlinear dimensionality reduction,0.4603756070137024
W2187089797,variety,Variety (cybernetics),0.4308721721172333
W2187089797,artificial-intelligence,Artificial intelligence,0.4289044141769409
W2187089797,dimensionality-reduction,Dimensionality reduction,0.3775068521499634
W2187089797,pattern-recognition,Pattern recognition (psychology),0.3688298463821411
W2187089797,data-mining,Data mining,0.3292286992073059
W2187089797,theoretical-computer-science,Theoretical computer science,0.32096347212791443
W1880262756,latent-dirichlet-allocation,Latent Dirichlet allocation,0.9199308753013611
W1880262756,computer-science,Computer science,0.706462025642395
W1880262756,topic-model,Topic model,0.69668048620224
W1880262756,hierarchical-dirichlet-process,Hierarchical Dirichlet process,0.6923631429672241
W1880262756,dirichlet-distribution,Dirichlet distribution,0.6507207155227661
W1880262756,inference,Inference,0.6075003743171692
W1880262756,probabilistic-logic,Probabilistic logic,0.5776593685150146
W1880262756,mixture-model,Mixture model,0.5452360510826111
W1880262756,artificial-intelligence,Artificial intelligence,0.5080337524414062
W1880262756,context,Context (archaeology),0.5056812763214111
W1880262756,bayes-theorem,Bayes' theorem,0.5009217262268066
W1880262756,generative-model,Generative model,0.46495163440704346
W1880262756,set,Set (abstract data type),0.4488438367843628
W1880262756,representation,Representation (politics),0.44679003953933716
W1880262756,statistical-model,Statistical model,0.4230257272720337
W1880262756,bayesian-inference,Bayesian inference,0.42224475741386414
W1880262756,generative-grammar,Generative grammar,0.4118267893791199
W1880262756,bayesian-probability,Bayesian probability,0.40362104773521423
W1880262756,machine-learning,Machine learning,0.4025551974773407
W1880262756,mathematics,Mathematics,0.24440684914588928
W3124536214,competitive-advantage,Competitive advantage,0.8976970911026001
W3124536214,industrial-organization,Industrial organization,0.6900830268859863
W3124536214,resource,Resource (disambiguation),0.5596555471420288
W3124536214,business,Business,0.5353427529335022
W3124536214,strategic-management,Strategic management,0.5100696682929993
W3124536214,resource-based-view,Resource-based view,0.5067062973976135
W3124536214,value,Value (mathematics),0.46576786041259766
W3124536214,economics,Economics,0.3621164858341217
W3124536214,marketing,Marketing,0.22558832168579102
W3124536214,computer-science,Computer science,0.17025282979011536
W2150238850,psychology,Psychology,0.5986084938049316
W2150238850,post-hoc,Post hoc,0.5567521452903748
W2150238850,consistency,Consistency (knowledge bases),0.5191237330436707
W2150238850,variance,Variance (accounting),0.5152842998504639
W2150238850,social-psychology,Social psychology,0.38507315516471863
W2150238850,management-science,Management science,0.36627668142318726
W2150238850,computer-science,Computer science,0.24387380480766296
W2150238850,business,Business,0.1376865804195404
W2150238850,artificial-intelligence,Artificial intelligence,0.09033814072608948
W2150238850,engineering,Engineering,0.07402211427688599
W2137247419,relationship-marketing,Relationship marketing,0.6654376983642578
W2137247419,key,Key (lock),0.6405816078186035
W2137247419,marketing,Marketing,0.5913524627685547
W2137247419,business,Business,0.5702189207077026
W2137247419,test,Test (biology),0.535120964050293
W2137247419,structural-equation-modeling,Structural equation modeling,0.5055928230285645
W2137247419,variable,Variable (mathematics),0.47597187757492065
W2137247419,function,Function (biology),0.4345093369483948
W2137247419,variables,Variables,0.4115184545516968
W2137247419,marketing-management,Marketing management,0.26647302508354187
W2137247419,computer-science,Computer science,0.13995897769927979
W2137247419,mathematics,Mathematics,0.06553176045417786
W2013386523,competitive-advantage,Competitive advantage,0.9115668535232544
W2013386523,comparative-advantage,Comparative advantage,0.6556739211082458
W2013386523,government,Government (linguistics),0.51027512550354
W2013386523,business,Business,0.4856337606906891
W2013386523,industrial-organization,Industrial organization,0.4566974937915802
W2013386523,revealed-comparative-advantage,Revealed comparative advantage,0.41438454389572144
W2013386523,international-trade,International trade,0.35470086336135864
W2013386523,economics,Economics,0.34027940034866333
W2013386523,marketing,Marketing,0.16449013352394104
W2026368098,quality,Quality (philosophy),0.7157999277114868
W2026368098,business,Business,0.6487167477607727
W2026368098,service-quality,Service quality,0.6234363913536072
W2026368098,service,Service (business),0.556382417678833
W2026368098,marketing,Marketing,0.5540030002593994
W2026368098,conceptual-model,Conceptual model,0.5115405321121216
W2026368098,exploratory-research,Exploratory research,0.4871813654899597
W2026368098,process-management,Process management,0.32711830735206604
W2026368098,sociology,Sociology,0.15081220865249634
W2026368098,computer-science,Computer science,0.148964524269104
W3022607203,qualitative-research,Qualitative research,0.45695993304252625
W3022607203,psychology,Psychology,0.35951873660087585
W3022607203,business,Business,0.3505711555480957
W3022607203,sociology,Sociology,0.23153090476989746
W3022607203,social-science,Social science,0.08573544025421143
W4235678817,unobservable,Unobservable,0.932381808757782
W4235678817,structural-equation-modeling,Structural equation modeling,0.735453724861145
W4235678817,econometrics,Econometrics,0.621051549911499
W4235678817,variance,Variance (accounting),0.6122813820838928
W4235678817,explanatory-power,Explanatory power,0.5906387567520142
W4235678817,observational-error,Observational error,0.564924418926239
W4235678817,statistics,Statistics,0.5583928227424622
W4235678817,type-i-and-type-ii-errors,Type I and type II errors,0.5219470858573914
W4235678817,sample-size-determination,Sample size determination,0.5203803777694702
W4235678817,errors-in-variables-models,Errors-in-variables models,0.48919275403022766
W4235678817,lisrel,LISREL,0.4828663170337677
W4235678817,mathematics,Mathematics,0.4753144383430481
W4235678817,assertion,Assertion,0.4669934809207916
W4235678817,sample,Sample (material),0.46611788868904114
W4235678817,bivariate-analysis,Bivariate analysis,0.41874009370803833
W4235678817,goodness-of-fit,Goodness of fit,0.41230782866477966
W4235678817,computer-science,Computer science,0.3464586138725281
W1987258130,unobservable,Unobservable,0.9409806728363037
W1987258130,structural-equation-modeling,Structural equation modeling,0.754609227180481
W1987258130,econometrics,Econometrics,0.5840005874633789
W1987258130,statistics,Statistics,0.4663013517856598
W1987258130,observational-error,Observational error,0.4340461492538452
W1987258130,mathematics,Mathematics,0.4122135639190674
W1987258130,applied-mathematics,Applied mathematics,0.407412588596344
W1987258130,computer-science,Computer science,0.36124151945114136
W2313953460,series,Series (stratigraphy),0.6470434665679932
W2313953460,time-series,Time series,0.5543721914291382
W2313953460,econometrics,Econometrics,0.5201947689056396
W2313953460,computer-science,Computer science,0.4176161289215088
W2313953460,control,Control (management),0.4156605005264282
W2313953460,economics,Economics,0.2824847102165222
W2313953460,artificial-intelligence,Artificial intelligence,0.25331422686576843
W2313953460,machine-learning,Machine learning,0.22625330090522766
W2086933933,materials-science,Materials science,0.8794749975204468
W2086933933,indentation,Indentation,0.8251506090164185
W2086933933,elastic-modulus,Elastic modulus,0.654390811920166
W2086933933,displacement,Displacement (psychology),0.5772098302841187
W2086933933,composite-material,Composite material,0.5700791478157043
W2086933933,curvature,Curvature,0.5066107511520386
W2086933933,modulus,Modulus,0.4850744307041168
W2086933933,geometry,Geometry,0.11291924118995667
W2086933933,mathematics,Mathematics,0.08256477117538452
W2055043387,alignment-free-sequence-analysis,Alignment-free sequence analysis,0.7551915645599365
W2055043387,computer-science,Computer science,0.5991537570953369
W2055043387,smith–waterman-algorithm,Smith–Waterman algorithm,0.588484525680542
W2055043387,sequence,Sequence (biology),0.543747067451477
W2055043387,multiple-sequence-alignment,Multiple sequence alignment,0.5304276943206787
W2055043387,similarity,Similarity (geometry),0.4943349361419678
W2055043387,measure,Measure (data warehouse),0.4827646315097809
W2055043387,flexibility,Flexibility (engineering),0.4800209105014801
W2055043387,data-mining,Data mining,0.46043816208839417
W2055043387,sequence-alignment,Sequence alignment,0.45266446471214294
W2055043387,similitude,Similitude,0.4398458003997803
W2055043387,algorithm,Algorithm,0.40631458163261414
W2055043387,artificial-intelligence,Artificial intelligence,0.34090399742126465
W2055043387,computational-biology,Computational biology,0.3355039358139038
W2055043387,mathematics,Mathematics,0.27403026819229126
W2055043387,gene,Gene,0.1694972813129425
W2055043387,genetics,Genetics,0.16894221305847168
W2055043387,biology,Biology,0.16297605633735657
W2055043387,statistics,Statistics,0.12998029589653015
W2055043387,peptide-sequence,Peptide sequence,0.07686671614646912
W1975304761,midpoint,Midpoint,0.6843311786651611
W1975304761,globular-protein,Globular protein,0.6358358860015869
W1975304761,sequence,Sequence (biology),0.574066698551178
W1975304761,protein-structure,Protein structure,0.4706648588180542
W1975304761,chemistry,Chemistry,0.45666083693504333
W1975304761,amino-acid,Amino acid,0.45596593618392944
W1975304761,crystallography,Crystallography,0.45322948694229126
W1975304761,peptide-sequence,Peptide sequence,0.42758461833000183
W1975304761,amino-acid-residue,Amino acid residue,0.42249253392219543
W1975304761,biophysics,Biophysics,0.3357771635055542
W1975304761,biochemistry,Biochemistry,0.2677111327648163
W1975304761,biology,Biology,0.2657319903373718
W1975304761,mathematics,Mathematics,0.22170263528823853
W1975304761,geometry,Geometry,0.20993229746818542
W2063450941,dna,DNA,0.682508647441864
W2063450941,agarose,Agarose,0.6451808214187622
W2063450941,xenopus,Xenopus,0.6166060566902161
W2063450941,molecular-biology,Molecular biology,0.5983729362487793
W2063450941,escherichia-coli,Escherichia coli,0.5644530057907104
W2063450941,rna,RNA,0.5366458892822266
W2063450941,gel-electrophoresis,Gel electrophoresis,0.5129070281982422
W2063450941,biology,Biology,0.49805736541748047
W2063450941,agarose-gel-electrophoresis,Agarose gel electrophoresis,0.47825682163238525
W2063450941,gel-electrophoresis-of-nucleic-acids,Gel electrophoresis of nucleic acids,0.47765886783599854
W2063450941,ribosomal-rna,Ribosomal RNA,0.44575995206832886
W2063450941,electrophoresis,Electrophoresis,0.42691415548324585
W2063450941,chemistry,Chemistry,0.37490713596343994
W2063450941,biochemistry,Biochemistry,0.3152962625026703
W2063450941,gene,Gene,0.1885509192943573
W2065461553,transversion,Transversion,0.8333355188369751
W2065461553,biology,Biology,0.7313322424888611
W2065461553,nucleotide,Nucleotide,0.66457200050354
W2065461553,genetics,Genetics,0.5552720427513123
W2065461553,molecular-evolution,Molecular evolution,0.5154562592506409
W2065461553,divergence,Divergence (linguistics),0.45465943217277527
W2065461553,rate-of-evolution,Rate of evolution,0.4443351924419403
W2065461553,type,Type (biology),0.42587292194366455
W2065461553,evolutionary-biology,Evolutionary biology,0.39341554045677185
W2065461553,phylogenetic-tree,Phylogenetic tree,0.28944408893585205
W2065461553,gene,Gene,0.1400163769721985
W2065461553,mutation,Mutation,0.09251901507377625
W2029667189,computer-science,Computer science,0.7611454725265503
W2029667189,scripting-language,Scripting language,0.6349161267280579
W2029667189,visualization,Visualization,0.6190118789672852
W2029667189,rendering,Rendering (computer graphics),0.5528749823570251
W2029667189,molecular-graphics,Molecular graphics,0.5144115090370178
W2029667189,programming-language,Programming language,0.510076105594635
W2029667189,python,Python (programming language),0.47309401631355286
W2029667189,graphics,Graphics,0.42825794219970703
W2029667189,software,Software,0.42253512144088745
W2029667189,computer-graphics,Computer graphics,0.36395150423049927
W2029667189,computational-science,Computational science,0.3267706036567688
W2029667189,artificial-intelligence,Artificial intelligence,0.208570659160614
W4234347480,materials-science,Materials science,0.3958834111690521
W4234347480,computer-science,Computer science,0.3506682515144348
W4234347480,chemistry,Chemistry,0.33467036485671997
W2114613490,rating-scale,Rating scale,0.6429891586303711
W2114613490,depression,Depression (economics),0.5891938209533691
W2114613490,scale,Scale (ratio),0.48030585050582886
W2114613490,psychology,Psychology,0.45485830307006836
W2114613490,geography,Geography,0.10343989729881287
W2114613490,economics,Economics,0.09449884295463562
W2114613490,cartography,Cartography,0.09155640006065369
W2114613490,developmental-psychology,Developmental psychology,0.07386767864227295
W2128495200,computer-science,Computer science,0.8292951583862305
W2128495200,independent-component-analysis,Independent component analysis,0.6593475341796875
W2128495200,scrolling,Scrolling,0.6216689944267273
W2128495200,toolbox,Toolbox,0.4730241298675537
W2128495200,interface,Interface (matter),0.46328917145729065
W2128495200,artifact,Artifact (error),0.45832359790802
W2128495200,graphical-user-interface,Graphical user interface,0.44862136244773865
W2128495200,data-mining,Data mining,0.43842121958732605
W2128495200,plug-in,Plug-in,0.43053823709487915
W2128495200,matlab,MATLAB,0.4190783202648163
W2128495200,artificial-intelligence,Artificial intelligence,0.33832836151123047
W2128495200,programming-language,Programming language,0.15065327286720276
W4292994367,psychology,Psychology,0.8627501130104065
W4292994367,affect,Affect (linguistics),0.6682682633399963
W4292994367,social-psychology,Social psychology,0.6598517894744873
W4292994367,developmental-psychology,Developmental psychology,0.3404432535171509
W2148905283,psychology,Psychology,0.8401125073432922
W2148905283,discriminant-validity,Discriminant validity,0.7603659629821777
W2148905283,affect,Affect (linguistics),0.7279406785964966
W2148905283,mood,Mood,0.5780311822891235
W2148905283,social-psychology,Social psychology,0.4995136260986328
W2148905283,test-validity,Test validity,0.4700165092945099
W2148905283,uncorrelated,Uncorrelated,0.45912444591522217
W2148905283,convergent-validity,Convergent validity,0.4585847854614258
W2148905283,normative,Normative,0.45360976457595825
W2148905283,psychometrics,Psychometrics,0.4241548180580139
W2148905283,factorial,Factorial,0.42349761724472046
W2148905283,developmental-psychology,Developmental psychology,0.38532519340515137
W2148905283,statistics,Statistics,0.3004568815231323
W2148905283,internal-consistency,Internal consistency,0.20500758290290833
W2148905283,mathematics,Mathematics,0.08939328789710999
W2148905283,communication,Communication,0.07215115427970886
W1971440513,moderation,Moderation,0.922284722328186
W1971440513,psychology,Psychology,0.8303868174552917
W1971440513,social-psychology,Social psychology,0.6418458223342896
W1971440513,personality,Personality,0.5292640924453735
W1971440513,function,Function (biology),0.441040962934494
W1971440513,conceptual-framework,Conceptual framework,0.4288586378097534
W1971440513,mediator,Mediator,0.4269542694091797
W1971440513,cognitive-psychology,Cognitive psychology,0.3369365334510803
W1971440513,epistemology,Epistemology,0.22782951593399048
W4292811746,moderation,Moderation,0.9210535287857056
W4292811746,psychology,Psychology,0.8443212509155273
W4292811746,social-psychology,Social psychology,0.6167906522750854
W4292811746,relation,Relation (database),0.44349780678749084
W4292811746,mediator,Mediator,0.42634865641593933
W2149628368,psychology,Psychology,0.8375036716461182
W2149628368,affect,Affect (linguistics),0.8177562952041626
W2149628368,social-psychology,Social psychology,0.654140830039978
W2149628368,communication,Communication,0.08920252323150635
W2120145199,interoperability,Interoperability,0.6203193068504333
W2120145199,computer-science,Computer science,0.607652485370636
W2120145199,computational-science,Computational science,0.4592907130718231
W2120145199,modular-design,Modular design,0.4279100298881531
W2120145199,world-wide-web,World Wide Web,0.2113894820213318
W2120145199,programming-language,Programming language,0.13203710317611694
W2568476927,action,Action (physics),0.6977545022964478
W2568476927,psychology,Psychology,0.4654078781604767
W2568476927,public-relations,Public relations,0.3653363883495331
W2568476927,medical-education,Medical education,0.3408067226409912
W2568476927,political-science,Political science,0.29872429370880127
W2568476927,medicine,Medicine,0.22406592965126038
W3121759882,shareholder,Shareholder,0.7316558957099915
W3121759882,creditor,Creditor,0.7184778451919556
W3121759882,enforcement,Enforcement,0.656166136264801
W3121759882,business,Business,0.613237202167511
W3121759882,investor-protection,Investor protection,0.5730487704277039
W3121759882,quality,Quality (philosophy),0.46131157875061035
W3121759882,german,German,0.44325020909309387
W3121759882,common-law,Common law,0.4392370879650116
W3121759882,corporate-governance,Corporate governance,0.4305627942085266
W3121759882,finance,Finance,0.3432579040527344
W3121759882,accounting,Accounting,0.33255696296691895
W3121759882,economics,Economics,0.3226258158683777
W3121759882,law,Law,0.31205302476882935
W3121759882,debt,Debt,0.17025429010391235
W3121759882,political-science,Political science,0.15412965416908264
W2162484441,monopolistic-competition,Monopolistic competition,0.8213409781455994
W2162484441,economics,Economics,0.7670599222183228
W2162484441,excludability,Excludability,0.6849256753921509
W2162484441,endogenous-growth-theory,Endogenous growth theory,0.6341000199317932
W2162484441,technological-change,Technological change,0.5958876013755798
W2162484441,microeconomics,Microeconomics,0.5848107933998108
W2162484441,stock,Stock (firearms),0.5023365020751953
W2162484441,profit,Profit (economics),0.47376421093940735
W2162484441,investment,Investment (military),0.45303404331207275
W2162484441,population-growth,Population growth,0.42342567443847656
W2162484441,human-capital,Human capital,0.37612196803092957
W2162484441,population,Population,0.37257498502731323
W2162484441,industrial-organization,Industrial organization,0.339277982711792
W2162484441,public-good,Public good,0.33843469619750977
W2162484441,monopoly,Monopoly,0.21684688329696655
W2162484441,market-economy,Market economy,0.17453515529632568
W2162484441,macroeconomics,Macroeconomics,0.17292386293411255
W2168605160,economics,Economics,0.6390867233276367
W2168605160,econometrics,Econometrics,0.3395078182220459
W2077791698,business,Business,0.5505101084709167
W2077791698,economics,Economics,0.4146430492401123
W2077791698,financial-economics,Financial economics,0.37040841579437256
W2077791698,actuarial-science,Actuarial science,0.32512933015823364
W1847168837,pronoun,Pronoun,0.8923078775405884
W1847168837,personal-pronoun,Personal pronoun,0.7966752052307129
W1847168837,psychology,Psychology,0.6600641012191772
W1847168837,subject-pronoun,Subject pronoun,0.6310626268386841
W1847168837,linguistics,Linguistics,0.5541585087776184
W1847168837,dementia,Dementia,0.5476313233375549
W1847168837,developmental-psychology,Developmental psychology,0.3533848524093628
W1847168837,cognitive-psychology,Cognitive psychology,0.32901620864868164
W1847168837,medicine,Medicine,0.16371354460716248
W1847168837,disease,Disease,0.1083848774433136
W2131681506,modularity,Modularity (biology),0.7679570913314819
W2131681506,computer-science,Computer science,0.7517770528793335
W2131681506,heuristic,Heuristic,0.6634079217910767
W2131681506,computation,Computation,0.6311483383178711
W2131681506,modular-design,Modular design,0.5758633613586426
W2131681506,simple,Simple (philosophy),0.5717157125473022
W2131681506,graph,Graph,0.5617933869361877
W2131681506,mobile-phone,Mobile phone,0.5521845817565918
W2131681506,community-structure,Community structure,0.5409027934074402
W2131681506,phone,Phone,0.4512176513671875
W2131681506,theoretical-computer-science,Theoretical computer science,0.40770089626312256
W2131681506,distributed-computing,Distributed computing,0.3703775107860565
W2131681506,data-science,Data science,0.3269615173339844
W2131681506,data-mining,Data mining,0.3241783678531647
W2131681506,artificial-intelligence,Artificial intelligence,0.2711015045642853
W2131681506,algorithm,Algorithm,0.2010461986064911
W2131681506,telecommunications,Telecommunications,0.10881993174552917
W2131681506,mathematics,Mathematics,0.10479274392127991
W2774486220,r-package,R package,0.7943041324615479
W2774486220,mixed-model,Mixed model,0.7221010327339172
W2774486220,degrees-of-freedom,Degrees of freedom (physics and chemistry),0.5746605396270752
W2774486220,statistics,Statistics,0.5140715837478638
W2774486220,mathematics,Mathematics,0.50893235206604
W2774486220,random-effects-model,Random effects model,0.4952823221683502
W2774486220,analysis-of-variance,Analysis of variance,0.4846208989620209
W2774486220,generalized-linear-mixed-model,Generalized linear mixed model,0.4742024540901184
W2774486220,computer-science,Computer science,0.44665002822875977
W2774486220,function,Function (biology),0.4258390963077545
W2774486220,type-i-and-type-ii-errors,Type I and type II errors,0.41080382466316223
W2774486220,medicine,Medicine,0.11406296491622925
W1951724000,restricted-maximum-likelihood,Restricted maximum likelihood,0.8522703647613525
W1951724000,deviance,Deviance (statistics),0.82362961769104
W1951724000,mixed-model,Mixed model,0.6247803568840027
W1951724000,smoothing,Smoothing,0.5928418040275574
W1951724000,applied-mathematics,Applied mathematics,0.5896173715591431
W1951724000,likelihood-function,Likelihood function,0.5652657151222229
W1951724000,mathematics,Mathematics,0.5637896060943604
W1951724000,generalized-linear-model,Generalized linear model,0.5608007311820984
W1951724000,linear-model,Linear model,0.518374502658844
W1951724000,maximum-likelihood,Maximum likelihood,0.4974828064441681
W1951724000,generalized-linear-mixed-model,Generalized linear mixed model,0.4966593384742737
W1951724000,covariate,Covariate,0.4778599143028259
W1951724000,algorithm,Algorithm,0.4247533082962036
W1951724000,statistics,Statistics,0.37279438972473145
W1951724000,mathematical-optimization,Mathematical optimization,0.36725032329559326
W1951724000,computer-science,Computer science,0.3670958876609802
W1913957972,structural-equation-modeling,Structural equation modeling,0.8638354539871216
W1913957972,computer-science,Computer science,0.6579986810684204
W1913957972,latent-variable,Latent variable,0.6333354115486145
W1913957972,software-package,Software package,0.6293506622314453
W1913957972,field,Field (mathematics),0.6176119446754456
W1913957972,open-source,Open source,0.5912641882896423
W1913957972,r-package,R package,0.5332911014556885
W1913957972,variable,Variable (mathematics),0.49181774258613586
W1913957972,software,Software,0.487781822681427
W1913957972,open-source-software,Open source software,0.45798245072364807
W1913957972,quality,Quality (philosophy),0.44874638319015503
W1913957972,software-engineering,Software engineering,0.3982478380203247
W1913957972,industrial-engineering,Industrial engineering,0.3541862964630127
W1913957972,data-science,Data science,0.3524218201637268
W1913957972,computational-science,Computational science,0.24391862750053406
W1913957972,mathematics,Mathematics,0.1361076831817627
W1913957972,artificial-intelligence,Artificial intelligence,0.12663447856903076
W1913957972,programming-language,Programming language,0.12548047304153442
W1913957972,engineering,Engineering,0.11954694986343384
W1913957972,machine-learning,Machine learning,0.08285894989967346
W2139168999,covariate,Covariate,0.7637633085250854
W2139168999,r-package,R package,0.6891520023345947
W2139168999,categorical-variable,Categorical variable,0.6833672523498535
W2139168999,statistics,Statistics,0.5234453082084656
W2139168999,funnel-plot,Funnel plot,0.47775378823280334
W2139168999,mathematics,Mathematics,0.4683610200881958
W2139168999,random-effects-model,Random effects model,0.4523733854293823
W2139168999,plot,Plot (graphics),0.434365451335907
W2139168999,meta-analysis,Meta-analysis,0.387473464012146
W2139168999,computer-science,Computer science,0.3831595182418823
W2139168999,econometrics,Econometrics,0.34498608112335205
W2139168999,publication-bias,Publication bias,0.27871978282928467
W2139168999,confidence-interval,Confidence interval,0.07633441686630249
W2139168999,medicine,Medicine,0.07125586271286011
W4294541781,coordinate-descent,Coordinate descent,0.887151837348938
W4294541781,elastic-net-regularization,Elastic net regularization,0.8859657049179077
W4294541781,lasso,Lasso (programming language),0.7976165413856506
W4294541781,regularization,Regularization (linguistics),0.7602064609527588
W4294541781,linear-regression,Linear regression,0.5816328525543213
W4294541781,regression,Regression,0.4917950928211212
W4294541781,computer-science,Computer science,0.4915991723537445
W4294541781,generalized-linear-model,Generalized linear model,0.4738907217979431
W4294541781,linear-model,Linear model,0.46936920285224915
W4294541781,regular-polygon,Regular polygon,0.4504767060279846
W4294541781,logistic-regression,Logistic regression,0.4470941424369812
W4294541781,mathematics,Mathematics,0.44281673431396484
W4294541781,ridge,Ridge,0.43525582551956177
W4294541781,algorithm,Algorithm,0.4128165543079376
W4294541781,mathematical-optimization,Mathematical optimization,0.4075454771518707
W4294541781,applied-mathematics,Applied mathematics,0.4046207070350647
W4294541781,artificial-intelligence,Artificial intelligence,0.22689202427864075
W4294541781,statistics,Statistics,0.20467716455459595
W2070227796,x-ray-absorption-spectroscopy,X-ray absorption spectroscopy,0.9063355922698975
W2070227796,perl,Perl,0.8110916614532471
W2070227796,beamline,Beamline,0.7283705472946167
W2070227796,computer-science,Computer science,0.6224514842033386
W2070227796,software,Software,0.55135577917099
W2070227796,graphics,Graphics,0.5165273547172546
W2070227796,spectroscopy,Spectroscopy,0.4575897455215454
W2070227796,absorption,Absorption (acoustics),0.42786356806755066
W2070227796,extended-x-ray-absorption-fine-structure,Extended X-ray absorption fine structure,0.4202345311641693
W2070227796,absorption-spectroscopy,Absorption spectroscopy,0.37867090106010437
W2070227796,computational-science,Computational science,0.3766842782497406
W2070227796,computer-graphics,Computer graphics (images),0.3652103543281555
W2070227796,optics,Optics,0.2631816267967224
W2070227796,physics,Physics,0.2521054148674011
W2070227796,operating-system,Operating system,0.2298561930656433
W2105846236,structural-equation-modeling,Structural equation modeling,0.7398899793624878
W2105846236,discriminant-validity,Discriminant validity,0.7135130763053894
W2105846236,discriminant,Discriminant,0.6716138124465942
W2105846236,latent-variable,Latent variable,0.6636597514152527
W2105846236,variance,Variance (accounting),0.6406470537185669
W2105846236,linear-discriminant-analysis,Linear discriminant analysis,0.6371694803237915
W2105846236,partial-least-squares-regression,Partial least squares regression,0.6057881116867065
W2105846236,statistics,Statistics,0.5153969526290894
W2105846236,mathematics,Mathematics,0.4850972890853882
W2105846236,monte-carlo-method,Monte Carlo method,0.4232729375362396
W2105846236,econometrics,Econometrics,0.3985072672367096
W2105846236,computer-science,Computer science,0.38542798161506653
W2105846236,artificial-intelligence,Artificial intelligence,0.2995948791503906
W2105846236,psychometrics,Psychometrics,0.15538635849952698
W4243667233,structural-equation-modeling,Structural equation modeling,0.8529662489891052
W4243667233,interpretation,Interpretation (philosophy),0.6992365717887878
W4243667233,latent-variable,Latent variable,0.5765284299850464
W4243667233,econometrics,Econometrics,0.5560702681541443
W4243667233,process,Process (computing),0.5521737337112427
W4243667233,epistemology,Epistemology,0.4305293560028076
W4243667233,computer-science,Computer science,0.4176715612411499
W4243667233,management-science,Management science,0.4070498049259186
W4243667233,mathematics,Mathematics,0.37761664390563965
W4243667233,calculus,Calculus (dental),0.3437183201313019
W4243667233,psychology,Psychology,0.33981266617774963
W4243667233,mathematical-economics,Mathematical economics,0.33314549922943115
W4243667233,applied-mathematics,Applied mathematics,0.3245660662651062
W4243667233,statistics,Statistics,0.24190348386764526
W4243667233,artificial-intelligence,Artificial intelligence,0.21727895736694336
W4243667233,economics,Economics,0.16728255152702332
W4243667233,philosophy,Philosophy,0.12063151597976685
W2118016181,structural-equation-modeling,Structural equation modeling,0.8547815680503845
W2118016181,interpretation,Interpretation (philosophy),0.6742227077484131
W2118016181,econometrics,Econometrics,0.5864812135696411
W2118016181,latent-variable,Latent variable,0.5698381662368774
W2118016181,process,Process (computing),0.5369747281074524
W2118016181,management-science,Management science,0.4265945255756378
W2118016181,epistemology,Epistemology,0.40430623292922974
W2118016181,computer-science,Computer science,0.3787110447883606
W2118016181,psychology,Psychology,0.37723660469055176
W2118016181,mathematics,Mathematics,0.36535409092903137
W2118016181,positive-economics,Positive economics,0.358051598072052
W2118016181,statistics,Statistics,0.2536262571811676
W2118016181,economics,Economics,0.1949935257434845
W2118016181,philosophy,Philosophy,0.11588984727859497
W2057327293,chemistry,Chemistry,0.8314172625541687
W2057327293,halide,Halide,0.8289899230003357
W2057327293,nanocrystalline-material,Nanocrystalline material,0.8118013143539429
W2057327293,perovskite,Perovskite (structure),0.776583731174469
W2057327293,energy-conversion-efficiency,Energy conversion efficiency,0.6532444357872009
W2057327293,optoelectronics,Optoelectronics,0.6196733713150024
W2057327293,semiconductor,Semiconductor,0.6175578832626343
W2057327293,nanocrystal,Nanocrystal,0.582598865032196
W2057327293,band-gap,Band gap,0.5704977512359619
W2057327293,photovoltaic-system,Photovoltaic system,0.5473662614822388
W2057327293,mesoporous-material,Mesoporous material,0.5140851140022278
W2057327293,solar-cell,Solar cell,0.5098766088485718
W2057327293,energy-transformation,Energy transformation,0.4786466360092163
W2057327293,visible-spectrum,Visible spectrum,0.4572358727455139
W2057327293,quantum-efficiency,Quantum efficiency,0.4443622827529907
W2057327293,photoelectrochemical-cell,Photoelectrochemical cell,0.4334043264389038
W2057327293,photochemistry,Photochemistry,0.3796083331108093
W2057327293,nanotechnology,Nanotechnology,0.28292718529701233
W2057327293,inorganic-chemistry,Inorganic chemistry,0.2558130621910095
W2057327293,electrode,Electrode,0.11667776107788086
W2057327293,catalysis,Catalysis,0.11123684048652649
W2057327293,materials-science,Materials science,0.11094969511032104
W2057327293,physical-chemistry,Physical chemistry,0.11072969436645508
W2057327293,crystallography,Crystallography,0.08046790957450867
W4233194460,altmetrics,Altmetrics,0.6961653232574463
W4233194460,citation,Citation,0.6662020683288574
W4233194460,icon,Icon,0.6355388164520264
W4233194460,social-media,Social media,0.5638126134872437
W4233194460,computer-science,Computer science,0.5285282135009766
W4233194460,world-wide-web,World Wide Web,0.37484031915664673
W4233194460,information-retrieval,Information retrieval,0.36707085371017456
W4233194460,library-science,Library science,0.3230137825012207
W2314659927,chemistry,Chemistry,0.9822485446929932
W2314659927,polymer-science,Polymer science,0.4228418469429016
W2011254969,citation,Citation,0.7954813241958618
W2011254969,icon,Icon,0.642166018486023
W2011254969,computer-science,Computer science,0.553366482257843
W2011254969,social-media,Social media,0.5274339318275452
W2011254969,altmetrics,Altmetrics,0.5269250273704529
W2011254969,reuse,Reuse,0.46808984875679016
W2011254969,information-retrieval,Information retrieval,0.42312371730804443
W2011254969,library-science,Library science,0.3840188980102539
W2011254969,world-wide-web,World Wide Web,0.38263988494873047
W2011254969,engineering,Engineering,0.10602915287017822
W1986113254,citation,Citation,0.6959379315376282
W1986113254,mica,Mica,0.6034342050552368
W1986113254,icon,Icon,0.5821092128753662
W1986113254,adsorption,Adsorption,0.4674839377403259
W1986113254,social-media,Social media,0.4374491572380066
W1986113254,computer-science,Computer science,0.40260452032089233
W1986113254,information-retrieval,Information retrieval,0.36621758341789246
W1986113254,world-wide-web,World Wide Web,0.36043936014175415
W1986113254,materials-science,Materials science,0.22830131649971008
W1986113254,chemistry,Chemistry,0.2005797028541565
W1986113254,composite-material,Composite material,0.10869821906089783
W1986113254,physical-chemistry,Physical chemistry,0.1008254885673523
W4297081765,medicine,Medicine,0.3119197487831116
W4301377693,business,Business,0.3387383818626404
W4301377693,medicine,Medicine,0.33737021684646606
W2165758561,montreal-cognitive-assessment,Montreal Cognitive Assessment,0.9731138944625854
W2165758561,medicine,Medicine,0.8476357460021973
W2165758561,dementia,Dementia,0.724671483039856
W2165758561,cognitive-impairment,Cognitive impairment,0.6787084341049194
W2165758561,cognition,Cognition,0.5843870043754578
W2165758561,mini–mental-state-examination,Mini–Mental State Examination,0.4557769298553467
W2165758561,gerontology,Gerontology,0.4010079503059387
W2165758561,physical-therapy,Physical therapy,0.3566674590110779
W2165758561,internal-medicine,Internal medicine,0.34407269954681396
W2165758561,disease,Disease,0.29674240946769714
W2165758561,psychiatry,Psychiatry,0.25629520416259766
W2124624517,medicine,Medicine,0.8132240772247314
W2124624517,medical-physics,Medical physics,0.49568331241607666
W2124624517,clinical-practice,Clinical Practice,0.44266238808631897
W2124624517,cardiology,Cardiology,0.4143421947956085
W2124624517,internal-medicine,Internal medicine,0.3889547884464264
W2124624517,family-medicine,Family medicine,0.2215939164161682
W2044758663,missing-data,Missing data,0.738632082939148
W2044758663,statistics,Statistics,0.5084444880485535
W2044758663,computer-science,Computer science,0.43273115158081055
W2044758663,statistical-analysis,Statistical analysis,0.413994163274765
W2044758663,mathematics,Mathematics,0.34887105226516724
W2044758663,data-mining,Data mining,0.3251628279685974
W2037124948,statistical-power,Statistical power,0.5231332182884216
W2037124948,power-analysis,Power analysis,0.5225058197975159
W2037124948,statistical-analysis,Statistical analysis,0.48284631967544556
W2037124948,psychology,Psychology,0.4122301936149597
W2037124948,computer-science,Computer science,0.37885692715644836
W2037124948,power,Power (physics),0.37756532430648804
W2037124948,econometrics,Econometrics,0.3630133271217346
W2037124948,data-science,Data science,0.3490262031555176
W2037124948,statistics,Statistics,0.3397933840751648
W2037124948,mathematics,Mathematics,0.271494597196579
W2037124948,physics,Physics,0.0639442503452301
W3085162807,statistics,Statistics,0.5579233765602112
W3085162807,regression,Regression,0.5248822569847107
W3085162807,mathematics,Mathematics,0.4418882131576538
W3085162807,regression-analysis,Regression analysis,0.43391260504722595
W3085162807,forestry,Forestry,0.36509740352630615
W3085162807,computer-science,Computer science,0.3307470679283142
W3085162807,geography,Geography,0.23886457085609436
W2319410825,agriculture,Agriculture,0.5234445929527283
W2319410825,computer-science,Computer science,0.38361042737960815
W2319410825,statistics,Statistics,0.33767902851104736
W2319410825,econometrics,Econometrics,0.33200597763061523
W2319410825,mathematics,Mathematics,0.28358161449432373
W2319410825,geography,Geography,0.1884137988090515
W2319410825,archaeology,Archaeology,0.06755569577217102
W2153222072,computer-science,Computer science,0.4860589802265167
W1667165204,mathematics,Mathematics,0.4859277307987213
W1667165204,random-variable,Random variable,0.4622492492198944
W1667165204,econometrics,Econometrics,0.4578477442264557
W1667165204,statistics,Statistics,0.36585330963134766
W1975994995,mathematics,Mathematics,0.8111228942871094
W1975994995,autoregressive-model,Autoregressive model,0.6617881655693054
W1975994995,estimator,Estimator,0.6587241291999817
W1975994995,statistics,Statistics,0.6356486082077026
W1975994995,series,Series (stratigraphy),0.5310049057006836
W1975994995,regression-analysis,Regression analysis,0.4532729685306549
W1975994995,combinatorics,Combinatorics,0.3896937370300293
W2016381774,flowchart,Flowchart,0.809567391872406
W2016381774,mathematics,Mathematics,0.6014701128005981
W2016381774,function,Function (biology),0.5355067253112793
W2016381774,relation,Relation (database),0.5295147895812988
W2016381774,mathematical-optimization,Mathematical optimization,0.475220263004303
W2016381774,reduction,Reduction (mathematics),0.45757222175598145
W2016381774,group,Group (periodic table),0.4384925961494446
W2016381774,process,Process (computing),0.4326937198638916
W2016381774,scale,Scale (ratio),0.42595964670181274
W2016381774,algorithm,Algorithm,0.4198802411556244
W2016381774,computer-science,Computer science,0.3953341245651245
W2016381774,statistics,Statistics,0.34722644090652466
W2016381774,combinatorics,Combinatorics,0.3283834457397461
W2016381774,data-mining,Data mining,0.27038803696632385
W4293241248,statistics,Statistics,0.6235188245773315
W4293241248,mathematics,Mathematics,0.615258514881134
W4293241248,nonparametric-statistics,Nonparametric statistics,0.596910297870636
W4293241248,event,Event (particle physics),0.5886919498443604
W4293241248,population,Population,0.5207314491271973
W4293241248,econometrics,Econometrics,0.40611860156059265
W4293241248,demography,Demography,0.19240951538085938
W4293241248,physics,Physics,0.08812019228935242
W2141394518,bounded-function,Bounded function,0.7637681365013123
W2141394518,dissipative-system,Dissipative system,0.7207440137863159
W2141394518,ordinary-differential-equation,Ordinary differential equation,0.6307042241096497
W2141394518,nonlinear-system,Nonlinear system,0.6232107281684875
W2141394518,flow,Flow (mathematics),0.5691102743148804
W2141394518,simple,Simple (philosophy),0.4700305163860321
W2141394518,mathematics,Mathematics,0.44196441769599915
W2141394518,mathematical-analysis,Mathematical analysis,0.42762312293052673
W2141394518,range,Range (aeronautics),0.42027518153190613
W2141394518,applied-mathematics,Applied mathematics,0.418887734413147
W2141394518,physics,Physics,0.40473926067352295
W2141394518,differential-equation,Differential equation,0.33665385842323303
W2141394518,mechanics,Mechanics,0.31009769439697266
W2141394518,thermodynamics,Thermodynamics,0.06988507509231567
W2751862591,rna-polymerase-ii,RNA polymerase II,0.7545105218887329
W2751862591,transcription,Transcription (linguistics),0.5751718878746033
W2751862591,biology,Biology,0.47744661569595337
W2751862591,polymerase,Polymerase,0.4740288555622101
W2751862591,computational-biology,Computational biology,0.4506632089614868
W2751862591,rna-polymerase,RNA polymerase,0.4348641633987427
W2751862591,multipartite,Multipartite,0.41111087799072266
W2751862591,gene,Gene,0.36176496744155884
W2751862591,genetics,Genetics,0.35998156666755676
W2751862591,promoter,Promoter,0.3449261784553528
W2751862591,cell-biology,Cell biology,0.3406224846839905
W2751862591,rna,RNA,0.320564329624176
W2751862591,gene-expression,Gene expression,0.16688886284828186
W2751862591,physics,Physics,0.1401236355304718
W2730193802,thermal-conduction,Thermal conduction,0.6431511640548706
W2730193802,materials-science,Materials science,0.6407355070114136
W2730193802,mechanics,Mechanics,0.4341937303543091
W2730193802,thermodynamics,Thermodynamics,0.3291803002357483
W2730193802,composite-material,Composite material,0.2400551438331604
W2730193802,physics,Physics,0.13851171731948853
W2752885492,computer-science,Computer science,0.6031899452209473
W2752885492,algorithm,Algorithm,0.4123919606208801
W2752885492,operations-research,Operations research,0.3991527557373047
W2752885492,mathematics,Mathematics,0.1890152096748352
W3015634246,multivariate-statistics,Multivariate statistics,0.7816689014434814
W3015634246,computer-science,Computer science,0.6473204493522644
W3015634246,multivariate-analysis,Multivariate analysis,0.593376636505127
W3015634246,bootstrapping,Bootstrapping (finance),0.520648181438446
W3015634246,univariate,Univariate,0.5079603791236877
W3015634246,data-mining,Data mining,0.5078025460243225
W3015634246,linear-discriminant-analysis,Linear discriminant analysis,0.47632724046707153
W3015634246,multivariate-analysis-of-variance,Multivariate analysis of variance,0.4509328603744507
W3015634246,correspondence-analysis,Correspondence analysis,0.4130042791366577
W3015634246,statistics,Statistics,0.38120517134666443
W3015634246,artificial-intelligence,Artificial intelligence,0.32892024517059326
W3015634246,machine-learning,Machine learning,0.2836523652076721
W3015634246,econometrics,Econometrics,0.2794840335845947
W3015634246,mathematics,Mathematics,0.2327175736427307
W2162180338,environmental-science,Environmental science,0.35523080825805664
W2162180338,econometrics,Econometrics,0.33129340410232544
W2162180338,mathematics,Mathematics,0.3014128506183624
W2122825543,elastic-net-regularization,Elastic net regularization,0.8652974963188171
W2122825543,regularization,Regularization (linguistics),0.6383069753646851
W2122825543,feature-selection,Feature selection,0.5038465857505798
W2122825543,variable,Variable (mathematics),0.4575996696949005
W2122825543,computer-science,Computer science,0.4278355538845062
W2122825543,mathematics,Mathematics,0.3908452093601227
W2122825543,applied-mathematics,Applied mathematics,0.3694790303707123
W2122825543,mathematical-optimization,Mathematical optimization,0.33529749512672424
W2122825543,algorithm,Algorithm,0.32155174016952515
W2122825543,artificial-intelligence,Artificial intelligence,0.3082195222377777
W2122825543,mathematical-analysis,Mathematical analysis,0.16729876399040222
W2135046866,shrinkage,Shrinkage,0.874518632888794
W2135046866,lasso,Lasso (programming language),0.8505476713180542
W2135046866,selection,Selection (genetic algorithm),0.6340270042419434
W2135046866,regression,Regression,0.49282124638557434
W2135046866,computer-science,Computer science,0.3889550268650055
W2135046866,statistics,Statistics,0.37489551305770874
W2135046866,artificial-intelligence,Artificial intelligence,0.3567168712615967
W2135046866,mathematics,Mathematics,0.33699044585227966
W2110065044,false-discovery-rate,False discovery rate,0.9074951410293579
W2110065044,multiple-comparisons-problem,Multiple comparisons problem,0.7539578676223755
W2110065044,word-error-rate,Word error rate,0.6039060354232788
W2110065044,computer-science,Computer science,0.5191837549209595
W2110065044,statistical-hypothesis-testing,Statistical hypothesis testing,0.5073124766349792
W2110065044,statistics,Statistics,0.47650137543678284
W2110065044,control,Control (management),0.4739791750907898
W2110065044,mathematics,Mathematics,0.41976502537727356
W2110065044,artificial-intelligence,Artificial intelligence,0.22733160853385925
W2049633694,maximum-likelihood,Maximum likelihood,0.5996747016906738
W2049633694,expectation–maximization-algorithm,Expectation–maximization algorithm,0.5363290309906006
W2049633694,computer-science,Computer science,0.5042461156845093
W2049633694,algorithm,Algorithm,0.4238012731075287
W2049633694,mathematics,Mathematics,0.2628100514411926
W2049633694,statistics,Statistics,0.22569432854652405
W3147894994,regression-analysis,Regression analysis,0.483151376247406
W3147894994,statistics,Statistics,0.4623284339904785
W3147894994,regression,Regression,0.4379033148288727
W3147894994,econometrics,Econometrics,0.32463735342025757
W3147894994,computer-science,Computer science,0.3238028287887573
W3147894994,mathematics,Mathematics,0.28267788887023926
W2087070363,non-linear-least-squares,Non-linear least squares,0.6113166809082031
W2087070363,algorithm,Algorithm,0.5877233743667603
W2087070363,least-squares-function-approximation,Least-squares function approximation,0.5538272261619568
W2087070363,estimation,Estimation,0.49315112829208374
W2087070363,nonlinear-system,Nonlinear system,0.4590332508087158
W2087070363,computer-science,Computer science,0.4329224228858948
W2087070363,mathematics,Mathematics,0.40539610385894775
W2087070363,estimation-theory,Estimation theory,0.24391022324562073
W2087070363,statistics,Statistics,0.19469311833381653
W2087070363,engineering,Engineering,0.05958491563796997
W2063792498,competition,Competition (biology),0.6345260739326477
W2063792498,selection,Selection (genetic algorithm),0.5904688239097595
W2063792498,inclusive-fitness,Inclusive fitness,0.5772896409034729
W2063792498,kin-selection,Kin selection,0.5171398520469666
W2063792498,genetic-fitness,Genetic Fitness,0.5035440325737
W2063792498,biology,Biology,0.4814547896385193
W2063792498,darwinism,Darwinism,0.4638514518737793
W2063792498,wright,Wright,0.45421302318573
W2063792498,mathematical-economics,Mathematical economics,0.42785587906837463
W2063792498,social-evolution,Social evolution,0.4168010652065277
W2063792498,replica,Replica,0.41475579142570496
W2063792498,evolutionary-biology,Evolutionary biology,0.39857810735702515
W2063792498,ecology,Ecology,0.3608441948890686
W2063792498,mathematics,Mathematics,0.3293856084346771
W2063792498,computer-science,Computer science,0.3142928183078766
W2063792498,artificial-intelligence,Artificial intelligence,0.15256574749946594
W2009435671,selection,Selection (genetic algorithm),0.6810793876647949
W2009435671,inference,Inference,0.6478337049484253
W2009435671,computer-science,Computer science,0.5495407581329346
W2009435671,model-selection,Model selection,0.42232805490493774
W2009435671,artificial-intelligence,Artificial intelligence,0.3728322982788086
W2607031541,medicine,Medicine,0.8433228731155396
W2607031541,internal-medicine,Internal medicine,0.7324363589286804
W2607031541,triglyceride,Triglyceride,0.6489073038101196
W2607031541,placebo,Placebo,0.5872976183891296
W2607031541,insulin-resistance,Insulin resistance,0.5756178498268127
W2607031541,lipid-profile,Lipid profile,0.5639324188232422
W2607031541,endocrinology,Endocrinology,0.5145263075828552
W2607031541,metabolic-syndrome,Metabolic syndrome,0.5027961730957031
W2607031541,cholesterol,Cholesterol,0.49387580156326294
W2607031541,diabetes-mellitus,Diabetes mellitus,0.4914189577102661
W2607031541,insulin,Insulin,0.46395817399024963
W2607031541,kidney-disease,Kidney disease,0.45015260577201843
W2607031541,blood-lipids,Blood lipids,0.42473703622817993
W2607031541,gastroenterology,Gastroenterology,0.3776065707206726
W2607031541,obesity,Obesity,0.33611950278282166
W2289205268,humanities,Humanities,0.4639752507209778
W2289205268,philosophy,Philosophy,0.4392741918563843
W2289205268,political-science,Political science,0.36172008514404297
W2289205268,computer-science,Computer science,0.3350146412849426
W2175723801,commons,Commons,0.8822593688964844
W2175723801,collective-action,Collective action,0.8500902652740479
W2175723801,action,Action (physics),0.7048623561859131
W2175723801,law-and-economics,Law and economics,0.4816974103450775
W2175723801,political-science,Political science,0.42037487030029297
W2175723801,environmental-ethics,Environmental ethics,0.344593346118927
W2175723801,political-economy,Political economy,0.32316166162490845
W2175723801,sociology,Sociology,0.2983406186103821
W2175723801,law,Law,0.19026285409927368
W2175723801,politics,Politics,0.09264615178108215
W2175723801,philosophy,Philosophy,0.07125928997993469
W2884585870,computer-science,Computer science,0.8249953985214233
W2884585870,feature,Feature (linguistics),0.7201609015464783
W2884585870,block,Block (permutation group theory),0.7177483439445496
W2884585870,convolutional-neural-network,Convolutional neural network,0.6976155638694763
W2884585870,pattern-recognition,Pattern recognition (psychology),0.4908607602119446
W2884585870,code,Code (set theory),0.44964703917503357
W2884585870,artificial-intelligence,Artificial intelligence,0.4389352798461914
W2884585870,algorithm,Algorithm,0.3881826400756836
W2884585870,mathematics,Mathematics,0.06733796000480652
W2884585870,programming-language,Programming language,0.04763004183769226
W2193145675,pascal,Pascal (unit),0.7228999733924866
W2193145675,object-detection,Object detection,0.6126999855041504
W2193145675,resampling,Resampling,0.5652999877929688
W2193145675,detector,Detector,0.5547999739646912
W2193145675,pixel,Pixel,0.5364000201225281
W2193145675,single-shot,Single shot,0.49219998717308044
W2193145675,computation,Computation,0.4738999903202057
W2193145675,feature,Feature (linguistics),0.4674000144004822
W2193145675,artificial-neural-network,Artificial neural network,0.4618000090122223
W1901129140,computer-science,Computer science,0.8862078189849854
W1901129140,artificial-intelligence,Artificial intelligence,0.7002106308937073
W1901129140,segmentation,Segmentation,0.6719903945922852
W1901129140,margin,Margin (machine learning),0.661852240562439
W1901129140,sliding-window-protocol,Sliding window protocol,0.6273837685585022
W1901129140,context,Context (archaeology),0.5723255276679993
W1901129140,path,Path (computing),0.5234743356704712
W1901129140,image-segmentation,Image segmentation,0.5164766311645508
W1901129140,pattern-recognition,Pattern recognition (psychology),0.4943387508392334
W1901129140,network-architecture,Network architecture,0.47180619835853577
W1901129140,image,Image (mathematics),0.4360731840133667
W1901129140,window,Window (computing),0.4321242570877075
W1901129140,convolutional-neural-network,Convolutional neural network,0.42563506960868835
W1901129140,computer-vision,Computer vision,0.4167029857635498
W1901129140,machine-learning,Machine learning,0.17055156826972961
W1901129140,computer-network,Computer network,0.09979626536369324
W1861492603,computer-science,Computer science,0.8523383140563965
W1861492603,pascal,Pascal (unit),0.7472506761550903
W1861492603,spotting,Spotting,0.6940832138061523
W1861492603,artificial-intelligence,Artificial intelligence,0.68071049451828
W1861492603,segmentation,Segmentation,0.6709677577018738
W1861492603,minimum-bounding-box,Minimum bounding box,0.6342964768409729
W1861492603,bounding-overwatch,Bounding overwatch,0.6129207611083984
W1861492603,object-detection,Object detection,0.572113573551178
W1861492603,object,Object (grammar),0.5521263480186462
W1861492603,context,Context (archaeology),0.5132265090942383
W1861492603,computer-vision,Computer vision,0.45041415095329285
W1861492603,image-segmentation,Image segmentation,0.42718902230262756
W1861492603,baseline,Baseline (sea),0.4162190854549408
W1861492603,pattern-recognition,Pattern recognition (psychology),0.4000334143638611
W1861492603,image,Image (mathematics),0.19374924898147583
W1861492603,geography,Geography,0.0640939474105835
W3021722416,mathematics,Mathematics,0.7608872056007385
W3021722416,selection,Selection (genetic algorithm),0.5324617028236389
W3021722416,differential-equation,Differential equation,0.4518602788448334
W3021722416,volume,Volume (thermodynamics),0.44862112402915955
W3021722416,applied-mathematics,Applied mathematics,0.4208703637123108
W3021722416,differential,Differential (mechanical device),0.4106863737106323
W3021722416,mathematical-analysis,Mathematical analysis,0.36128729581832886
W3021722416,calculus,Calculus (dental),0.35170066356658936
W3021722416,computer-science,Computer science,0.11380031704902649
W3021722416,physics,Physics,0.06968685984611511
W3021722416,orthodontics,Orthodontics,0.04263550043106079
W3021722416,medicine,Medicine,0.03920450806617737
W3124872368,organizational-culture,Organizational culture,0.6876997947692871
W3124872368,business,Business,0.5159667134284973
W3124872368,management,Management,0.4221958816051483
W3124872368,economics,Economics,0.0942133367061615
W1820801730,glossary,Glossary,0.7443368434906006
W1820801730,computer-science,Computer science,0.6407151222229004
W1820801730,management-science,Management science,0.57538902759552
W1820801730,process,Process (computing),0.5312955975532532
W1820801730,reliability,Reliability (semiconductor),0.46166402101516724
W1820801730,data-collection,Data collection,0.44733792543411255
W1820801730,data-science,Data science,0.438610702753067
W1820801730,index,Index (typography),0.42660757899284363
W1820801730,sampling,Sampling (signal processing),0.42028331756591797
W1820801730,operations-research,Operations research,0.32408997416496277
W1820801730,engineering,Engineering,0.19177192449569702
W1820801730,statistics,Statistics,0.17678400874137878
W1820801730,mathematics,Mathematics,0.16509100794792175
W2065853716,dpph,DPPH,0.9426740407943726
W2065853716,chemistry,Chemistry,0.8270043730735779
W2065853716,isoeugenol,Isoeugenol,0.6674879193305969
W2065853716,ascorbic-acid,Ascorbic acid,0.6161065101623535
W2065853716,antioxidant,Antioxidant,0.6149225831031799
W2065853716,vanillic-acid,Vanillic acid,0.6138100028038025
W2065853716,caffeic-acid,Caffeic acid,0.5716440081596375
W2065853716,organic-chemistry,Organic chemistry,0.5683973431587219
W2065853716,gallic-acid,Gallic acid,0.5441209077835083
W2065853716,vanillin,Vanillin,0.4490896761417389
W2065853716,nuclear-chemistry,Nuclear chemistry,0.355388343334198
W2065853716,food-science,Food science,0.23911136388778687
W2065853716,eugenol,Eugenol,0.23748889565467834
W1966114254,cognitive-dissonance,Cognitive dissonance,0.9835324287414551
W1966114254,cognition,Cognition,0.7456849217414856
W1966114254,psychology,Psychology,0.7144004106521606
W1966114254,self-justification,Self-justification,0.637903094291687
W1966114254,self-perception-theory,Self-perception theory,0.6239684224128723
W1966114254,function,Function (biology),0.43715813755989075
W1966114254,cognitive-psychology,Cognitive psychology,0.4369605779647827
W1966114254,social-psychology,Social psychology,0.4084152281284332
W2118882740,interpretation,Interpretation (philosophy),0.6740666031837463
W2118882740,linguistics,Linguistics,0.25131991505622864
W2118882740,philosophy,Philosophy,0.21658596396446228
W2911964244,random-forest,Random forest,0.7753709554672241
W2911964244,mathematics,Mathematics,0.6701684594154358
W2911964244,adaboost,AdaBoost,0.5846542716026306
W2911964244,statistics,Statistics,0.5798611640930176
W2911964244,tree,Tree (set theory),0.5712303519248962
W2911964244,generalization,Generalization,0.5647010207176208
W2911964244,support-vector-machine,Support vector machine,0.44561082124710083
W2911964244,generalization-error,Generalization error,0.4262329638004303
W2911964244,measure,Measure (data warehouse),0.42371299862861633
W2911964244,artificial-intelligence,Artificial intelligence,0.3885353207588196
W2911964244,pattern-recognition,Pattern recognition (psychology),0.36843299865722656
W2911964244,computer-science,Computer science,0.2859410047531128
W2911964244,artificial-neural-network,Artificial neural network,0.19559484720230103
W2911964244,data-mining,Data mining,0.15247032046318054
W2911964244,combinatorics,Combinatorics,0.12432247400283813
W2912934387,artificial-intelligence,Artificial intelligence,0.5660140514373779
W2912934387,regression,Regression,0.5613021850585938
W2912934387,bootstrap-aggregating,Bootstrap aggregating,0.49553024768829346
W2912934387,linear-regression,Linear regression,0.4829794466495514
W2912934387,machine-learning,Machine learning,0.47234952449798584
W2912934387,set,Set (abstract data type),0.4667639434337616
W2912934387,class,Class (philosophy),0.45438942313194275
W2912934387,stability,Stability (learning theory),0.45139098167419434
W2912934387,outcome,Outcome (game theory),0.44975796341896057
W2912934387,mathematics,Mathematics,0.4416120946407318
W2912934387,computer-science,Computer science,0.43408313393592834
W2912934387,selection,Selection (genetic algorithm),0.43318983912467957
W2912934387,statistics,Statistics,0.3307434618473053
W4212883601,bootstrap-aggregating,Bootstrap aggregating,0.650895357131958
W4212883601,regression,Regression,0.5902146697044373
W4212883601,artificial-intelligence,Artificial intelligence,0.5704783201217651
W4212883601,machine-learning,Machine learning,0.5071356296539307
W4212883601,set,Set (abstract data type),0.5023403167724609
W4212883601,linear-regression,Linear regression,0.4880312979221344
W4212883601,class,Class (philosophy),0.4868573546409607
W4212883601,outcome,Outcome (game theory),0.4746851623058319
W4212883601,selection,Selection (genetic algorithm),0.4613701105117798
W4212883601,stability,Stability (learning theory),0.4435364007949829
W4212883601,decision-tree,Decision tree,0.44167301058769226
W4212883601,mathematics,Mathematics,0.4364796578884125
W4212883601,computer-science,Computer science,0.42173880338668823
W4212883601,data-set,Data set,0.42028170824050903
W4212883601,regression-analysis,Regression analysis,0.4183863699436188
W4212883601,statistics,Statistics,0.33810657262802124
W4239510810,feature-vector,Feature vector,0.721431314945221
W4239510810,generalization,Generalization,0.7130733132362366
W4239510810,support-vector-machine,Support vector machine,0.6632477045059204
W4239510810,artificial-intelligence,Artificial intelligence,0.6218661069869995
W4239510810,computer-science,Computer science,0.6009458303451538
W4239510810,relevance-vector-machine,Relevance vector machine,0.5994608402252197
W4239510810,structured-support-vector-machine,Structured support vector machine,0.5686488151550293
W4239510810,dimension,Dimension (graph theory),0.5496677756309509
W4239510810,benchmark,Benchmark (surveying),0.5242693424224854
W4239510810,vector-space,Vector space,0.5104821920394897
W4239510810,feature,Feature (linguistics),0.4935494661331177
W4239510810,machine-learning,Machine learning,0.44285839796066284
W4239510810,artificial-neural-network,Artificial neural network,0.42720699310302734
W4239510810,decision-boundary,Decision boundary,0.42589226365089417
W4239510810,pattern-recognition,Pattern recognition (psychology),0.3476322889328003
W4239510810,mathematics,Mathematics,0.26454663276672363
W2119821739,generalization,Generalization,0.7178018689155579
W2119821739,feature-vector,Feature vector,0.7084259390830994
W2119821739,support-vector-machine,Support vector machine,0.6456941366195679
W2119821739,artificial-intelligence,Artificial intelligence,0.6324708461761475
W2119821739,computer-science,Computer science,0.616030752658844
W2119821739,relevance-vector-machine,Relevance vector machine,0.5643545389175415
W2119821739,dimension,Dimension (graph theory),0.5279152393341064
W2119821739,structured-support-vector-machine,Structured support vector machine,0.5191335082054138
W2119821739,feature,Feature (linguistics),0.5140289068222046
W2119821739,benchmark,Benchmark (surveying),0.5094240307807922
W2119821739,vector-space,Vector space,0.47238731384277344
W2119821739,artificial-neural-network,Artificial neural network,0.4341880977153778
W2119821739,machine-learning,Machine learning,0.43386903405189514
W2119821739,decision-boundary,Decision boundary,0.42008280754089355
W2119821739,pattern-recognition,Pattern recognition (psychology),0.3433976471424103
W2119821739,mathematics,Mathematics,0.2595735788345337
W2116199508,situated,Situated,0.9219913482666016
W2116199508,situated-learning,Situated learning,0.7527973055839539
W2116199508,peripheral,Peripheral,0.5101633071899414
W2116199508,psychology,Psychology,0.36674898862838745
W2116199508,computer-science,Computer science,0.2873086929321289
W2116199508,pedagogy,Pedagogy,0.21554338932037354
W2116199508,artificial-intelligence,Artificial intelligence,0.18209007382392883
W2168569455,voluntariness,Voluntariness,0.724172830581665
W2168569455,technology-acceptance-model,Technology acceptance model,0.6215393543243408
W2168569455,psychology,Psychology,0.5624494552612305
W2168569455,variance,Variance (accounting),0.5534920692443848
W2168569455,usability,Usability,0.5078449845314026
W2168569455,perception,Perception,0.48065412044525146
W2168569455,cognition,Cognition,0.4227231740951538
W2168569455,applied-psychology,Applied psychology,0.4156688451766968
W2168569455,structural-equation-modeling,Structural equation modeling,0.4110984206199646
W2168569455,social-psychology,Social psychology,0.36169230937957764
W2168569455,computer-science,Computer science,0.3585212826728821
W2168569455,business,Business,0.09454092383384705
W2033943395,usability,Usability,0.7824363708496094
W2033943395,technology-acceptance-model,Technology acceptance model,0.7443746328353882
W2033943395,variance,Variance (accounting),0.6554158926010132
W2033943395,psychology,Psychology,0.5743294954299927
W2033943395,value,Value (mathematics),0.5045849084854126
W2033943395,psychological-intervention,Psychological intervention,0.5038935542106628
W2033943395,social-psychology,Social psychology,0.4395041763782501
W2033943395,explained-variation,Explained variation,0.4281565845012665
W2033943395,computer-science,Computer science,0.41736167669296265
W2033943395,applied-psychology,Applied psychology,0.41037800908088684
W2033943395,knowledge-management,Knowledge management,0.40621864795684814
W2033943395,human–computer-interaction,Human–computer interaction,0.1762866973876953
W2033943395,business,Business,0.08536002039909363
W2129763896,data-envelopment-analysis,Data envelopment analysis,0.8627400398254395
W2129763896,computer-science,Computer science,0.6394727230072021
W2129763896,operations-research,Operations research,0.5509820580482483
W2129763896,scale,Scale (ratio),0.5465790629386902
W2129763896,variable,Variable (mathematics),0.501140832901001
W2129763896,constant,Constant (computer programming),0.4578302502632141
W2129763896,mathematical-optimization,Mathematical optimization,0.4386264383792877
W2129763896,linear-programming,Linear programming,0.4309212863445282
W2129763896,returns-to-scale,Returns to scale,0.4180997908115387
W2129763896,production,Production (economics),0.20931196212768555
W2129763896,mathematics,Mathematics,0.18216437101364136
W2129763896,economics,Economics,0.10848355293273926
W2129763896,algorithm,Algorithm,0.09039205312728882
W4300223101,mathematics,Mathematics,0.8635503649711609
W4300223101,applied-mathematics,Applied mathematics,0.42870375514030457
W4300223101,calculus,Calculus (dental),0.35103338956832886
W1989314580,computer-science,Computer science,0.3980645537376404
W2172151487,mental-health,Mental health,0.6448399424552917
W2172151487,component,Component (thermodynamics),0.5926339030265808
W2172151487,population,Population,0.5825701355934143
W2172151487,sf-36,SF-36,0.5112574100494385
W2172151487,seriousness,Seriousness,0.4936884343624115
W2172151487,physical-health,Physical health,0.4736831486225128
W2172151487,psychology,Psychology,0.4724712073802948
W2172151487,clinical-psychology,Clinical psychology,0.4459199607372284
W2172151487,depression,Depression (economics),0.41274142265319824
W2172151487,medicine,Medicine,0.3847798705101013
W2172151487,psychiatry,Psychiatry,0.30722424387931824
W2172151487,disease,Disease,0.20543751120567322
W2172151487,health-related-quality-of-life,Health related quality of life,0.11141544580459595
W2172151487,environmental-health,Environmental health,0.10219594836235046
W4292806894,vitality,Vitality,0.7613654136657715
W4292806894,sf-36,SF-36,0.6097456812858582
W4292806894,mental-health,Mental health,0.5696214437484741
W4292806894,psychology,Psychology,0.5366306900978088
W4292806894,scale,Scale (ratio),0.4550815522670746
W4292806894,emotional-distress,Emotional distress,0.44165724515914917
W4292806894,gerontology,Gerontology,0.43800097703933716
W4292806894,population,Population,0.43010246753692627
W4292806894,clinical-psychology,Clinical psychology,0.3794653117656708
W4292806894,medicine,Medicine,0.35739582777023315
W4292806894,psychiatry,Psychiatry,0.2973312735557556
W4292806894,health-related-quality-of-life,Health related quality of life,0.20399975776672363
W4292806894,anxiety,Anxiety,0.19028827548027039
W4292806894,disease,Disease,0.14534157514572144
W4292806894,environmental-health,Environmental health,0.09670600295066833
W2612891587,quality,Quality (philosophy),0.5626088380813599
W2612891587,comparability,Comparability,0.48236268758773804
W2612891587,scale,Scale (ratio),0.45227816700935364
W2612891587,task,Task (project management),0.4519079923629761
W2612891587,psychology,Psychology,0.3244073987007141
W2612891587,economics,Economics,0.19561567902565002
W2612891587,geography,Geography,0.11332479119300842
W3120740533,computer-science,Computer science,0.497496634721756
W3120740533,artificial-intelligence,Artificial intelligence,0.4516162872314453
W255996521,molecular-graphics,Molecular graphics,0.775357723236084
W255996521,computer-science,Computer science,0.6154171824455261
W255996521,graphics,Graphics,0.4248341917991638
W255996521,computer-graphics,Computer graphics,0.4078149199485779
W1573234480,computer-science,Computer science,0.5360937714576721
W1573234480,process,Process (computing),0.46483609080314636
W1573234480,field,Field (mathematics),0.44145384430885315
W1573234480,mathematics-education,Mathematics education,0.37625735998153687
W1573234480,data-science,Data science,0.331706166267395
W1573234480,mathematics,Mathematics,0.18543484807014465
W1573234480,programming-language,Programming language,0.10001051425933838
W1590154464,qualitative-research,Qualitative research,0.7401235699653625
W1590154464,qualitative-property,Qualitative property,0.6016415357589722
W1590154464,case-study-research,Case study research,0.5371703505516052
W1590154464,reliability,Reliability (semiconductor),0.513155996799469
W1590154464,computer-science,Computer science,0.49651938676834106
W1590154464,sample,Sample (material),0.4871384799480438
W1590154464,data-science,Data science,0.44671013951301575
W1590154464,research-design,Research design,0.44663071632385254
W1590154464,management-science,Management science,0.3865472376346588
W1590154464,knowledge-management,Knowledge management,0.31138432025909424
W1590154464,engineering,Engineering,0.19618532061576843
W1590154464,sociology,Sociology,0.19400516152381897
W1590154464,social-science,Social science,0.1240159273147583
W3089485186,x-ray-photoelectron-spectroscopy,X-ray photoelectron spectroscopy,0.6569153666496277
W3089485186,spectroscopy,Spectroscopy,0.4219788610935211
W3089485186,materials-science,Materials science,0.3470250070095062
W3089485186,physics,Physics,0.28712204098701477
W3089485186,nuclear-magnetic-resonance,Nuclear magnetic resonance,0.15415701270103455
W2888190061,observational-learning,Observational learning,0.7534370422363281
W2888190061,social-cognitive-theory,Social cognitive theory,0.6393104195594788
W2888190061,psychology,Psychology,0.6285312175750732
W2888190061,action,Action (physics),0.6277638077735901
W2888190061,social-learning,Social learning,0.5665991902351379
W2888190061,incentive,Incentive,0.5356717705726624
W2888190061,cognition,Cognition,0.5334636569023132
W2888190061,observational-study,Observational study,0.5019676685333252
W2888190061,social-learning-theory,Social learning theory,0.49409130215644836
W2888190061,cognitive-psychology,Cognitive psychology,0.4475114643573761
W2888190061,cognitive-science,Cognitive science,0.4310286343097687
W2888190061,social-psychology,Social psychology,0.39021486043930054
W2888190061,epistemology,Epistemology,0.3221029043197632
W2888190061,mathematics-education,Mathematics education,0.09191352128982544
W2888190061,experiential-learning,Experiential learning,0.09157773852348328
W2888190061,medicine,Medicine,0.0893314778804779
W2888190061,pedagogy,Pedagogy,0.08434289693832397
W2888190061,neuroscience,Neuroscience,0.08398211002349854
W2888190061,philosophy,Philosophy,0.07420909404754639
W2888190061,economics,Economics,0.06872424483299255
W2135943618,symbol,Symbol (formal),0.6067205667495728
W2135943618,perception,Perception,0.5415745973587036
W2135943618,psychology,Psychology,0.5149593949317932
W2135943618,index,Index (typography),0.4461105763912201
W2135943618,cognitive-science,Cognitive science,0.43697112798690796
W2135943618,epistemology,Epistemology,0.37142157554626465
W2135943618,psychoanalysis,Psychoanalysis,0.35375410318374634
W2135943618,cognitive-psychology,Cognitive psychology,0.3255169987678528
W2135943618,linguistics,Linguistics,0.25563353300094604
W2135943618,philosophy,Philosophy,0.2358483374118805
W2135943618,computer-science,Computer science,0.13746589422225952
W2171129594,concurrent-validity,Concurrent validity,0.7195472121238708
W2171129594,criterion-validity,Criterion validity,0.6681092977523804
W2171129594,physical-activity,Physical activity,0.587405800819397
W2171129594,reliability,Reliability (semiconductor),0.5540732145309448
W2171129594,validity,Validity,0.5495657920837402
W2171129594,physical-therapy,Physical therapy,0.5031039118766785
W2171129594,telephone-interview,Telephone interview,0.4836953282356262
W2171129594,population,Population,0.4828915596008301
W2171129594,psychology,Psychology,0.47670453786849976
W2171129594,medicine,Medicine,0.4536071717739105
W2171129594,external-validity,External validity,0.4258806109428406
W2171129594,repeatability,Repeatability,0.4128500819206238
W2171129594,statistics,Statistics,0.3162577152252197
W2171129594,construct-validity,Construct validity,0.24426037073135376
W2171129594,clinical-psychology,Clinical psychology,0.21254342794418335
W2171129594,psychometrics,Psychometrics,0.17263910174369812
W2171129594,environmental-health,Environmental health,0.15624576807022095
W2171129594,mathematics,Mathematics,0.13421562314033508
W2171129594,social-psychology,Social psychology,0.11967533826828003
W2171129594,internal-consistency,Internal consistency,0.06030133366584778
W2004008756,perceived-exertion,Perceived exertion,0.7823166847229004
W2004008756,perception,Perception,0.7080047726631165
W2004008756,exertion,Exertion,0.578090250492096
W2004008756,psychology,Psychology,0.5683184862136841
W2004008756,cognitive-psychology,Cognitive psychology,0.5244482159614563
W2004008756,work,Work (physics),0.48565924167633057
W2004008756,scale,Scale (ratio),0.47729480266571045
W2004008756,presentation,Presentation (obstetrics),0.46212929487228394
W2004008756,multidimensional-scaling,Multidimensional scaling,0.44943109154701233
W2004008756,scaling,Scaling,0.44443479180336
W2004008756,variation,Variation (astronomy),0.4281631112098694
W2004008756,computer-science,Computer science,0.3501179814338684
W2004008756,statistics,Statistics,0.29654285311698914
W2004008756,mathematics,Mathematics,0.16845569014549255
W2004008756,physical-therapy,Physical therapy,0.08180221915245056
W2004008756,medicine,Medicine,0.068829745054245
W2004008756,engineering,Engineering,0.06403055787086487
W2107277218,real-time-polymerase-chain-reaction,Real-time polymerase chain reaction,0.698244035243988
W2107277218,quantitative-analysis,Quantitative analysis (chemistry),0.5139793753623962
W2107277218,delta,Delta,0.5129515528678894
W2107277218,computational-biology,Computational biology,0.490553081035614
W2107277218,sample,Sample (material),0.4129834771156311
W2107277218,biology,Biology,0.3952098488807678
W2107277218,biological-system,Biological system,0.355283260345459
W2107277218,computer-science,Computer science,0.3315560817718506
W2107277218,molecular-biology,Molecular biology,0.3302499055862427
W2107277218,gene,Gene,0.328917920589447
W2107277218,chromatography,Chromatography,0.2281566560268402
W2107277218,chemistry,Chemistry,0.22768846154212952
W2107277218,genetics,Genetics,0.22186163067817688
W2107277218,physics,Physics,0.17523902654647827
W1559903407,phenols,Phenols,0.8948264122009277
W1559903407,reagent,Reagent,0.826036810874939
W1559903407,chemistry,Chemistry,0.8204992413520813
W1559903407,gallic-acid,Gallic acid,0.7121790051460266
W1559903407,phenol,Phenol,0.6573524475097656
W1559903407,organic-chemistry,Organic chemistry,0.46591997146606445
W1559903407,chromatography,Chromatography,0.44140586256980896
W1559903407,antioxidant,Antioxidant,0.08660855889320374
W1539796472,diffraction,Diffraction,0.5794884562492371
W1539796472,computer-science,Computer science,0.5643826723098755
W1539796472,data-reduction,Data reduction,0.5441280007362366
W1539796472,detector,Detector,0.5435412526130676
W1539796472,algorithm,Algorithm,0.4874151051044464
W1539796472,visualization,Visualization,0.45535045862197876
W1539796472,bayesian-probability,Bayesian probability,0.4478890001773834
W1539796472,data-processing,Data processing,0.416143536567688
W1539796472,data-mining,Data mining,0.4159139394760132
W1539796472,optics,Optics,0.24818170070648193
W1539796472,physics,Physics,0.2396349012851715
W1539796472,artificial-intelligence,Artificial intelligence,0.16155636310577393
W191793640,catalase,Catalase,0.9249767065048218
W191793640,chemistry,Chemistry,0.7750370502471924
W191793640,hydrogen-peroxide,Hydrogen peroxide,0.7461057305335999
W191793640,formic-acid,Formic acid,0.6893995404243469
W191793640,peroxide,Peroxide,0.6681771278381348
W191793640,methanol,Methanol,0.5621574521064758
W191793640,substrate,Substrate (aquarium),0.5567238926887512
W191793640,saturation,Saturation (graph theory),0.5486522316932678
W191793640,catalysis,Catalysis,0.5429165363311768
W191793640,kinetics,Kinetics,0.5285666584968567
W191793640,decomposition,Decomposition,0.4501325488090515
W191793640,spectrophotometry,Spectrophotometry,0.4330593943595886
W191793640,enzyme-kinetics,Enzyme kinetics,0.4201269745826721
W191793640,ethanol,Ethanol,0.41872361302375793
W191793640,chromatography,Chromatography,0.3616119623184204
W191793640,enzyme,Enzyme,0.32303839921951294
W191793640,biochemistry,Biochemistry,0.29640841484069824
W191793640,organic-chemistry,Organic chemistry,0.20342552661895752
W191793640,active-site,Active site,0.1388603150844574
W191793640,biology,Biology,0.06140097975730896
W1977825494,democracy,Democracy,0.6359043121337891
W1977825494,economics,Economics,0.4345775246620178
W1977825494,political-science,Political science,0.4188327193260193
W1977825494,economic-system,Economic system,0.37187302112579346
W1977825494,neoclassical-economics,Neoclassical economics,0.36299657821655273
W1977825494,mathematical-economics,Mathematical economics,0.35949456691741943
W1977825494,positive-economics,Positive economics,0.35342472791671753
W1977825494,politics,Politics,0.12968748807907104
W1977825494,law,Law,0.084199458360672
W2100379340,technology-acceptance-model,Technology acceptance model,0.5544356107711792
W2100379340,knowledge-management,Knowledge management,0.4856082499027252
W2100379340,information-technology,Information technology,0.4601813554763794
W2100379340,computer-science,Computer science,0.4584405720233917
W2100379340,information-system,Information system,0.4296700954437256
W2100379340,business,Business,0.36447417736053467
W2100379340,human–computer-interaction,Human–computer interaction,0.2902524471282959
W2100379340,engineering,Engineering,0.2711910009384155
W2100379340,usability,Usability,0.21097439527511597
W1791587663,technology-acceptance-model,Technology acceptance model,0.774070143699646
W1791587663,usability,Usability,0.6903417706489563
W1791587663,information-technology,Information technology,0.5204520225524902
W1791587663,information-system,Information system,0.4763255715370178
W1791587663,knowledge-management,Knowledge management,0.46507760882377625
W1791587663,business,Business,0.4482908844947815
W1791587663,marketing,Marketing,0.3457478880882263
W1791587663,psychology,Psychology,0.3446590304374695
W1791587663,computer-science,Computer science,0.33594757318496704
W1791587663,human–computer-interaction,Human–computer interaction,0.26274576783180237
W1791587663,engineering,Engineering,0.24387294054031372
W2047968138,visualization,Visualization,0.8796844482421875
W2047968138,python,Python (programming language),0.8672800660133362
W2047968138,scripting-language,Scripting language,0.753555417060852
W2047968138,graphical-user-interface,Graphical user interface,0.6472906470298767
W2047968138,computer-science,Computer science,0.6309030055999756
W2047968138,software,Software,0.6152693629264832
W2047968138,software-visualization,Software visualization,0.5948703289031982
W2047968138,plug-in,Plug-in,0.5435504913330078
W2047968138,computer-graphics,Computer graphics (images),0.4983663558959961
W2047968138,computational-science,Computational science,0.48627960681915283
W2047968138,interface,Interface (matter),0.4801703989505768
W2047968138,data-visualization,Data visualization,0.4527743458747864
W2047968138,interactive-visualization,Interactive visualization,0.43829137086868286
W2047968138,open-source,Open source,0.4326178729534149
W2047968138,user-interface,User interface,0.4269227683544159
W2047968138,data-mining,Data mining,0.26277145743370056
W2047968138,programming-language,Programming language,0.20554041862487793
W2047968138,software-development,Software development,0.180975079536438
W2047968138,component-based-software-engineering,Component-based software engineering,0.16280710697174072
W2047968138,operating-system,Operating system,0.13778680562973022
W2056330418,interpretation,Interpretation (philosophy),0.7966886758804321
W2056330418,triangulation,Triangulation,0.721717357635498
W2056330418,qualitative-research,Qualitative research,0.6052988171577454
W2056330418,case-study-research,Case study research,0.6013132929801941
W2056330418,sociology,Sociology,0.41200190782546997
W2056330418,psychology,Psychology,0.3923368453979492
W2056330418,mathematics-education,Mathematics education,0.381666898727417
W2056330418,epistemology,Epistemology,0.3712804317474365
W2056330418,linguistics,Linguistics,0.36909055709838867
W2056330418,management-science,Management science,0.18097731471061707
W2056330418,social-science,Social science,0.14177939295768738
W2056330418,philosophy,Philosophy,0.1031409502029419
W2056330418,geography,Geography,0.09533151984214783
W2056330418,engineering,Engineering,0.07370525598526001
W2056330418,cartography,Cartography,0.07166239619255066
W2329223578,grounded-theory,Grounded theory,0.7273971438407898
W2329223578,qualitative-research,Qualitative research,0.5186635255813599
W2329223578,psychology,Psychology,0.35383912920951843
W2329223578,sociology,Sociology,0.34181052446365356
W2329223578,social-science,Social science,0.08493930101394653
W4251751280,biology,Biology,0.5286983251571655
W4251751280,sampling,Sampling (signal processing),0.4835231304168701
W4251751280,computer-science,Computer science,0.4766945540904999
W4251751280,graphical-user-interface,Graphical user interface,0.47235047817230225
W4251751280,node,Node (physics),0.45716392993927
W4251751280,software,Software,0.45269614458084106
W4251751280,mega,Mega-,0.44983726739883423
W4251751280,bayesian-probability,Bayesian probability,0.42725038528442383
W4251751280,phylogenetic-tree,Phylogenetic tree,0.4162712097167969
W4251751280,data-mining,Data mining,0.3226308226585388
W4251751280,artificial-intelligence,Artificial intelligence,0.2104385793209076
W4251751280,gene,Gene,0.12268427014350891
W4251751280,genetics,Genetics,0.11378723382949829
W4251751280,operating-system,Operating system,0.11238735914230347
W3005235420,phylogenetic-tree,Phylogenetic tree,0.814988911151886
W3005235420,inference,Inference,0.7755405902862549
W3005235420,biology,Biology,0.7577626705169678
W3005235420,tree,Tree (set theory),0.6532394886016846
W3005235420,tree-rearrangement,Tree rearrangement,0.5064719915390015
W3005235420,software,Software,0.46727076172828674
W3005235420,evolutionary-biology,Evolutionary biology,0.45059734582901
W3005235420,computational-biology,Computational biology,0.42515161633491516
W3005235420,phylogenetic-network,Phylogenetic network,0.419842392206192
W3005235420,computer-science,Computer science,0.33490633964538574
W3005235420,machine-learning,Machine learning,0.33326712250709534
W3005235420,artificial-intelligence,Artificial intelligence,0.29413753747940063
W3005235420,genetics,Genetics,0.19439154863357544
W3005235420,gene,Gene,0.1085377037525177
W3005235420,mathematics,Mathematics,0.10267657041549683
W3005235420,programming-language,Programming language,0.08438938856124878
W2799524357,mega,Mega-,0.954684853553772
W2799524357,emulation,Emulation,0.7341845035552979
W2799524357,biology,Biology,0.7123891115188599
W2799524357,software,Software,0.6246368288993835
W2799524357,virtualization,Virtualization,0.5699940919876099
W2799524357,phylogenomics,Phylogenomics,0.5189033150672913
W2799524357,operating-system,Operating system,0.45067527890205383
W2799524357,os-x,OS X,0.41936415433883667
W2799524357,computer-science,Computer science,0.39244985580444336
W2799524357,computational-biology,Computational biology,0.34846800565719604
W2799524357,phylogenetic-tree,Phylogenetic tree,0.27822941541671753
W2799524357,genetics,Genetics,0.18265393376350403
W2799524357,cloud-computing,Cloud computing,0.15253958106040955
W2799524357,clade,Clade,0.07831022143363953
W2311203695,biology,Biology,0.9346779584884644
W2311203695,human-evolutionary-genetics,Human evolutionary genetics,0.6440477967262268
W2311203695,evolutionary-biology,Evolutionary biology,0.6051470637321472
W2311203695,computational-biology,Computational biology,0.43715065717697144
W2311203695,molecular-evolution,Molecular evolution,0.42207375168800354
W2311203695,genetics,Genetics,0.41489285230636597
W2311203695,phylogenetics,Phylogenetics,0.19888067245483398
W2311203695,gene,Gene,0.11333483457565308
W2111647009,tree,Tree (set theory),0.6472579836845398
W2111647009,inference,Inference,0.571142315864563
W2111647009,heuristics,Heuristics,0.5709285736083984
W2111647009,biology,Biology,0.5360522270202637
W2111647009,computer-science,Computer science,0.5003237724304199
W2111647009,software,Software,0.4543913006782532
W2111647009,phylogenomics,Phylogenomics,0.4482477307319641
W2111647009,algorithm,Algorithm,0.4353184103965759
W2111647009,maximum-likelihood,Maximum likelihood,0.41061896085739136
W2111647009,phylogenetic-tree,Phylogenetic tree,0.3770802617073059
W2111647009,machine-learning,Machine learning,0.3269936442375183
W2111647009,mathematics,Mathematics,0.2569357752799988
W2111647009,statistics,Statistics,0.2567107677459717
W2111647009,artificial-intelligence,Artificial intelligence,0.25472813844680786
W2111647009,combinatorics,Combinatorics,0.10725143551826477
W2160378127,multiple-sequence-alignment,Multiple sequence alignment,0.8219376802444458
W2160378127,usability,Usability,0.7088510990142822
W2160378127,software,Software,0.6282868981361389
W2160378127,sequence,Sequence (biology),0.589806318283081
W2160378127,biology,Biology,0.581939160823822
W2160378127,sequence-alignment,Sequence alignment,0.546352207660675
W2160378127,computer-science,Computer science,0.46704593300819397
W2160378127,human–computer-interaction,Human–computer interaction,0.143315851688385
W2160378127,genetics,Genetics,0.08639365434646606
W2160378127,programming-language,Programming language,0.07763966917991638
W2160378127,peptide-sequence,Peptide sequence,0.07362887263298035
W2152207030,biology,Biology,0.6660643815994263
W2152207030,phylogenetic-tree,Phylogenetic tree,0.6090471744537354
W2152207030,mega,Mega-,0.5820974111557007
W2152207030,phylogenetics,Phylogenetics,0.5538314580917358
W2152207030,divergence,Divergence (linguistics),0.5443888902664185
W2152207030,inference,Inference,0.5366353988647461
W2152207030,wizard,Wizard,0.4915555417537689
W2152207030,graphical-user-interface,Graphical user interface,0.47767123579978943
W2152207030,human-evolutionary-genetics,Human evolutionary genetics,0.4723181426525116
W2152207030,software,Software,0.4381397068500519
W2152207030,computer-science,Computer science,0.42937353253364563
W2152207030,multiple-sequence-alignment,Multiple sequence alignment,0.4222777783870697
W2152207030,sequence,Sequence (biology),0.4127037525177002
W2152207030,evolutionary-biology,Evolutionary biology,0.40993618965148926
W2152207030,sequence-alignment,Sequence alignment,0.3587774932384491
W2152207030,artificial-intelligence,Artificial intelligence,0.23148903250694275
W2152207030,programming-language,Programming language,0.2039056420326233
W2152207030,genetics,Genetics,0.13126027584075928
W2152207030,gene,Gene,0.08726522326469421
W2132632499,phylogenetic-tree,Phylogenetic tree,0.7961995005607605
W2132632499,biology,Biology,0.7576490640640259
W2132632499,maximum-parsimony,Maximum parsimony,0.6487250328063965
W2132632499,mega,Mega-,0.6361939907073975
W2132632499,phylogenetics,Phylogenetics,0.5265054106712341
W2132632499,tree,Tree (set theory),0.5169298052787781
W2132632499,evolutionary-biology,Evolutionary biology,0.515791654586792
W2132632499,molecular-evolution,Molecular evolution,0.5027823448181152
W2132632499,software,Software,0.4448775351047516
W2132632499,inference,Inference,0.4301987886428833
W2132632499,computational-biology,Computational biology,0.38033902645111084
W2132632499,genetics,Genetics,0.2789454758167267
W2132632499,computer-science,Computer science,0.2624303698539734
W2132632499,gene,Gene,0.24499186873435974
W2132632499,clade,Clade,0.21211692690849304
W2132632499,artificial-intelligence,Artificial intelligence,0.19993028044700623
W2132632499,mathematics,Mathematics,0.09162634611129761
W2125121305,mega,Mega-,0.7402401566505432
W2125121305,phylogenetic-tree,Phylogenetic tree,0.7204042077064514
W2125121305,biology,Biology,0.6203033924102783
W2125121305,transversion,Transversion,0.6177272796630859
W2125121305,software,Software,0.5804351568222046
W2125121305,substitution,Substitution (logic),0.4816283583641052
W2125121305,computer-science,Computer science,0.4342579245567322
W2125121305,genetics,Genetics,0.19248569011688232
W2125121305,programming-language,Programming language,0.15078037977218628
W2125121305,mutation,Mutation,0.1125551164150238
W2125121305,gene,Gene,0.10026755928993225
W2097706568,phylogenetic-tree,Phylogenetic tree,0.8660367727279663
W2097706568,tree,Tree (set theory),0.6832712888717651
W2097706568,biology,Biology,0.6167886257171631
W2097706568,cluster-analysis,Cluster analysis,0.6143583059310913
W2097706568,phylogenetic-network,Phylogenetic network,0.4964354634284973
W2097706568,tree-rearrangement,Tree rearrangement,0.4527584910392761
W2097706568,computational-phylogenetics,Computational phylogenetics,0.42657190561294556
W2097706568,algorithm,Algorithm,0.4053030014038086
W2097706568,mathematics,Mathematics,0.3559412360191345
W2097706568,computer-science,Computer science,0.3534051179885864
W2097706568,combinatorics,Combinatorics,0.3254692852497101
W2097706568,artificial-intelligence,Artificial intelligence,0.23859232664108276
W2097706568,gene,Gene,0.08304715156555176
W2097706568,genetics,Genetics,0.07016286253929138
W2161339576,biology,Biology,0.7288044691085815
W2161339576,statistic,Statistic,0.568405270576477
W2161339576,bayesian-probability,Bayesian probability,0.5600249767303467
W2161339576,homogeneous,Homogeneous,0.5484484434127808
W2161339576,biological-dispersal,Biological dispersal,0.523991048336029
W2161339576,statistics,Statistics,0.5233922600746155
W2161339576,identification,Identification (biology),0.516846239566803
W2161339576,microsatellite,Microsatellite,0.4901510179042816
W2161339576,software,Software,0.4694903492927551
W2161339576,population,Population,0.4685899615287781
W2161339576,sample,Sample (material),0.4561772048473358
W2161339576,sample-size-determination,Sample size determination,0.4408949613571167
W2161339576,evolutionary-biology,Evolutionary biology,0.4198170602321625
W2161339576,genetics,Genetics,0.2898001968860626
W2161339576,computer-science,Computer science,0.28409045934677124
W2161339576,mathematics,Mathematics,0.24113303422927856
W2161339576,ecology,Ecology,0.16668665409088135
W2161339576,demography,Demography,0.08981260657310486
W2161339576,gene,Gene,0.07736781239509583
W2004444667,pairwise-comparison,Pairwise comparison,0.5607267618179321
W2004444667,software,Software,0.5576448440551758
W2004444667,population,Population,0.5551691055297852
W2004444667,computer-science,Computer science,0.48345836997032166
W2004444667,genetic-distance,Genetic distance,0.446592777967453
W2004444667,allele-frequency,Allele frequency,0.41455233097076416
W2004444667,statistics,Statistics,0.4096852242946625
W2004444667,biology,Biology,0.4047636091709137
W2004444667,genotype,Genotype,0.3248550593852997
W2004444667,data-mining,Data mining,0.32161542773246765
W2004444667,genetics,Genetics,0.2149447798728943
W2004444667,artificial-intelligence,Artificial intelligence,0.206557035446167
W2004444667,programming-language,Programming language,0.1492966115474701
W2004444667,mathematics,Mathematics,0.1347283124923706
W2004444667,genetic-variation,Genetic variation,0.1308000087738037
W1990074132,suite,Suite,0.7714453935623169
W1990074132,computer-science,Computer science,0.6005585789680481
W1990074132,xml,XML,0.5563887357711792
W1990074132,graphics,Graphics,0.5401678085327148
W1990074132,series,Series (stratigraphy),0.5188649892807007
W1990074132,line,Line (geometry),0.49319690465927124
W1990074132,population,Population,0.4809814691543579
W1990074132,computation,Computation,0.4469701647758484
W1990074132,biology,Biology,0.4380638897418976
W1990074132,operating-system,Operating system,0.3132862150669098
W1990074132,programming-language,Programming language,0.28059831261634827
W1990074132,mathematics,Mathematics,0.10953378677368164
W2148941593,computation,Computation,0.794318437576294
W2148941593,reduction,Reduction (mathematics),0.5691465139389038
W2148941593,energy,Energy (signal processing),0.5486229658126831
W2148941593,relation,Relation (database),0.5342176556587219
W2148941593,total-energy,Total energy,0.4560839831829071
W2148941593,computer-science,Computer science,0.3769722580909729
W2148941593,algorithm,Algorithm,0.3625999689102173
W2148941593,statistical-physics,Statistical physics,0.3562559485435486
W2148941593,mathematics,Mathematics,0.268837034702301
W2148941593,statistics,Statistics,0.2540684640407562
W2148941593,physics,Physics,0.2443792223930359
W2148941593,data-mining,Data mining,0.13185882568359375
W2148941593,geometry,Geometry,0.07152250409126282
W2127322768,bottleneck,Bottleneck,0.7315343618392944
W2127322768,multiple-sequence-alignment,Multiple sequence alignment,0.6801485419273376
W2127322768,scalability,Scalability,0.6597875952720642
W2127322768,sequence-alignment,Sequence alignment,0.630226731300354
W2127322768,alignment-free-sequence-analysis,Alignment-free sequence analysis,0.6038969159126282
W2127322768,computer-science,Computer science,0.5861004590988159
W2127322768,sequence,Sequence (biology),0.5795316696166992
W2127322768,heuristic,Heuristic,0.5599843263626099
W2127322768,data-mining,Data mining,0.5339146256446838
W2127322768,quality,Quality (philosophy),0.49238336086273193
W2127322768,quality-score,Quality Score,0.48170357942581177
W2127322768,sequence-analysis,Sequence analysis,0.43082284927368164
W2127322768,computational-biology,Computational biology,0.4146310091018677
W2127322768,biology,Biology,0.3782466650009155
W2127322768,bioinformatics,Bioinformatics,0.3681403398513794
W2127322768,artificial-intelligence,Artificial intelligence,0.23031482100486755
W2127322768,peptide-sequence,Peptide sequence,0.19108903408050537
W2127322768,genetics,Genetics,0.17989873886108398
W2127322768,database,Database,0.161812424659729
W2127322768,gene,Gene,0.13896140456199646
W2955504961,computer-science,Computer science,0.37043535709381104
W3177828909,protein-structure-prediction,Protein structure prediction,0.77146977186203
W3177828909,computer-science,Computer science,0.6746793985366821
W3177828909,casp,CASP,0.5622652173042297
W3177828909,protein-structure,Protein structure,0.554833710193634
W3177828909,threading,Threading (protein sequence),0.5025038719177246
W3177828909,artificial-intelligence,Artificial intelligence,0.49291157722473145
W3177828909,machine-learning,Machine learning,0.49066460132598877
W3177828909,structural-bioinformatics,Structural bioinformatics,0.4842517077922821
W3177828909,artificial-neural-network,Artificial neural network,0.4583212435245514
W3177828909,protein-superfamily,Protein superfamily,0.4449215531349182
W3177828909,sequence,Sequence (biology),0.42229408025741577
W3177828909,function,Function (biology),0.4152410626411438
W3177828909,computational-biology,Computational biology,0.3396413028240204
W3177828909,biology,Biology,0.15472480654716492
W3004280078,outbreak,Outbreak,0.8033957481384277
W3004280078,pneumonia,Pneumonia,0.6770981550216675
W3004280078,coronavirus,Coronavirus,0.6759994029998779
W3004280078,virology,Virology,0.6506088376045227
W3004280078,biology,Biology,0.5862823128700256
W3004280078,severe-acute-respiratory-syndrome,Severe acute respiratory syndrome,0.5615421533584595
W3004280078,virus,Virus,0.504320502281189
W3004280078,severe-acute-respiratory-syndrome-coronavirus-2,Severe acute respiratory syndrome coronavirus 2 (SARS-CoV-2),0.46436259150505066
W3004280078,betacoronavirus,Betacoronavirus,0.4414023458957672
W3004280078,genome,Genome,0.42919105291366577
W3004280078,bronchoalveolar-lavage,Bronchoalveolar lavage,0.41837385296821594
W3004280078,coronavirus-disease-2019,Coronavirus disease 2019 (COVID-19),0.3645526170730591
W3004280078,immunology,Immunology,0.3442884087562561
W3004280078,medicine,Medicine,0.30591416358947754
W3004280078,gene,Gene,0.28539493680000305
W3004280078,genetics,Genetics,0.21642139554023743
W3004280078,lung,Lung,0.1687903106212616
W3004280078,infectious-disease,Infectious disease (medical specialty),0.09393376111984253
W3004280078,pathology,Pathology,0.0930757224559784
W3004280078,internal-medicine,Internal medicine,0.08694839477539062
W3004280078,disease,Disease,0.07391458749771118
W3035965352,python,Python (programming language),0.7924000024795532
W3035965352,interoperability,Interoperability,0.5767999887466431
W3035965352,syntax,Syntax,0.5175999999046326
W3035965352,programming-paradigm,Programming paradigm,0.47189998626708984
W3035965352,application-programming-interface,Application programming interface,0.43470001220703125
W3035965352,software,Software,0.4081999957561493
W3035965352,generic-programming,Generic programming,0.3366999924182892
W3035965352,computation,Computation,0.33250001072883606
W2257979135,monte-carlo-tree-search,Monte Carlo tree search,0.8648233413696289
W2257979135,computer-science,Computer science,0.7135846614837646
W2257979135,champion,Champion,0.6778748035430908
W2257979135,artificial-neural-network,Artificial neural network,0.6620959043502808
W2257979135,reinforcement-learning,Reinforcement learning,0.6127386093139648
W2257979135,artificial-intelligence,Artificial intelligence,0.5923349857330322
W2257979135,game-tree,Game tree,0.5547865629196167
W2257979135,value,Value (mathematics),0.5262364745140076
W2257979135,search-algorithm,Search algorithm,0.47257816791534424
W2257979135,tree,Tree (set theory),0.46185386180877686
W2257979135,deep-neural-networks,Deep neural networks,0.4301915168762207
W2257979135,machine-learning,Machine learning,0.4062724709510803
W2257979135,monte-carlo-method,Monte Carlo method,0.32089799642562866
W2257979135,sequential-game,Sequential game,0.3063604533672333
W2257979135,game-theory,Game theory,0.2619999051094055
W2257979135,algorithm,Algorithm,0.17269167304039001
W2257979135,mathematical-economics,Mathematical economics,0.11546275019645691
W2257979135,mathematics,Mathematics,0.09766724705696106
W2104549677,1000-genomes-project,1000 Genomes Project,0.6596741080284119
W2104549677,genome,Genome,0.5927777886390686
W2104549677,biology,Biology,0.5870188474655151
W2104549677,reference-genome,Reference genome,0.5823532938957214
W2104549677,genetic-variation,Genetic variation,0.5792258381843567
W2104549677,exome-sequencing,Exome sequencing,0.5580496788024902
W2104549677,single-nucleotide-polymorphism,Single-nucleotide polymorphism,0.5544956922531128
W2104549677,genetics,Genetics,0.5537416934967041
W2104549677,haplotype,Haplotype,0.5297934412956238
W2104549677,indel,Indel,0.5285143852233887
W2104549677,structural-variation,Structural variation,0.5155425071716309
W2104549677,tag-snp,Tag SNP,0.4988093376159668
W2104549677,genotyping,Genotyping,0.49519363045692444
W2104549677,human-genome,Human genome,0.4877665638923645
W2104549677,computational-biology,Computational biology,0.46890130639076233
W2104549677,human-genetic-variation,Human genetic variation,0.46719881892204285
W2104549677,exome,Exome,0.4664895534515381
W2104549677,snp-genotyping,SNP genotyping,0.4226377606391907
W2104549677,genome-wide-association-study,Genome-wide association study,0.41653817892074585
W2104549677,genotype,Genotype,0.20878955721855164
W2104549677,mutation,Mutation,0.16898080706596375
W2104549677,gene,Gene,0.15067875385284424
W2919115771,computer-science,Computer science,0.7997676134109497
W2919115771,deep-learning,Deep learning,0.7106125950813293
W2919115771,artificial-intelligence,Artificial intelligence,0.6407221555709839
W2919115771,abstraction,Abstraction,0.5962026119232178
W2919115771,representation,Representation (politics),0.5892231464385986
W2919115771,layer,Layer (electronics),0.4816502630710602
W2919115771,object,Object (grammar),0.45149773359298706
W2919115771,backpropagation,Backpropagation,0.45104220509529114
W2919115771,convolutional-neural-network,Convolutional neural network,0.4445376992225647
W2919115771,feature-learning,Feature learning,0.4232310354709625
W2919115771,pattern-recognition,Pattern recognition (psychology),0.41093748807907104
W2919115771,speech-recognition,Speech recognition,0.35180675983428955
W2919115771,artificial-neural-network,Artificial neural network,0.25419050455093384
W2145339207,reinforcement-learning,Reinforcement learning,0.851290225982666
W2145339207,computer-science,Computer science,0.7745993733406067
W2145339207,artificial-intelligence,Artificial intelligence,0.6636444330215454
W2145339207,variety,Variety (cybernetics),0.49360954761505127
W2145339207,deep-learning,Deep learning,0.478874146938324
W2145339207,control,Control (management),0.4245750904083252
W2145339207,perception,Perception,0.4232284724712372
W2145339207,human–computer-interaction,Human–computer interaction,0.4153679609298706
W2145339207,machine-learning,Machine learning,0.3331061005592346
W2259938310,encode,ENCODE,0.8439503908157349
W2259938310,human-genome,Human genome,0.7357423305511475
W2259938310,genome,Genome,0.6690371632575989
W2259938310,biology,Biology,0.5898326635360718
W2259938310,genetics,Genetics,0.5898042917251587
W2259938310,computational-biology,Computational biology,0.5852391123771667
W2259938310,gene,Gene,0.556760847568512
W2259938310,chromatin,Chromatin,0.5325580835342407
W2259938310,genome-project,Genome project,0.5229223966598511
W2259938310,encyclopedia,Encyclopedia,0.4507265090942383
W2259938310,expansive,Expansive,0.4170491099357605
W2259938310,computer-science,Computer science,0.136785089969635
W2006318126,subtext,Subtext,0.5937219858169556
W2006318126,george,George (robot),0.588015615940094
W2006318126,computer-science,Computer science,0.56620192527771
W2006318126,data-science,Data science,0.3559908866882324
W2006318126,sociology,Sociology,0.35437697172164917
W2006318126,world-wide-web,World Wide Web,0.35397934913635254
W2006318126,artificial-intelligence,Artificial intelligence,0.17412632703781128
W2125284466,massless-particle,Massless particle,0.752048671245575
W2125284466,dirac-fermion,Dirac fermion,0.724284827709198
W2125284466,graphene,Graphene,0.6683511137962341
W2125284466,fermion,Fermion,0.5968372821807861
W2125284466,physics,Physics,0.5609322786331177
W2125284466,dirac,Dirac (video compression format),0.47275978326797485
W2125284466,mathematical-physics,Mathematical physics,0.27015063166618347
W2125284466,quantum-mechanics,Quantum mechanics,0.23530858755111694
W2125284466,neutrino,Neutrino,0.0460817813873291
W2168909179,human-genome,Human genome,0.7639418840408325
W2168909179,genome,Genome,0.6034533381462097
W2168909179,sequence,Sequence (biology),0.5899392366409302
W2168909179,computational-biology,Computational biology,0.5185801982879639
W2168909179,whole-genome-sequencing,Whole genome sequencing,0.5033356547355652
W2168909179,biology,Biology,0.44075486063957214
W2168909179,dna-sequencing,DNA sequencing,0.4297698736190796
W2168909179,evolutionary-biology,Evolutionary biology,0.37277209758758545
W2168909179,data-science,Data science,0.3450303077697754
W2168909179,genetics,Genetics,0.2792503833770752
W2168909179,computer-science,Computer science,0.24533653259277344
W2168909179,gene,Gene,0.1879993975162506
W1949231392,battery,Battery (electricity),0.6783092021942139
W1949231392,lithium,Lithium (medication),0.6490326523780823
W1949231392,energy-density,Energy density,0.6377931833267212
W1949231392,energy-storage,Energy storage,0.43530458211898804
W1949231392,electronics,Electronics,0.42277759313583374
W1949231392,computer-science,Computer science,0.41947007179260254
W1949231392,nanotechnology,Nanotechnology,0.38751649856567383
W1949231392,systems-engineering,Systems engineering,0.3368672728538513
W1949231392,materials-science,Materials science,0.2375451922416687
W1949231392,engineering,Engineering,0.23045635223388672
W1949231392,engineering-physics,Engineering physics,0.2010304033756256
W1949231392,electrical-engineering,Electrical engineering,0.14993056654930115
W1949231392,power,Power (physics),0.06633758544921875
W2162348455,biodiversity,Biodiversity,0.8119522333145142
W2162348455,biodiversity-hotspot,Biodiversity hotspot,0.731669545173645
W2162348455,habitat,Habitat,0.6579924821853638
W2162348455,vertebrate,Vertebrate,0.5795979499816895
W2162348455,global-biodiversity,Global biodiversity,0.5392163991928101
W2162348455,geography,Geography,0.524002194404602
W2162348455,silver-bullet,Silver bullet,0.46372219920158386
W2162348455,flagship-species,Flagship species,0.45142924785614014
W2162348455,ecology,Ecology,0.4495026171207428
W2162348455,biodiversity-conservation,Biodiversity conservation,0.4417104125022888
W2162348455,umbrella-species,Umbrella species,0.43160688877105713
W2162348455,conservation-biology,Conservation biology,0.4294765889644623
W2162348455,environmental-resource-management,Environmental resource management,0.4114898145198822
W2162348455,agroforestry,Agroforestry,0.3678378462791443
W2162348455,biology,Biology,0.23604539036750793
W2162348455,endangered-species,Endangered species,0.2344871163368225
W2162348455,environmental-science,Environmental science,0.14676952362060547
W2097255042,gene,Gene,0.6771436333656311
W2097255042,biology,Biology,0.6620321273803711
W2097255042,gene-expression,Gene expression,0.6160029768943787
W2097255042,dna-microarray,DNA microarray,0.6126793026924133
W2097255042,breast-cancer,Breast cancer,0.5271641612052917
W2097255042,gene-expression-profiling,Gene expression profiling,0.4779784083366394
W2097255042,human-genome,Human genome,0.47398772835731506
W2097255042,cancer-research,Cancer research,0.3990905284881592
W2097255042,cancer,Cancer,0.37548863887786865
W2097255042,genetics,Genetics,0.323824942111969
W2097255042,genome,Genome,0.28728920221328735
W2112090702,small-world-network,Small-world network,0.6486706733703613
W2112090702,computer-science,Computer science,0.6024969816207886
W2112090702,topology,Topology (electrical circuits),0.5308272242546082
W2112090702,complex-network,Complex network,0.47772952914237976
W2112090702,dynamical-systems-theory,Dynamical systems theory,0.46515876054763794
W2112090702,average-path-length,Average path length,0.44760367274284363
W2112090702,complex-system,Complex system,0.44709649682044983
W2112090702,network-topology,Network topology,0.4312276840209961
W2112090702,theoretical-computer-science,Theoretical computer science,0.42730477452278137
W2112090702,random-graph,Random graph,0.4194236099720001
W2112090702,analogy,Analogy,0.41106054186820984
W2112090702,distributed-computing,Distributed computing,0.37224864959716797
W2112090702,graph,Graph,0.35474473237991333
W2112090702,shortest-path-problem,Shortest path problem,0.3507688045501709
W2112090702,mathematics,Mathematics,0.2510664463043213
W2112090702,artificial-intelligence,Artificial intelligence,0.23495134711265564
W2112090702,physics,Physics,0.23088502883911133
W2746485780,natural-capital,Natural capital,0.8993206024169922
W2746485780,biosphere,Biosphere,0.8455216884613037
W2746485780,ecosystem-services,Ecosystem services,0.7719939351081848
W2746485780,biome,Biome,0.628756046295166
W2746485780,natural-resource-economics,Natural resource economics,0.5959882140159607
W2746485780,value,Value (mathematics),0.5149760842323303
W2746485780,ecosystem,Ecosystem,0.47561293840408325
W2746485780,business,Business,0.4268264174461365
W2746485780,economics,Economics,0.38527417182922363
W2746485780,environmental-science,Environmental science,0.35016700625419617
W2746485780,agricultural-economics,Agricultural economics,0.3347349166870117
W2746485780,ecology,Ecology,0.2506762742996216
W2746485780,biology,Biology,0.0937410295009613
W2746485780,computer-science,Computer science,0.09353107213973999
W2042602209,mesoporous-material,Mesoporous material,0.8883672952651978
W2042602209,microporous-material,Microporous material,0.8268222808837891
W2042602209,aluminosilicate,Aluminosilicate,0.7186989188194275
W2042602209,materials-science,Materials science,0.6697279810905457
W2042602209,chemical-engineering,Chemical engineering,0.6614001989364624
W2042602209,calcination,Calcination,0.6464453935623169
W2042602209,molecular-sieve,Molecular sieve,0.5760000944137573
W2042602209,mesophase,Mesophase,0.5578996539115906
W2042602209,pulmonary-surfactant,Pulmonary surfactant,0.5331840515136719
W2042602209,intercalation,Intercalation (chemistry),0.523338258266449
W2042602209,sorption,Sorption,0.505922257900238
W2042602209,amorphous-solid,Amorphous solid,0.44459348917007446
W2042602209,crystal,Crystal (programming language),0.4183487892150879
W2042602209,silicate,Silicate,0.41032496094703674
W2042602209,adsorption,Adsorption,0.4037061929702759
W2042602209,mineralogy,Mineralogy,0.3331730365753174
W2042602209,nanotechnology,Nanotechnology,0.3284572958946228
W2042602209,inorganic-chemistry,Inorganic chemistry,0.22283408045768738
W2042602209,chemistry,Chemistry,0.22253379225730896
W2042602209,crystallography,Crystallography,0.20952117443084717
W2042602209,liquid-crystal,Liquid crystal,0.19997939467430115
W2042602209,catalysis,Catalysis,0.19628146290779114
W2042602209,organic-chemistry,Organic chemistry,0.19364529848098755
W2042602209,composite-material,Composite material,0.11391577124595642
W1980216394,materials-science,Materials science,0.6847094893455505
W1980216394,optoelectronics,Optoelectronics,0.6095888614654541
W1980216394,photovoltaic-system,Photovoltaic system,0.5703278183937073
W1980216394,energy-conversion-efficiency,Energy conversion efficiency,0.5453651547431946
W1980216394,solar-energy,Solar energy,0.4703894853591919
W1980216394,ray,Ray,0.44063520431518555
W1980216394,titanium-dioxide,Titanium dioxide,0.4347415566444397
W1980216394,solar-cell,Solar cell,0.4265567362308502
W1980216394,energy-transformation,Energy transformation,0.42258888483047485
W1980216394,electricity-generation,Electricity generation,0.41266492009162903
W1980216394,optics,Optics,0.34545278549194336
W1980216394,electrical-engineering,Electrical engineering,0.10624456405639648
W1980216394,composite-material,Composite material,0.07566049695014954
W1980216394,power,Power (physics),0.07257428765296936
W2018858346,carbon-nanotube,Carbon nanotube,0.7327455282211304
W2018858346,carbon-arc-welding,Carbon arc welding,0.7230772972106934
W2018858346,fullerene,Fullerene,0.6975291967391968
W2018858346,carbon-fibers,Carbon fibers,0.6862542629241943
W2018858346,materials-science,Materials science,0.6115267276763916
W2018858346,nanotechnology,Nanotechnology,0.5985826253890991
W2018858346,microelectronics,Microelectronics,0.5769439935684204
W2018858346,tube,Tube (container),0.5707806944847107
W2018858346,coaxial,Coaxial,0.5534682869911194
W2018858346,evaporation,Evaporation,0.5257918834686279
W2018858346,electric-arc,Electric arc,0.51547771692276
W2018858346,electron-microscope,Electron microscope,0.47764599323272705
W2018858346,graphene,Graphene,0.4626738727092743
W2018858346,nanometre,Nanometre,0.4406457841396332
W2018858346,graphite,Graphite,0.41975176334381104
W2018858346,composite-material,Composite material,0.30396580696105957
W2018858346,electrode,Electrode,0.2504799962043762
W2018858346,chemistry,Chemistry,0.21531575918197632
W2018858346,microstructure,Microstructure,0.14506033062934875
W2018858346,physics,Physics,0.13453054428100586
W2018858346,optics,Optics,0.13216042518615723
W1498436455,computer-science,Computer science,0.7298640012741089
W1498436455,task,Task (project management),0.6556844711303711
W1498436455,convergence,Convergence (economics),0.5840983390808105
W1498436455,measure,Measure (data warehouse),0.5679824948310852
W1498436455,backpropagation,Backpropagation,0.554955244064331
W1498436455,artificial-intelligence,Artificial intelligence,0.5459311604499817
W1498436455,multilayer-perceptron,Multilayer perceptron,0.5023832321166992
W1498436455,perceptron,Perceptron,0.4628514349460602
W1498436455,domain,Domain (mathematical analysis),0.4491805136203766
W1498436455,artificial-neural-network,Artificial neural network,0.40863555669784546
W1498436455,algorithm,Algorithm,0.38808953762054443
W1498436455,pattern-recognition,Pattern recognition (psychology),0.36775532364845276
W1498436455,mathematics,Mathematics,0.20277661085128784
W1498436455,data-mining,Data mining,0.15907788276672363
W1498436455,engineering,Engineering,0.0586581826210022
W11476871,buckminsterfullerene,Buckminsterfullerene,0.8081778287887573
W11476871,fullerene,Fullerene,0.6759398579597473
W11476871,carbon-fibers,Carbon fibers,0.6633621454238892
W11476871,molecule,Molecule,0.5984712243080139
W11476871,graphite,Graphite,0.5954973697662354
W11476871,crystallography,Crystallography,0.5090484023094177
W11476871,cluster,Cluster (spacecraft),0.5035623908042908
W11476871,atom,Atom (system on chip),0.48147904872894287
W11476871,tetrahedron,Tetrahedron,0.41423434019088745
W11476871,chemistry,Chemistry,0.38864004611968994
W11476871,materials-science,Materials science,0.3742069602012634
W11476871,chemical-physics,Chemical physics,0.32556265592575073
W11476871,organic-chemistry,Organic chemistry,0.08349609375
W2030522563,antibody,Antibody,0.7734081149101257
W2030522563,spleen,Spleen,0.709119439125061
W2030522563,cell-culture,Cell culture,0.6610949635505676
W2030522563,monoclonal-antibody,Monoclonal antibody,0.6530435085296631
W2030522563,cell-fusion,Cell fusion,0.5695931315422058
W2030522563,multiple-myeloma,Multiple myeloma,0.5179671049118042
W2030522563,secretion,Secretion,0.45583677291870117
W2030522563,molecular-biology,Molecular biology,0.4485968351364136
W2030522563,cell,Cell,0.4458843767642975
W2030522563,tissue-culture,Tissue culture,0.4355594217777252
W2030522563,biology,Biology,0.42325013875961304
W2030522563,immunology,Immunology,0.3628475069999695
W2030522563,in-vitro,In vitro,0.1799764335155487
W2030522563,genetics,Genetics,0.09232723712921143
W2030522563,biochemistry,Biochemistry,0.07657504081726074
W2042492216,photodissociation,Photodissociation,0.9062066078186035
W2042492216,electrode,Electrode,0.6252312064170837
W2042492216,semiconductor,Semiconductor,0.6224496960639954
W2042492216,electrochemistry,Electrochemistry,0.6059406995773315
W2042492216,wavelength,Wavelength,0.5790213346481323
W2042492216,visible-spectrum,Visible spectrum,0.5755870938301086
W2042492216,radiation,Radiation,0.4939292073249817
W2042492216,materials-science,Materials science,0.4855456054210663
W2042492216,photochemistry,Photochemistry,0.4404894709587097
W2042492216,optoelectronics,Optoelectronics,0.4068375825881958
W2042492216,chemistry,Chemistry,0.32833927869796753
W2042492216,optics,Optics,0.3179521858692169
W2042492216,physics,Physics,0.10702413320541382
W2042492216,physical-chemistry,Physical chemistry,0.0671243667602539
W2100837269,bacteriophage,Bacteriophage,0.846632719039917
W2100837269,cleavage,Cleavage (geology),0.7375386357307434
W2100837269,gel-electrophoresis,Gel electrophoresis,0.48121264576911926
W2100837269,chemistry,Chemistry,0.46676796674728394
W2100837269,head,Head (geology),0.43610110878944397
W2100837269,gene,Gene,0.4176764488220215
W2100837269,biology,Biology,0.39367613196372986
W2100837269,biochemistry,Biochemistry,0.3236052989959717
W2100837269,computational-biology,Computational biology,0.3203319311141968
W2100837269,escherichia-coli,Escherichia coli,0.13284960389137268
W2963276645,microbiome,Microbiome,0.7692012786865234
W2963276645,scalability,Scalability,0.6612159013748169
W2963276645,extensibility,Extensibility,0.6170313954353333
W2963276645,computer-science,Computer science,0.581027090549469
W2963276645,computational-biology,Computational biology,0.5356760621070862
W2963276645,data-science,Data science,0.3914947807788849
W2963276645,biology,Biology,0.3179319202899933
W2963276645,bioinformatics,Bioinformatics,0.2061787247657776
W2963276645,database,Database,0.15453827381134033
W2963276645,programming-language,Programming language,0.11720123887062073
W2126419817,genome,Genome,0.7409360408782959
W2126419817,reference-genome,Reference genome,0.7260090112686157
W2126419817,biology,Biology,0.6834714412689209
W2126419817,de-novo-transcriptome-assembly,De novo transcriptome assembly,0.64532470703125
W2126419817,computational-biology,Computational biology,0.6135594844818115
W2126419817,sequence-assembly,Sequence assembly,0.6085283756256104
W2126419817,transcriptome,Transcriptome,0.6057320833206177
W2126419817,massive-parallel-sequencing,Massive parallel sequencing,0.5571618676185608
W2126419817,deep-sequencing,Deep sequencing,0.49691513180732727
W2126419817,genetics,Genetics,0.4765872657299042
W2126419817,rna-seq,RNA-Seq,0.427846759557724
W2126419817,gene,Gene,0.3499322533607483
W2126419817,gene-expression,Gene expression,0.1307155191898346
W2021341670,genomics,Genomics,0.6123813986778259
W2021341670,computational-biology,Computational biology,0.5521961450576782
W2021341670,profiling,Profiling (computer programming),0.5401095747947693
W2021341670,human-genome,Human genome,0.5290471911430359
W2021341670,genome,Genome,0.5146063566207886
W2021341670,exome-sequencing,Exome sequencing,0.4959014356136322
W2021341670,biology,Biology,0.45571163296699524
W2021341670,exome,Exome,0.4307190179824829
W2021341670,visualization,Visualization,0.42012184858322144
W2021341670,genome-browser,Genome browser,0.4130708575248718
W2021341670,data-science,Data science,0.3629804849624634
W2021341670,computer-science,Computer science,0.33059316873550415
W2021341670,genetics,Genetics,0.2799226939678192
W2021341670,data-mining,Data mining,0.21953502297401428
W2021341670,gene,Gene,0.15812408924102783
W2021341670,mutation,Mutation,0.07202449440956116
W2141458291,biology,Biology,0.7781194448471069
W2141458291,rna-seq,RNA-Seq,0.7158679962158203
W2141458291,gene,Gene,0.5963231921195984
W2141458291,rna-splicing,RNA splicing,0.5755772590637207
W2141458291,transcriptome,Transcriptome,0.5195286870002747
W2141458291,computational-biology,Computational biology,0.5154929757118225
W2141458291,alternative-splicing,Alternative splicing,0.5114783048629761
W2141458291,genetics,Genetics,0.5073880553245544
W2141458291,genome,Genome,0.43963974714279175
W2141458291,de-novo-transcriptome-assembly,De novo transcriptome assembly,0.4165131747722626
W2141458291,gene-expression,Gene expression,0.35659369826316833
W2141458291,gene-isoform,Gene isoform,0.35334059596061707
W2141458291,rna,RNA,0.3519098460674286
W2080752012,stable-isotope-labeling-by-amino-acids-in-cell-culture,Stable isotope labeling by amino acids in cell culture,0.8639340400695801
W2080752012,proteome,Proteome,0.688882052898407
W2080752012,peptide,Peptide,0.6502377986907959
W2080752012,mass-spectrometry,Mass spectrometry,0.6289993524551392
W2080752012,label-free-quantification,Label-free quantification,0.5818591117858887
W2080752012,chemistry,Chemistry,0.5622481107711792
W2080752012,quantitative-proteomics,Quantitative proteomics,0.5413283109664917
W2080752012,proteomics,Proteomics,0.47128596901893616
W2080752012,computational-biology,Computational biology,0.4262898862361908
W2080752012,fragmentation,Fragmentation (computing),0.4171944856643677
W2080752012,computer-science,Computer science,0.26828527450561523
W2080752012,biology,Biology,0.2653055191040039
W2080752012,chromatography,Chromatography,0.21038854122161865
W2080752012,biochemistry,Biochemistry,0.19276762008666992
W2103017472,biology,Biology,0.8429308533668518
W2103017472,organism,Organism,0.6488568782806396
W2103017472,gene,Gene,0.5840559601783752
W2103017472,computational-biology,Computational biology,0.5738978385925293
W2103017472,ontology,Ontology,0.5459999442100525
W2103017472,function,Function (biology),0.5443418025970459
W2103017472,gene-ontology,Gene ontology,0.5228477120399475
W2103017472,vocabulary,Vocabulary,0.4514719843864441
W2103017472,controlled-vocabulary,Controlled vocabulary,0.41424939036369324
W2103017472,genetics,Genetics,0.4134269654750824
W2103017472,world-wide-web,World Wide Web,0.17770352959632874
W2103017472,computer-science,Computer science,0.15165922045707703
W2103017472,gene-expression,Gene expression,0.08938449621200562
W2053328406,supercapacitor,Supercapacitor,0.8706486225128174
W2053328406,capacitor,Capacitor,0.7934235334396362
W2053328406,materials-science,Materials science,0.7480804324150085
W2053328406,nanotechnology,Nanotechnology,0.6227828860282898
W2053328406,energy-storage,Energy storage,0.5942183136940002
W2053328406,capacitance,Capacitance,0.4984931945800781
W2053328406,electrochemistry,Electrochemistry,0.46930861473083496
W2053328406,pseudocapacitor,Pseudocapacitor,0.4549323320388794
W2053328406,electrode,Electrode,0.4227748215198517
W2053328406,electrical-engineering,Electrical engineering,0.17121273279190063
W2053328406,chemistry,Chemistry,0.1004096269607544
W2053328406,voltage,Voltage,0.08201894164085388
W2053328406,power,Power (physics),0.07565039396286011
W2014935324,graphene,Graphene,0.8266844749450684
W2014935324,physics,Physics,0.5290569067001343
W2014935324,theoretical-physics,Theoretical physics,0.41971367597579956
W2014935324,nanotechnology,Nanotechnology,0.4052455425262451
W2014935324,engineering-physics,Engineering physics,0.32718485593795776
W2014935324,quantum-mechanics,Quantum mechanics,0.2553931474685669
W2014935324,materials-science,Materials science,0.2120385468006134
W3003257820,python,Python (programming language),0.8144000172615051
W3003257820,code,Code (set theory),0.3677999973297119
W3003257820,source-code,Source code,0.3310999870300293
W3003257820,de-facto,De facto,0.31940001249313354
W3003257820,function,Function (biology),0.27619999647140503
W2614081736,phylogenetic-tree,Phylogenetic tree,0.6934901475906372
W2614081736,selection,Selection (genetic algorithm),0.6412668228149414
W2614081736,computational-biology,Computational biology,0.5103313326835632
W2614081736,evolutionary-biology,Evolutionary biology,0.5030943751335144
W2614081736,model-selection,Model selection,0.48823121190071106
W2614081736,biology,Biology,0.4627642035484314
W2614081736,phylogenetics,Phylogenetics,0.421338826417923
W2614081736,computer-science,Computer science,0.4123092293739319
W2614081736,genetics,Genetics,0.286182701587677
W2614081736,artificial-intelligence,Artificial intelligence,0.2731832265853882
W2614081736,gene,Gene,0.15801721811294556
W2401404581,amplicon,Amplicon,0.7383043766021729
W2401404581,computational-biology,Computational biology,0.45612916350364685
W2401404581,biology,Biology,0.4550909996032715
W2401404581,sample,Sample (material),0.4321700930595398
W2401404581,computer-science,Computer science,0.3426400423049927
W2401404581,genetics,Genetics,0.3086959719657898
W2401404581,polymerase-chain-reaction,Polymerase chain reaction,0.18808287382125854
W2401404581,gene,Gene,0.0953461229801178
W2102278945,search-engine-indexing,Search engine indexing,0.7797301411628723
W2102278945,computer-science,Computer science,0.6696760654449463
W2102278945,genome,Genome,0.6130795478820801
W2102278945,index,Index (typography),0.5961594581604004
W2102278945,computational-biology,Computational biology,0.4586487114429474
W2102278945,reference-genome,Reference genome,0.4369007647037506
W2102278945,alignment-free-sequence-analysis,Alignment-free sequence analysis,0.4205266237258911
W2102278945,sequence-alignment,Sequence alignment,0.3690887689590454
W2102278945,data-mining,Data mining,0.35906121134757996
W2102278945,biology,Biology,0.24501535296440125
W2102278945,genetics,Genetics,0.20604249835014343
W2102278945,artificial-intelligence,Artificial intelligence,0.1750081181526184
W2102278945,gene,Gene,0.13718190789222717
W2088833470,operational-taxonomic-unit,Operational taxonomic unit,0.8773243427276611
W2088833470,amplicon,Amplicon,0.8146806955337524
W2088833470,biology,Biology,0.6769152879714966
W2088833470,computational-biology,Computational biology,0.5449718832969666
W2088833470,amplicon-sequencing,Amplicon sequencing,0.536700427532196
W2088833470,pipeline,Pipeline (software),0.5350844264030457
W2088833470,genetics,Genetics,0.3695705831050873
W2088833470,gene,Gene,0.3679884076118469
W2088833470,computer-science,Computer science,0.19330453872680664
W2088833470,polymerase-chain-reaction,Polymerase chain reaction,0.1557832956314087
W2088833470,16s-ribosomal-rna,16S ribosomal RNA,0.1487906575202942
W2170551349,computer-science,Computer science,0.8297092914581299
W2170551349,flexibility,Flexibility (engineering),0.6157448887825012
W2170551349,dynamic-programming,Dynamic programming,0.5945197343826294
W2170551349,software,Software,0.5853263735771179
W2170551349,throughput,Throughput,0.5686576962471008
W2170551349,index,Index (typography),0.44332340359687805
W2170551349,sensitivity,Sensitivity (control systems),0.4383930563926697
W2170551349,parallel-computing,Parallel computing,0.42312443256378174
W2170551349,algorithm,Algorithm,0.4093164801597595
W2170551349,computer-hardware,Computer hardware,0.4004729688167572
W2170551349,programming-language,Programming language,0.11826357245445251
W2170551349,operating-system,Operating system,0.10001629590988159
W2170551349,mathematics,Mathematics,0.07229828834533691
W2167279371,plug-in,Plug-in,0.7968225479125977
W2167279371,scripting-language,Scripting language,0.7427409291267395
W2167279371,software,Software,0.7294418215751648
W2167279371,computer-science,Computer science,0.6895824670791626
W2167279371,software-engineering,Software engineering,0.5444047451019287
W2167279371,transformation,Transformation (genetics),0.5180606842041016
W2167279371,open-source-software,Open source software,0.5150746703147888
W2167279371,data-science,Data science,0.45642492175102234
W2167279371,open-source,Open source,0.45319992303848267
W2167279371,image-processing,Image processing,0.4263134300708771
W2167279371,software-evolution,Software evolution,0.42412638664245605
W2167279371,architecture,Architecture,0.42303386330604553
W2167279371,software-system,Software system,0.35240375995635986
W2167279371,image,Image (mathematics),0.3295063376426697
W2167279371,artificial-intelligence,Artificial intelligence,0.2247014343738556
W2167279371,software-construction,Software construction,0.1864013373851776
W2167279371,operating-system,Operating system,0.13912498950958252
W2167279371,biology,Biology,0.1254453957080841
W1969042907,heuristics,Heuristics,0.7471519708633423
W1969042907,computer-science,Computer science,0.6716815233230591
W1969042907,parallel-computing,Parallel computing,0.4321977198123932
W1969042907,computational-biology,Computational biology,0.40729820728302
W1969042907,theoretical-computer-science,Theoretical computer science,0.33960431814193726
W1969042907,biology,Biology,0.23401561379432678
W2099540110,software,Software,0.621753990650177
W2099540110,image,Image (mathematics),0.559729814529419
W2099540110,computer-science,Computer science,0.5305975675582886
W2099540110,data-science,Data science,0.5069634914398193
W2099540110,image-processing,Image processing,0.4299114942550659
W2099540110,image-analysis,Image analysis,0.4125780165195465
W2099540110,computer-graphics,Computer graphics (images),0.3277042508125305
W2099540110,computer-vision,Computer vision,0.31053590774536133
W2099540110,digital-image-processing,Digital image processing,0.18196529150009155
W2072970694,throughput,Throughput,0.6459513306617737
W2072970694,dna-sequencing,DNA sequencing,0.5613970160484314
W2072970694,computational-biology,Computational biology,0.5422040820121765
W2072970694,computer-science,Computer science,0.42203304171562195
W2072970694,biology,Biology,0.3838846683502197
W2072970694,genetics,Genetics,0.21648186445236206
W2072970694,dna,DNA,0.21480432152748108
W2072970694,telecommunications,Telecommunications,0.1069248616695404
W2115786064,nanoelectronics,Nanoelectronics,0.8033382296562195
W2115786064,materials-science,Materials science,0.7590578198432922
W2115786064,graphene,Graphene,0.6391867995262146
W2115786064,nanotechnology,Nanotechnology,0.6170459985733032
W2115786064,electronics,Electronics,0.607887327671051
W2115786064,optoelectronics,Optoelectronics,0.5988296270370483
W2115786064,photodetector,Photodetector,0.5790348052978516
W2115786064,fabrication,Fabrication,0.5464545488357544
W2115786064,electroluminescence,Electroluminescence,0.5337091088294983
W2115786064,exfoliation-joint,Exfoliation joint,0.4936119318008423
W2115786064,heterojunction,Heterojunction,0.490852415561676
W2115786064,transition-metal,Transition metal,0.4742514193058014
W2115786064,flexible-electronics,Flexible electronics,0.4119490087032318
W2115786064,layer,Layer (electronics),0.1580199897289276
W2115786064,electrical-engineering,Electrical engineering,0.08582276105880737
W2115786064,chemistry,Chemistry,0.07683929800987244
W2114570899,gene-expression,Gene expression,0.6127510070800781
W2114570899,gene,Gene,0.5778536796569824
W2114570899,computational-biology,Computational biology,0.5545055866241455
W2114570899,real-time-polymerase-chain-reaction,Real-time polymerase chain reaction,0.4846220910549164
W2114570899,biology,Biology,0.42712530493736267
W2114570899,computer-science,Computer science,0.3992552161216736
W2114570899,genetics,Genetics,0.28067123889923096
W2158217645,annotation,Annotation,0.6726853847503662
W2158217645,identifier,Identifier,0.6368038654327393
W2158217645,computational-biology,Computational biology,0.5728387832641602
W2158217645,gene-annotation,Gene Annotation,0.5717206001281738
W2158217645,computer-science,Computer science,0.5396834015846252
W2158217645,cluster-analysis,Cluster analysis,0.5352562069892883
W2158217645,genome,Genome,0.49247655272483826
W2158217645,gene,Gene,0.4674704074859619
W2158217645,upload,Upload,0.46373453736305237
W2158217645,table,Table (database),0.4585549235343933
W2158217645,protocol,Protocol (science),0.4479213058948517
W2158217645,gene-prediction,Gene prediction,0.4411672055721283
W2158217645,biological-data,Biological data,0.4354853332042694
W2158217645,bioinformatics,Bioinformatics,0.43543821573257446
W2158217645,biology,Biology,0.36021119356155396
W2158217645,data-mining,Data mining,0.3539499044418335
W2158217645,genetics,Genetics,0.23010271787643433
W2158217645,world-wide-web,World Wide Web,0.17453444004058838
W2158217645,artificial-intelligence,Artificial intelligence,0.13157907128334045
W2158217645,medicine,Medicine,0.08049798011779785
W2588681363,observational-study,Observational study,0.8442878127098083
W2588681363,randomized-controlled-trial,Randomized controlled trial,0.745958149433136
W2588681363,meta-analysis,Meta-analysis,0.7153692245483398
W2588681363,medicine,Medicine,0.6820136904716492
W2588681363,pediatrics,Pediatrics,0.42819932103157043
W2588681363,intensive-care-medicine,Intensive care medicine,0.3513449728488922
W2588681363,internal-medicine,Internal medicine,0.21269625425338745
W2136922672,computer-science,Computer science,0.6181809306144714
W2136922672,associative-property,Associative property,0.6104428172111511
W2136922672,prior-probability,Prior probability,0.6033684611320496
W2136922672,discriminative-model,Discriminative model,0.6006438732147217
W2136922672,generative-model,Generative model,0.5821776390075684
W2136922672,content-addressable-memory,Content-addressable memory,0.5790008306503296
W2136922672,artificial-intelligence,Artificial intelligence,0.518548309803009
W2136922672,inference,Inference,0.5151444673538208
W2136922672,algorithm,Algorithm,0.5123823285102844
W2136922672,generative-grammar,Generative grammar,0.49288058280944824
W2136922672,pattern-recognition,Pattern recognition (psychology),0.41743335127830505
W2136922672,deep-belief-network,Deep belief network,0.4116544723510742
W2136922672,artificial-neural-network,Artificial neural network,0.35492727160453796
W2136922672,mathematics,Mathematics,0.2631392776966095
W2136922672,bayesian-probability,Bayesian probability,0.1179332435131073
W2064675550,term,Term (time),0.6298137307167053
W2064675550,short-term-memory,Short-term memory,0.4886475205421448
W2064675550,computer-science,Computer science,0.41314831376075745
W2064675550,mathematics,Mathematics,0.3207841217517853
W2064675550,psychology,Psychology,0.3027428686618805
W2064675550,neuroscience,Neuroscience,0.2080390453338623
W2064675550,cognition,Cognition,0.18833708763122559
W2064675550,working-memory,Working memory,0.18085071444511414
W2064675550,physics,Physics,0.14113420248031616
W2076063813,artificial-intelligence,Artificial intelligence,0.8018152117729187
W2076063813,deep-learning,Deep learning,0.7810457944869995
W2076063813,computer-science,Computer science,0.6988939046859741
W2076063813,artificial-neural-network,Artificial neural network,0.6003633737564087
W2076063813,backpropagation,Backpropagation,0.5765635967254639
W2076063813,reinforcement-learning,Reinforcement learning,0.5615653991699219
W2076063813,machine-learning,Machine learning,0.5442067384719849
W2076063813,deep-neural-networks,Deep neural networks,0.5094214081764221
W2076063813,unsupervised-learning,Unsupervised learning,0.4837512969970703
W2076063813,recurrent-neural-network,Recurrent neural network,0.4351067543029785
W2076063813,encoding,Encoding (memory),0.4228900372982025
W2076063813,evolutionary-computation,Evolutionary computation,0.41810259222984314
W2076063813,supervised-learning,Supervised learning,0.4155861437320709
W2137983211,feed-forward,Feed forward,0.807479202747345
W2137983211,feedforward-neural-network,Feedforward neural network,0.6575025320053101
W2137983211,computer-science,Computer science,0.6333081722259521
W2137983211,class,Class (philosophy),0.5201911926269531
W2137983211,function,Function (biology),0.4788541793823242
W2137983211,space,Space (punctuation),0.4452223479747772
W2137983211,artificial-neural-network,Artificial neural network,0.43661007285118103
W2137983211,degree,Degree (music),0.4314894676208496
W2137983211,control-theory,Control theory (sociology),0.38720983266830444
W2137983211,artificial-intelligence,Artificial intelligence,0.37771302461624146
W2137983211,algorithm,Algorithm,0.37398457527160645
W2137983211,mathematics,Mathematics,0.372821569442749
W2137983211,topology,Topology (electrical circuits),0.3270167112350464
W2137983211,control,Control (management),0.24069198966026306
W2137983211,control-engineering,Control engineering,0.0796055793762207
W2137983211,physics,Physics,0.06483808159828186
W1981276685,claus-process,Claus process,0.8337738513946533
W1981276685,syngas,Syngas,0.6914013028144836
W1981276685,acid-gas,Acid gas,0.6833041310310364
W1981276685,process-engineering,Process engineering,0.6116880178451538
W1981276685,hydrogen-sulfide,Hydrogen sulfide,0.5702946186065674
W1981276685,process,Process (computing),0.5054676532745361
W1981276685,environmental-science,Environmental science,0.5011658668518066
W1981276685,computer-science,Computer science,0.4979109764099121
W1981276685,work,Work (physics),0.4284433424472809
W1981276685,sulfur-dioxide,Sulfur dioxide,0.4186505079269409
W1981276685,natural-gas,Natural gas,0.4174850583076477
W1981276685,sulfur,Sulfur,0.4077361524105072
W1981276685,waste-management,Waste management,0.29895246028900146
W1981276685,hydrogen,Hydrogen,0.20546957850456238
W1981276685,chemistry,Chemistry,0.18942368030548096
W1981276685,engineering,Engineering,0.16195514798164368
W1981276685,mechanical-engineering,Mechanical engineering,0.12218686938285828
W2058046532,voxel,Voxel,0.7666248083114624
W2058046532,statistical-parametric-mapping,Statistical parametric mapping,0.7204750776290894
W2058046532,computer-science,Computer science,0.6450714468955994
W2058046532,artificial-intelligence,Artificial intelligence,0.5873947143554688
W2058046532,neuroimaging,Neuroimaging,0.5529600977897644
W2058046532,pattern-recognition,Pattern recognition (psychology),0.5315069556236267
W2058046532,set,Set (abstract data type),0.48188430070877075
W2058046532,hum,Hum,0.4721679091453552
W2058046532,computer-vision,Computer vision,0.3660150468349457
W2058046532,neuroscience,Neuroscience,0.24392816424369812
W2058046532,magnetic-resonance-imaging,Magnetic resonance imaging,0.19234031438827515
W2058046532,psychology,Psychology,0.17789676785469055
W2058046532,medicine,Medicine,0.11243656277656555
W2156220037,dementia,Dementia,0.730445384979248
W2156220037,disease,Disease,0.7122862935066223
W2156220037,neuropsychology,Neuropsychology,0.602016806602478
W2156220037,memory-clinic,Memory clinic,0.508000910282135
W2156220037,medicine,Medicine,0.47828635573387146
W2156220037,alzheimers-disease,Alzheimer's disease,0.4745115637779236
W2156220037,cognition,Cognition,0.4495958089828491
W2156220037,psychology,Psychology,0.422306627035141
W2156220037,physical-medicine-and-rehabilitation,Physical medicine and rehabilitation,0.4042970538139343
W2156220037,psychiatry,Psychiatry,0.3628232479095459
W2156220037,physical-therapy,Physical therapy,0.34549465775489807
W2156220037,pediatrics,Pediatrics,0.3415576219558716
W2156220037,pathology,Pathology,0.1470041275024414
W249845531,neuroscience,Neuroscience,0.4549424946308136
W249845531,psychology,Psychology,0.2784397602081299
W2136022845,psychology,Psychology,0.7406697869300842
W2136022845,humanities,Humanities,0.4533117115497589
W2136022845,population,Population,0.43329542875289917
W2136022845,demography,Demography,0.13798657059669495
W2136022845,art,Art,0.07408773899078369
W3001897055,pneumonia,Pneumonia,0.799533486366272
W3001897055,coronavirus-disease-2019,Coronavirus disease 2019 (COVID-19),0.7675634622573853
W3001897055,coronavirus,Coronavirus,0.7485353946685791
W3001897055,severe-acute-respiratory-syndrome-coronavirus-2,Severe acute respiratory syndrome coronavirus 2 (SARS-CoV-2),0.651328444480896
W3001897055,2019-20-coronavirus-outbreak,2019-20 coronavirus outbreak,0.6465785503387451
W3001897055,virology,Virology,0.5727970004081726
W3001897055,china,China,0.5474737286567688
W3001897055,medicine,Medicine,0.508660614490509
W3001897055,betacoronavirus,Betacoronavirus,0.4843333959579468
W3001897055,geography,Geography,0.2749224901199341
W3001897055,internal-medicine,Internal medicine,0.20134767889976501
W3001897055,outbreak,Outbreak,0.14580398797988892
W3001897055,infectious-disease,Infectious disease (medical specialty),0.07421615719795227
W3001897055,archaeology,Archaeology,0.06353196501731873
W3001897055,disease,Disease,0.053421735763549805
W3008827533,medicine,Medicine,0.8485515713691711
W3008827533,interquartile-range,Interquartile range,0.8070341348648071
W3008827533,lymphocytopenia,Lymphocytopenia,0.6866891980171204
W3008827533,intensive-care-unit,Intensive care unit,0.6684219241142273
W3008827533,mechanical-ventilation,Mechanical ventilation,0.6509377956390381
W3008827533,pneumonia,Pneumonia,0.52577805519104
W3008827533,contact-tracing,Contact tracing,0.4276133179664612
W3008827533,disease,Disease,0.4109407067298889
W3008827533,internal-medicine,Internal medicine,0.4026678204536438
W3008827533,coronavirus-disease-2019,Coronavirus disease 2019 (COVID-19),0.38312166929244995
W3008827533,pediatrics,Pediatrics,0.3417245149612427
W3008827533,emergency-medicine,Emergency medicine,0.3281744122505188
W3008827533,infectious-disease,Infectious disease (medical specialty),0.10835719108581543
W3003668884,coronavirus,Coronavirus,0.7126489281654358
W3003668884,transmission,Transmission (telecommunications),0.7003795504570007
W3003668884,pneumonia,Pneumonia,0.6606046557426453
W3003668884,coronavirus-disease-2019,Coronavirus disease 2019 (COVID-19),0.6593557000160217
W3003668884,virology,Virology,0.6162883043289185
W3003668884,china,China,0.6147558689117432
W3003668884,severe-acute-respiratory-syndrome-coronavirus-2,Severe acute respiratory syndrome coronavirus 2 (SARS-CoV-2),0.5867806673049927
W3003668884,2019-20-coronavirus-outbreak,2019-20 coronavirus outbreak,0.5132420063018799
W3003668884,dynamics,Dynamics (music),0.4259312152862549
W3003668884,medicine,Medicine,0.32312852144241333
W3003668884,geography,Geography,0.31274765729904175
W3003668884,outbreak,Outbreak,0.18322709202766418
W3003668884,computer-science,Computer science,0.15690496563911438
W3003668884,telecommunications,Telecommunications,0.13640367984771729
W3003668884,physics,Physics,0.12600603699684143
W3003668884,disease,Disease,0.07871004939079285
W3003668884,infectious-disease,Infectious disease (medical specialty),0.07755953073501587
W3003668884,internal-medicine,Internal medicine,0.0772031843662262
W3003668884,acoustics,Acoustics,0.04718324542045593
W2096287682,temozolomide,Temozolomide,0.9764206409454346
W2096287682,medicine,Medicine,0.9484020471572876
W2096287682,radiation-therapy,Radiation therapy,0.8710354566574097
W2096287682,concomitant,Concomitant,0.780035138130188
W2096287682,glioblastoma,Glioblastoma,0.7699881792068481
W2096287682,adjuvant,Adjuvant,0.6591497659683228
W2096287682,adjuvant-radiotherapy,Adjuvant radiotherapy,0.5421302318572998
W2096287682,oncology,Oncology,0.49493616819381714
W2096287682,internal-medicine,Internal medicine,0.42100799083709717
W2096287682,surgery,Surgery,0.359193354845047
W2096287682,cancer-research,Cancer research,0.08392763137817383
W2158822657,metformin,Metformin,0.8987743854522705
W2158822657,medicine,Medicine,0.8716344833374023
W2158822657,overweight,Overweight,0.7579923868179321
W2158822657,type-2-diabetes,Type 2 diabetes,0.7482286691665649
W2158822657,confidence-interval,Confidence interval,0.7315791249275208
W2158822657,diabetes-mellitus,Diabetes mellitus,0.6932340860366821
W2158822657,placebo,Placebo,0.6755014657974243
W2158822657,body-mass-index,Body mass index,0.6287409067153931
W2158822657,incidence,Incidence (geometry),0.5842607617378235
W2158822657,weight-loss,Weight loss,0.5714200139045715
W2158822657,obesity,Obesity,0.5585675835609436
W2158822657,internal-medicine,Internal medicine,0.4630342721939087
W2158822657,endocrinology,Endocrinology,0.3582497835159302
W2324841714,medicine,Medicine,0.8268814086914062
W2324841714,cholesterol,Cholesterol,0.6746659874916077
W2324841714,disease,Disease,0.6499041318893433
W2324841714,atherosclerotic-cardiovascular-disease,Atherosclerotic cardiovascular disease,0.5322154760360718
W2324841714,inflammation,Inflammation,0.5016050338745117
W2324841714,arteriosclerosis,Arteriosclerosis,0.45637333393096924
W2324841714,high-density-lipoprotein,High-density lipoprotein,0.42798638343811035
W2324841714,lipoprotein,Lipoprotein,0.4252077639102936
W2324841714,internal-medicine,Internal medicine,0.39293724298477173
W2324841714,cardiology,Cardiology,0.32022085785865784
W2769264260,medicine,Medicine,0.9629592895507812
W2769264260,diabetes-mellitus,Diabetes mellitus,0.8924418687820435
W2769264260,insulin,Insulin,0.7009605765342712
W2769264260,complication,Complication,0.47194164991378784
W2769264260,intensive-care-medicine,Intensive care medicine,0.43325188755989075
W2769264260,internal-medicine,Internal medicine,0.4260214567184448
W2769264260,endocrinology,Endocrinology,0.2745823264122009
W2128158076,range,Range (aeronautics),0.6202182769775391
W2128158076,software,Software,0.6170210242271423
W2128158076,set,Set (abstract data type),0.4882783889770508
W2128158076,tracking,Tracking (education),0.46066394448280334
W2128158076,computer-science,Computer science,0.45572155714035034
W2128158076,physics,Physics,0.41170161962509155
W2128158076,systems-engineering,Systems engineering,0.3350667357444763
W2128158076,computational-science,Computational science,0.33030346035957336
W2128158076,aerospace-engineering,Aerospace engineering,0.2989880442619324
W2128158076,programming-language,Programming language,0.2097477912902832
W2128158076,engineering,Engineering,0.20860260725021362
W2900569176,string,String (physics),0.6766728758811951
W2900569176,kegg,KEGG,0.6750853061676025
W2900569176,biology,Biology,0.6289007663726807
W2900569176,computational-biology,Computational biology,0.5931608080863953
W2900569176,computer-science,Computer science,0.48944273591041565
W2900569176,cluster-analysis,Cluster analysis,0.4722900986671448
W2900569176,genome,Genome,0.45498907566070557
W2900569176,data-mining,Data mining,0.44463470578193665
W2900569176,interaction-network,Interaction network,0.4307992160320282
W2900569176,gene-ontology,Gene ontology,0.41916584968566895
W2900569176,set,Set (abstract data type),0.4162874221801758
W2900569176,gene,Gene,0.2524731755256653
W2900569176,machine-learning,Machine learning,0.21071302890777588
W2900569176,genetics,Genetics,0.20602190494537354
W2146512944,biology,Biology,0.7850059866905212
W2146512944,bioconductor,Bioconductor,0.7602983713150024
W2146512944,computational-biology,Computational biology,0.5245012044906616
W2146512944,dna-microarray,DNA microarray,0.5161619782447815
W2146512944,microarray-analysis-techniques,Microarray analysis techniques,0.4967110753059387
W2146512944,gene-chip-analysis,Gene chip analysis,0.4920177161693573
W2146512944,expression,Expression (computer science),0.42569592595100403
W2146512944,data-mining,Data mining,0.37824398279190063
W2146512944,gene-expression,Gene expression,0.36390072107315063
W2146512944,genetics,Genetics,0.3326911926269531
W2146512944,gene,Gene,0.3221820592880249
W2146512944,computer-science,Computer science,0.24341070652008057
W2034285706,biology,Biology,0.8342951536178589
W2034285706,ribosomal-rna,Ribosomal RNA,0.6854864358901978
W2034285706,upload,Upload,0.567541778087616
W2034285706,gene,Gene,0.4848538637161255
W2034285706,computational-biology,Computational biology,0.46369919180870056
W2034285706,archaea,Archaea,0.412430077791214
W2034285706,database,Database,0.3959012031555176
W2034285706,genetics,Genetics,0.3244456648826599
W2034285706,computer-science,Computer science,0.21676912903785706
W2034285706,world-wide-web,World Wide Web,0.1949877142906189
W2132926880,benchmark,Benchmark (surveying),0.7124455571174622
W2132926880,multiple-sequence-alignment,Multiple sequence alignment,0.6760332584381104
W2132926880,biology,Biology,0.5016913414001465
W2132926880,computer-science,Computer science,0.47832274436950684
W2132926880,rank,Rank (graph theory),0.4745957553386688
W2132926880,sequence-alignment,Sequence alignment,0.43878284096717834
W2132926880,source-code,Source code,0.4250113070011139
W2132926880,tree,Tree (set theory),0.4102921783924103
W2132926880,mathematics,Mathematics,0.11400958895683289
W2132926880,combinatorics,Combinatorics,0.10886672139167786
W2127774996,fast-fourier-transform,Fast Fourier transform,0.9406638741493225
W2127774996,computer-science,Computer science,0.6328438520431519
W2127774996,multiple-sequence-alignment,Multiple sequence alignment,0.6160598397254944
W2127774996,split-radix-fft-algorithm,Split-radix FFT algorithm,0.5625407695770264
W2127774996,sequence,Sequence (biology),0.5342841148376465
W2127774996,parallel-computing,Parallel computing,0.49869370460510254
W2127774996,benchmark,Benchmark (surveying),0.4728822112083435
W2127774996,algorithm,Algorithm,0.4424092173576355
W2127774996,heuristics,Heuristics,0.44188937544822693
W2127774996,sequence-alignment,Sequence alignment,0.43373316526412964
W2127774996,fourier-transform,Fourier transform,0.3567464351654053
W2127774996,computational-science,Computational science,0.3344338536262512
W2127774996,biology,Biology,0.3166871964931488
W2127774996,mathematics,Mathematics,0.21415069699287415
W2127774996,peptide-sequence,Peptide sequence,0.17830577492713928
W2127774996,fourier-analysis,Fourier analysis,0.17540767788887024
W2127774996,short-time-fourier-transform,Short-time Fourier transform,0.0891600251197815
W2108244474,biology,Biology,0.8071881532669067
W2108244474,real-time-polymerase-chain-reaction,Real-time polymerase chain reaction,0.7580071091651917
W2108244474,computational-biology,Computational biology,0.6194368600845337
W2108244474,polymerase-chain-reaction,Polymerase chain reaction,0.5552145838737488
W2108244474,complementary-dna,Complementary DNA,0.5131005048751831
W2108244474,biological-system,Biological system,0.48011350631713867
W2108244474,melting-curve-analysis,Melting curve analysis,0.4718841314315796
W2108244474,reproducibility,Reproducibility,0.4693033993244171
W2108244474,sample,Sample (material),0.46757274866104126
W2108244474,nucleic-acid,Nucleic acid,0.44912058115005493
W2108244474,digital-polymerase-chain-reaction,Digital polymerase chain reaction,0.4459347724914551
W2108244474,gene-expression,Gene expression,0.4376636743545532
W2108244474,gene,Gene,0.4338514804840088
W2108244474,genetics,Genetics,0.3381038308143616
W2108244474,statistics,Statistics,0.26435112953186035
W2108244474,mathematics,Mathematics,0.15279409289360046
W2108244474,chromatography,Chromatography,0.1495845913887024
W4294216483,kegg,KEGG,0.9769691824913025
W4294216483,genome,Genome,0.767094612121582
W4294216483,biology,Biology,0.7576679587364197
W4294216483,gene,Gene,0.5470009446144104
W4294216483,computational-biology,Computational biology,0.47921615839004517
W4294216483,genome-project,Genome project,0.422437846660614
W4294216483,genetics,Genetics,0.33942723274230957
W4294216483,database,Database,0.33625102043151855
W4294216483,gene-expression,Gene expression,0.18716448545455933
W4294216483,transcriptome,Transcriptome,0.10212519764900208
W4294216483,computer-science,Computer science,0.09130153059959412
W2130479394,protein-data-bank,Protein Data Bank,0.8908383846282959
W2130479394,biology,Biology,0.716464102268219
W2130479394,data-bank,Data bank,0.5913676619529724
W2130479394,resource,Resource (disambiguation),0.457016259431839
W2130479394,bioinformatics,Bioinformatics,0.33719009160995483
W2130479394,computer-science,Computer science,0.23986902832984924
W2130479394,protein-structure,Protein structure,0.21725156903266907
W2130479394,biochemistry,Biochemistry,0.12411364912986755
W2159482845,kegg,KEGG,0.9863882064819336
W2159482845,genome,Genome,0.7883027195930481
W2159482845,biology,Biology,0.7498883008956909
W2159482845,gene,Gene,0.6637636423110962
W2159482845,encyclopedia,Encyclopedia,0.584698498249054
W2159482845,computational-biology,Computational biology,0.5517145395278931
W2159482845,genetics,Genetics,0.3963298499584198
W2159482845,gene-expression,Gene expression,0.2130175530910492
W2159482845,transcriptome,Transcriptome,0.13742297887802124
W2159482845,computer-science,Computer science,0.07681253552436829
W2158714788,iterated-function,Iterated function,0.7070569396018982
W2158714788,heuristic,Heuristic,0.5888642072677612
W2158714788,sequence,Sequence (biology),0.5642471313476562
W2158714788,biology,Biology,0.5280450582504272
W2158714788,position,Position (finance),0.49953246116638184
W2158714788,sequence-database,Sequence database,0.48701292276382446
W2158714788,computer-science,Computer science,0.47795748710632324
W2158714788,computational-biology,Computational biology,0.35194486379623413
W2158714788,database,Database,0.34751009941101074
W2158714788,genetics,Genetics,0.23505869507789612
W2158714788,artificial-intelligence,Artificial intelligence,0.21271920204162598
W2158714788,mathematics,Mathematics,0.17015138268470764
W2158714788,gene,Gene,0.09966525435447693
W2097382368,multiple-sequence-alignment,Multiple sequence alignment,0.7760351896286011
W2097382368,unix,Unix,0.6608473062515259
W2097382368,sequence-alignment,Sequence alignment,0.6316449046134949
W2097382368,graphics,Graphics,0.5756497383117676
W2097382368,sequence,Sequence (biology),0.5333445072174072
W2097382368,alignment-free-sequence-analysis,Alignment-free sequence analysis,0.5321148037910461
W2097382368,computer-science,Computer science,0.500781774520874
W2097382368,sequence-analysis,Sequence analysis,0.4927811920642853
W2097382368,interface,Interface (matter),0.4909975826740265
W2097382368,biology,Biology,0.4699150621891022
W2097382368,x86,x86,0.43172574043273926
W2097382368,microsoft-windows,Microsoft Windows,0.41871872544288635
W2097382368,bioinformatics,Bioinformatics,0.32533925771713257
W2097382368,software,Software,0.2915147542953491
W2097382368,computer-graphics,Computer graphics (images),0.26670312881469727
W2097382368,operating-system,Operating system,0.25707417726516724
W2097382368,genetics,Genetics,0.16720789670944214
W2097382368,peptide-sequence,Peptide sequence,0.16673287749290466
W2106882534,biology,Biology,0.8525751829147339
W2106882534,sequence,Sequence (biology),0.6658541560173035
W2106882534,position,Position (finance),0.6124318838119507
W2106882534,weighting,Weighting,0.6122018694877625
W2106882534,multiple-sequence-alignment,Multiple sequence alignment,0.5901205539703369
W2106882534,sensitivity,Sensitivity (control systems),0.5045861005783081
W2106882534,sequence-alignment,Sequence alignment,0.48709750175476074
W2106882534,matrix,Matrix (chemical analysis),0.4711683392524719
W2106882534,genetics,Genetics,0.44320806860923767
W2106882534,computational-biology,Computational biology,0.3739122152328491
W2106882534,peptide-sequence,Peptide sequence,0.1926737129688263
W2106882534,gene,Gene,0.10918062925338745
W2118094114,biology,Biology,0.9463198184967041
W2118094114,simple,Simple (philosophy),0.639983057975769
W2118094114,dna,DNA,0.6357040405273438
W2118094114,salting-out,Salting out,0.5088081955909729
W2118094114,computational-biology,Computational biology,0.47789227962493896
W2118094114,genetics,Genetics,0.3973824381828308
W2118094114,biological-system,Biological system,0.38537105917930603
W2118094114,molecular-biology,Molecular biology,0.3694854974746704
W1483247593,sequence,Sequence (biology),0.6113287210464478
W1483247593,computer-science,Computer science,0.5408636927604675
W1483247593,computational-biology,Computational biology,0.38537919521331787
W1483247593,biology,Biology,0.2012123167514801
W1483247593,genetics,Genetics,0.13145911693572998
W2169528473,mathematics,Mathematics,0.8300296664237976
W2169528473,numerical-analysis,Numerical analysis,0.547304093837738
W2169528473,calculus,Calculus (dental),0.33224713802337646
W2169528473,mathematical-analysis,Mathematical analysis,0.15548723936080933
W2122328334,content-analysis,Content analysis,0.6908636689186096
W2122328334,dependability,Dependability,0.6214922070503235
W2122328334,credibility,Credibility,0.6184321045875549
W2122328334,qualitative-research,Qualitative research,0.5924768447875977
W2122328334,meaning,Meaning (existential),0.5873859524726868
W2122328334,interpretation,Interpretation (philosophy),0.5233792066574097
W2122328334,pragmatics,Pragmatics,0.4828825294971466
W2122328334,computer-science,Computer science,0.47943419218063354
W2122328334,psychology,Psychology,0.40014809370040894
W2122328334,epistemology,Epistemology,0.33582738041877747
W2122328334,linguistics,Linguistics,0.286371111869812
W2122328334,sociology,Sociology,0.21759119629859924
W2122328334,social-science,Social science,0.10437756776809692
W2146691185,grounded-theory,Grounded theory,0.7718111276626587
W2146691185,qualitative-research,Qualitative research,0.4884147047996521
W2146691185,psychology,Psychology,0.46265751123428345
W2146691185,sociology,Sociology,0.19562798738479614
W2146691185,social-science,Social science,0.084300696849823
W2398350456,george,George (robot),0.7982633113861084
W2398350456,library-science,Library science,0.6311818957328796
W2398350456,classics,Classics,0.4126882553100586
W2398350456,gerontology,Gerontology,0.4098752737045288
W2398350456,history,History,0.3503241539001465
W2398350456,medicine,Medicine,0.34008678793907166
W2398350456,art-history,Art history,0.17143473029136658
W2398350456,computer-science,Computer science,0.06526774168014526
W2035618305,bioconductor,Bioconductor,0.9328314661979675
W2035618305,r-package,R package,0.7585163712501526
W2035618305,workflow,Workflow,0.7308250665664673
W2035618305,computer-science,Computer science,0.622323751449585
W2035618305,visualization,Visualization,0.5160757899284363
W2035618305,source-code,Source code,0.4907187223434448
W2035618305,process,Process (computing),0.4580790400505066
W2035618305,bespoke,Bespoke,0.45226162672042847
W2035618305,pipeline,Pipeline (software),0.41717061400413513
W2035618305,data-science,Data science,0.3778015971183777
W2035618305,world-wide-web,World Wide Web,0.33113622665405273
W2035618305,computational-biology,Computational biology,0.33040136098861694
W2035618305,database,Database,0.2877715229988098
W2035618305,data-mining,Data mining,0.26299911737442017
W2035618305,gene,Gene,0.2181127965450287
W2035618305,biology,Biology,0.20418515801429749
W2035618305,programming-language,Programming language,0.1518324315547943
W2035618305,genetics,Genetics,0.09068939089775085
W2132454116,knowledge-management,Knowledge management,0.7998224496841431
W2132454116,tacit-knowledge,Tacit knowledge,0.7728623151779175
W2132454116,organizational-learning,Organizational learning,0.7065098881721497
W2132454116,perspective,Perspective (graphical),0.5724014043807983
W2132454116,knowledge-value-chain,Knowledge value chain,0.5689248442649841
W2132454116,knowledge-creation,Knowledge creation,0.5560723543167114
W2132454116,explicit-knowledge,Explicit knowledge,0.5440582036972046
W2132454116,dynamic-capabilities,Dynamic capabilities,0.5027809143066406
W2132454116,computer-science,Computer science,0.4902213215827942
W2132454116,personal-knowledge-management,Personal knowledge management,0.43608373403549194
W2132454116,body-of-knowledge,Body of knowledge,0.4288327097892761
W2132454116,theme,Theme (computing),0.41956645250320435
W2132454116,business,Business,0.2755298912525177
W2132454116,artificial-intelligence,Artificial intelligence,0.09068644046783447
W2164284962,organizational-learning,Organizational learning,0.7010631561279297
W2164284962,argument,Argument (complex analysis),0.6436445713043213
W2164284962,competition,Competition (biology),0.5734140872955322
W2164284962,competitive-advantage,Competitive advantage,0.5645507574081421
W2164284962,knowledge-management,Knowledge management,0.5309167504310608
W2164284962,relation,Relation (database),0.5046852827072144
W2164284962,space,Space (punctuation),0.5005483627319336
W2164284962,computer-science,Computer science,0.4117785096168518
W2164284962,business,Business,0.40970414876937866
W2164284962,industrial-organization,Industrial organization,0.3275766968727112
W2164284962,marketing,Marketing,0.17524278163909912
W2164284962,ecology,Ecology,0.10423967242240906
W2099697766,theory-of-planned-behavior,Theory of planned behavior,0.8603204488754272
W2099697766,psychology,Psychology,0.7904657125473022
W2099697766,expectancy-theory,Expectancy theory,0.7043168544769287
W2099697766,normative,Normative,0.677580714225769
W2099697766,variance,Variance (accounting),0.5770643353462219
W2099697766,social-psychology,Social psychology,0.5706764459609985
W2099697766,perception,Perception,0.507665753364563
W2099697766,control,Control (management),0.48835036158561707
W2099697766,value,Value (mathematics),0.4625524878501892
W2099697766,cognitive-psychology,Cognitive psychology,0.3736320734024048
W2099697766,statistics,Statistics,0.148562490940094
W2099697766,mathematics,Mathematics,0.09377801418304443
W2099697766,computer-science,Computer science,0.08163410425186157
W3196369884,psychology,Psychology,0.49424245953559875
W3196369884,classification-of-mental-disorders,Classification of mental disorders,0.44591522216796875
W3196369884,psychiatry,Psychiatry,0.29309457540512085
W3196369884,prevalence-of-mental-disorders,Prevalence of mental disorders,0.1330307424068451
W3196369884,mental-health,Mental health,0.11410912871360779
W2121393013,nationalism,Nationalism,0.8555064797401428
W2121393013,political-science,Political science,0.4421643614768982
W2121393013,geography,Geography,0.3472668528556824
W2121393013,economic-geography,Economic geography,0.32512325048446655
W2121393013,law,Law,0.09429964423179626
W2121393013,politics,Politics,0.04729664325714111
W2183707334,univariate,Univariate,0.8023345470428467
W2183707334,software,Software,0.6720093488693237
W2183707334,software-package,Software package,0.6005068421363831
W2183707334,computer-science,Computer science,0.5913165211677551
W2183707334,r-package,R package,0.5739841461181641
W2183707334,computational-statistics,Computational statistics,0.550504207611084
W2183707334,range,Range (aeronautics),0.5405669808387756
W2183707334,simple,Simple (philosophy),0.508234441280365
W2183707334,multivariate-statistics,Multivariate statistics,0.48233577609062195
W2183707334,statistical-analysis,Statistical analysis,0.4784793555736542
W2183707334,data-type,Data type,0.44314005970954895
W2183707334,data-file,Data file,0.4373343884944916
W2183707334,paleontology,Paleontology,0.4041450023651123
W2183707334,data-mining,Data mining,0.3762873411178589
W2183707334,statistics,Statistics,0.35761725902557373
W2183707334,biology,Biology,0.24749919772148132
W2183707334,mathematics,Mathematics,0.19951367378234863
W2183707334,computational-science,Computational science,0.18449175357818604
W2183707334,programming-language,Programming language,0.17573925852775574
W2183707334,machine-learning,Machine learning,0.1599063277244568
W2183707334,engineering,Engineering,0.11960390210151672
W1781458262,nanorod,Nanorod,0.8463753461837769
W1781458262,template,Template,0.7589083313941956
W1781458262,materials-science,Materials science,0.750565767288208
W1781458262,nanowire,Nanowire,0.6594448089599609
W1781458262,nanostructure,Nanostructure,0.6387414932250977
W1781458262,nanotechnology,Nanotechnology,0.6247602701187134
W1781458262,texture,Texture (cosmology),0.572787880897522
W1781458262,action,Action (physics),0.43033134937286377
W1781458262,metal,Metal,0.420940101146698
W1781458262,characterization,Characterization (materials science),0.41878581047058105
W1781458262,computer-science,Computer science,0.13394412398338318
W1781458262,metallurgy,Metallurgy,0.0934436023235321
W1781458262,artificial-intelligence,Artificial intelligence,0.07830655574798584
W2158698691,receiver-operating-characteristic,Receiver operating characteristic,0.7874913215637207
W2158698691,computer-science,Computer science,0.6445135474205017
W2158698691,machine-learning,Machine learning,0.593196451663971
W2158698691,artificial-intelligence,Artificial intelligence,0.5683961510658264
W2158698691,simple,Simple (philosophy),0.42129582166671753
W2158698691,data-mining,Data mining,0.3750741183757782
W2158698691,pattern-recognition,Pattern recognition (psychology),0.33918648958206177
W2101157755,officer,Officer,0.7295122146606445
W2101157755,george,George (robot),0.5932570099830627
W2101157755,management,Management,0.5115042924880981
W2101157755,library-science,Library science,0.4612976014614105
W2101157755,citation,Citation,0.4281456172466278
W2101157755,operations-research,Operations research,0.3566606342792511
W2101157755,engineering,Engineering,0.3189506530761719
W2101157755,political-science,Political science,0.2827279567718506
W2101157755,law,Law,0.2650091052055359
W2101157755,computer-science,Computer science,0.25661033391952515
W2101157755,artificial-intelligence,Artificial intelligence,0.24782705307006836
W2009667219,patch-clamp,Patch clamp,0.6946359276771545
W2009667219,current,Current (fluid),0.6471846103668213
W2009667219,membrane,Membrane,0.468722939491272
W2009667219,resolution,Resolution (logic),0.46512576937675476
W2009667219,current-clamp,Current clamp,0.434957891702652
W2009667219,materials-science,Materials science,0.39641815423965454
W2009667219,biophysics,Biophysics,0.3554728627204895
W2009667219,chemistry,Chemistry,0.32691073417663574
W2009667219,computer-science,Computer science,0.25220704078674316
W2009667219,biology,Biology,0.2132502794265747
W2009667219,electrophysiology,Electrophysiology,0.1925746202468872
W2009667219,neuroscience,Neuroscience,0.15111508965492249
W2009667219,engineering,Engineering,0.12604835629463196
W2009667219,electrical-engineering,Electrical engineering,0.12599432468414307
W2009667219,artificial-intelligence,Artificial intelligence,0.07238289713859558
W2567289819,philosophy,Philosophy,0.35967400670051575
W1988091937,valence,Valence (chemistry),0.8383452892303467
W1988091937,basis-set,Basis set,0.7031936645507812
W1988091937,chemistry,Chemistry,0.6410636901855469
W1988091937,gaussian,Gaussian,0.5772233009338379
W1988091937,density-functional-theory,Density functional theory,0.5107152462005615
W1988091937,dipole,Dipole,0.49432992935180664
W1988091937,atomic-physics,Atomic physics,0.46037039160728455
W1988091937,computational-chemistry,Computational chemistry,0.4193655550479889
W1988091937,molecular-physics,Molecular physics,0.33653032779693604
W1988091937,physics,Physics,0.28024762868881226
W2230728100,physics,Physics,0.6478919982910156
W2230728100,hartree–fock-method,Hartree–Fock method,0.5939865112304688
W2230728100,electron,Electron,0.5808104276657104
W2230728100,fermi-gas,Fermi gas,0.5562978982925415
W2230728100,hartree,Hartree,0.5167864561080933
W2230728100,electronic-correlation,Electronic correlation,0.5076378583908081
W2230728100,ground-state,Ground state,0.49910879135131836
W2230728100,quantum-electrodynamics,Quantum electrodynamics,0.42498451471328735
W2230728100,quantum-mechanics,Quantum mechanics,0.41066858172416687
W1986407511,certainty,Certainty,0.6567863821983337
W1986407511,element,Element (criminal law),0.6496984362602234
W1986407511,function,Function (biology),0.5635532140731812
W1986407511,basis,Basis (linear algebra),0.5578262209892273
W1986407511,physical-system,Physical system,0.5362898707389832
W1986407511,wave-function,Wave function,0.4905685782432556
W1986407511,quantum,Quantum,0.4776838421821594
W1986407511,computer-science,Computer science,0.40888699889183044
W1986407511,physics,Physics,0.4087558388710022
W1986407511,theoretical-physics,Theoretical physics,0.36151599884033203
W1986407511,quantum-mechanics,Quantum mechanics,0.3497779965400696
W1986407511,classical-mechanics,Classical mechanics,0.34768956899642944
W1986407511,mathematics,Mathematics,0.3367622494697571
W1986407511,geometry,Geometry,0.07904863357543945
W1981368803,simple,Simple (philosophy),0.8251444697380066
W1981368803,scaling,Scaling,0.6654375195503235
W1981368803,statistical-physics,Statistical physics,0.6102828979492188
W1981368803,linear-scale,Linear scale,0.5540857315063477
W1981368803,physics,Physics,0.4933842718601227
W1981368803,spin-density,Spin density,0.48516517877578735
W1981368803,spin,Spin (aerodynamics),0.43200957775115967
W1981368803,local-density-approximation,Local-density approximation,0.43061214685440063
W1981368803,kohn–sham-equations,Kohn–Sham equations,0.42569804191589355
W1981368803,quantum-mechanics,Quantum mechanics,0.3553590774536133
W1981368803,electronic-structure,Electronic structure,0.3102344274520874
W1981368803,density-functional-theory,Density functional theory,0.2976561188697815
W1981368803,condensed-matter-physics,Condensed matter physics,0.25657889246940613
W1981368803,mathematics,Mathematics,0.20775574445724487
W1981368803,thermodynamics,Thermodynamics,0.16498050093650818
W1981368803,geometry,Geometry,0.11068844795227051
W2086957099,hybrid-functional,Hybrid functional,0.7228432893753052
W2086957099,limit,Limit (mathematics),0.7043589353561401
W2086957099,physics,Physics,0.6083555221557617
W2086957099,density-functional-theory,Density functional theory,0.5654548406600952
W2086957099,energy,Energy (signal processing),0.5200276374816895
W2086957099,energy-functional,Energy functional,0.49344292283058167
W2086957099,variety,Variety (cybernetics),0.4845534861087799
W2086957099,local-density-approximation,Local-density approximation,0.462909996509552
W2086957099,statistical-physics,Statistical physics,0.44751593470573425
W2086957099,exchange-interaction,Exchange interaction,0.4175166189670563
W2086957099,quantum-electrodynamics,Quantum electrodynamics,0.3496057987213135
W2086957099,quantum-mechanics,Quantum mechanics,0.32182127237319946
W2086957099,mathematical-analysis,Mathematical analysis,0.15756753087043762
W2086957099,mathematics,Mathematics,0.11823320388793945
W2086957099,statistics,Statistics,0.06568196415901184
W1991794210,physics,Physics,0.753613293170929
W1991794210,phase-space,Phase space,0.7138063907623291
W1991794210,scaling,Scaling,0.6055421233177185
W1991794210,harmonic-oscillator,Harmonic oscillator,0.5807712078094482
W1991794210,mathematical-physics,Mathematical physics,0.5248168706893921
W1991794210,equations-of-motion,Equations of motion,0.4647808074951172
W1991794210,dynamical-systems-theory,Dynamical systems theory,0.42531663179397583
W1991794210,probability-distribution,Probability distribution,0.4149835705757141
W1991794210,classical-mechanics,Classical mechanics,0.4003062844276428
W1991794210,quantum-mechanics,Quantum mechanics,0.2325015366077423
W1991794210,mathematics,Mathematics,0.16156414151191711
W1991794210,statistics,Statistics,0.12572386860847473
W1979544533,pseudopotential,Pseudopotential,0.8130680322647095
W1979544533,physics,Physics,0.6509464979171753
W1979544533,energy,Energy (signal processing),0.5577389597892761
W1979544533,density-functional-theory,Density functional theory,0.5123282670974731
W1979544533,tensor,Tensor (intrinsic definition),0.4712679088115692
W1979544533,atomic-physics,Atomic physics,0.39110976457595825
W1979544533,condensed-matter-physics,Condensed matter physics,0.34653979539871216
W1979544533,crystallography,Crystallography,0.3348017930984497
W1979544533,quantum-mechanics,Quantum mechanics,0.266296923160553
W1979544533,geometry,Geometry,0.12906384468078613
W1979544533,mathematics,Mathematics,0.07904848456382751
W2083222334,scaling,Scaling,0.7225962281227112
W2083222334,physics,Physics,0.6224539279937744
W2083222334,ab-initio,Ab initio,0.5882455110549927
W2083222334,basis-set,Basis set,0.5520426034927368
W2083222334,basis,Basis (linear algebra),0.4454004466533661
W2083222334,subspace-topology,Subspace topology,0.42427176237106323
W2083222334,plane-wave,Plane wave,0.4223615527153015
W2083222334,statistical-physics,Statistical physics,0.4168476462364197
W2083222334,quantum-mechanics,Quantum mechanics,0.4074418544769287
W2083222334,mathematics,Mathematics,0.17136865854263306
W2083222334,mathematical-analysis,Mathematical analysis,0.15709063410758972
W2083222334,molecule,Molecule,0.10337531566619873
W2083222334,geometry,Geometry,0.09742516279220581
W2087698390,molecular-dynamics,Molecular dynamics,0.6706092953681946
W2087698390,ab-initio,Ab initio,0.5890181660652161
W2087698390,materials-science,Materials science,0.5844224095344543
W2087698390,amorphous-solid,Amorphous solid,0.4911479651927948
W2087698390,semiconductor,Semiconductor,0.48567092418670654
W2087698390,tetrahedron,Tetrahedron,0.42689943313598633
W2087698390,density-functional-theory,Density functional theory,0.4181833267211914
W2087698390,physics,Physics,0.3841790556907654
W2087698390,condensed-matter-physics,Condensed matter physics,0.35050803422927856
W2087698390,statistical-physics,Statistical physics,0.33136481046676636
W2087698390,molecular-physics,Molecular physics,0.33088386058807373
W2087698390,quantum-mechanics,Quantum mechanics,0.18908116221427917
W2087698390,chemistry,Chemistry,0.16972848773002625
W2087698390,crystallography,Crystallography,0.12262424826622009
W1970127494,pseudopotential,Pseudopotential,0.8834716081619263
W1970127494,projector,Projector,0.7654976844787598
W1970127494,envelope,Envelope (radar),0.6125158667564392
W1970127494,plane-wave,Plane wave,0.6018417477607727
W1970127494,separable-space,Separable space,0.5901359915733337
W1970127494,wave-function,Wave function,0.5162099003791809
W1970127494,physics,Physics,0.5134876370429993
W1970127494,function,Function (biology),0.43546706438064575
W1970127494,classical-mechanics,Classical mechanics,0.3304668068885803
W1970127494,quantum-mechanics,Quantum mechanics,0.32951730489730835
W1970127494,mathematical-analysis,Mathematical analysis,0.2948931157588959
W1970127494,mathematics,Mathematics,0.2096135914325714
W1970127494,computer-science,Computer science,0.17577242851257324
W1970127494,optics,Optics,0.167877197265625
W2079105963,degrees-of-freedom,Degrees of freedom (physics and chemistry),0.6749871969223022
W2079105963,molecular-dynamics,Molecular dynamics,0.6423814296722412
W2079105963,ab-initio,Ab initio,0.5721602439880371
W2079105963,physics,Physics,0.5478774905204773
W2079105963,quantum,Quantum,0.5406434535980225
W2079105963,electronic-structure,Electronic structure,0.5312582850456238
W2079105963,quantum-dynamics,Quantum dynamics,0.46914878487586975
W2079105963,ground-state,Ground state,0.463908851146698
W2079105963,ab-initio-quantum-chemistry-methods,Ab initio quantum chemistry methods,0.4568740427494049
W2079105963,wave-function,Wave function,0.4399430751800537
W2079105963,picosecond,Picosecond,0.4310382306575775
W2079105963,potential-energy,Potential energy,0.41291525959968567
W2079105963,classical-mechanics,Classical mechanics,0.3641451299190521
W2079105963,quantum-mechanics,Quantum mechanics,0.2696552872657776
W2079105963,molecule,Molecule,0.14910688996315002
W1998866028,molecule,Molecule,0.518879234790802
W1998866028,correlation,Correlation,0.44511330127716064
W1998866028,materials-science,Materials science,0.43398264050483704
W1998866028,atomic-physics,Atomic physics,0.37133967876434326
W1998866028,molecular-physics,Molecular physics,0.3704308867454529
W1998866028,physics,Physics,0.3668597340583801
W1998866028,statistical-physics,Statistical physics,0.352530837059021
W1998866028,quantum-mechanics,Quantum mechanics,0.29188913106918335
W1998866028,mathematics,Mathematics,0.1190967857837677
W1998866028,geometry,Geometry,0.0753486156463623
W2049079467,physics,Physics,0.802398681640625
W2049079467,energy,Energy (signal processing),0.5030357241630554
W2049079467,mathematical-physics,Mathematical physics,0.4109751284122467
W2049079467,combinatorics,Combinatorics,0.3771299719810486
W2049079467,condensed-matter-physics,Condensed matter physics,0.33422988653182983
W2049079467,quantum-mechanics,Quantum mechanics,0.30618900060653687
W2049079467,mathematics,Mathematics,0.08554118871688843
W3206606417,physics,Physics,0.5647873282432556
W3206606417,local-density-approximation,Local-density approximation,0.5186147689819336
W3206606417,curvature,Curvature,0.5104662179946899
W3206606417,spurious-relationship,Spurious relationship,0.49247249960899353
W3206606417,atomic-physics,Atomic physics,0.47216957807540894
W3206606417,electronic-correlation,Electronic correlation,0.4517565965652466
W3206606417,range,Range (aeronautics),0.44255226850509644
W3206606417,density-functional-theory,Density functional theory,0.41932305693626404
W3206606417,ionization,Ionization,0.4109462797641754
W3206606417,molecular-physics,Molecular physics,0.3454208970069885
W3206606417,quantum-mechanics,Quantum mechanics,0.3197099566459656
W3206606417,molecule,Molecule,0.3150511384010315
W3206606417,materials-science,Materials science,0.24819183349609375
W3206606417,ion,Ion,0.17343005537986755
W3206606417,geometry,Geometry,0.08726644515991211
W3206606417,mathematics,Mathematics,0.08442720770835876
W2045596260,plane-wave,Plane wave,0.6690274477005005
W2045596260,pseudopotential,Pseudopotential,0.6109060049057007
W2045596260,cerium,Cerium,0.5676964521408081
W2045596260,physics,Physics,0.46678340435028076
W2045596260,plane,Plane (geometry),0.45239418745040894
W2045596260,diamond,Diamond,0.41740623116493225
W2045596260,condensed-matter-physics,Condensed matter physics,0.3663390874862671
W2045596260,materials-science,Materials science,0.35087740421295166
W2045596260,quantum-mechanics,Quantum mechanics,0.27909934520721436
W2045596260,mathematics,Mathematics,0.17505621910095215
W2045596260,geometry,Geometry,0.16123366355895996
W2087585288,pseudopotential,Pseudopotential,0.8763639330863953
W2087585288,cutoff,Cutoff,0.7932342290878296
W2087585288,eigenvalues-and-eigenvectors,Eigenvalues and eigenvectors,0.6905032396316528
W2087585288,separable-space,Separable space,0.6514416933059692
W2087585288,physics,Physics,0.5701695680618286
W2087585288,transferability,Transferability,0.5271962285041809
W2087585288,formalism,Formalism (music),0.5049834847450256
W2087585288,norm,Norm (philosophy),0.4321596026420593
W2087585288,quantum-mechanics,Quantum mechanics,0.4047852158546448
W2087585288,mathematics,Mathematics,0.2484649121761322
W2087585288,mathematical-analysis,Mathematical analysis,0.22090309858322144
W2023271753,kinetic-energy,Kinetic energy,0.7244360446929932
W2023271753,density-matrix,Density matrix,0.5722514986991882
W2023271753,electronic-correlation,Electronic correlation,0.5434390306472778
W2023271753,physics,Physics,0.5095572471618652
W2023271753,energy,Energy (signal processing),0.469513863325119
W2023271753,electron-density,Electron density,0.465654194355011
W2023271753,atomic-physics,Atomic physics,0.46330955624580383
W2023271753,hartree–fock-method,Hartree–Fock method,0.4312880337238312
W2023271753,potential-energy,Potential energy,0.4194391667842865
W2023271753,electron,Electron,0.37187790870666504
W2023271753,quantum-mechanics,Quantum mechanics,0.3163377344608307
W2023271753,quantum,Quantum,0.10787531733512878
W2030687437,ion,Ion,0.6624834537506104
W2030687437,limit,Limit (mathematics),0.6543627977371216
W2030687437,physics,Physics,0.6279639005661011
W2030687437,fermi-gas,Fermi gas,0.5864430665969849
W2030687437,correlation,Correlation,0.582953691482544
W2030687437,local-density-approximation,Local-density approximation,0.5361831784248352
W2030687437,energy,Energy (signal processing),0.5329723358154297
W2030687437,atomic-physics,Atomic physics,0.5267652273178101
W2030687437,electron,Electron,0.5122894048690796
W2030687437,density-functional-theory,Density functional theory,0.4790022075176239
W2030687437,energy-functional,Energy functional,0.4566040337085724
W2030687437,electronic-correlation,Electronic correlation,0.4134308993816376
W2030687437,quantum-mechanics,Quantum mechanics,0.24899989366531372
W2030687437,mathematical-analysis,Mathematical analysis,0.06747516989707947
W2030687437,mathematics,Mathematics,0.06566813588142395
W2052637367,atomic-orbital,Atomic orbital,0.6974795460700989
W2052637367,density-functional-theory,Density functional theory,0.555160403251648
W2052637367,exchange-interaction,Exchange interaction,0.5396523475646973
W2052637367,physics,Physics,0.5300436019897461
W2052637367,electron,Electron,0.5244265198707581
W2052637367,orbital-free-density-functional-theory,Orbital-free density functional theory,0.5057494640350342
W2052637367,eigenvalues-and-eigenvectors,Eigenvalues and eigenvectors,0.47517886757850647
W2052637367,statistical-physics,Statistical physics,0.44948136806488037
W2052637367,simple,Simple (philosophy),0.4450249671936035
W2052637367,quantum-mechanics,Quantum mechanics,0.44275885820388794
W2052637367,local-density-approximation,Local-density approximation,0.37863072752952576
W2036113194,brillouin-zone,Brillouin zone,0.9832435846328735
W2036113194,physics,Physics,0.46734291315078735
W2036113194,state,State (computer science),0.4332348108291626
W2036113194,mathematical-analysis,Mathematical analysis,0.3423267602920532
W2036113194,computational-physics,Computational physics,0.34102869033813477
W2036113194,optics,Optics,0.31173884868621826
W2036113194,computer-science,Computer science,0.28743505477905273
W2036113194,mathematics,Mathematics,0.25989294052124023
W2036113194,algorithm,Algorithm,0.15447896718978882
W2083926174,materials-science,Materials science,0.6537061333656311
W2083926174,copper,Copper,0.6209567785263062
W2083926174,dielectric,Dielectric,0.598931074142456
W2083926174,annealing,Annealing (glass),0.5920339822769165
W2083926174,range,Range (aeronautics),0.498366117477417
W2083926174,relaxation,Relaxation (psychology),0.48778754472732544
W2083926174,reflection,Reflection (computer programming),0.48151788115501404
W2083926174,infrared,Infrared,0.4686514735221863
W2083926174,free-electron-model,Free electron model,0.4670965075492859
W2083926174,condensed-matter-physics,Condensed matter physics,0.3913846015930176
W2083926174,optics,Optics,0.38584238290786743
W2083926174,atomic-physics,Atomic physics,0.37542691826820374
W2083926174,analytical-chemistry,Analytical Chemistry (journal),0.3614451289176941
W2083926174,physics,Physics,0.19824901223182678
W2083926174,chemistry,Chemistry,0.12261271476745605
W2083926174,optoelectronics,Optoelectronics,0.11307376623153687
W2083926174,metallurgy,Metallurgy,0.0698176920413971
W2083926174,laser,Laser,0.06172928214073181
W2753533763,engineering-physics,Engineering physics,0.32576286792755127
W2753533763,engineering-ethics,Engineering ethics,0.3222424387931824
W2753533763,physics,Physics,0.2650412321090698
W2753533763,engineering,Engineering,0.22082123160362244
W2024556021,library-science,Library science,0.5788462162017822
W2024556021,botany,Botany,0.36061614751815796
W2024556021,biology,Biology,0.35394227504730225
W2024556021,computer-science,Computer science,0.14482930302619934
W2028823348,proline,Proline,0.959212064743042
W2028823348,irrigation,Irrigation,0.5698204040527344
W2028823348,plant-physiology,Plant physiology,0.5681532621383667
W2028823348,drought-stress,Drought stress,0.5245264172554016
W2028823348,irrigation-scheduling,Irrigation scheduling,0.501554012298584
W2028823348,water-stress,Water stress,0.48129549622535706
W2028823348,chemistry,Chemistry,0.46190744638442993
W2028823348,botany,Botany,0.4248255491256714
W2028823348,amino-acid,Amino acid,0.37612083554267883
W2028823348,biology,Biology,0.35180848836898804
W2028823348,horticulture,Horticulture,0.34835976362228394
W2028823348,agronomy,Agronomy,0.3326757550239563
W2028823348,biochemistry,Biochemistry,0.2616235613822937
W1974907033,beta,BETA (programming language),0.692442774772644
W1974907033,enzyme,Enzyme,0.6264944672584534
W1974907033,botany,Botany,0.5249581336975098
W1974907033,chloroplast,Chloroplast,0.49813318252563477
W1974907033,copper,Copper,0.4817935824394226
W1974907033,biology,Biology,0.4609023332595825
W1974907033,chemistry,Chemistry,0.402351975440979
W1974907033,biochemistry,Biochemistry,0.3994876444339752
W1974907033,gene,Gene,0.09049183130264282
W1974907033,organic-chemistry,Organic chemistry,0.06447625160217285
W1974907033,computer-science,Computer science,0.04761609435081482
W3038568908,radiation,Radiation,0.7057818174362183
W3038568908,plasma,Plasma,0.5598242878913879
W3038568908,materials-science,Materials science,0.5517664551734924
W3038568908,optics,Optics,0.5239154100418091
W3038568908,shield,Shield,0.5098416209220886
W3038568908,neutron,Neutron,0.4559711515903473
W3038568908,nuclear-engineering,Nuclear engineering,0.3836207985877991
W3038568908,physics,Physics,0.32291728258132935
W3038568908,nuclear-physics,Nuclear physics,0.13794386386871338
W3038568908,geology,Geology,0.05549171566963196
W4294215472,systematic-review,Systematic review,0.6769741177558899
W4294215472,meta-analysis,Meta-analysis,0.5644537210464478
W4294215472,medline,MEDLINE,0.5120466351509094
W4294215472,statement,Statement (logic),0.48639872670173645
W4294215472,medicine,Medicine,0.4822160005569458
W4294215472,psychology,Psychology,0.32833361625671387
W4294215472,family-medicine,Family medicine,0.32336926460266113
W4294215472,political-science,Political science,0.14537698030471802
W4294215472,pathology,Pathology,0.12691345810890198
W3022903699,systematic-review,Systematic review,0.8697757720947266
W3022903699,checklist,Checklist,0.7904539108276367
W3022903699,psychological-intervention,Psychological intervention,0.6515398025512695
W3022903699,guideline,Guideline,0.527374267578125
W3022903699,medline,MEDLINE,0.5089313983917236
W3022903699,health-care,Health care,0.4600159823894501
W3022903699,medicine,Medicine,0.42280879616737366
W3022903699,clarity,CLARITY,0.418771892786026
W3022903699,psychology,Psychology,0.41236400604248047
W3022903699,management-science,Management science,0.3432716727256775
W3022903699,nursing,Nursing,0.21708407998085022
W3022903699,pathology,Pathology,0.10909244418144226
W3022903699,political-science,Political science,0.09703364968299866
W2599076725,strengthening-the-reporting-of-observational-studies-in-epidemiology,Strengthening the reporting of observational studies in epidemiology,0.9443535804748535
W2599076725,observational-study,Observational study,0.9134092330932617
W2599076725,checklist,Checklist,0.7351775169372559
W2599076725,medicine,Medicine,0.5009477138519287
W2599076725,family-medicine,Family medicine,0.47866305708885193
W2599076725,medline,MEDLINE,0.4710029661655426
W2599076725,scope,Scope (computer science),0.4670772850513458
W2599076725,epidemiology,Epidemiology,0.45781153440475464
W2599076725,cohort-study,Cohort study,0.4522373080253601
W2599076725,consolidated-standards-of-reporting-trials,Consolidated Standards of Reporting Trials,0.42673566937446594
W2599076725,evidence-based-medicine,Evidence-based medicine,0.42616042494773865
W2599076725,medical-education,Medical education,0.4194568395614624
W2599076725,systematic-review,Systematic review,0.4131161868572235
W2599076725,psychology,Psychology,0.39082977175712585
W2599076725,alternative-medicine,Alternative medicine,0.3462975025177002
W2599076725,computer-science,Computer science,0.1539638638496399
W2599076725,pathology,Pathology,0.14192023873329163
W2599076725,political-science,Political science,0.12282288074493408
W2056279562,unifrac,UniFrac,0.7004175782203674
W2056279562,computer-science,Computer science,0.661179780960083
W2056279562,data-science,Data science,0.6590486168861389
W2056279562,data-mining,Data mining,0.5434007048606873
W2056279562,visualization,Visualization,0.5426360964775085
W2056279562,data-visualization,Data visualization,0.48705628514289856
W2056279562,graphics,Graphics,0.48285943269729614
W2056279562,microbiome,Microbiome,0.46862179040908813
W2056279562,r-package,R package,0.43922626972198486
W2056279562,software,Software,0.41683003306388855
W2056279562,information-retrieval,Information retrieval,0.3782074451446533
W2056279562,bioinformatics,Bioinformatics,0.28147774934768677
W2056279562,biology,Biology,0.2093779742717743
W2031611770,computer-science,Computer science,0.6067624092102051
W2031611770,heuristics,Heuristics,0.5937491655349731
W2031611770,scalability,Scalability,0.5466771721839905
W2031611770,maximum-likelihood,Maximum likelihood,0.5393962264060974
W2031611770,inference,Inference,0.5308834910392761
W2031611770,pruning,Pruning,0.48343953490257263
W2031611770,tree,Tree (set theory),0.45901691913604736
W2031611770,statistics,Statistics,0.35591351985931396
W2031611770,algorithm,Algorithm,0.3441956341266632
W2031611770,data-mining,Data mining,0.3374250531196594
W2031611770,biology,Biology,0.3057311177253723
W2031611770,mathematics,Mathematics,0.28762322664260864
W2031611770,artificial-intelligence,Artificial intelligence,0.2746754288673401
W2031611770,combinatorics,Combinatorics,0.18313777446746826
W3120106258,coronavirus-disease-2019,Coronavirus disease 2019 (COVID-19),0.5068333745002747
W3120106258,art,Art,0.35975199937820435
W3120106258,medicine,Medicine,0.12442177534103394
W3039083618,physics,Physics,0.6300845146179199
W3039083618,quantum-electrodynamics,Quantum electrodynamics,0.619955837726593
W3039083618,classical-electromagnetism,Classical electromagnetism,0.45434969663619995
W3039083618,classical-mechanics,Classical mechanics,0.3443026542663574
W3039083618,theoretical-physics,Theoretical physics,0.3264272212982178
W2155648052,art-history,Art history,0.4738785922527313
W2155648052,history,History,0.46205607056617737
W2155648052,library-science,Library science,0.44976434111595154
W2155648052,media-studies,Media studies,0.4076753258705139
W2155648052,sociology,Sociology,0.3645411729812622
W2155648052,computer-science,Computer science,0.20115253329277039
W2112796928,computer-science,Computer science,0.8254276514053345
W2112796928,artificial-intelligence,Artificial intelligence,0.6142195463180542
W2112796928,convolutional-neural-network,Convolutional neural network,0.5978816747665405
W2112796928,intelligent-character-recognition,Intelligent character recognition,0.5887831449508667
W2112796928,handwriting-recognition,Handwriting recognition,0.5319666266441345
W2112796928,transformer,Transformer,0.5122293829917908
W2112796928,artificial-neural-network,Artificial neural network,0.49849534034729004
W2112796928,pattern-recognition,Pattern recognition (psychology),0.49462172389030457
W2112796928,handwriting,Handwriting,0.46896353363990784
W2112796928,preprocessor,Preprocessor,0.4614042639732361
W2112796928,deep-learning,Deep learning,0.460247665643692
W2112796928,graph,Graph,0.4320318102836609
W2112796928,speech-recognition,Speech recognition,0.35688453912734985
W2112796928,machine-learning,Machine learning,0.34401291608810425
W2112796928,feature-extraction,Feature extraction,0.29552727937698364
W2112796928,character-recognition,Character recognition,0.19865167140960693
W2112796928,theoretical-computer-science,Theoretical computer science,0.08571499586105347
W2125838338,hidden-markov-model,Hidden Markov model,0.8037279844284058
W2125838338,computer-science,Computer science,0.6568092107772827
W2125838338,ergodic-theory,Ergodic theory,0.6295275092124939
W2125838338,simple,Simple (philosophy),0.5977498292922974
W2125838338,probabilistic-logic,Probabilistic logic,0.5888108611106873
W2125838338,markov-chain,Markov chain,0.5783662796020508
W2125838338,artificial-intelligence,Artificial intelligence,0.5048747658729553
W2125838338,markov-model,Markov model,0.4837777316570282
W2125838338,state,State (computer science),0.41455161571502686
W2125838338,function,Function (biology),0.4110056161880493
W2125838338,theoretical-computer-science,Theoretical computer science,0.38503995537757874
W2125838338,machine-learning,Machine learning,0.36821645498275757
W2125838338,speech-recognition,Speech recognition,0.36474287509918213
W2125838338,pattern-recognition,Pattern recognition (psychology),0.3615705966949463
W2125838338,natural-language-processing,Natural language processing,0.35053712129592896
W2125838338,algorithm,Algorithm,0.3166647255420685
W2125838338,mathematics,Mathematics,0.3009951412677765
W2125838338,pure-mathematics,Pure mathematics,0.14896756410598755
W2125838338,epistemology,Epistemology,0.08309394121170044
W2130410032,computational-biology,Computational biology,0.6329196095466614
W2130410032,gene,Gene,0.6038330793380737
W2130410032,biology,Biology,0.5346248745918274
W2130410032,function,Function (biology),0.4739929437637329
W2130410032,gene-expression,Gene expression,0.4659961462020874
W2130410032,set,Set (abstract data type),0.4591900408267975
W2130410032,genome,Genome,0.4538033604621887
W2130410032,gene-nomenclature,Gene nomenclature,0.4523736238479614
W2130410032,gene-expression-profiling,Gene expression profiling,0.4229065477848053
W2130410032,genetics,Genetics,0.3639651834964752
W2130410032,bioinformatics,Bioinformatics,0.3416781723499298
W2130410032,computer-science,Computer science,0.2776261568069458
W1971421925,community-structure,Community structure,0.7669844627380371
W1971421925,computer-science,Computer science,0.7132260799407959
W1971421925,centrality,Centrality,0.7102488875389099
W1971421925,transitive-relation,Transitive relation,0.6524797677993774
W1971421925,clique-percolation-method,Clique percolation method,0.61658775806427
W1971421925,reliability,Reliability (semiconductor),0.6056721806526184
W1971421925,property,Property (philosophy),0.6053008437156677
W1971421925,complex-network,Complex network,0.5795407891273499
W1971421925,data-science,Data science,0.5132644176483154
W1971421925,evolving-networks,Evolving networks,0.4952334463596344
W1971421925,biological-network,Biological network,0.46070021390914917
W1971421925,degree-distribution,Degree distribution,0.45412367582321167
W1971421925,network-science,Network science,0.45395559072494507
W1971421925,theoretical-computer-science,Theoretical computer science,0.43551838397979736
W1971421925,data-mining,Data mining,0.4248822033405304
W1971421925,social-network,Social network (sociolinguistics),0.4220463037490845
W1971421925,the-internet,The Internet,0.4104384779930115
W1971421925,network-analysis,Network analysis,0.4103087782859802
W1971421925,world-wide-web,World Wide Web,0.32674121856689453
W1971421925,power,Power (physics),0.28037774562835693
W1971421925,mathematics,Mathematics,0.1667046844959259
W1971421925,statistics,Statistics,0.11548382043838501
W1971421925,engineering,Engineering,0.0879136323928833
W2150926065,genome,Genome,0.7198328971862793
W2150926065,gene,Gene,0.666669487953186
W2150926065,biology,Biology,0.6546453237533569
W2150926065,computational-biology,Computational biology,0.6400203704833984
W2150926065,saccharomyces-cerevisiae,Saccharomyces cerevisiae,0.6137790083885193
W2150926065,cluster-analysis,Cluster analysis,0.6049849987030029
W2150926065,genetics,Genetics,0.5699753761291504
W2150926065,dna-microarray,DNA microarray,0.5469740033149719
W2150926065,function,Function (biology),0.500861406326294
W2150926065,gene-expression,Gene expression,0.47788679599761963
W2150926065,similarity,Similarity (geometry),0.43563374876976013
W2150926065,gene-cluster,Gene cluster,0.4344884753227234
W2150926065,expression,Expression (computer science),0.4264228343963623
W2150926065,microarray-databases,Microarray databases,0.4223887622356415
W2150926065,human-genome,Human genome,0.4192420244216919
W2150926065,computer-science,Computer science,0.18707498908042908
W2150926065,artificial-intelligence,Artificial intelligence,0.06329202651977539
W2128084896,computer-science,Computer science,0.7044506669044495
W2128084896,asynchronous-communication,Asynchronous communication,0.7021937370300293
W2128084896,collective-behavior,Collective behavior,0.6013644933700562
W2128084896,generalization,Generalization,0.5744649171829224
W2128084896,simple,Simple (philosophy),0.5001306533813477
W2128084896,categorization,Categorization,0.4824243485927582
W2128084896,content-addressable-memory,Content-addressable memory,0.4718221127986908
W2128084896,neural-system,Neural system,0.46129071712493896
W2128084896,artificial-neural-network,Artificial neural network,0.4571002721786499
W2128084896,physical-system,Physical system,0.4499635398387909
W2128084896,state-space,State space,0.44621238112449646
W2128084896,meaning,Meaning (existential),0.43569353222846985
W2128084896,theoretical-computer-science,Theoretical computer science,0.3990868926048279
W2128084896,artificial-intelligence,Artificial intelligence,0.3838747441768646
W2128084896,cognitive-science,Cognitive science,0.35799023509025574
W2128084896,neuroscience,Neuroscience,0.27005475759506226
W2128084896,psychology,Psychology,0.14640682935714722
W2101108802,nitrocellulose,Nitrocellulose,0.9392459392547607
W2101108802,polyacrylamide,Polyacrylamide,0.7815088033676147
W2101108802,chemistry,Chemistry,0.666802167892456
W2101108802,peroxidase,Peroxidase,0.5725484490394592
W2101108802,urea,Urea,0.5710579752922058
W2101108802,chromatography,Chromatography,0.5659037232398987
W2101108802,electrophoresis,Electrophoresis,0.5509626865386963
W2101108802,polyacrylamide-gel-electrophoresis,Polyacrylamide gel electrophoresis,0.5219777822494507
W2101108802,sodium-dodecyl-sulfate,Sodium dodecyl sulfate,0.4967387318611145
W2101108802,collodion,Collodion,0.47900623083114624
W2101108802,electroblotting,Electroblotting,0.4589586853981018
W2101108802,fluorescein,Fluorescein,0.4374202787876129
W2101108802,gel-electrophoresis,Gel electrophoresis,0.4188617169857025
W2101108802,biochemistry,Biochemistry,0.41454747319221497
W2101108802,fluorescence,Fluorescence,0.1609761118888855
W2101108802,enzyme,Enzyme,0.14323413372039795
W2101108802,polymer-chemistry,Polymer chemistry,0.08227300643920898
W2101108802,membrane,Membrane,0.07633045315742493
W2138270253,dna,DNA,0.6791026592254639
W2138270253,sanger-sequencing,Sanger sequencing,0.6061826944351196
W2138270253,nucleotide,Nucleotide,0.6051005721092224
W2138270253,dna-polymerase,DNA polymerase,0.5045193433761597
W2138270253,polymerase-chain-reaction,Polymerase chain reaction,0.4379737377166748
W2138270253,chemistry,Chemistry,0.4332917034626007
W2138270253,dna-sequencing,DNA sequencing,0.42386576533317566
W2138270253,bacteriophage,Bacteriophage,0.4183991551399231
W2138270253,polymerase,Polymerase,0.413821816444397
W2138270253,molecular-biology,Molecular biology,0.40103957056999207
W2138270253,biology,Biology,0.3053990602493286
W2138270253,biochemistry,Biochemistry,0.2956467866897583
W2138270253,gene,Gene,0.180223286151886
W2138270253,escherichia-coli,Escherichia coli,0.13532140851020813
W2007221293,hilbert–huang-transform,Hilbert–Huang transform,0.9450865983963013
W2007221293,series,Series (stratigraphy),0.7132802605628967
W2007221293,singular-spectrum-analysis,Singular spectrum analysis,0.7013841867446899
W2007221293,nonlinear-system,Nonlinear system,0.6087966561317444
W2007221293,hilbert-spectral-analysis,Hilbert spectral analysis,0.5295119285583496
W2007221293,mathematics,Mathematics,0.5255362391471863
W2007221293,time-series,Time series,0.5013234615325928
W2007221293,spectrum,Spectrum (functional analysis),0.4889899492263794
W2007221293,spectral-analysis,Spectral analysis,0.4363898038864136
W2007221293,applied-mathematics,Applied mathematics,0.4029451608657837
W2007221293,statistical-physics,Statistical physics,0.3342141807079315
W2007221293,physics,Physics,0.2055472731590271
W2007221293,statistics,Statistics,0.19175300002098083
W2007221293,algorithm,Algorithm,0.1555350124835968
W2007221293,singular-value-decomposition,Singular value decomposition,0.08248335123062134
W2007221293,white-noise,White noise,0.08206981420516968
W2007221293,quantum-mechanics,Quantum mechanics,0.07031235098838806
W2007221293,geology,Geology,0.06791192293167114
W2112017750,sorption,Sorption,0.8594760298728943
W2112017750,kinetics,Kinetics,0.6578748226165771
W2112017750,kinetic-energy,Kinetic energy,0.6085188388824463
W2112017750,aqueous-solution,Aqueous solution,0.5237488746643066
W2112017750,chemistry,Chemistry,0.5176602005958557
W2112017750,thermodynamics,Thermodynamics,0.39568522572517395
W2112017750,environmental-chemistry,Environmental chemistry,0.3252701759338379
W2112017750,physical-chemistry,Physical chemistry,0.2385382354259491
W2112017750,adsorption,Adsorption,0.17401337623596191
W2112017750,physics,Physics,0.11679822206497192
W2151487996,pittsburgh-sleep-quality-index,Pittsburgh Sleep Quality Index,0.9519892930984497
W2151487996,sleep,Sleep (system call),0.5864740610122681
W2151487996,medicine,Medicine,0.5049450993537903
W2151487996,physical-therapy,Physical therapy,0.5004663467407227
W2151487996,clinical-practice,Clinical Practice,0.4983220100402832
W2151487996,sleep-onset-latency,Sleep onset latency,0.4449985921382904
W2151487996,internal-consistency,Internal consistency,0.4228099584579468
W2151487996,sleep-quality,Sleep quality,0.4169997572898865
W2151487996,psychiatry,Psychiatry,0.40337496995925903
W2151487996,psychology,Psychology,0.3690396845340729
W2151487996,clinical-psychology,Clinical psychology,0.3556404709815979
W2151487996,psychometrics,Psychometrics,0.2818351089954376
W2151487996,insomnia,Insomnia,0.19089454412460327
W2081155210,belongingness,Belongingness,0.9111888408660889
W2081155210,psychology,Psychology,0.7506446838378906
W2081155210,interpersonal-communication,Interpersonal communication,0.7189737558364868
W2081155210,social-psychology,Social psychology,0.6276811361312866
W2081155210,variety,Variety (cybernetics),0.580045223236084
W2081155210,interpersonal-relationship,Interpersonal relationship,0.5260443687438965
W2081155210,cognition,Cognition,0.4912397265434265
W2081155210,empirical-research,Empirical research,0.4201755225658417
W2081155210,cognitive-psychology,Cognitive psychology,0.4123843312263489
W2081155210,epistemology,Epistemology,0.0916953980922699
W2037557484,primer,Primer (cosmetics),0.7930588722229004
W2037557484,psychology,Psychology,0.440067857503891
W2037557484,power,Power (physics),0.4383390545845032
W2037557484,statistics,Statistics,0.33743250370025635
W2037557484,mathematics,Mathematics,0.25129997730255127
W2037557484,chemistry,Chemistry,0.1334238052368164
W2037557484,physics,Physics,0.09687402844429016
W2018201949,mathematics,Mathematics,0.7239519953727722
W2018201949,statistics,Statistics,0.6547319889068604
W2018201949,estimator,Estimator,0.5782123804092407
W2018201949,econometrics,Econometrics,0.4736517667770386
W2018201949,index,Index (typography),0.4656221568584442
W2018201949,computer-science,Computer science,0.14314532279968262
W2122912498,structural-equation-modeling,Structural equation modeling,0.8771389722824097
W2122912498,psychology,Psychology,0.45184919238090515
W2122912498,computer-science,Computer science,0.42212191224098206
W2122912498,management-science,Management science,0.33559003472328186
W2122912498,calculus,Calculus (dental),0.3351213335990906
W2122912498,econometrics,Econometrics,0.3223087191581726
W2122912498,mathematics,Mathematics,0.26530420780181885
W2122912498,medicine,Medicine,0.20090961456298828
W2122912498,engineering,Engineering,0.18618133664131165
W2122912498,machine-learning,Machine learning,0.12530192732810974
W2122912498,orthodontics,Orthodontics,0.1034139096736908
W2055461003,psychology,Psychology,0.6600679159164429
W2055461003,stress,Stress (linguistics),0.593231201171875
W2055461003,social-psychology,Social psychology,0.5539801716804504
W2055461003,social-support,Social support,0.46367785334587097
W2055461003,cognitive-psychology,Cognitive psychology,0.3236932158470154
W2149608872,goodness-of-fit,Goodness of fit,0.8906441330909729
W2149608872,covariance,Covariance,0.7198646664619446
W2149608872,analysis-of-covariance,Analysis of covariance,0.5985864996910095
W2149608872,statistics,Statistics,0.5423690676689148
W2149608872,psychology,Psychology,0.4736289381980896
W2149608872,statistical-analysis,Statistical analysis,0.4445796012878418
W2149608872,statistical-hypothesis-testing,Statistical hypothesis testing,0.4342598021030426
W2149608872,mathematics,Mathematics,0.4279782176017761
W2149608872,econometrics,Econometrics,0.399747371673584
W2141403362,intraclass-correlation,Intraclass correlation,0.773964524269104
W2141403362,reliability,Reliability (semiconductor),0.6423652172088623
W2141403362,inter-rater-reliability,Inter-rater reliability,0.6310209035873413
W2141403362,psychology,Psychology,0.5285688042640686
W2141403362,statistics,Statistics,0.42704129219055176
W2141403362,psychometrics,Psychometrics,0.4036540985107422
W2141403362,reliability-engineering,Reliability engineering,0.3327917754650116
W2141403362,clinical-psychology,Clinical psychology,0.3188019394874573
W2141403362,mathematics,Mathematics,0.16388636827468872
W2141403362,developmental-psychology,Developmental psychology,0.13334110379219055
W2141403362,rating-scale,Rating scale,0.12973538041114807
W2024509488,discriminant-validity,Discriminant validity,0.6449393033981323
W2024509488,discriminant,Discriminant,0.5392429232597351
W2024509488,psychology,Psychology,0.49190664291381836
W2024509488,statistics,Statistics,0.4519857168197632
W2024509488,matrix,Matrix (chemical analysis),0.4442932605743408
W2024509488,mathematics,Mathematics,0.4440319240093231
W2024509488,linear-discriminant-analysis,Linear discriminant analysis,0.43024134635925293
W2024509488,convergent-validity,Convergent validity,0.41418182849884033
W2024509488,econometrics,Econometrics,0.3744453191757202
W2024509488,psychometrics,Psychometrics,0.3175399601459503
W2024509488,artificial-intelligence,Artificial intelligence,0.29766151309013367
W2024509488,computer-science,Computer science,0.24520343542099
W2024509488,chemistry,Chemistry,0.14201155304908752
W2024509488,chromatography,Chromatography,0.1050853431224823
W2122517769,self-determination-theory,Self-determination theory,0.821656346321106
W2122517769,psychology,Psychology,0.7850958108901978
W2122517769,autonomy,Autonomy,0.7655074596405029
W2122517769,competence,Competence (human resources),0.7502135038375854
W2122517769,fundamental-human-needs,Fundamental human needs,0.65923011302948
W2122517769,social-psychology,Social psychology,0.6005622148513794
W2122517769,need-theory,Need theory,0.5149165391921997
W2122517769,basic-needs,Basic needs,0.4751684069633484
W2122517769,maslows-hierarchy-of-needs,Maslow's hierarchy of needs,0.46705663204193115
W2122517769,natural,Natural (archaeology),0.4179413318634033
W1984314602,information-processing,Information processing,0.4648166298866272
W1984314602,psychology,Psychology,0.4492815136909485
W1984314602,computer-science,Computer science,0.323009192943573
W1984314602,cognitive-psychology,Cognitive psychology,0.3094826936721802
W2097780989,psychology,Psychology,0.7150661945343018
W2097780989,cognition,Cognition,0.6840025186538696
W2097780989,cognitive-psychology,Cognitive psychology,0.6553797721862793
W2097780989,perception,Perception,0.413596510887146
W2097780989,social-psychology,Social psychology,0.32442161440849304
W4292808503,psychology,Psychology,0.6037023067474365
W4292808503,cognitive-psychology,Cognitive psychology,0.5035440325737
W4292808503,behavior-change,Behavior change,0.48607781529426575
W4292808503,cognitive-science,Cognitive science,0.3283502459526062
W4292808503,social-psychology,Social psychology,0.2770107388496399
W2134049139,psychology,Psychology,0.6249077916145325
W2134049139,cognitive-psychology,Cognitive psychology,0.5644607543945312
W2134049139,behavior-change,Behavior change,0.4383425712585449
W2134049139,cognitive-science,Cognitive science,0.3994137644767761
W2134049139,social-psychology,Social psychology,0.3208329677581787
W2579555219,information-processing,Information processing,0.4493279755115509
W2579555219,psychology,Psychology,0.44785717129707336
W2579555219,cognitive-psychology,Cognitive psychology,0.342756062746048
W4292542163,psychology,Psychology,0.6262866854667664
W4292542163,cognitive-psychology,Cognitive psychology,0.5094926953315735
W4292542163,cognitive-science,Cognitive science,0.3602200150489807
W2159401492,correlation,Correlation,0.5530187487602234
W2159401492,statistics,Statistics,0.48661479353904724
W2159401492,regression-analysis,Regression analysis,0.4863653779029846
W2159401492,psychology,Psychology,0.37890562415122986
W2159401492,mathematics,Mathematics,0.32908403873443604
W2159306398,guttman-scale,Guttman scale,0.8825186491012573
W2159306398,mathematics,Mathematics,0.7183713912963867
W2159306398,statistics,Statistics,0.6912470459938049
W2159306398,equivalence,Equivalence (formal languages),0.682934582233429
W2159306398,homogeneity,Homogeneity (statistics),0.5614259243011475
W2159306398,interpretability,Interpretability,0.560084879398346
W2159306398,psychometrics,Psychometrics,0.4780372083187103
W2159306398,correlation,Correlation,0.4295235574245453
W2159306398,pure-mathematics,Pure mathematics,0.18078643083572388
W2159306398,computer-science,Computer science,0.117308109998703
W2159306398,geometry,Geometry,0.08456683158874512
W2991792334,systematic-review,Systematic review,0.8331751823425293
W2991792334,clarity,CLARITY,0.6008991599082947
W2991792334,meta-analysis,Meta-analysis,0.5538922548294067
W2991792334,medicine,Medicine,0.52414470911026
W2991792334,strengths-and-weaknesses,Strengths and weaknesses,0.47751158475875854
W2991792334,medline,MEDLINE,0.47586530447006226
W2991792334,health-care,Health care,0.4713190197944641
W2991792334,alternative-medicine,Alternative medicine,0.43397656083106995
W2991792334,consolidated-standards-of-reporting-trials,Consolidated Standards of Reporting Trials,0.4140029549598694
W2991792334,family-medicine,Family medicine,0.3952043950557709
W2991792334,medical-education,Medical education,0.3472013473510742
W2991792334,psychology,Psychology,0.28333580493927
W2991792334,pathology,Pathology,0.11662286520004272
W2991792334,political-science,Political science,0.11175316572189331
W1964184380,endoplasmic-reticulum,Endoplasmic reticulum,0.8429552316665649
W1964184380,unfolded-protein-response,Unfolded protein response,0.738175630569458
W1964184380,biology,Biology,0.7233257293701172
W1964184380,cell-biology,Cell biology,0.711384654045105
W1964184380,phosphorylation,Phosphorylation,0.5121417045593262
W1964184380,cytoplasm,Cytoplasm,0.4717855155467987
W1964184380,protein-kinase-a,Protein kinase A,0.4468223452568054
W1964184380,transmembrane-protein,Transmembrane protein,0.44086700677871704
W1964184380,transcription-factor,Transcription factor,0.4384872019290924
W1964184380,er-retention,ER retention,0.4361984133720398
W1964184380,signal-transduction,Signal transduction,0.4299388527870178
W1964184380,biochemistry,Biochemistry,0.264148473739624
W1964184380,receptor,Receptor,0.16014352440834045
W1964184380,gene,Gene,0.12406390905380249
W2037377025,vitality,Vitality,0.7743179798126221
W2037377025,psychology,Psychology,0.5925116539001465
W2037377025,scale,Scale (ratio),0.5509544610977173
W2037377025,mental-health,Mental health,0.5388910174369812
W2037377025,sf-36,SF-36,0.49026086926460266
W2037377025,population,Population,0.4375235438346863
W2037377025,emotional-distress,Emotional distress,0.419508159160614
W2037377025,typology,Typology,0.4175565242767334
W2037377025,gerontology,Gerontology,0.4004482328891754
W2037377025,clinical-psychology,Clinical psychology,0.38072681427001953
W2037377025,applied-psychology,Applied psychology,0.34648454189300537
W2037377025,medicine,Medicine,0.3211740255355835
W2037377025,psychiatry,Psychiatry,0.2511900067329407
W2037377025,anxiety,Anxiety,0.20264774560928345
W2037377025,health-related-quality-of-life,Health related quality of life,0.1460649073123932
W2037377025,disease,Disease,0.13246825337409973
W843007777,physisorption,Physisorption,0.9929029941558838
W843007777,chemical-nomenclature,Chemical nomenclature,0.9440205097198486
W843007777,chemistry,Chemistry,0.7903154492378235
W843007777,adsorption,Adsorption,0.6220571994781494
W843007777,surface,Surface (topology),0.4687618911266327
W843007777,process-engineering,Process engineering,0.3338513970375061
W843007777,nanotechnology,Nanotechnology,0.32870912551879883
W843007777,physical-chemistry,Physical chemistry,0.27590546011924744
W843007777,organic-chemistry,Organic chemistry,0.21753144264221191
W843007777,materials-science,Materials science,0.06288653612136841
W1980704616,physisorption,Physisorption,0.9708741903305054
W1980704616,chemistry,Chemistry,0.9457917213439941
W1980704616,porosity,Porosity,0.7307280898094177
W1980704616,surface,Surface (topology),0.554888129234314
W1980704616,specific-surface-area,Specific surface area,0.4650289714336395
W1980704616,solid-surface,Solid surface,0.45470672845840454
W1980704616,chemical-engineering,Chemical engineering,0.4131399989128113
W1980704616,physical-chemistry,Physical chemistry,0.23773232102394104
W1980704616,adsorption,Adsorption,0.23566624522209167
W1980704616,chemical-physics,Chemical physics,0.19988802075386047
W1980704616,organic-chemistry,Organic chemistry,0.11992815136909485
W1980704616,geometry,Geometry,0.06155326962471008
W2142225512,content-analysis,Content analysis,0.7805231809616089
W2142225512,summative-assessment,Summative assessment,0.77351975440979
W2142225512,coding,Coding (social sciences),0.5971511602401733
W2142225512,content,Content (measure theory),0.5589942932128906
W2142225512,qualitative-research,Qualitative research,0.5190932750701904
W2142225512,computer-science,Computer science,0.512122631072998
W2142225512,meaning,Meaning (existential),0.5109125971794128
W2142225512,trustworthiness,Trustworthiness,0.4736413061618805
W2142225512,qualitative-analysis,Qualitative analysis,0.4586153030395508
W2142225512,context,Context (archaeology),0.4370361566543579
W2142225512,interpretation,Interpretation (philosophy),0.42859983444213867
W2142225512,psychology,Psychology,0.39756444096565247
W2142225512,social-psychology,Social psychology,0.23486870527267456
W2142225512,mathematics-education,Mathematics education,0.18315690755844116
W2142225512,formative-assessment,Formative assessment,0.14998894929885864
W2142225512,mathematics,Mathematics,0.1378622055053711
W2142225512,sociology,Sociology,0.11720010638237
W2142225512,statistics,Statistics,0.10369879007339478
W2142225512,social-science,Social science,0.08227095007896423
W1979290264,thematic-analysis,Thematic analysis,0.9175432920455933
W1979290264,thematic-map,Thematic map,0.7838783264160156
W1979290264,qualitative-analysis,Qualitative analysis,0.6558132171630859
W1979290264,qualitative-research,Qualitative research,0.631189227104187
W1979290264,relation,Relation (database),0.6303358674049377
W1979290264,thematic-structure,Thematic structure,0.5507548451423645
W1979290264,psychology,Psychology,0.5237584114074707
W1979290264,epistemology,Epistemology,0.5179232954978943
W1979290264,sociology,Sociology,0.32428473234176636
W1979290264,computer-science,Computer science,0.20008650422096252
W1979290264,social-science,Social science,0.1732896864414215
W1979290264,data-mining,Data mining,0.06784480810165405
W1979290264,philosophy,Philosophy,0.060082197189331055
W1979290264,cartography,Cartography,0.057032227516174316
W2950504429,reflexivity,Reflexivity,0.9429383277893066
W2950504429,popularity,Popularity,0.771639883518219
W2950504429,variety,Variety (cybernetics),0.7298963665962219
W2950504429,epistemology,Epistemology,0.6099662184715271
W2950504429,thematic-analysis,Thematic analysis,0.5914762020111084
W2950504429,thematic-map,Thematic map,0.587746262550354
W2950504429,order,Order (exchange),0.5838726758956909
W2950504429,sociology,Sociology,0.436170756816864
W2950504429,computer-science,Computer science,0.3683052062988281
W2950504429,data-science,Data science,0.3326643109321594
W2950504429,psychology,Psychology,0.288414865732193
W2950504429,qualitative-research,Qualitative research,0.21473050117492676
W2950504429,philosophy,Philosophy,0.14649921655654907
W2950504429,social-science,Social science,0.13264977931976318
W2950504429,social-psychology,Social psychology,0.12326210737228394
W2950504429,cartography,Cartography,0.11580026149749756
W2950504429,artificial-intelligence,Artificial intelligence,0.10983756184577942
W2950504429,geography,Geography,0.08900299668312073
W2950504429,business,Business,0.05776572227478027
W3025949386,climatology,Climatology,0.6750792264938354
W3025949386,data-assimilation,Data assimilation,0.627224326133728
W3025949386,environmental-science,Environmental science,0.6012821793556213
W3025949386,meteorology,Meteorology,0.5660305023193359
W3025949386,buoy,Buoy,0.5339748859405518
W3025949386,radiosonde,Radiosonde,0.5221579074859619
W3025949386,troposphere,Troposphere,0.5085371732711792
W3025949386,horizontal-resolution,Horizontal resolution,0.46695858240127563
W3025949386,geology,Geology,0.1616232991218567
W3025949386,geography,Geography,0.1540820598602295
W2121745948,interim,Interim,0.8777517080307007
W2121745948,data-assimilation,Data assimilation,0.8108022809028625
W2121745948,environmental-science,Environmental science,0.6282885074615479
W2121745948,meteorology,Meteorology,0.6095622777938843
W2121745948,climatology,Climatology,0.6042019128799438
W2121745948,general-circulation-model,General Circulation Model,0.41845273971557617
W2121745948,atmospheric-circulation,Atmospheric circulation,0.4176875650882721
W2121745948,consistency,Consistency (knowledge bases),0.4115096628665924
W2121745948,computer-science,Computer science,0.3674507141113281
W2121745948,climate-change,Climate change,0.3140330910682678
W2121745948,geography,Geography,0.19911417365074158
W2121745948,geology,Geology,0.10473516583442688
W2157825442,receiver-operating-characteristic,Receiver operating characteristic,0.9156134128570557
W2157825442,statistics,Statistics,0.692834198474884
W2157825442,nonparametric-statistics,Nonparametric statistics,0.6389657258987427
W2157825442,medicine,Medicine,0.6151989102363586
W2157825442,ranking,Ranking (information retrieval),0.5911134481430054
W2157825442,sample-size-determination,Sample size determination,0.5663658976554871
W2157825442,statistic,Statistic,0.5550018548965454
W2157825442,wilcoxon-signed-rank-test,Wilcoxon signed-rank test,0.5525755286216736
W2157825442,sampling,Sampling (signal processing),0.5115071535110474
W2157825442,sample,Sample (material),0.5110195875167847
W2157825442,mathematics,Mathematics,0.3112260699272156
W2157825442,artificial-intelligence,Artificial intelligence,0.2648887634277344
W2157825442,computer-science,Computer science,0.14730441570281982
W2124758339,econometrics,Econometrics,0.6964097619056702
W2124758339,logit,Logit,0.6194642782211304
W2124758339,econometric-model,Econometric model,0.541966438293457
W2124758339,panel-data,Panel data,0.5344129800796509
W2124758339,inverse-probability-weighting,Inverse probability weighting,0.493101567029953
W2124758339,missing-data,Missing data,0.4707415997982025
W2124758339,probit,Probit,0.44154366850852966
W2124758339,computer-science,Computer science,0.35815465450286865
W2124758339,statistics,Statistics,0.3521302342414856
W2124758339,economics,Economics,0.2746567726135254
W2124758339,mathematics,Mathematics,0.2663004398345947
W2124758339,estimator,Estimator,0.19974851608276367
W2102074887,topological-insulator,Topological insulator,0.8872259855270386
W2102074887,physics,Physics,0.869057297706604
W2102074887,quantum-anomalous-hall-effect,Quantum anomalous Hall effect,0.6211695671081543
W2102074887,majorana-fermion,Majorana fermion,0.5584572553634644
W2102074887,topology,Topology (electrical circuits),0.5554583072662354
W2102074887,topological-degeneracy,Topological degeneracy,0.5370470881462097
W2102074887,condensed-matter-physics,Condensed matter physics,0.53288733959198
W2102074887,fermion,Fermion,0.528180718421936
W2102074887,topological-order,Topological order,0.4646674394607544
W2102074887,quantum-hall-effect,Quantum Hall effect,0.4603902995586395
W2102074887,topological-quantum-computer,Topological quantum computer,0.4479387402534485
W2102074887,surface-states,Surface states,0.44425418972969055
W2102074887,dirac-fermion,Dirac fermion,0.41352778673171997
W2102074887,majorana,MAJORANA,0.3976592421531677
W2102074887,superconductivity,Superconductivity,0.3973219096660614
W2102074887,symmetry-protected-topological-order,Symmetry protected topological order,0.36164653301239014
W2102074887,quantum-mechanics,Quantum mechanics,0.32162562012672424
W2102074887,quantum,Quantum,0.3098445534706116
W2102074887,surface,Surface (topology),0.207199364900589
W2102074887,magnetic-field,Magnetic field,0.17272549867630005
W2105685140,graphene,Graphene,0.9145218133926392
W2105685140,physics,Physics,0.7494745254516602
W2105685140,condensed-matter-physics,Condensed matter physics,0.6190860867500305
W2105685140,zigzag,Zigzag,0.6140568256378174
W2105685140,electron,Electron,0.5951033234596252
W2105685140,dirac,Dirac (video compression format),0.49507394433021545
W2105685140,quantum-tunnelling,Quantum tunnelling,0.4897496700286865
W2105685140,quantum-hall-effect,Quantum Hall effect,0.4613184630870819
W2105685140,stacking,Stacking,0.4359758496284485
W2105685140,bilayer-graphene,Bilayer graphene,0.4280393719673157
W2105685140,electronic-structure,Electronic structure,0.42758649587631226
W2105685140,graphene-nanoribbons,Graphene nanoribbons,0.42570316791534424
W2105685140,quantum-mechanics,Quantum mechanics,0.2677081525325775
W2105685140,geometry,Geometry,0.06049501895904541
W2124637492,complex-network,Complex network,0.7276501059532166
W2124637492,statistical-mechanics,Statistical mechanics,0.6490400433540344
W2124637492,network-topology,Network topology,0.6460734605789185
W2124637492,random-graph,Random graph,0.5946765542030334
W2124637492,interdependent-networks,Interdependent networks,0.5912266373634338
W2124637492,evolving-networks,Evolving networks,0.5695672035217285
W2124637492,robustness,Robustness (evolution),0.5488834381103516
W2124637492,scale-free-network,Scale-free network,0.5449198484420776
W2124637492,network-formation,Network formation,0.523186981678009
W2124637492,topology,Topology (electrical circuits),0.5016646385192871
W2124637492,hierarchical-network-model,Hierarchical network model,0.48434603214263916
W2124637492,network-science,Network science,0.4663267433643341
W2124637492,network-dynamics,Network dynamics,0.46480122208595276
W2124637492,computer-science,Computer science,0.45936766266822815
W2124637492,preferential-attachment,Preferential attachment,0.45928382873535156
W2124637492,theoretical-computer-science,Theoretical computer science,0.44999587535858154
W2124637492,the-internet,The Internet,0.42295101284980774
W2124637492,distributed-computing,Distributed computing,0.3865578770637512
W2124637492,physics,Physics,0.3813743591308594
W2124637492,statistical-physics,Statistical physics,0.3601725101470947
W2124637492,computer-network,Computer network,0.20845460891723633
W2124637492,graph,Graph,0.16617026925086975
W2124637492,world-wide-web,World Wide Web,0.08591276407241821
W2124637492,mathematics,Mathematics,0.08090046048164368
W2021365718,humanities,Humanities,0.6078716516494751
W2021365718,philosophy,Philosophy,0.40879642963409424
W2021365718,sociology,Sociology,0.33475807309150696
W2002664886,nonparametric-statistics,Nonparametric statistics,0.8293130397796631
W2002664886,statistics,Statistics,0.5930319428443909
W2002664886,econometrics,Econometrics,0.5030712485313416
W2002664886,behavioural-sciences,Behavioural sciences,0.4359793961048126
W2002664886,psychology,Psychology,0.3357454836368561
W2002664886,data-science,Data science,0.3321309983730316
W2002664886,computer-science,Computer science,0.3170746862888336
W2002664886,mathematics,Mathematics,0.29231980443000793
W1658908529,grounded-theory,Grounded theory,0.6565464735031128
W1658908529,computer-science,Computer science,0.5343875885009766
W1658908529,context,Context (archaeology),0.5207645297050476
W1658908529,process,Process (computing),0.5070862770080566
W1658908529,management-science,Management science,0.48991483449935913
W1658908529,theoretical-sampling,Theoretical sampling,0.43420448899269104
W1658908529,qualitative-research,Qualitative research,0.39111635088920593
W1658908529,data-science,Data science,0.3882202208042145
W1658908529,engineering,Engineering,0.23270398378372192
W1658908529,sociology,Sociology,0.14863258600234985
W1658908529,social-science,Social science,0.11413943767547607
W1658908529,programming-language,Programming language,0.08201423287391663
W1658908529,geography,Geography,0.06740647554397583
W2121044470,mathematics,Mathematics,0.9023874998092651
W2121044470,simple,Simple (philosophy),0.6509814262390137
W2121044470,type-i-and-type-ii-errors,Type I and type II errors,0.5596047639846802
W2121044470,test,Test (biology),0.49862217903137207
W2121044470,statistics,Statistics,0.44765153527259827
W2140606211,positive-and-negative-syndrome-scale,Positive and Negative Syndrome Scale,0.8156356811523438
W2140606211,psychopathology,Psychopathology,0.765518069267273
W2140606211,psychology,Psychology,0.6897515058517456
W2140606211,concurrent-validity,Concurrent validity,0.6248923540115356
W2140606211,schizophrenia,Schizophrenia (object-oriented programming),0.6146783828735352
W2140606211,clinical-psychology,Clinical psychology,0.5848362445831299
W2140606211,rating-scale,Rating scale,0.5400171875953674
W2140606211,predictive-validity,Predictive validity,0.5221864581108093
W2140606211,psychiatry,Psychiatry,0.4642741084098816
W2140606211,psychometrics,Psychometrics,0.41917166113853455
W2140606211,test-validity,Test validity,0.41842442750930786
W2140606211,psychosis,Psychosis,0.38002461194992065
W2140606211,developmental-psychology,Developmental psychology,0.26823246479034424
W2012034410,proteome,Proteome,0.9105195999145508
W2012034410,human-proteome-project,Human proteome project,0.8743234872817993
W2012034410,human-protein-atlas,Human Protein Atlas,0.7947499752044678
W2012034410,biology,Biology,0.6553767323493958
W2012034410,computational-biology,Computational biology,0.6441544890403748
W2012034410,transcriptome,Transcriptome,0.5990453958511353
W2012034410,druggability,Druggability,0.5296416282653809
W2012034410,proteomics,Proteomics,0.4881304204463959
W2012034410,bioinformatics,Bioinformatics,0.361985445022583
W2012034410,gene,Gene,0.32677873969078064
W2012034410,gene-expression,Gene expression,0.27574145793914795
W2012034410,protein-expression,Protein expression,0.22194838523864746
W2012034410,genetics,Genetics,0.168575257062912
W2064815984,crispr,CRISPR,0.9388896822929382
W2064815984,cas9,Cas9,0.7381715178489685
W2064815984,genome-editing,Genome editing,0.7187209129333496
W2064815984,guide-rna,Guide RNA,0.6673071384429932
W2064815984,biology,Biology,0.6502636075019836
W2064815984,genome-engineering,Genome engineering,0.6067032814025879
W2064815984,computational-biology,Computational biology,0.6024922132492065
W2064815984,nuclease,Nuclease,0.5917750597000122
W2064815984,multiplex,Multiplex,0.5838657021522522
W2064815984,genome,Genome,0.5347684025764465
W2064815984,dna,DNA,0.5001356601715088
W2064815984,palindrome,Palindrome,0.49586591124534607
W2064815984,genetics,Genetics,0.45727279782295227
W2064815984,rna,RNA,0.45291751623153687
W2064815984,gene,Gene,0.28685978055000305
W2141939342,porosity,Porosity,0.6919203400611877
W2141939342,metal-organic-framework,Metal-organic framework,0.681923508644104
W2141939342,molecule,Molecule,0.5406273603439331
W2141939342,chemistry,Chemistry,0.5054440498352051
W2141939342,chemical-engineering,Chemical engineering,0.4559292793273926
W2141939342,nanotechnology,Nanotechnology,0.4302862286567688
W2141939342,materials-science,Materials science,0.3862306773662567
W2141939342,organic-chemistry,Organic chemistry,0.3190629482269287
W2141939342,adsorption,Adsorption,0.25400376319885254
W2045435533,trans-activating-crrna,Trans-activating crRNA,0.9710979461669922
W2045435533,crispr,CRISPR,0.9239178895950317
W2045435533,cas9,Cas9,0.7612985372543335
W2045435533,endonuclease,Endonuclease,0.7390825152397156
W2045435533,dna,DNA,0.661130428314209
W2045435533,biology,Biology,0.6565741896629333
W2045435533,rna,RNA,0.6040335893630981
W2045435533,nucleic-acid,Nucleic acid,0.5720512270927429
W2045435533,cleave,Cleave,0.5121902823448181
W2045435533,computational-biology,Computational biology,0.44359925389289856
W2045435533,genetics,Genetics,0.4221961200237274
W2045435533,gene,Gene,0.24547678232192993
W2097259163,warburg-effect,Warburg effect,0.8041315078735352
W2097259163,anaerobic-glycolysis,Anaerobic glycolysis,0.7388843894004822
W2097259163,cancer-cell,Cancer cell,0.7285346984863281
W2097259163,oxidative-phosphorylation,Oxidative phosphorylation,0.6833288669586182
W2097259163,glycolysis,Glycolysis,0.675098717212677
W2097259163,cell-growth,Cell growth,0.5979580283164978
W2097259163,biology,Biology,0.5958958864212036
W2097259163,adenosine-triphosphate,Adenosine triphosphate,0.5697030425071716
W2097259163,cell-biology,Cell biology,0.5518666505813599
W2097259163,metabolic-pathway,Metabolic pathway,0.49099281430244446
W2097259163,biochemistry,Biochemistry,0.4401931166648865
W2097259163,metabolism,Metabolism,0.43162184953689575
W2097259163,cell,Cell,0.4300435781478882
W2097259163,cancer,Cancer,0.3762022852897644
W2097259163,genetics,Genetics,0.10007965564727783
W2010971702,nanoindentation,Nanoindentation,0.7660614252090454
W2010971702,elastic-modulus,Elastic modulus,0.7428170442581177
W2010971702,graphene,Graphene,0.6681855916976929
W2010971702,materials-science,Materials science,0.667670726776123
W2010971702,stiffness,Stiffness,0.6010018587112427
W2010971702,monolayer,Monolayer,0.5397279262542725
W2010971702,linear-elasticity,Linear elasticity,0.4731658101081848
W2010971702,elasticity,Elasticity (physics),0.4362376034259796
W2010971702,composite-material,Composite material,0.4263666272163391
W2010971702,graphite,Graphite,0.41824042797088623
W2010971702,nanomechanics,Nanomechanics,0.4134877920150757
W2010971702,condensed-matter-physics,Condensed matter physics,0.39404088258743286
W2010971702,atomic-force-microscopy,Atomic force microscopy,0.36352109909057617
W2010971702,nanotechnology,Nanotechnology,0.3076668977737427
W2010971702,physics,Physics,0.14644715189933777
W2010971702,thermodynamics,Thermodynamics,0.10770836472511292
W2100495367,autoencoder,Autoencoder,0.912564754486084
W2100495367,curse-of-dimensionality,Curse of dimensionality,0.852599024772644
W2100495367,initialization,Initialization,0.8268355131149292
W2100495367,gradient-descent,Gradient descent,0.7462528944015503
W2100495367,artificial-neural-network,Artificial neural network,0.7379843592643738
W2100495367,computer-science,Computer science,0.667056143283844
W2100495367,principal-component-analysis,Principal component analysis,0.6036322712898254
W2100495367,artificial-intelligence,Artificial intelligence,0.5215330123901367
W2100495367,pattern-recognition,Pattern recognition (psychology),0.452808141708374
W2100495367,layer,Layer (electronics),0.44874662160873413
W2100495367,high-dimensional,High dimensional,0.4127656817436218
W2100495367,principal,Principal (computer security),0.4111679196357727
W2100495367,algorithm,Algorithm,0.3543621599674225
W2100495367,materials-science,Materials science,0.07464763522148132
W2100495367,nanotechnology,Nanotechnology,0.05931103229522705
W2058122340,electric-field,Electric field,0.6693694591522217
W2058122340,graphene,Graphene,0.6429572105407715
W2058122340,materials-science,Materials science,0.6354798078536987
W2058122340,fullerene,Fullerene,0.6278103590011597
W2058122340,field-effect-transistor,Field-effect transistor,0.5099684000015259
W2058122340,carbon-fibers,Carbon fibers,0.48644208908081055
W2058122340,nanotechnology,Nanotechnology,0.4850243926048279
W2058122340,ballistic-conduction,Ballistic conduction,0.46418896317481995
W2058122340,metal,Metal,0.43245941400527954
W2058122340,field,Field (mathematics),0.42913752794265747
W2058122340,thin-film,Thin film,0.42470741271972656
W2058122340,condensed-matter-physics,Condensed matter physics,0.4166800379753113
W2058122340,transistor,Transistor,0.4151556193828583
W2058122340,chemical-physics,Chemical physics,0.3990301787853241
W2058122340,optoelectronics,Optoelectronics,0.3975258469581604
W2058122340,chemistry,Chemistry,0.16827073693275452
W2058122340,physics,Physics,0.12413293123245239
W2058122340,composite-material,Composite material,0.10742905735969543
W2058122340,electron,Electron,0.092935711145401
W2058122340,voltage,Voltage,0.06034103035926819
W2008620264,vertex,Vertex (graph theory),0.6619867086410522
W2008620264,complex-network,Complex network,0.6535643339157104
W2008620264,scaling,Scaling,0.6077470779418945
W2008620264,scale-free-network,Scale-free network,0.5824725031852722
W2008620264,computer-science,Computer science,0.5255807042121887
W2008620264,topology,Topology (electrical circuits),0.5054037570953369
W2008620264,preferential-attachment,Preferential attachment,0.4949302077293396
W2008620264,theoretical-computer-science,Theoretical computer science,0.42362871766090393
W2008620264,random-graph,Random graph,0.41116607189178467
W2008620264,statistical-physics,Statistical physics,0.34403011202812195
W2008620264,mathematics,Mathematics,0.2820283770561218
W2008620264,combinatorics,Combinatorics,0.2163357138633728
W2008620264,physics,Physics,0.20359042286872864
W2008620264,graph,Graph,0.14097484946250916
W2008620264,world-wide-web,World Wide Web,0.08087250590324402
W2159999899,mesenchymal-stem-cell,Mesenchymal stem cell,0.8785223960876465
W2159999899,stem-cell-transplantation-for-articular-cartilage-repair,Stem cell transplantation for articular cartilage repair,0.7595697045326233
W2159999899,stem-cell,Stem cell,0.7161916494369507
W2159999899,adult-stem-cell,Adult stem cell,0.6311758756637573
W2159999899,clinical-uses-of-mesenchymal-stem-cells,Clinical uses of mesenchymal stem cells,0.6272637844085693
W2159999899,amniotic-stem-cells,Amniotic stem cells,0.6021995544433594
W2159999899,biology,Biology,0.5876138210296631
W2159999899,cell-biology,Cell biology,0.5875853896141052
W2159999899,bone-marrow,Bone marrow,0.5699748992919922
W2159999899,multipotent-stem-cell,Multipotent Stem Cell,0.49796175956726074
W2159999899,endothelial-stem-cell,Endothelial stem cell,0.37188881635665894
W2159999899,in-vitro,In vitro,0.36277252435684204
W2159999899,immunology,Immunology,0.26468586921691895
W2159999899,progenitor-cell,Progenitor cell,0.17510947585105896
W2159999899,genetics,Genetics,0.07127925753593445
W2086943348,biology,Biology,0.7389246821403503
W2086943348,embryonic-stem-cell,Embryonic stem cell,0.7006348371505737
W2086943348,endoderm,Endoderm,0.6971874833106995
W2086943348,germ-layer,Germ layer,0.6439266800880432
W2086943348,cell-biology,Cell biology,0.6272386312484741
W2086943348,ectoderm,Ectoderm,0.606535792350769
W2086943348,stem-cell,Stem cell,0.5431560277938843
W2086943348,amniotic-epithelial-cells,Amniotic epithelial cells,0.5208845138549805
W2086943348,blastocyst,Blastocyst,0.4888993799686432
W2086943348,inner-cell-mass,Inner cell mass,0.45796942710876465
W2086943348,mesoderm,Mesoderm,0.45674222707748413
W2086943348,epithelium,Epithelium,0.439247190952301
W2086943348,embryoid-body,Embryoid body,0.4200100898742676
W2086943348,adult-stem-cell,Adult stem cell,0.4142771363258362
W2086943348,induced-pluripotent-stem-cell,Induced pluripotent stem cell,0.3970417380332947
W2086943348,anatomy,Anatomy,0.3340908885002136
W2086943348,embryogenesis,Embryogenesis,0.2935180068016052
W2086943348,embryo,Embryo,0.2931188941001892
W2086943348,genetics,Genetics,0.13559651374816895
W2032118018,thermus-aquaticus,Thermus aquaticus,0.9036064147949219
W2032118018,multiple-displacement-amplification,Multiple displacement amplification,0.8592100739479065
W2032118018,hot-start-pcr,Hot start PCR,0.8247219324111938
W2032118018,dna-polymerase,DNA polymerase,0.6842407584190369
W2032118018,primer-dimer,Primer dimer,0.6711471080780029
W2032118018,polymerase-chain-reaction,Polymerase chain reaction,0.6612714529037476
W2032118018,primer,Primer (cosmetics),0.6539865136146545
W2032118018,molecular-biology,Molecular biology,0.640140175819397
W2032118018,taq-polymerase,Taq polymerase,0.6192565560340881
W2032118018,dna,DNA,0.5699358582496643
W2032118018,biology,Biology,0.5210318565368652
W2032118018,polymerase-chain-reaction-optimization,Polymerase chain reaction optimization,0.49950146675109863
W2032118018,genomic-dna,genomic DNA,0.48759904503822327
W2032118018,polymerase,Polymerase,0.486417293548584
W2032118018,recombinase-polymerase-amplification,Recombinase Polymerase Amplification,0.48603755235671997
W2032118018,base-pair,Base pair,0.44812294840812683
W2032118018,applications-of-pcr,Applications of PCR,0.4143502712249756
W2032118018,chemistry,Chemistry,0.3436451852321625
W2032118018,genetics,Genetics,0.2912585735321045
W2032118018,digital-polymerase-chain-reaction,Digital polymerase chain reaction,0.21973851323127747
W2032118018,multiplex-polymerase-chain-reaction,Multiplex polymerase chain reaction,0.20791608095169067
W2032118018,dna-extraction,DNA extraction,0.16891193389892578
W2032118018,gene,Gene,0.13729894161224365
W2024060531,statistical-mechanics,Statistical mechanics,0.7192909717559814
W2024060531,simulated-annealing,Simulated annealing,0.6522390246391296
W2024060531,connection,Connection (principal bundle),0.6283194422721863
W2024060531,analogy,Analogy,0.6268075108528137
W2024060531,computer-science,Computer science,0.5912333130836487
W2024060531,optimization-problem,Optimization problem,0.48928090929985046
W2024060531,mathematical-optimization,Mathematical optimization,0.48451322317123413
W2024060531,extremal-optimization,Extremal optimization,0.4596554636955261
W2024060531,multivariate-statistics,Multivariate statistics,0.4364906847476959
W2024060531,statistical-physics,Statistical physics,0.43484681844711304
W2024060531,complex-system,Complex system,0.4236801862716675
W2024060531,degrees-of-freedom,Degrees of freedom (physics and chemistry),0.41766297817230225
W2024060531,theoretical-computer-science,Theoretical computer science,0.34829914569854736
W2024060531,algorithm,Algorithm,0.27374008297920227
W2024060531,mathematics,Mathematics,0.2667473554611206
W2024060531,artificial-intelligence,Artificial intelligence,0.2360789179801941
W2024060531,physics,Physics,0.1900889277458191
W2024060531,multi-swarm-optimization,Multi-swarm optimization,0.17555919289588928
W2024060531,machine-learning,Machine learning,0.12331467866897583
W2024060531,thermodynamics,Thermodynamics,0.12271475791931152
W2062663664,reciprocity,Reciprocity (cultural anthropology),0.6387140154838562
W2062663664,dilemma,Dilemma,0.620558500289917
W2062663664,territoriality,Territoriality,0.620171070098877
W2062663664,prisoners-dilemma,Prisoner's dilemma,0.5552181005477905
W2062663664,context,Context (archaeology),0.5533721446990967
W2062663664,probabilistic-logic,Probabilistic logic,0.4989020824432373
W2062663664,game-theory,Game theory,0.47210991382598877
W2062663664,computer-science,Computer science,0.4406086504459381
W2062663664,biology,Biology,0.3668796420097351
W2062663664,evolutionary-biology,Evolutionary biology,0.36269164085388184
W2062663664,mathematical-economics,Mathematical economics,0.2877230644226074
W2062663664,artificial-intelligence,Artificial intelligence,0.2497246265411377
W2062663664,social-psychology,Social psychology,0.24668893218040466
W2062663664,psychology,Psychology,0.2350749671459198
W2062663664,ecology,Ecology,0.22518491744995117
W2062663664,epistemology,Epistemology,0.17990928888320923
W2062663664,economics,Economics,0.15925824642181396
W2096452841,framing-effect,Framing effect,0.8024260997772217
W2096452841,framing,Framing (construction),0.7703770399093628
W2096452841,perception,Perception,0.7384234070777893
W2096452841,preference,Preference,0.633916974067688
W2096452841,psychology,Psychology,0.5550779700279236
W2096452841,social-psychology,Social psychology,0.4796638786792755
W2096452841,prospect-theory,Prospect theory,0.43189093470573425
W2096452841,expected-utility-hypothesis,Expected utility hypothesis,0.42698508501052856
W2096452841,decision-theory,Decision theory,0.41227987408638
W2096452841,cognitive-psychology,Cognitive psychology,0.3552672863006592
W2096452841,economics,Economics,0.32014280557632446
W2096452841,microeconomics,Microeconomics,0.22647225856781006
W2096452841,mathematical-economics,Mathematical economics,0.1605294644832611
W2096452841,persuasion,Persuasion,0.06571900844573975
W4292157289,heuristics,Heuristics,0.9578438997268677
W4292157289,representativeness-heuristic,Representativeness heuristic,0.9429663419723511
W4292157289,computer-science,Computer science,0.6360965967178345
W4292157289,class,Class (philosophy),0.6122501492500305
W4292157289,process,Process (computing),0.5148126482963562
W4292157289,object,Object (grammar),0.48914197087287903
W4292157289,event,Event (particle physics),0.47475722432136536
W4292157289,artificial-intelligence,Artificial intelligence,0.3434978723526001
W4292157289,machine-learning,Machine learning,0.3375629782676697
W4292157289,psychology,Psychology,0.27871423959732056
W4292157289,social-psychology,Social psychology,0.18862387537956238
W2226396244,tragedy-of-the-commons,Tragedy of the commons,0.7910512685775757
W2226396244,tragedy,Tragedy (event),0.6399936079978943
W2226396244,commons,Commons,0.548051118850708
W2226396244,environmental-ethics,Environmental ethics,0.44521600008010864
W2226396244,political-science,Political science,0.38996389508247375
W2226396244,law-and-economics,Law and economics,0.36387670040130615
W2226396244,philosophy,Philosophy,0.24631533026695251
W2226396244,law,Law,0.20665067434310913
W2226396244,sociology,Sociology,0.18951085209846497
W2226396244,art,Art,0.17087167501449585
W2226396244,literature,Literature,0.12536907196044922
W2737217596,production,Production (economics),0.6935082077980042
W2737217596,business,Business,0.4409100115299225
W2737217596,biochemical-engineering,Biochemical engineering,0.41669905185699463
W2737217596,environmental-science,Environmental science,0.3323057293891907
W2737217596,computer-science,Computer science,0.3252931833267212
W2737217596,engineering,Engineering,0.13325652480125427
W2737217596,economics,Economics,0.0955224335193634
W2114843025,genomics,Genomics,0.6945977210998535
W2114843025,visualization,Visualization,0.650733232498169
W2114843025,interface,Interface (matter),0.5186028480529785
W2114843025,computer-science,Computer science,0.48936599493026733
W2114843025,computational-biology,Computational biology,0.4742949306964874
W2114843025,data-visualization,Data visualization,0.4584195017814636
W2114843025,software,Software,0.42695683240890503
W2114843025,data-science,Data science,0.4192322790622711
W2114843025,bioinformatics,Bioinformatics,0.392604261636734
W2114843025,world-wide-web,World Wide Web,0.33664342761039734
W2114843025,genome,Genome,0.3006986379623413
W2114843025,biology,Biology,0.25120919942855835
W2114843025,gene,Gene,0.20711243152618408
W2114843025,data-mining,Data mining,0.19623786211013794
W2114843025,genetics,Genetics,0.13876572251319885
W2302501749,stewardship,Stewardship (theology),0.7672982215881348
W2302501749,reuse,Reuse,0.7016162276268005
W2302501749,reusability,Reusability,0.6697233319282532
W2302501749,implementation,Implementation,0.640540361404419
W2302501749,computer-science,Computer science,0.5493178963661194
W2302501749,set,Set (abstract data type),0.5127524137496948
W2302501749,workflow,Workflow,0.4586910903453827
W2302501749,data-science,Data science,0.4346827566623688
W2302501749,knowledge-management,Knowledge management,0.4270494878292084
W2302501749,engineering-ethics,Engineering ethics,0.36856794357299805
W2302501749,process-management,Process management,0.330281138420105
W2302501749,public-relations,Public relations,0.32559511065483093
W2302501749,business,Business,0.31318527460098267
W2302501749,political-science,Political science,0.28781455755233765
W2302501749,software-engineering,Software engineering,0.16430175304412842
W2302501749,database,Database,0.12494289875030518
W2302501749,engineering,Engineering,0.1188005805015564
W2302501749,law,Law,0.08401769399642944
W2580767461,golgi-apparatus,Golgi apparatus,0.8617566227912903
W2580767461,cell-biology,Cell biology,0.5797703266143799
W2580767461,cilium,Cilium,0.5730081796646118
W2580767461,biology,Biology,0.35964328050613403
W2593436234,cheminformatics,Cheminformatics,0.8435816764831543
W2593436234,adme,ADME,0.8144415616989136
W2593436234,drug-discovery,Drug discovery,0.7321891784667969
W2593436234,context,Context (archaeology),0.6084150075912476
W2593436234,computer-science,Computer science,0.5968579649925232
W2593436234,interface,Interface (matter),0.4622054100036621
W2593436234,login,Login,0.4263029396533966
W2593436234,pharmacokinetics,Pharmacokinetics,0.41569802165031433
W2593436234,biochemical-engineering,Biochemical engineering,0.3981184959411621
W2593436234,data-science,Data science,0.36760324239730835
W2593436234,chemistry,Chemistry,0.34548407793045044
W2593436234,pharmacology,Pharmacology,0.26803749799728394
W2593436234,bioinformatics,Bioinformatics,0.22738102078437805
W2593436234,molecule,Molecule,0.17402735352516174
W2593436234,computational-chemistry,Computational chemistry,0.14723947644233704
W2593436234,medicine,Medicine,0.12991195917129517
W2593436234,biology,Biology,0.12819764018058777
W2593436234,engineering,Engineering,0.12041604518890381
W2593436234,organic-chemistry,Organic chemistry,0.08344593644142151
W2150220236,computer-science,Computer science,0.6863651275634766
W2150220236,construct,Construct (python library),0.5755789279937744
W2150220236,bibliometrics,Bibliometrics,0.5201380848884583
W2150220236,citation,Citation,0.5027782917022705
W2150220236,software,Software,0.498150110244751
W2150220236,representation,Representation (politics),0.46373075246810913
W2150220236,data-science,Data science,0.38126569986343384
W2150220236,world-wide-web,World Wide Web,0.21762871742248535
W2148606196,random-graph,Random graph,0.6577031016349792
W2148606196,complex-network,Complex network,0.6420744061470032
W2148606196,computer-science,Computer science,0.6332436800003052
W2148606196,cluster-analysis,Cluster analysis,0.6219208240509033
W2148606196,degree-distribution,Degree distribution,0.5724055767059326
W2148606196,preferential-attachment,Preferential attachment,0.5672091245651245
W2148606196,clustering-coefficient,Clustering coefficient,0.5577930808067322
W2148606196,biological-network,Biological network,0.5564082860946655
W2148606196,variety,Variety (cybernetics),0.5546678900718689
W2148606196,evolving-networks,Evolving networks,0.5206683874130249
W2148606196,the-internet,The Internet,0.5039929747581482
W2148606196,field,Field (mathematics),0.47820234298706055
W2148606196,theoretical-computer-science,Theoretical computer science,0.4671788811683655
W2148606196,network-science,Network science,0.45104289054870605
W2148606196,small-world-network,Small-world network,0.4472450315952301
W2148606196,network-formation,Network formation,0.4406255781650543
W2148606196,data-science,Data science,0.4376852512359619
W2148606196,graph,Graph,0.41451436281204224
W2148606196,artificial-intelligence,Artificial intelligence,0.3484530746936798
W2148606196,mathematics,Mathematics,0.21161720156669617
W2148606196,world-wide-web,World Wide Web,0.11058205366134644
W197066864,epworth-sleepiness-scale,Epworth Sleepiness Scale,0.943764865398407
W197066864,polysomnography,Polysomnography,0.8032974004745483
W197066864,narcolepsy,Narcolepsy,0.7993752956390381
W197066864,excessive-daytime-sleepiness,Excessive daytime sleepiness,0.7211383581161499
W197066864,obstructive-sleep-apnea,Obstructive sleep apnea,0.675588846206665
W197066864,multiple-sleep-latency-test,Multiple Sleep Latency Test,0.6301629543304443
W197066864,respiratory-disturbance-index,Respiratory disturbance index,0.5893930196762085
W197066864,physical-therapy,Physical therapy,0.5339523553848267
W197066864,medicine,Medicine,0.5215946435928345
W197066864,sleep-disorder,Sleep disorder,0.5186187624931335
W197066864,sleep-apnea,Sleep apnea,0.5173665881156921
W197066864,apnea,Apnea,0.47462356090545654
W197066864,sleep-stages,Sleep Stages,0.4370800256729126
W197066864,psychology,Psychology,0.3630404472351074
W197066864,internal-medicine,Internal medicine,0.2568713128566742
W197066864,neurology,Neurology,0.20791807770729065
W197066864,insomnia,Insomnia,0.19180959463119507
W197066864,psychiatry,Psychiatry,0.14443311095237732
W2329395632,grounded-theory,Grounded theory,0.7557982802391052
W2329395632,qualitative-research,Qualitative research,0.497896671295166
W2329395632,epistemology,Epistemology,0.4626193344593048
W2329395632,sociology,Sociology,0.4117634892463684
W2329395632,psychology,Psychology,0.3562648892402649
W2329395632,social-science,Social science,0.1669219434261322
W2329395632,philosophy,Philosophy,0.12369769811630249
W2056944867,centrality,Centrality,0.9814602732658386
W2056944867,interpretability,Interpretability,0.872098445892334
W2056944867,consistency,Consistency (knowledge bases),0.6689543724060059
W2056944867,katz-centrality,Katz centrality,0.5050764679908752
W2056944867,network-theory,Network theory,0.5034961104393005
W2056944867,measure,Measure (data warehouse),0.4852316379547119
W2056944867,social-network-analysis,Social network analysis,0.480535089969635
W2056944867,betweenness-centrality,Betweenness centrality,0.43718183040618896
W2056944867,psychology,Psychology,0.4217844009399414
W2056944867,social-psychology,Social psychology,0.3851596713066101
W2056944867,computer-science,Computer science,0.31606245040893555
W2056944867,mathematics,Mathematics,0.23073908686637878
W2056944867,artificial-intelligence,Artificial intelligence,0.22467118501663208
W2056944867,data-mining,Data mining,0.2116013467311859
W2056944867,statistics,Statistics,0.12224480509757996
W3210839039,mathematics,Mathematics,0.5486114025115967
W3210839039,inequality,Inequality,0.5022993087768555
W3210839039,matrix,Matrix (chemical analysis),0.49362099170684814
W3210839039,algebra-over-a-field,Algebra over a field,0.42216262221336365
W3210839039,pure-mathematics,Pure mathematics,0.3826243281364441
W3210839039,calculus,Calculus (dental),0.3502744436264038
W3210839039,mathematical-economics,Mathematical economics,0.3390762209892273
W3210839039,applied-mathematics,Applied mathematics,0.334766149520874
W3210839039,computer-science,Computer science,0.3318467438220978
W3210839039,mathematical-analysis,Mathematical analysis,0.21721214056015015
W3210839039,materials-science,Materials science,0.08911889791488647
W1992193527,mathematics,Mathematics,0.6092542409896851
W1992193527,covariance,Covariance,0.6002693772315979
W1992193527,statistics,Statistics,0.5579951405525208
W1992193527,covariance-matrix,Covariance matrix,0.5540079474449158
W1992193527,population,Population,0.5020179748535156
W1992193527,type-i-and-type-ii-errors,Type I and type II errors,0.4765218496322632
W1992193527,errors-in-variables-models,Errors-in-variables models,0.466383695602417
W1992193527,standard-error,Standard error,0.4444256126880646
W1992193527,population-model,Population model,0.4404951333999634
W1992193527,applied-mathematics,Applied mathematics,0.42788130044937134
W1992193527,point,Point (geometry),0.42127326130867004
W1992193527,econometrics,Econometrics,0.4130077362060547
W1031578623,computer-science,Computer science,0.8358851671218872
W1031578623,parallelism,Parallelism (grammar),0.7164007425308228
W1031578623,parallel-computing,Parallel computing,0.6706624031066895
W1031578623,data-parallelism,Data parallelism,0.4811069369316101
W1031578623,supercomputer,Supercomputer,0.4690668284893036
W1031578623,computer-architecture,Computer architecture,0.44665852189064026
W1031578623,computational-science,Computational science,0.3967844545841217
W2798643531,computer-science,Computer science,0.3395668864250183
W2798643531,environmental-science,Environmental science,0.32171303033828735
W2091160252,titration,Titration,0.8175709247589111
W2091160252,chromic-acid,Chromic acid,0.7293782234191895
W2091160252,organic-matter,Organic matter,0.5688469409942627
W2091160252,chemistry,Chemistry,0.4715549945831299
W2091160252,environmental-chemistry,Environmental chemistry,0.42930108308792114
W2091160252,environmental-science,Environmental science,0.39229318499565125
W2091160252,inorganic-chemistry,Inorganic chemistry,0.18181243538856506
W2091160252,organic-chemistry,Organic chemistry,0.1250968873500824
W2162604832,hydraulic-conductivity,Hydraulic conductivity,0.8961098194122314
W2162604832,soil-water,Soil water,0.7800027132034302
W2162604832,conductivity,Conductivity,0.6037885546684265
W2162604832,pressure-head,Pressure head,0.5543444156646729
W2162604832,soil-science,Soil science,0.5251457691192627
W2162604832,water-retention,Water retention,0.4750623404979706
W2162604832,range,Range (aeronautics),0.4512091279029846
W2162604832,water-content,Water content,0.4414025843143463
W2162604832,materials-science,Materials science,0.374617338180542
W2162604832,mathematics,Mathematics,0.3539736568927765
W2162604832,geotechnical-engineering,Geotechnical engineering,0.32366061210632324
W2162604832,environmental-science,Environmental science,0.3179755210876465
W2162604832,thermodynamics,Thermodynamics,0.2815055251121521
W2162604832,chemistry,Chemistry,0.197061687707901
W2162604832,geology,Geology,0.19665920734405518
W2162604832,physics,Physics,0.15304696559906006
W2162604832,composite-material,Composite material,0.05719882249832153
W3121147769,economics,Economics,0.4922415316104889
W3121147769,institutional-change,Institutional change,0.4364461302757263
W3121147769,economic-system,Economic system,0.37970584630966187
W3121147769,business,Business,0.34329140186309814
W3121147769,political-science,Political science,0.24593809247016907
W3121147769,public-administration,Public administration,0.09304207563400269
W4294214781,psychophysics,Psychophysics,0.8492577075958252
W4294214781,toolbox,Toolbox,0.8218567967414856
W4294214781,psychology,Psychology,0.6058874130249023
W4294214781,cognitive-science,Cognitive science,0.4786628186702728
W4294214781,cognitive-psychology,Cognitive psychology,0.3548881709575653
W4294214781,neuroscience,Neuroscience,0.3480573892593384
W4294214781,perception,Perception,0.23297277092933655
W4294214781,computer-science,Computer science,0.22307232022285461
W2787894218,variety,Variety (cybernetics),0.7588968276977539
W2787894218,statistical-learning,Statistical learning,0.5478437542915344
W2787894218,management-science,Management science,0.4966021180152893
W2787894218,computer-science,Computer science,0.47540315985679626
W2787894218,data-science,Data science,0.47117406129837036
W2787894218,statistical-analysis,Statistical analysis,0.43556246161460876
W2787894218,conceptual-framework,Conceptual framework,0.4133409261703491
W2787894218,artificial-intelligence,Artificial intelligence,0.3202650547027588
W2787894218,sociology,Sociology,0.23298195004463196
W2787894218,mathematics,Mathematics,0.22054025530815125
W2787894218,engineering,Engineering,0.2179214358329773
W2787894218,statistics,Statistics,0.1366000771522522
W2787894218,social-science,Social science,0.1355549395084381
W1480376833,variety,Variety (cybernetics),0.796558141708374
W1480376833,data-science,Data science,0.5664661526679993
W1480376833,computer-science,Computer science,0.5153186321258545
W1480376833,computation,Computation,0.48287227749824524
W1480376833,artificial-intelligence,Artificial intelligence,0.3054196834564209
W1480376833,algorithm,Algorithm,0.11005434393882751
W2058815839,extension,Extension (predicate logic),0.8563894033432007
W2058815839,realization,Realization (probability),0.6727597117424011
W2058815839,maximum-likelihood,Maximum likelihood,0.6344048380851746
W2058815839,mathematics,Mathematics,0.5825550556182861
W2058815839,likelihood-principle,Likelihood principle,0.5690263509750366
W2058815839,applied-mathematics,Applied mathematics,0.5065594911575317
W2058815839,mathematical-economics,Mathematical economics,0.38345620036125183
W2058815839,calculus,Calculus (dental),0.3793857991695404
W2058815839,statistics,Statistics,0.3527642488479614
W2058815839,computer-science,Computer science,0.34968432784080505
W2058815839,mathematical-optimization,Mathematical optimization,0.3472878336906433
W2058815839,likelihood-function,Likelihood function,0.3212287425994873
W2058815839,quasi-maximum-likelihood,Quasi-maximum likelihood,0.1607280969619751
W1979300931,mathematics,Mathematics,0.6154485940933228
W1979300931,event,Event (particle physics),0.5502894520759583
W1979300931,population,Population,0.5156596899032593
W1979300931,prime,Prime (order theory),0.5092157125473022
W1979300931,combinatorics,Combinatorics,0.48976802825927734
W1979300931,statistics,Statistics,0.4210668206214905
W1979300931,order,Order (exchange),0.4188445508480072
W1979300931,demography,Demography,0.21724653244018555
W1979300931,physics,Physics,0.12071403861045837
W1580788756,statistics,Statistics,0.5992891192436218
W1580788756,mathematics,Mathematics,0.571699321269989
W1580788756,regression-analysis,Regression analysis,0.5331764817237854
W1580788756,regression-function,Regression function,0.5067196488380432
W1580788756,regression,Regression,0.4910268783569336
W1580788756,linear-regression,Linear regression,0.4764716625213623
W1580788756,cross-sectional-regression,Cross-sectional regression,0.4687137007713318
W1580788756,econometrics,Econometrics,0.45082685351371765
W1580788756,function,Function (biology),0.4350476861000061
W1580788756,hazard,Hazard,0.4337601065635681
W1580788756,polynomial-regression,Polynomial regression,0.1951289176940918
W2337002970,intersectionality,Intersectionality,0.9198688268661499
W2337002970,politics,Politics,0.6205106973648071
W2337002970,women-of-color,Women of color,0.6147603988647461
W2337002970,identity,Identity (music),0.5843508243560791
W2337002970,gender-studies,Gender studies,0.5466795563697815
W2337002970,sociology,Sociology,0.4128909707069397
W2337002970,political-science,Political science,0.40967854857444763
W2337002970,race,Race (biology),0.15366971492767334
W2337002970,art,Art,0.10132774710655212
W2337002970,law,Law,0.083036869764328
W2337002970,aesthetics,Aesthetics,0.06143021583557129
W4300107936,cognitive-dissonance,Cognitive dissonance,0.9703041315078735
W4300107936,opposition,Opposition (politics),0.6739833950996399
W4300107936,self-perception-theory,Self-perception theory,0.6247577667236328
W4300107936,psychology,Psychology,0.5447571873664856
W4300107936,social-psychology,Social psychology,0.47121232748031616
W4300107936,cognition,Cognition,0.45014503598213196
W4300107936,empirical-research,Empirical research,0.4463387131690979
W4300107936,epistemology,Epistemology,0.4214276671409607
W4300107936,cognitive-psychology,Cognitive psychology,0.4206707179546356
W4300107936,philosophy,Philosophy,0.11997666954994202
W4300107936,political-science,Political science,0.09812167286872864
W1513618424,computer-science,Computer science,0.5825761556625366
W1513618424,statistical-analysis,Statistical analysis,0.4804127514362335
W1513618424,computational-statistics,Computational statistics,0.4635220468044281
W1513618424,statistical-graphics,Statistical graphics,0.452610582113266
W1513618424,statistics,Statistics,0.4358508586883545
W1513618424,data-science,Data science,0.4260321855545044
W1513618424,data-mining,Data mining,0.4248763620853424
W1513618424,mathematics,Mathematics,0.2903137505054474
W1513618424,machine-learning,Machine learning,0.26828739047050476
W1513618424,computer-graphics,Computer graphics (images),0.08430203795433044
W1513618424,graphics,Graphics,0.08298105001449585
W2148534890,inference,Inference,0.6212243437767029
W2148534890,computer-science,Computer science,0.6073884963989258
W2148534890,univariate,Univariate,0.5609343647956848
W2148534890,iterative-method,Iterative method,0.5516730546951294
W2148534890,bayesian-probability,Bayesian probability,0.5178918838500977
W2148534890,gibbs-sampling,Gibbs sampling,0.5150927901268005
W2148534890,bayesian-inference,Bayesian inference,0.509842574596405
W2148534890,multivariate-normal-distribution,Multivariate normal distribution,0.5004796981811523
W2148534890,simple,Simple (philosophy),0.45360007882118225
W2148534890,algorithm,Algorithm,0.43548157811164856
W2148534890,normality,Normality,0.4243006408214569
W2148534890,applied-mathematics,Applied mathematics,0.39095306396484375
W2148534890,multivariate-statistics,Multivariate statistics,0.38458818197250366
W2148534890,econometrics,Econometrics,0.3836318254470825
W2148534890,mathematics,Mathematics,0.35871651768684387
W2148534890,statistics,Statistics,0.3142240047454834
W2148534890,machine-learning,Machine learning,0.2487153708934784
W2148534890,artificial-intelligence,Artificial intelligence,0.2359277904033661
W1518897246,ecology,Ecology,0.6681056618690491
W1518897246,geography,Geography,0.4173610210418701
W1518897246,biology,Biology,0.22632843255996704
W1528905581,jaundice,Jaundice,0.649386465549469
W1528905581,medicine,Medicine,0.46753165125846863
W1528905581,race,Race (biology),0.4313932955265045
W1528905581,gestational-age,Gestational age,0.4180942475795746
W1528905581,pediatrics,Pediatrics,0.34071823954582214
W1528905581,emergency-medicine,Emergency medicine,0.3216593265533447
W1528905581,surgery,Surgery,0.13669747114181519
W1528905581,pregnancy,Pregnancy,0.10774824023246765
W1528905581,biology,Biology,0.06991550326347351
W2126930838,meta-analysis,Meta-analysis,0.7981830835342407
W2126930838,study-heterogeneity,Study heterogeneity,0.7465903162956238
W2126930838,statistics,Statistics,0.7078449130058289
W2126930838,statistic,Statistic,0.5629101395606995
W2126930838,random-effects-model,Random effects model,0.5584756135940552
W2126930838,metric,Metric (unit),0.534646213054657
W2126930838,spatial-heterogeneity,Spatial heterogeneity,0.5203599333763123
W2126930838,econometrics,Econometrics,0.49717310070991516
W2126930838,mathematics,Mathematics,0.49046656489372253
W2126930838,variance,Variance (accounting),0.4789474606513977
W2126930838,standard-error,Standard error,0.47363370656967163
W2126930838,confidence-interval,Confidence interval,0.45156174898147583
W2126930838,computer-science,Computer science,0.32205086946487427
W2126930838,medicine,Medicine,0.1684567630290985
W2123709218,competitor-analysis,Competitor analysis,0.8796894550323486
W2123709218,industrial-organization,Industrial organization,0.6852067112922668
W2123709218,complementary-assets,Complementary assets,0.6503503918647766
W2123709218,asset,Asset (computer security),0.576941192150116
W2123709218,portfolio,Portfolio,0.5516756176948547
W2123709218,competitive-advantage,Competitive advantage,0.5406816005706787
W2123709218,business,Business,0.5354775190353394
W2123709218,dynamic-capabilities,Dynamic capabilities,0.4922460615634918
W2123709218,balance,Balance (ability),0.46101605892181396
W2123709218,economics,Economics,0.4411267638206482
W2123709218,marketing,Marketing,0.33552050590515137
W2123709218,microeconomics,Microeconomics,0.3225628733634949
W2123709218,computer-science,Computer science,0.12984707951545715
W2123709218,finance,Finance,0.12412682175636292
W2140956556,resource,Resource (disambiguation),0.7263408899307251
W2140956556,perspective,Perspective (graphical),0.630847692489624
W2140956556,analogy,Analogy,0.6096836924552917
W2140956556,resource-based-view,Resource-based view,0.5951513648033142
W2140956556,business,Business,0.5900271534919739
W2140956556,industrial-organization,Industrial organization,0.5660953521728516
W2140956556,product,Product (mathematics),0.52504563331604
W2140956556,position,Position (finance),0.5022048950195312
W2140956556,new-product-development,New product development,0.49641352891921997
W2140956556,knowledge-management,Knowledge management,0.3698045611381531
W2140956556,marketing,Marketing,0.3137143850326538
W2140956556,computer-science,Computer science,0.2923847436904907
W2140956556,competitive-advantage,Competitive advantage,0.20674997568130493
W2140956556,mathematics,Mathematics,0.07552456855773926
W2140956556,epistemology,Epistemology,0.07398584485054016
W2140956556,artificial-intelligence,Artificial intelligence,0.0723353922367096
W2071666535,cutoff,Cutoff,0.8783072233200073
W2071666535,statistics,Statistics,0.7365268468856812
W2071666535,mathematics,Mathematics,0.7251782417297363
W2071666535,index,Index (typography),0.5634211301803589
W2071666535,population,Population,0.5241004228591919
W2071666535,covariance,Covariance,0.509049117565155
W2071666535,structural-equation-modeling,Structural equation modeling,0.4518548548221588
W2071666535,econometrics,Econometrics,0.36884719133377075
W2071666535,demography,Demography,0.08734703063964844
W2071666535,physics,Physics,0.08720400929450989
W2071666535,computer-science,Computer science,0.07146230340003967
W2543580944,particle-swarm-optimization,Particle swarm optimization,0.712685227394104
W2543580944,swarming,Swarming (honey bee),0.6805797219276428
W2543580944,computer-science,Computer science,0.6419685482978821
W2543580944,multi-swarm-optimization,Multi-swarm optimization,0.5792105197906494
W2543580944,metaheuristic,Metaheuristic,0.5463160276412964
W2543580944,swarm-behaviour,Swarm behaviour,0.45168524980545044
W2543580944,snapshot,Snapshot (computer storage),0.4280480146408081
W2543580944,mathematical-optimization,Mathematical optimization,0.4094027280807495
W2543580944,algorithm,Algorithm,0.25382721424102783
W2543580944,artificial-intelligence,Artificial intelligence,0.20062360167503357
W2543580944,mathematics,Mathematics,0.11067131161689758
W2543580944,biology,Biology,0.10859981179237366
W2543580944,ecology,Ecology,0.06922635436058044
W2148698435,markov-chain-monte-carlo,Markov chain Monte Carlo,0.7126250863075256
W2148698435,computer-science,Computer science,0.5697289705276489
W2148698435,tree,Tree (set theory),0.532610297203064
W2148698435,speedup,Speedup,0.5223849415779114
W2148698435,marginal-likelihood,Marginal likelihood,0.5207738280296326
W2148698435,range,Range (aeronautics),0.4860139489173889
W2148698435,bayesian-probability,Bayesian probability,0.4700309932231903
W2148698435,algorithm,Algorithm,0.4538697600364685
W2148698435,bayesian-inference,Bayesian inference,0.44141504168510437
W2148698435,markov-chain,Markov chain,0.4383547604084015
W2148698435,inference,Inference,0.43301305174827576
W2148698435,parallel-computing,Parallel computing,0.2884140610694885
W2148698435,mathematics,Mathematics,0.26290690898895264
W2148698435,artificial-intelligence,Artificial intelligence,0.23921674489974976
W2148698435,machine-learning,Machine learning,0.23873835802078247
W2111211467,algorithm,Algorithm,0.7137463688850403
W2111211467,pruning,Pruning,0.562095046043396
W2111211467,computer-science,Computer science,0.5543034076690674
W2111211467,tree,Tree (set theory),0.5079982876777649
W2111211467,nonparametric-statistics,Nonparametric statistics,0.5044232606887817
W2111211467,simple,Simple (philosophy),0.4827236831188202
W2111211467,software,Software,0.4577023983001709
W2111211467,data-mining,Data mining,0.3601134121417999
W2111211467,mathematics,Mathematics,0.3485059142112732
W2111211467,statistics,Statistics,0.2685922384262085
W2111211467,biology,Biology,0.1772754192352295
W2103546861,algorithm,Algorithm,0.7204374074935913
W2103546861,tree,Tree (set theory),0.6162934899330139
W2103546861,simple,Simple (philosophy),0.5917967557907104
W2103546861,expectation–maximization-algorithm,Expectation–maximization algorithm,0.5469149351119995
W2103546861,set,Set (abstract data type),0.5314881801605225
W2103546861,computer-science,Computer science,0.48681899905204773
W2103546861,maximization,Maximization,0.47917047142982483
W2103546861,maximum-likelihood,Maximum likelihood,0.470101535320282
W2103546861,maximum-parsimony,Maximum parsimony,0.4427569806575775
W2103546861,probabilistic-logic,Probabilistic logic,0.43746417760849
W2103546861,sequence,Sequence (biology),0.4369831085205078
W2103546861,mathematics,Mathematics,0.4141889810562134
W2103546861,phylogenetic-tree,Phylogenetic tree,0.2704979181289673
W2103546861,mathematical-optimization,Mathematical optimization,0.2570790946483612
W2103546861,statistics,Statistics,0.2044045627117157
W2103546861,artificial-intelligence,Artificial intelligence,0.1565077304840088
W2103546861,combinatorics,Combinatorics,0.1470598578453064
W2103546861,biology,Biology,0.10918077826499939
W2560438049,usability,Usability,0.8584429025650024
W2560438049,medicine,Medicine,0.6390359401702881
W2560438049,systematic-review,Systematic review,0.5612850189208984
W2560438049,automation,Automation,0.4863143861293793
W2560438049,computer-science,Computer science,0.4326953589916229
W2560438049,upload,Upload,0.4169403910636902
W2560438049,medline,MEDLINE,0.3826407790184021
W2560438049,world-wide-web,World Wide Web,0.3502327799797058
W2560438049,human–computer-interaction,Human–computer interaction,0.17599454522132874
W2161374186,systematic-review,Systematic review,0.8300245404243469
W2161374186,checklist,Checklist,0.8172862529754639
W2161374186,protocol,Protocol (science),0.7828463912010193
W2161374186,medicine,Medicine,0.753103494644165
W2161374186,guideline,Guideline,0.5477052927017212
W2161374186,transparency,Transparency (behavior),0.4911477267742157
W2161374186,critical-appraisal,Critical appraisal,0.46028652787208557
W2161374186,meta-analysis,Meta-analysis,0.42831188440322876
W2161374186,medline,MEDLINE,0.4021667242050171
W2161374186,alternative-medicine,Alternative medicine,0.33644455671310425
W2161374186,computer-science,Computer science,0.1836743950843811
W2161374186,pathology,Pathology,0.14181667566299438
W2161374186,psychology,Psychology,0.10690945386886597
W2161374186,computer-security,Computer security,0.09719213843345642
W2034562813,statistics,Statistics,0.5379119515419006
W2034562813,regression-analysis,Regression analysis,0.500091552734375
W2034562813,regression,Regression,0.4902399182319641
W2034562813,econometrics,Econometrics,0.4235595464706421
W2034562813,mathematics,Mathematics,0.4080235958099365
W2034562813,computer-science,Computer science,0.3487268090248108
W2148603752,generalization,Generalization,0.8397876024246216
W2148603752,statistical-learning-theory,Statistical learning theory,0.7812097072601318
W2148603752,artificial-intelligence,Artificial intelligence,0.6311459541320801
W2148603752,consistency,Consistency (knowledge bases),0.6204805374145508
W2148603752,computer-science,Computer science,0.5923181772232056
W2148603752,machine-learning,Machine learning,0.5169893503189087
W2148603752,statistical-theory,Statistical theory,0.505894124507904
W2148603752,variety,Variety (cybernetics),0.4973590672016144
W2148603752,process,Process (computing),0.4719100594520569
W2148603752,algorithmic-learning-theory,Algorithmic learning theory,0.470554381608963
W2148603752,learning-theory,Learning theory,0.4499552845954895
W2148603752,function,Function (biology),0.4265047013759613
W2148603752,mathematics,Mathematics,0.3236176371574402
W2148603752,unsupervised-learning,Unsupervised learning,0.30080175399780273
W2148603752,statistics,Statistics,0.1347281038761139
W2148603752,mathematics-education,Mathematics education,0.11056733131408691
W4300870773,statistical-power,Statistical power,0.5314176678657532
W4300870773,power-analysis,Power analysis,0.46411022543907166
W4300870773,statistical-analysis,Statistical analysis,0.4315451383590698
W4300870773,behavioural-sciences,Behavioural sciences,0.4179341495037079
W4300870773,power,Power (physics),0.40928974747657776
W4300870773,psychology,Psychology,0.4082631766796112
W4300870773,computer-science,Computer science,0.3838704526424408
W4300870773,statistics,Statistics,0.3779347538948059
W4300870773,econometrics,Econometrics,0.3603430688381195
W4300870773,mathematics,Mathematics,0.335858017206192
W4300870773,data-science,Data science,0.33406710624694824
W4300870773,physics,Physics,0.06485593318939209
W4240402692,power-analysis,Power analysis,0.5474371314048767
W4240402692,statistical-power,Statistical power,0.531489372253418
W4240402692,statistical-analysis,Statistical analysis,0.4573270082473755
W4240402692,statistics,Statistics,0.4310763478279114
W4240402692,power,Power (physics),0.3918956220149994
W4240402692,computer-science,Computer science,0.3768085539340973
W4240402692,mathematics,Mathematics,0.353206604719162
W4240402692,psychology,Psychology,0.3490591049194336
W4240402692,econometrics,Econometrics,0.34022119641304016
W4240402692,physics,Physics,0.09033307433128357
W2801179766,mathematics,Mathematics,0.5276602506637573
W2801179766,applied-mathematics,Applied mathematics,0.39743974804878235
W2801179766,calculus,Calculus (dental),0.3639791011810303
W2801179766,computer-science,Computer science,0.34333744645118713
W2317574555,prison,Prison,0.9453467726707458
W2317574555,michel-foucault,Michel foucault,0.8164064884185791
W2317574555,criminology,Criminology,0.6657047867774963
W2317574555,sociology,Sociology,0.5142076015472412
W2317574555,law,Law,0.39020419120788574
W2317574555,political-science,Political science,0.32672548294067383
W2317574555,politics,Politics,0.04676535725593567
W2161633633,linkage,Linkage (software),0.734776496887207
W2161633633,genetic-association,Genetic association,0.5644809007644653
W2161633633,genome-wide-association-study,Genome-wide association study,0.5477362275123596
W2161633633,association,Association (psychology),0.5290378928184509
W2161633633,set,Set (abstract data type),0.509507954120636
W2161633633,genetics,Genetics,0.48382964730262756
W2161633633,population,Population,0.471264123916626
W2161633633,biology,Biology,0.45552951097488403
W2161633633,computational-biology,Computational biology,0.42516443133354187
W2161633633,association-mapping,Association mapping,0.4169672727584839
W2161633633,evolutionary-biology,Evolutionary biology,0.355482280254364
W2161633633,computer-science,Computer science,0.2913814187049866
W2161633633,single-nucleotide-polymorphism,Single-nucleotide polymorphism,0.2577076554298401
W2161633633,psychology,Psychology,0.20606264472007751
W2161633633,gene,Gene,0.13498610258102417
W2161633633,demography,Demography,0.13320964574813843
W2161633633,genotype,Genotype,0.09801959991455078
W2161633633,sociology,Sociology,0.07405346632003784
W1965555277,mathematics,Mathematics,0.6842038631439209
W1965555277,mathematical-economics,Mathematical economics,0.3478788733482361
W1965555277,econometrics,Econometrics,0.32476598024368286
W1678356000,mathematics,Mathematics,0.8035606741905212
W1678356000,gradient-boosting,Gradient boosting,0.741280198097229
W1678356000,boosting,Boosting (machine learning),0.7019200325012207
W1678356000,gradient-descent,Gradient descent,0.6848011016845703
W1678356000,regression,Regression,0.5273966193199158
W1678356000,mathematical-optimization,Mathematical optimization,0.4711011052131653
W1678356000,minification,Minification,0.4494178891181946
W1678356000,logistic-regression,Logistic regression,0.4352937936782837
W1678356000,applied-mathematics,Applied mathematics,0.38607221841812134
W1678356000,statistics,Statistics,0.29521268606185913
W1678356000,artificial-intelligence,Artificial intelligence,0.2758776545524597
W1678356000,artificial-neural-network,Artificial neural network,0.17576813697814941
W1678356000,computer-science,Computer science,0.15224295854568481
W1678356000,random-forest,Random forest,0.12304338812828064
W2117897510,jackknife-resampling,Jackknife resampling,0.9576902389526367
W2117897510,mathematics,Mathematics,0.8849382400512695
W2117897510,statistics,Statistics,0.6020697951316833
W2117897510,random-variable,Random variable,0.47363370656967163
W2117897510,distribution,Distribution (mathematics),0.4231223464012146
W2117897510,linear-discriminant-analysis,Linear discriminant analysis,0.41933536529541016
W2117897510,combinatorics,Combinatorics,0.4141589105129242
W2117897510,applied-mathematics,Applied mathematics,0.3331755995750427
W2117897510,mathematical-analysis,Mathematical analysis,0.17646637558937073
W2073832139,physics,Physics,0.9547302722930908
W2073832139,astrophysics,Astrophysics,0.7435811758041382
W2073832139,cosmological-constant,Cosmological constant,0.7302594184875488
W2073832139,supernova,Supernova,0.6771390438079834
W2073832139,redshift,Redshift,0.674837589263916
W2073832139,dark-energy,Dark energy,0.6375935673713684
W2073832139,hubbles-law,Hubble's law,0.6020058393478394
W2073832139,luminosity,Luminosity,0.5678132772445679
W2073832139,luminosity-distance,Luminosity distance,0.5622889399528503
W2073832139,universe,Universe,0.5379738211631775
W2073832139,shape-of-the-universe,Shape of the universe,0.515403151512146
W2073832139,deceleration-parameter,Deceleration parameter,0.4855777621269226
W2073832139,metric-expansion-of-space,Metric expansion of space,0.4702160656452179
W2073832139,cosmology,Cosmology,0.4536135494709015
W2073832139,galaxy,Galaxy,0.17518898844718933
W2073832139,mathematical-physics,Mathematical physics,0.15624123811721802
W1853767801,supernova,Supernova,0.7418440580368042
W1853767801,redshift,Redshift,0.7012439966201782
W1853767801,astrophysics,Astrophysics,0.6518036723136902
W1853767801,physics,Physics,0.49654513597488403
W1853767801,astronomy,Astronomy,0.44533729553222656
W1853767801,galaxy,Galaxy,0.17066651582717896
W2171074980,hessian-matrix,Hessian matrix,0.8424549102783203
W2171074980,simplex,Simplex,0.7994862198829651
W2171074980,minification,Minification,0.6938075423240662
W2171074980,neighbourhood,Neighbourhood (mathematics),0.6607410311698914
W2171074980,vertex,Vertex (graph theory),0.644772469997406
W2171074980,simplex-algorithm,Simplex algorithm,0.6406169533729553
W2171074980,mathematics,Mathematics,0.5483657717704773
W2171074980,mathematical-optimization,Mathematical optimization,0.5324455499649048
W2171074980,function,Function (biology),0.4672204256057739
W2171074980,computer-science,Computer science,0.4061583876609802
W2171074980,combinatorics,Combinatorics,0.3887193202972412
W2171074980,algorithm,Algorithm,0.37106072902679443
W2171074980,applied-mathematics,Applied mathematics,0.29920220375061035
W2171074980,linear-programming,Linear programming,0.1564556062221527
W2171074980,graph,Graph,0.11309942603111267
W2171074980,mathematical-analysis,Mathematical analysis,0.10113447904586792
W2137358449,evolutionary-theory,Evolutionary theory,0.6259719133377075
W2137358449,evolutionary-economics,Evolutionary economics,0.5811900496482849
W2137358449,economic-history,Economic history,0.4008716642856598
W2137358449,sociology,Sociology,0.3616042733192444
W2137358449,economics,Economics,0.306297242641449
W2137358449,philosophy,Philosophy,0.2211378812789917
W2137358449,neoclassical-economics,Neoclassical economics,0.16694098711013794
W2137358449,epistemology,Epistemology,0.10136732459068298
W2128529067,older-people,Older people,0.6096642017364502
W2128529067,gerontology,Gerontology,0.5766551494598389
W2128529067,activities-of-daily-living,Activities of daily living,0.5715430974960327
W2128529067,center,Center (category theory),0.5295608639717102
W2128529067,psychology,Psychology,0.48013564944267273
W2128529067,medicine,Medicine,0.33856773376464844
W2128529067,psychiatry,Psychiatry,0.1767215132713318
W2127911529,biology,Biology,0.8130112886428833
W2127911529,electron-microscope,Electron microscope,0.7766739130020142
W2127911529,opacity,Opacity,0.7253189086914062
W2127911529,stain,Stain,0.6519426107406616
W2127911529,biophysics,Biophysics,0.49731186032295227
W2127911529,microscopy,Microscopy,0.4550113081932068
W2127911529,staining,Staining,0.23136994242668152
W2127911529,optics,Optics,0.10356104373931885
W2127911529,genetics,Genetics,0.09518644213676453
W2127911529,physics,Physics,0.06974896788597107
W2092157292,density-functional-theory,Density functional theory,0.6994358897209167
W2092157292,dispersion,Dispersion (optics),0.5735743641853333
W2092157292,ab-initio,Ab initio,0.504574179649353
W2092157292,parametrization,Parametrization (atmospheric modeling),0.4866662621498108
W2092157292,intramolecular-force,Intramolecular force,0.4727902114391327
W2092157292,range,Range (aeronautics),0.46517205238342285
W2092157292,statistical-physics,Statistical physics,0.4509361684322357
W2092157292,computational-chemistry,Computational chemistry,0.4308455288410187
W2092157292,cutoff,Cutoff,0.42781898379325867
W2092157292,basis-set,Basis set,0.4155789613723755
W2092157292,standard-deviation,Standard deviation,0.41344454884529114
W2092157292,physics,Physics,0.41028547286987305
W2092157292,chemistry,Chemistry,0.3671424388885498
W2092157292,molecular-physics,Molecular physics,0.3474973440170288
W2092157292,mathematics,Mathematics,0.32702866196632385
W2092157292,materials-science,Materials science,0.3106813430786133
W2092157292,quantum-mechanics,Quantum mechanics,0.3072749972343445
W2092157292,statistics,Statistics,0.09649977087974548
W2057477511,thermostat,Thermostat,0.8016015887260437
W2057477511,sampling,Sampling (signal processing),0.6674447059631348
W2057477511,statistical-physics,Statistical physics,0.652959406375885
W2057477511,measure,Measure (data warehouse),0.5383063554763794
W2057477511,constant,Constant (computer programming),0.5280545353889465
W2057477511,canonical-ensemble,Canonical ensemble,0.48491936922073364
W2057477511,mathematics,Mathematics,0.44865745306015015
W2057477511,applied-mathematics,Applied mathematics,0.4262334406375885
W2057477511,molecular-dynamics,Molecular dynamics,0.41100144386291504
W2057477511,computer-science,Computer science,0.3369799852371216
W2057477511,statistics,Statistics,0.23732781410217285
W2057477511,physics,Physics,0.18755808472633362
W2057477511,thermodynamics,Thermodynamics,0.1669544279575348
W2057477511,monte-carlo-method,Monte Carlo method,0.1485375463962555
W2057477511,data-mining,Data mining,0.1049279272556305
W2085093563,coulomb,Coulomb,0.8189718723297119
W2085093563,hybrid-functional,Hybrid functional,0.658727765083313
W2085093563,periodic-boundary-conditions,Periodic boundary conditions,0.6345307230949402
W2085093563,density-functional-theory,Density functional theory,0.5351715087890625
W2085093563,hybrid-system,Hybrid system,0.47288766503334045
W2085093563,hartree,Hartree,0.47072234749794006
W2085093563,bottleneck,Bottleneck,0.4598053991794586
W2085093563,molecule,Molecule,0.4470946192741394
W2085093563,hartree–fock-method,Hartree–Fock method,0.4324273467063904
W2085093563,range,Range (aeronautics),0.4265611469745636
W2085093563,work,Work (physics),0.42245835065841675
W2085093563,statistical-physics,Statistical physics,0.38277730345726013
W2085093563,physics,Physics,0.38120925426483154
W2085093563,materials-science,Materials science,0.36318424344062805
W2085093563,boundary-value-problem,Boundary value problem,0.31773239374160767
W2085093563,quantum-mechanics,Quantum mechanics,0.24851194024085999
W2085093563,computer-science,Computer science,0.19565922021865845
W2085093563,electron,Electron,0.07337296009063721
W2122427541,saddle-point,Saddle point,0.829198956489563
W2122427541,saddle,Saddle,0.7866175174713135
W2122427541,climbing,Climbing,0.5468652844429016
W2122427541,density-functional-theory,Density functional theory,0.5229247808456421
W2122427541,point,Point (geometry),0.42401739954948425
W2122427541,elastic-energy,Elastic energy,0.41562527418136597
W2122427541,physics,Physics,0.35790345072746277
W2122427541,materials-science,Materials science,0.33568742871284485
W2122427541,atomic-physics,Atomic physics,0.3320159316062927
W2122427541,geometry,Geometry,0.27348971366882324
W2122427541,mathematics,Mathematics,0.23157808184623718
W2122427541,quantum-mechanics,Quantum mechanics,0.1941094696521759
W2122427541,structural-engineering,Structural engineering,0.11219173669815063
W2122427541,mathematical-optimization,Mathematical optimization,0.08848771452903748
W2008423326,density-functional-theory,Density functional theory,0.6818604469299316
W2008423326,statistical-physics,Statistical physics,0.6117417216300964
W2008423326,orbital-free-density-functional-theory,Orbital-free density functional theory,0.558241605758667
W2008423326,hybrid-functional,Hybrid functional,0.5561992526054382
W2008423326,quantum,Quantum,0.4701060652732849
W2008423326,kinetic-energy,Kinetic energy,0.4534298777580261
W2008423326,physics,Physics,0.45225101709365845
W2008423326,biological-system,Biological system,0.329522967338562
W2008423326,quantum-mechanics,Quantum mechanics,0.2206360101699829
W2035687084,ewald-summation,Ewald summation,0.7687163949012756
W2035687084,interpolation,Interpolation (computer graphics),0.599018394947052
W2035687084,simple,Simple (philosophy),0.5354787111282349
W2035687084,spline-interpolation,Spline interpolation,0.5319086909294128
W2035687084,mathematics,Mathematics,0.49849557876586914
W2035687084,applied-mathematics,Applied mathematics,0.4609004259109497
W2035687084,spline,Spline (mechanical),0.42603030800819397
W2035687084,algorithm,Algorithm,0.3619585633277893
W2035687084,physics,Physics,0.20493939518928528
W2035687084,classical-mechanics,Classical mechanics,0.1372501254081726
W2035687084,molecular-dynamics,Molecular dynamics,0.07680067420005798
W1982356449,simplicity,Simplicity,0.7576019763946533
W1982356449,density-functional-theory,Density functional theory,0.7404616475105286
W1982356449,hartree–fock-method,Hartree–Fock method,0.6753586530685425
W1982356449,mixing,Mixing (physics),0.5668033957481384
W1982356449,coupling,Coupling (piping),0.5310744643211365
W1982356449,ionization,Ionization,0.5217810273170471
W1982356449,proton,Proton,0.4640364646911621
W1982356449,computational-chemistry,Computational chemistry,0.4035138487815857
W1982356449,statistical-physics,Statistical physics,0.40171027183532715
W1982356449,chemistry,Chemistry,0.34893542528152466
W1982356449,physics,Physics,0.34044963121414185
W1982356449,quantum-mechanics,Quantum mechanics,0.26577290892601013
W1982356449,materials-science,Materials science,0.2630597949028015
W1982356449,ion,Ion,0.06286656856536865
W2143981217,thermochemistry,Thermochemistry,0.8942599892616272
W2143981217,density-functional-theory,Density functional theory,0.758276104927063
W2143981217,chemistry,Chemistry,0.5893286466598511
W2143981217,hybrid-functional,Hybrid functional,0.5475420355796814
W2143981217,ionization,Ionization,0.48319995403289795
W2143981217,orbital-free-density-functional-theory,Orbital-free density functional theory,0.4678778350353241
W2143981217,spin-density,Spin density,0.4442426562309265
W2143981217,proton,Proton,0.44354769587516785
W2143981217,atomic-physics,Atomic physics,0.4417962431907654
W2143981217,local-density-approximation,Local-density approximation,0.42284277081489563
W2143981217,physics,Physics,0.3276504874229431
W2143981217,computational-chemistry,Computational chemistry,0.3115338385105133
W2143981217,quantum-mechanics,Quantum mechanics,0.2499387562274933
W2143981217,physical-chemistry,Physical chemistry,0.2296617329120636
W2143981217,ion,Ion,0.18508994579315186
W2143981217,condensed-matter-physics,Condensed matter physics,0.15833604335784912
W2067174909,ewald-summation,Ewald summation,0.9437853097915649
W2067174909,interpolation,Interpolation (computer graphics),0.6400070190429688
W2067174909,fast-fourier-transform,Fast Fourier transform,0.4602791965007782
W2067174909,space,Space (punctuation),0.44213610887527466
W2067174909,mathematics,Mathematics,0.43772491812705994
W2067174909,reciprocal-lattice,Reciprocal lattice,0.42946070432662964
W2067174909,reciprocal,Reciprocal,0.41180047392845154
W2067174909,physics,Physics,0.3595477342605591
W2067174909,mathematical-analysis,Mathematical analysis,0.34585338830947876
W2067174909,algorithm,Algorithm,0.2522876262664795
W2067174909,computer-science,Computer science,0.23201999068260193
W2067174909,classical-mechanics,Classical mechanics,0.16769933700561523
W2067174909,optics,Optics,0.09988859295845032
W2067174909,molecular-dynamics,Molecular dynamics,0.09686723351478577
W2067174909,quantum-mechanics,Quantum mechanics,0.09064725041389465
W2067174909,diffraction,Diffraction,0.06551343202590942
W2069006374,neon,Neon,0.624901294708252
W2069006374,basis-set,Basis set,0.6236972212791443
W2069006374,basis,Basis (linear algebra),0.5849400162696838
W2069006374,sto-ng-basis-sets,STO-nG basis sets,0.5633852481842041
W2069006374,gaussian,Gaussian,0.5609341263771057
W2069006374,molecular-orbital,Molecular orbital,0.5305609703063965
W2069006374,atom,Atom (system on chip),0.5059787631034851
W2069006374,chemistry,Chemistry,0.48414263129234314
W2069006374,atomic-orbital,Atomic orbital,0.4742942154407501
W2069006374,electronic-correlation,Electronic correlation,0.47280827164649963
W2069006374,atomic-physics,Atomic physics,0.462329626083374
W2069006374,basis-function,Basis function,0.42170462012290955
W2069006374,correlation,Correlation,0.4155523180961609
W2069006374,molecule,Molecule,0.37818658351898193
W2069006374,computational-chemistry,Computational chemistry,0.36619678139686584
W2069006374,physics,Physics,0.2892036736011505
W2069006374,quantum-mechanics,Quantum mechanics,0.23858100175857544
W2069006374,mathematics,Mathematics,0.22794482111930847
W2069006374,linear-combination-of-atomic-orbitals,Linear combination of atomic orbitals,0.21744656562805176
W2069006374,density-functional-theory,Density functional theory,0.15225404500961304
W2069006374,argon,Argon,0.12774354219436646
W2069006374,geometry,Geometry,0.08401939272880554
W2017196167,canonical-ensemble,Canonical ensemble,0.8498035669326782
W2017196167,constant,Constant (computer programming),0.6527722477912903
W2017196167,molecular-dynamics,Molecular dynamics,0.619641900062561
W2017196167,momentum,Momentum (technical analysis),0.5570529103279114
W2017196167,distribution,Distribution (mathematics),0.5390059947967529
W2017196167,grand-canonical-ensemble,Grand canonical ensemble,0.5295539498329163
W2017196167,angular-momentum,Angular momentum,0.5029801726341248
W2017196167,space,Space (punctuation),0.4717365503311157
W2017196167,statistical-physics,Statistical physics,0.46985188126564026
W2017196167,physics,Physics,0.4652683734893799
W2017196167,microcanonical-ensemble,Microcanonical ensemble,0.4407113790512085
W2017196167,mathematics,Mathematics,0.42965370416641235
W2017196167,mathematical-physics,Mathematical physics,0.36895352602005005
W2017196167,classical-mechanics,Classical mechanics,0.357011079788208
W2017196167,mathematical-analysis,Mathematical analysis,0.2968170642852783
W2017196167,quantum-mechanics,Quantum mechanics,0.2948956787586212
W2017196167,monte-carlo-method,Monte Carlo method,0.07083141803741455
W2035266068,coupling,Coupling (piping),0.7593576908111572
W2035266068,constant,Constant (computer programming),0.7001374959945679
W2035266068,molecular-dynamics,Molecular dynamics,0.6869462132453918
W2035266068,polyatomic-ion,Polyatomic ion,0.6719512939453125
W2035266068,coupling-constant,Coupling constant,0.6171481013298035
W2035266068,non-equilibrium-thermodynamics,Non-equilibrium thermodynamics,0.5886843204498291
W2035266068,dynamics,Dynamics (music),0.538524866104126
W2035266068,statistical-physics,Statistical physics,0.5234174728393555
W2035266068,time-constant,Time constant,0.46523919701576233
W2035266068,physics,Physics,0.4404474198818207
W2035266068,volume,Volume (thermodynamics),0.4211995601654053
W2035266068,thermodynamics,Thermodynamics,0.4028288424015045
W2035266068,chemistry,Chemistry,0.3968684673309326
W2035266068,molecule,Molecule,0.380082368850708
W2035266068,chemical-physics,Chemical physics,0.36178216338157654
W2035266068,classical-mechanics,Classical mechanics,0.3585361838340759
W2035266068,materials-science,Materials science,0.24884620308876038
W2035266068,computational-chemistry,Computational chemistry,0.2380639612674713
W2035266068,quantum-mechanics,Quantum mechanics,0.14478355646133423
W2035266068,computer-science,Computer science,0.11967301368713379
W1976499671,neutron-diffraction,Neutron diffraction,0.6809728741645813
W1976499671,water-model,Water model,0.645448625087738
W1976499671,molecular-dynamics,Molecular dynamics,0.5326606631278992
W1976499671,monte-carlo-method,Monte Carlo method,0.5316489338874817
W1976499671,water-dimer,Water dimer,0.5149151086807251
W1976499671,thermodynamics,Thermodynamics,0.4914354085922241
W1976499671,statistical-physics,Statistical physics,0.4895866811275482
W1976499671,chemistry,Chemistry,0.4662436842918396
W1976499671,liquid-water,Liquid water,0.4563896656036377
W1976499671,diffraction,Diffraction,0.4541241526603699
W1976499671,physics,Physics,0.34537261724472046
W1976499671,computational-chemistry,Computational chemistry,0.2676430940628052
W1976499671,molecule,Molecule,0.21276313066482544
W1976499671,mathematics,Mathematics,0.18768444657325745
W1976499671,hydrogen-bond,Hydrogen bond,0.11316797137260437
W1971275758,basis-set,Basis set,0.8063169717788696
W1971275758,wave-function,Wave function,0.6182205677032471
W1971275758,gaussian,Gaussian,0.6116934418678284
W1971275758,valence,Valence (chemistry),0.5848605632781982
W1971275758,basis,Basis (linear algebra),0.5563675761222839
W1971275758,sto-ng-basis-sets,STO-nG basis sets,0.5417559146881104
W1971275758,atomic-physics,Atomic physics,0.46775126457214355
W1971275758,basis-function,Basis function,0.46502116322517395
W1971275758,physics,Physics,0.4504384696483612
W1971275758,polarization,Polarization (electrochemistry),0.44459396600723267
W1971275758,atom,Atom (system on chip),0.4234824776649475
W1971275758,computational-chemistry,Computational chemistry,0.38125693798065186
W1971275758,molecule,Molecule,0.37678971886634827
W1971275758,mathematics,Mathematics,0.3679538071155548
W1971275758,molecular-physics,Molecular physics,0.36342713236808777
W1971275758,chemistry,Chemistry,0.34541982412338257
W1971275758,quantum-mechanics,Quantum mechanics,0.31583839654922485
W1971275758,geometry,Geometry,0.15275830030441284
W1971275758,linear-combination-of-atomic-orbitals,Linear combination of atomic orbitals,0.09769463539123535
W1971275758,computer-science,Computer science,0.0950520932674408
W1971275758,physical-chemistry,Physical chemistry,0.06392291188240051
W2046412723,sto-ng-basis-sets,STO-nG basis sets,0.8317856788635254
W2046412723,basis-set,Basis set,0.7428682446479797
W2046412723,gaussian,Gaussian,0.7118898034095764
W2046412723,molecular-orbital,Molecular orbital,0.6913090944290161
W2046412723,valence,Valence (chemistry),0.6078402400016785
W2046412723,atomic-orbital,Atomic orbital,0.5401372909545898
W2046412723,basis,Basis (linear algebra),0.5391216278076172
W2046412723,fragment-molecular-orbital,Fragment molecular orbital,0.5305626392364502
W2046412723,polyatomic-ion,Polyatomic ion,0.529578685760498
W2046412723,chemistry,Chemistry,0.5100558400154114
W2046412723,computational-chemistry,Computational chemistry,0.4990370273590088
W2046412723,slater-type-orbital,Slater-type orbital,0.49526849389076233
W2046412723,molecule,Molecule,0.4932481646537781
W2046412723,atomic-physics,Atomic physics,0.4667622745037079
W2046412723,gaussian-orbital,Gaussian orbital,0.46284645795822144
W2046412723,basis-function,Basis function,0.4595685303211212
W2046412723,function,Function (biology),0.4456004500389099
W2046412723,non-bonding-orbital,Non-bonding orbital,0.44510456919670105
W2046412723,molecular-physics,Molecular physics,0.4086807072162628
W2046412723,molecular-orbital-theory,Molecular orbital theory,0.3638126254081726
W2046412723,physics,Physics,0.33844196796417236
W2046412723,quantum-mechanics,Quantum mechanics,0.26560598611831665
W2046412723,mathematics,Mathematics,0.22334018349647522
W2046412723,geometry,Geometry,0.1569041907787323
W2046412723,density-functional-theory,Density functional theory,0.1115482747554779
W2046412723,electron,Electron,0.07577663660049438
W2056760934,virial-coefficient,Virial coefficient,0.7476792931556702
W2056760934,monte-carlo-method,Monte Carlo method,0.6514146327972412
W2056760934,equation-of-state,Equation of state,0.6049317121505737
W2056760934,statistical-physics,Statistical physics,0.5999258160591125
W2056760934,state,State (computer science),0.47590765357017517
W2056760934,state-space,State space,0.4214457869529724
W2056760934,physics,Physics,0.37841111421585083
W2056760934,thermodynamics,Thermodynamics,0.2672021985054016
W2056760934,computer-science,Computer science,0.26585257053375244
W2056760934,mathematics,Mathematics,0.15013623237609863
W2056760934,algorithm,Algorithm,0.09339651465415955
W3171418018,mini-international-neuropsychiatric-interview,Mini-international neuropsychiatric interview,0.8229538202285767
W3171418018,psychiatry,Psychiatry,0.5900098085403442
W3171418018,psychiatric-interview,Psychiatric interview,0.5424694418907166
W3171418018,psychology,Psychology,0.5332213640213013
W3171418018,icd-10,ICD-10,0.424895703792572
W3171418018,anxiety,Anxiety,0.06956124305725098
W3121693921,corporate-governance,Corporate governance,0.9185507297515869
W3121693921,business,Business,0.7362728118896484
W3121693921,accounting,Accounting,0.6747334003448486
W3121693921,survey-research,Survey research,0.4810252785682678
W3121693921,finance,Finance,0.1756654977798462
W3121693921,business-administration,Business administration,0.1471860706806183
W2136120210,mutual-fund,Mutual fund,0.8092553615570068
W2136120210,closed-end-fund,Closed-end fund,0.6124457120895386
W2136120210,open-end-fund,Open-end fund,0.5809708833694458
W2136120210,portfolio,Portfolio,0.572522759437561
W2136120210,equity,Equity (law),0.5651724338531494
W2136120210,persistence,Persistence (discontinuity),0.5309640169143677
W2136120210,fund-of-funds,Fund of funds,0.5270364880561829
W2136120210,economics,Economics,0.5118764638900757
W2136120210,stock,Stock (firearms),0.4900420904159546
W2136120210,financial-economics,Financial economics,0.47294092178344727
W2136120210,momentum,Momentum (technical analysis),0.42291679978370667
W2136120210,business,Business,0.40546804666519165
W2136120210,econometrics,Econometrics,0.3941804766654968
W2136120210,monetary-economics,Monetary economics,0.3345518708229065
W2136120210,finance,Finance,0.26321712136268616
W2136120210,institutional-investor,Institutional investor,0.13355109095573425
W2136120210,corporate-governance,Corporate governance,0.06552237272262573
W2136120210,political-science,Political science,0.0565548837184906
W2136120210,geography,Geography,0.054430633783340454
W2131773668,session,Session (web analytics),0.6145322322845459
W2131773668,citation,Citation,0.47681304812431335
W2131773668,economics,Economics,0.3576354384422302
W2131773668,classics,Classics,0.3264997601509094
W2131773668,library-science,Library science,0.27128565311431885
W2131773668,history,History,0.2648995518684387
W2131773668,computer-science,Computer science,0.19054865837097168
W2131773668,world-wide-web,World Wide Web,0.08845487236976624
W2029056003,economics,Economics,0.7280235886573792
W2029056003,diversification,Diversification (marketing strategy),0.6379508972167969
W2029056003,interest-rate,Interest rate,0.47755131125450134
W2029056003,security-market-line,Security market line,0.466239869594574
W2029056003,capital-asset-pricing-model,Capital asset pricing model,0.46385714411735535
W2029056003,asset,Asset (computer security),0.4557490050792694
W2029056003,financial-economics,Financial economics,0.4324158728122711
W2029056003,capital-market,Capital market,0.4304192364215851
W2029056003,risk-premium,Risk premium,0.42269593477249146
W2029056003,microeconomics,Microeconomics,0.3556070625782013
W2029056003,econometrics,Econometrics,0.3520891070365906
W2029056003,monetary-economics,Monetary economics,0.3320994973182678
W2029056003,finance,Finance,0.16618365049362183
W2029056003,business,Business,0.1380642056465149
W2029056003,stock-market,Stock market,0.08617684245109558
W2029056003,context,Context (archaeology),0.08606994152069092
W2056879345,capitalism,Capitalism,0.8676491379737854
W2056879345,schizophrenia,Schizophrenia (object-oriented programming),0.6493549942970276
W2056879345,political-science,Political science,0.3568022549152374
W2056879345,psychology,Psychology,0.23855623602867126
W2056879345,psychiatry,Psychiatry,0.21760126948356628
W2056879345,law,Law,0.056286364793777466
W3122859634,separation,Separation (statistics),0.7763832807540894
W3122859634,business,Business,0.5648069977760315
W3122859634,control,Control (management),0.5040866136550903
W3122859634,economics,Economics,0.2457568347454071
W3122859634,mathematics,Mathematics,0.14377275109291077
W3122859634,statistics,Statistics,0.0964398980140686
W1988050849,structural-equation-modeling,Structural equation modeling,0.8600959181785583
W1988050849,partial-least-squares-regression,Partial least squares regression,0.7239510416984558
W1988050849,silver-bullet,Silver bullet,0.656530499458313
W1988050849,latent-variable,Latent variable,0.5135155320167542
W1988050849,computer-science,Computer science,0.4368690848350525
W1988050849,scanning-electron-microscope,Scanning electron microscope,0.43587058782577515
W1988050849,mathematics,Mathematics,0.3204118609428406
W1988050849,management-science,Management science,0.320351243019104
W1988050849,artificial-intelligence,Artificial intelligence,0.277401328086853
W1988050849,materials-science,Materials science,0.20047727227210999
W1988050849,engineering,Engineering,0.17024943232536316
W1988050849,machine-learning,Machine learning,0.13568413257598877
W1988050849,composite-material,Composite material,0.0732593834400177
W2006479099,research-design,Research design,0.5897774696350098
W2006479099,computer-science,Computer science,0.34177279472351074
W2006479099,psychology,Psychology,0.33748966455459595
W2006479099,statistics,Statistics,0.19057467579841614
W2006479099,mathematics,Mathematics,0.16092553734779358
W2990427812,history,History,0.3502071499824524
W2148284063,ab-initio,Ab initio,0.6426164507865906
W2148284063,icon,Icon,0.5550972819328308
W2148284063,density-functional-theory,Density functional theory,0.481667160987854
W2148284063,citation,Citation,0.4602462649345398
W2148284063,absorption,Absorption (acoustics),0.45017361640930176
W2148284063,physics,Physics,0.43173977732658386
W2148284063,spectral-line,Spectral line,0.4183497130870819
W2148284063,information-retrieval,Information retrieval,0.38662323355674744
W2148284063,computer-science,Computer science,0.3638245761394501
W2148284063,world-wide-web,World Wide Web,0.20871707797050476
W2148284063,optics,Optics,0.2074810266494751
W2148284063,quantum-mechanics,Quantum mechanics,0.15939071774482727
W2030841140,citation,Citation,0.6734859347343445
W2030841140,icon,Icon,0.5854025483131409
W2030841140,social-media,Social media,0.5490432977676392
W2030841140,van-der-waals-force,van der Waals force,0.5351833701133728
W2030841140,altmetrics,Altmetrics,0.5105879902839661
W2030841140,computer-science,Computer science,0.46689093112945557
W2030841140,information-retrieval,Information retrieval,0.3464752435684204
W2030841140,physics,Physics,0.30426451563835144
W2030841140,data-science,Data science,0.288926362991333
W2030841140,library-science,Library science,0.27931007742881775
W2030841140,world-wide-web,World Wide Web,0.2755005955696106
W2030841140,quantum-mechanics,Quantum mechanics,0.09695473313331604
W2011215428,solvation,Solvation,0.8459884524345398
W2011215428,chemistry,Chemistry,0.6784638166427612
W2011215428,dielectric,Dielectric,0.6249263286590576
W2011215428,surface-tension,Surface tension,0.5889826416969299
W2011215428,solvent-models,Solvent models,0.5786897540092468
W2011215428,polarizable-continuum-model,Polarizable continuum model,0.5476032495498657
W2011215428,implicit-solvation,Implicit solvation,0.5473461747169495
W2011215428,electrostatics,Electrostatics,0.49257713556289673
W2011215428,london-dispersion-force,London dispersion force,0.4768596589565277
W2011215428,charge-density,Charge density,0.47431159019470215
W2011215428,water-model,Water model,0.4670238792896271
W2011215428,solvation-shell,Solvation shell,0.4365129768848419
W2011215428,thermodynamics,Thermodynamics,0.43637222051620483
W2011215428,solvent,Solvent,0.43136242032051086
W2011215428,chemical-physics,Chemical physics,0.40500766038894653
W2011215428,molecule,Molecule,0.3534822463989258
W2011215428,computational-chemistry,Computational chemistry,0.34159067273139954
W2011215428,quantum-mechanics,Quantum mechanics,0.3217158913612366
W2011215428,molecular-dynamics,Molecular dynamics,0.284685343503952
W2011215428,physical-chemistry,Physical chemistry,0.27901628613471985
W2011215428,physics,Physics,0.27189236879348755
W2011215428,van-der-waals-force,van der Waals force,0.1748754382133484
W2011215428,organic-chemistry,Organic chemistry,0.09261351823806763
W1985940938,current,Current (fluid),0.5964101552963257
W1985940938,content,Content (measure theory),0.5380859375
W1985940938,excitation,Excitation,0.5275794267654419
W1985940938,neuroscience,Neuroscience,0.45233866572380066
W1985940938,thermal-conduction,Thermal conduction,0.4346752464771271
W1985940938,computer-science,Computer science,0.3976229429244995
W1985940938,chemistry,Chemistry,0.36539366841316223
W1985940938,information-retrieval,Information retrieval,0.3521493673324585
W1985940938,physics,Physics,0.2775569558143616
W1985940938,psychology,Psychology,0.2580859661102295
W1985940938,mathematics,Mathematics,0.17986303567886353
W1985940938,thermodynamics,Thermodynamics,0.10103580355644226
W1985940938,mathematical-analysis,Mathematical analysis,0.057925909757614136
W2164059021,medicine,Medicine,0.8209139108657837
W2164059021,comorbidity,Comorbidity,0.7207759022712708
W2164059021,concordance,Concordance,0.6276247501373291
W2164059021,gerontology,Gerontology,0.6209298372268677
W2164059021,cohort,Cohort,0.6122071146965027
W2164059021,grip-strength,Grip strength,0.5489358305931091
W2164059021,population,Population,0.484797865152359
W2164059021,cohort-study,Cohort study,0.4693129062652588
W2164059021,incidence,Incidence (geometry),0.4423694908618927
W2164059021,disease,Disease,0.4293571710586548
W2164059021,demography,Demography,0.36767882108688354
W2164059021,physical-therapy,Physical therapy,0.3045361042022705
W2164059021,internal-medicine,Internal medicine,0.1860995590686798
W2164059021,environmental-health,Environmental health,0.08235734701156616
W3009885589,medicine,Medicine,0.8957066535949707
W3009885589,retrospective-cohort-study,Retrospective cohort study,0.7165663838386536
W3009885589,comorbidity,Comorbidity,0.5957992076873779
W3009885589,internal-medicine,Internal medicine,0.592564582824707
W3009885589,odds-ratio,Odds ratio,0.575402557849884
W3009885589,epidemiology,Epidemiology,0.5451911091804504
W3009885589,logistic-regression,Logistic regression,0.4658917188644409
W3009885589,medical-record,Medical record,0.42941954731941223
W3009885589,diabetes-mellitus,Diabetes mellitus,0.4233434796333313
W3009885589,cohort,Cohort,0.4134743809700012
W3009885589,pediatrics,Pediatrics,0.3307451605796814
W3001118548,medicine,Medicine,0.8496136665344238
W3001118548,myalgia,myalgia,0.7545709609985352
W3001118548,epidemiology,Epidemiology,0.7294139862060547
W3001118548,pneumonia,Pneumonia,0.6362847089767456
W3001118548,sputum,Sputum,0.5497838854789734
W3001118548,intensive-care-unit,Intensive care unit,0.5421638488769531
W3001118548,internal-medicine,Internal medicine,0.5198659896850586
W3001118548,medical-record,Medical record,0.48094743490219116
W3001118548,diabetes-mellitus,Diabetes mellitus,0.46719738841056824
W3001118548,pediatrics,Pediatrics,0.40728989243507385
W3001118548,tuberculosis,Tuberculosis,0.23705223202705383
W3001118548,pathology,Pathology,0.09997272491455078
W3002108456,medicine,Medicine,0.9230755567550659
W3002108456,pneumonia,Pneumonia,0.7702257037162781
W3002108456,sore-throat,Sore throat,0.721953272819519
W3002108456,epidemiology,Epidemiology,0.6873355507850647
W3002108456,crackles,Crackles,0.5514218211174011
W3002108456,internal-medicine,Internal medicine,0.5400439500808716
W3002108456,pneumothorax,Pneumothorax,0.5391694903373718
W3002108456,respiratory-distress,Respiratory distress,0.4700015187263489
W3002108456,chest-pain,Chest pain,0.4442261755466461
W3002108456,vomiting,Vomiting,0.43802350759506226
W3002108456,nausea,Nausea,0.431160569190979
W3002108456,pediatrics,Pediatrics,0.38341808319091797
W3002108456,surgery,Surgery,0.32993650436401367
W3002108456,physical-examination,Physical examination,0.2434384822845459
W3092849554,burden-of-disease,Burden of disease,0.6977304220199585
W3092849554,medicine,Medicine,0.5043481588363647
W3092849554,disease,Disease,0.49789977073669434
W3092849554,disease-burden,Disease burden,0.4721788465976715
W3092849554,environmental-health,Environmental health,0.4483446478843689
W3092849554,pathology,Pathology,0.09758061170578003
W3006659024,quarantine,Quarantine,0.8971177935600281
W3006659024,anger,Anger,0.5089902877807617
W3006659024,pandemic,Pandemic,0.47017091512680054
W3006659024,medicine,Medicine,0.4501287639141083
W3006659024,stressor,Stressor,0.43646371364593506
W3006659024,boredom,Boredom,0.43227213621139526
W3006659024,coronavirus-disease-2019,Coronavirus disease 2019 (COVID-19),0.39319297671318054
W3006659024,internet-privacy,Internet privacy,0.3633611500263214
W3006659024,psychology,Psychology,0.35420745611190796
W3006659024,business,Business,0.3273828625679016
W3006659024,public-relations,Public relations,0.32357877492904663
W3006659024,social-psychology,Social psychology,0.27211201190948486
W3006659024,disease,Disease,0.2658666968345642
W3006659024,psychiatry,Psychiatry,0.2512108087539673
W3006659024,infectious-disease,Infectious disease (medical specialty),0.24506524205207825
W3006659024,political-science,Political science,0.20806482434272766
W2275737843,strengthening-the-reporting-of-observational-studies-in-epidemiology,Strengthening the reporting of observational studies in epidemiology,0.9583296775817871
W2275737843,observational-study,Observational study,0.9207290410995483
W2275737843,checklist,Checklist,0.7513350248336792
W2275737843,scope,Scope (computer science),0.5437238812446594
W2275737843,medicine,Medicine,0.4634108245372772
W2275737843,cohort-study,Cohort study,0.4628877341747284
W2275737843,medline,MEDLINE,0.4618600308895111
W2275737843,family-medicine,Family medicine,0.4479599893093109
W2275737843,epidemiology,Epidemiology,0.44261181354522705
W2275737843,medical-education,Medical education,0.4414898157119751
W2275737843,evidence-based-medicine,Evidence-based medicine,0.4286799430847168
W2275737843,psychology,Psychology,0.4182494580745697
W2275737843,alternative-medicine,Alternative medicine,0.31035465002059937
W2275737843,computer-science,Computer science,0.16913899779319763
W2275737843,pathology,Pathology,0.13000860810279846
W2275737843,political-science,Political science,0.1279849410057068
W2337454357,medicine,Medicine,0.8565725088119507
W2337454357,insulin,Insulin,0.6407644748687744
W2337454357,diabetes-mellitus,Diabetes mellitus,0.5488036274909973
W2337454357,internal-medicine,Internal medicine,0.528915286064148
W2337454357,type-2-diabetes,Type 2 diabetes,0.5150325298309326
W2337454357,metformin,Metformin,0.4107193648815155
W2337454357,endocrinology,Endocrinology,0.3794527053833008
W2015795623,repeatability,Repeatability,0.6634541153907776
W2015795623,correlation,Correlation,0.5437977313995361
W2015795623,simple,Simple (philosophy),0.5404753088951111
W2015795623,statistics,Statistics,0.5370674729347229
W2015795623,relation,Relation (database),0.4393528997898102
W2015795623,computer-science,Computer science,0.4214095175266266
W2015795623,mathematics,Mathematics,0.3306569457054138
W2015795623,data-mining,Data mining,0.3227877914905548
W2465692541,medicine,Medicine,0.3465195298194885
W2990138404,presentation,Presentation (obstetrics),0.7832818031311035
W2990138404,computer-science,Computer science,0.6626911163330078
W2990138404,artificial-intelligence,Artificial intelligence,0.5172365307807922
W2990138404,artificial-neural-network,Artificial neural network,0.4956923723220825
W2990138404,neural-system,Neural system,0.49206608533859253
W2990138404,information-processing,Information processing,0.48305898904800415
W2990138404,computation,Computation,0.4585520923137665
W2990138404,cognitive-science,Cognitive science,0.45258885622024536
W2990138404,computational-neuroscience,Computational neuroscience,0.4229891896247864
W2990138404,data-science,Data science,0.3600162863731384
W2990138404,psychology,Psychology,0.17726343870162964
W2990138404,neuroscience,Neuroscience,0.14496400952339172
W2990138404,medicine,Medicine,0.09832373261451721
W2990138404,algorithm,Algorithm,0.08062860369682312
W1497256448,adaptation,Adaptation (eye),0.7869644165039062
W1497256448,natural,Natural (archaeology),0.5726375579833984
W1497256448,artificial-intelligence,Artificial intelligence,0.5146930813789368
W1497256448,computer-science,Computer science,0.47470465302467346
W1497256448,psychology,Psychology,0.1517459750175476
W1497256448,biology,Biology,0.14461290836334229
W1497256448,neuroscience,Neuroscience,0.05214083194732666
W2116122104,agrobacterium,Agrobacterium,0.6966173648834229
W2116122104,silique,Silique,0.6830275058746338
W2116122104,agrobacterium-tumefaciens,Agrobacterium tumefaciens,0.6416438817977905
W2116122104,transformation,Transformation (genetics),0.5851023197174072
W2116122104,biology,Biology,0.5730282068252563
W2116122104,arabidopsis-thaliana,Arabidopsis thaliana,0.5371872186660767
W2116122104,arabidopsis,Arabidopsis,0.4455045759677887
W2116122104,mutant,Mutant,0.4005199074745178
W2116122104,botany,Botany,0.3596184253692627
W2116122104,horticulture,Horticulture,0.33391207456588745
W2116122104,gene,Gene,0.32880550622940063
W2116122104,genetics,Genetics,0.2038799226284027
W2100826189,reinforcement,Reinforcement,0.7514654397964478
W2100826189,psychology,Psychology,0.5122026801109314
W2100826189,control,Control (management),0.48564043641090393
W2100826189,cognitive-psychology,Cognitive psychology,0.36124110221862793
W2100826189,social-psychology,Social psychology,0.3366817533969879
W2100826189,computer-science,Computer science,0.2843279540538788
W2100826189,artificial-intelligence,Artificial intelligence,0.1791890263557434
W2156109180,mechanism,Mechanism (biology),0.6625463962554932
W2156109180,quality,Quality (philosophy),0.5988149642944336
W2156109180,business,Business,0.4669448137283325
W2156109180,market-mechanism,Market mechanism,0.4598224461078644
W2156109180,economics,Economics,0.36409586668014526
W2156109180,industrial-organization,Industrial organization,0.35125893354415894
W2156109180,market-economy,Market economy,0.12424081563949585
W2156109180,physics,Physics,0.05432945489883423
W2070631858,growth-theory,Growth theory,0.5409911274909973
W2070631858,mathematical-economics,Mathematical economics,0.4390111267566681
W2070631858,economics,Economics,0.4174022674560547
W2070631858,library-science,Library science,0.3672614097595215
W2070631858,regional-science,Regional science,0.3552836775779724
W2070631858,economic-history,Economic history,0.32797005772590637
W2070631858,sociology,Sociology,0.28372615575790405
W2070631858,neoclassical-economics,Neoclassical economics,0.2783301770687103
W2070631858,computer-science,Computer science,0.2256758213043213
W2025610165,generalized-method-of-moments,Generalized method of moments,0.8340543508529663
W2025610165,estimator,Estimator,0.8098887205123901
W2025610165,panel-data,Panel data,0.7249299883842468
W2025610165,hausman-test,Hausman test,0.6638381481170654
W2025610165,econometrics,Econometrics,0.6555304527282715
W2025610165,monte-carlo-method,Monte Carlo method,0.6505880355834961
W2025610165,specification,Specification,0.6127654910087585
W2025610165,moment,Moment (physics),0.6010398268699646
W2025610165,autocorrelation,Autocorrelation,0.520142138004303
W2025610165,instrumental-variable,Instrumental variable,0.46816393733024597
W2025610165,computer-science,Computer science,0.3809674382209778
W2025610165,mathematics,Mathematics,0.36174166202545166
W2025610165,statistics,Statistics,0.345253586769104
W2025610165,fixed-effects-model,Fixed effects model,0.2696295380592346
W2150697053,thermochemistry,Thermochemistry,0.9066148996353149
W2150697053,density-functional-theory,Density functional theory,0.5699945092201233
W2150697053,valence,Valence (chemistry),0.5389429330825806
W2150697053,excited-state,Excited state,0.52242112159729
W2150697053,hybrid-functional,Hybrid functional,0.4893495440483093
W2150697053,chemistry,Chemistry,0.480564147233963
W2150697053,transition-metal,Transition metal,0.4267195463180542
W2150697053,non-covalent-interactions,Non-covalent interactions,0.42141368985176086
W2150697053,coupled-cluster,Coupled cluster,0.41402125358581543
W2150697053,computational-chemistry,Computational chemistry,0.37193983793258667
W2150697053,atomic-physics,Atomic physics,0.30027931928634644
W2150697053,physical-chemistry,Physical chemistry,0.2490018606185913
W2150697053,molecule,Molecule,0.24895069003105164
W2150697053,physics,Physics,0.22841203212738037
W2150697053,hydrogen-bond,Hydrogen bond,0.11152523756027222
W2150697053,organic-chemistry,Organic chemistry,0.07755079865455627
W2094642658,basis-set,Basis set,0.6775916814804077
W2094642658,atomic-physics,Atomic physics,0.658929705619812
W2094642658,hydrogen,Hydrogen,0.6097740530967712
W2094642658,exponent,Exponent,0.6091271042823792
W2094642658,gaussian,Gaussian,0.5908511281013489
W2094642658,valence,Valence (chemistry),0.5788192749023438
W2094642658,chemistry,Chemistry,0.5462775230407715
W2094642658,atom,Atom (system on chip),0.5303314924240112
W2094642658,polarization,Polarization (electrochemistry),0.5257048010826111
W2094642658,sto-ng-basis-sets,STO-nG basis sets,0.5235199928283691
W2094642658,atomic-orbital,Atomic orbital,0.5071032047271729
W2094642658,hydrogen-atom,Hydrogen atom,0.4910562038421631
W2094642658,linear-combination-of-atomic-orbitals,Linear combination of atomic orbitals,0.4848552942276001
W2094642658,molecule,Molecule,0.4361836314201355
W2094642658,open-shell,Open shell,0.4197778105735779
W2094642658,scaling,Scaling,0.41587918996810913
W2094642658,molecular-physics,Molecular physics,0.32818493247032166
W2094642658,physics,Physics,0.3257337510585785
W2094642658,computational-chemistry,Computational chemistry,0.3011183440685272
W2094642658,quantum-mechanics,Quantum mechanics,0.21705490350723267
W2094642658,physical-chemistry,Physical chemistry,0.17942744493484497
W2094642658,density-functional-theory,Density functional theory,0.16347777843475342
W2094642658,mathematics,Mathematics,0.09554266929626465
W2094642658,group,Group (periodic table),0.07869800925254822
W2145150141,thyroid-nodules,Thyroid nodules,0.899718701839447
W2145150141,thyroid-cancer,Thyroid cancer,0.7471636533737183
W2145150141,medicine,Medicine,0.722241997718811
W2145150141,guideline,Guideline,0.6199407577514648
W2145150141,thyroid,Thyroid,0.5013754367828369
W2145150141,grading,Grading (engineering),0.46248894929885864
W2145150141,task-force,Task force,0.45774194598197937
W2145150141,fine-needle-aspiration,Fine-needle aspiration,0.45206958055496216
W2145150141,pathology,Pathology,0.32998818159103394
W2145150141,biopsy,Biopsy,0.26759636402130127
W2145150141,internal-medicine,Internal medicine,0.2169966995716095
W3099878876,computer-science,Computer science,0.4321773648262024
W2939474406,climate-change,Climate change,0.7152025699615479
W2939474406,climatology,Climatology,0.6331238746643066
W2939474406,environmental-science,Environmental science,0.5505313873291016
W2939474406,climate-model,Climate model,0.471633642911911
W2939474406,climate-commitment,Climate commitment,0.42075997591018677
W2939474406,atmosphere,Atmosphere (unit),0.41948097944259644
W2939474406,global-warming,Global warming,0.3958234190940857
W2939474406,physical-geography,Physical geography,0.3215898275375366
W2939474406,geography,Geography,0.3178706765174866
W2939474406,meteorology,Meteorology,0.3072689175605774
W2939474406,effects-of-global-warming,Effects of global warming,0.295986533164978
W2939474406,geology,Geology,0.22779124975204468
W2939474406,oceanography,Oceanography,0.15175554156303406
W4254687493,computer-science,Computer science,0.5536643862724304
W4254687493,computer-graphics,Computer graphics (images),0.5106928944587708
W4254687493,visualization,Visualization,0.5015885829925537
W4254687493,compatibility,Compatibility (geochemistry),0.4933144152164459
W4254687493,graph,Graph,0.44073110818862915
W4254687493,artificial-intelligence,Artificial intelligence,0.21091705560684204
W4254687493,theoretical-computer-science,Theoretical computer science,0.20654529333114624
W4254687493,engineering,Engineering,0.11839243769645691
W244186264,wastewater,Wastewater,0.708208441734314
W244186264,environmental-science,Environmental science,0.5412997007369995
W244186264,waste-management,Waste management,0.3534606695175171
W244186264,environmental-engineering,Environmental engineering,0.30688154697418213
W244186264,engineering,Engineering,0.21735194325447083
W2150290224,statistics,Statistics,0.3908524513244629
W2150290224,mathematics,Mathematics,0.2612917423248291
W2118502261,imputation,Imputation (statistics),0.747162938117981
W2118502261,statistics,Statistics,0.5117383003234863
W2118502261,econometrics,Econometrics,0.4017288386821747
W2118502261,missing-data,Missing data,0.23736822605133057
W2118502261,mathematics,Mathematics,0.1862986981868744
W1689771227,servqual,SERVQUAL,0.9588627815246582
W1689771227,service-quality,Service quality,0.6905156970024109
W1689771227,business,Business,0.6652695536613464
W1689771227,scale,Scale (ratio),0.6437773108482361
W1689771227,perception,Perception,0.588639497756958
W1689771227,marketing,Marketing,0.5828571915626526
W1689771227,quality,Quality (philosophy),0.4981856346130371
W1689771227,service,Service (business),0.48198384046554565
W1689771227,psychology,Psychology,0.33848124742507935
W1689771227,geography,Geography,0.13845029473304749
W2787959293,applied-mathematics,Applied mathematics,0.46648624539375305
W2787959293,mathematics,Mathematics,0.46470800042152405
W2787959293,mathematical-analysis,Mathematical analysis,0.3290591835975647
W1803273808,coding,Coding (social sciences),0.6977086663246155
W1803273808,glossary,Glossary,0.6877956390380859
W1803273808,tunstall-coding,Tunstall coding,0.6319068670272827
W1803273808,shannon–fano-coding,Shannon–Fano coding,0.5729182958602905
W1803273808,variable-length-code,Variable-length code,0.5728636980056763
W1803273808,computer-science,Computer science,0.5370606184005737
W1803273808,context-adaptive-variable-length-coding,Context-adaptive variable-length coding,0.4695984125137329
W1803273808,context-adaptive-binary-arithmetic-coding,Context-adaptive binary arithmetic coding,0.44105011224746704
W1803273808,mathematics,Mathematics,0.2002640962600708
W1803273808,linguistics,Linguistics,0.18884772062301636
W1803273808,statistics,Statistics,0.14684993028640747
W4320013936,discriminator,Discriminator,0.8312617540359497
W4320013936,generator,Generator (circuit theory),0.79398512840271
W4320013936,generative-grammar,Generative grammar,0.7031576633453369
W4320013936,adversarial-system,Adversarial system,0.6737878918647766
W4320013936,set,Set (abstract data type),0.647453248500824
W4320013936,computer-science,Computer science,0.6449242830276489
W4320013936,artificial-intelligence,Artificial intelligence,0.5170857906341553
W4320013936,artificial-neural-network,Artificial neural network,0.505774736404419
W4320013936,order,Order (exchange),0.4569317698478699
W4320013936,machine-learning,Machine learning,0.423573762178421
W4320013936,economics,Economics,0.13145846128463745
W4320013936,telecommunications,Telecommunications,0.06094580888748169
W4320013936,finance,Finance,0.06012117862701416
W4320013936,programming-language,Programming language,0.05712512135505676
W4367314869,presentation,Presentation (obstetrics),0.7225203514099121
W4367314869,everyday-life,Everyday life,0.593094527721405
W4367314869,psychology,Psychology,0.4431431293487549
W4367314869,history,History,0.3512139320373535
W4367314869,aesthetics,Aesthetics,0.33070123195648193
W4367314869,art,Art,0.23281651735305786
W4367314869,medicine,Medicine,0.13751819729804993
W4367314869,epistemology,Epistemology,0.1278589963912964
W4367314869,philosophy,Philosophy,0.10052892565727234
W2963341956,computer-science,Computer science,0.5349990129470825
W2963341956,computational-linguistics,Computational linguistics,0.4984705448150635
W2963341956,linguistics,Linguistics,0.4571102261543274
W2963341956,library-science,Library science,0.4096672534942627
W2963341956,artificial-intelligence,Artificial intelligence,0.27855488657951355
W2963341956,philosophy,Philosophy,0.21961429715156555
W1990513740,glossary,Glossary,0.7233963012695312
W1990513740,innovation-diffusion,Innovation diffusion,0.6975291967391968
W1990513740,diffusion,Diffusion,0.6513327956199646
W1990513740,index,Index (typography),0.645104169845581
W1990513740,diffusion-of-innovations,Diffusion of innovations,0.6446710824966431
W1990513740,subject,Subject (documents),0.5974243879318237
W1990513740,early-adopter,Early adopter,0.4570593237876892
W1990513740,knowledge-management,Knowledge management,0.3415484130382538
W1990513740,sociology,Sociology,0.27377742528915405
W1990513740,computer-science,Computer science,0.25296550989151
W1990513740,social-science,Social science,0.24747398495674133
W1990513740,business,Business,0.23427677154541016
W1990513740,library-science,Library science,0.14450213313102722
W1990513740,marketing,Marketing,0.13873708248138428
W1990513740,philosophy,Philosophy,0.10988035798072815
W1990513740,linguistics,Linguistics,0.07954984903335571
W1990513740,thermodynamics,Thermodynamics,0.07871067523956299
W1990513740,world-wide-web,World Wide Web,0.061395496129989624
W1990513740,physics,Physics,0.061297327280044556
W2129905273,statistics,Statistics,0.6701455116271973
W2129905273,estimation,Estimation,0.5255633592605591
W2129905273,computer-science,Computer science,0.32909393310546875
W2129905273,econometrics,Econometrics,0.32561585307121277
W2129905273,mathematics,Mathematics,0.3040136694908142
W2129905273,engineering,Engineering,0.10612618923187256
W1533200881,judgement,Judgement,0.9471085071563721
W1533200881,taste,Taste,0.8358378410339355
W1533200881,epistemology,Epistemology,0.4818488359451294
W1533200881,aesthetics,Aesthetics,0.4738902449607849
W1533200881,psychology,Psychology,0.42872780561447144
W1533200881,sociology,Sociology,0.3754519522190094
W1533200881,social-psychology,Social psychology,0.36292245984077454
W1533200881,philosophy,Philosophy,0.30101919174194336
W1533200881,neuroscience,Neuroscience,0.06965452432632446
W2963163009,computer-science,Computer science,0.8115239143371582
W2963163009,object-detection,Object detection,0.568413496017456
W2963163009,segmentation,Segmentation,0.551932692527771
W2963163009,bottleneck,Bottleneck,0.5290077328681946
W2963163009,artificial-intelligence,Artificial intelligence,0.453041136264801
W2963163009,residual,Residual,0.4432419538497925
W2963163009,pattern-recognition,Pattern recognition (psychology),0.42290911078453064
W2963163009,distributed-computing,Distributed computing,0.3974621295928955
W2963163009,computer-engineering,Computer engineering,0.3601202070713043
W2963163009,data-mining,Data mining,0.3382333815097809
W2963163009,algorithm,Algorithm,0.28187817335128784
W2963163009,embedded-system,Embedded system,0.13680273294448853
W2124192278,mechanics,Mechanics,0.6254626512527466
W2124192278,heat-transfer,Heat transfer,0.5950916409492493
W2124192278,fluid-dynamics,Fluid dynamics,0.49046775698661804
W2124192278,flow,Flow (mathematics),0.48146191239356995
W2124192278,materials-science,Materials science,0.40034979581832886
W2124192278,physics,Physics,0.2053590714931488
W2752782242,computer-science,Computer science,0.8227740526199341
W2752782242,convolution,Convolution (computer science),0.6872345209121704
W2752782242,block,Block (permutation group theory),0.6273697018623352
W2752782242,convolutional-neural-network,Convolutional neural network,0.5745642185211182
W2752782242,code,Code (set theory),0.5316598415374756
W2752782242,encoding,Encoding (memory),0.5305949449539185
W2752782242,focus,Focus (optics),0.524655818939209
W2752782242,construct,Construct (python library),0.5168174505233765
W2752782242,channel,Channel (broadcasting),0.49689725041389465
W2752782242,feature,Feature (linguistics),0.4757373332977295
W2752782242,decoding-methods,Decoding methods,0.4702920913696289
W2752782242,artificial-intelligence,Artificial intelligence,0.45959362387657166
W2752782242,theoretical-computer-science,Theoretical computer science,0.41521143913269043
W2752782242,pattern-recognition,Pattern recognition (psychology),0.3845893144607544
W2752782242,computer-engineering,Computer engineering,0.3642524480819702
W2752782242,algorithm,Algorithm,0.29555565118789673
W2752782242,artificial-neural-network,Artificial neural network,0.2853175103664398
W2752782242,programming-language,Programming language,0.08654537796974182
W2752782242,telecommunications,Telecommunications,0.08648216724395752
W2412247133,sustainable-development,Sustainable development,0.5852543711662292
W2412247133,political-science,Political science,0.40963587164878845
W2412247133,business,Business,0.38206803798675537
W2412247133,environmental-planning,Environmental planning,0.32414472103118896
W2412247133,geography,Geography,0.236221045255661
W2041902442,python,Python (programming language),0.7720628976821899
W2041902442,molecular-dynamics,Molecular dynamics,0.5675298571586609
W2041902442,fortran,Fortran,0.5485015511512756
W2041902442,computer-science,Computer science,0.5359203815460205
W2041902442,monte-carlo-method,Monte Carlo method,0.4549332559108734
W2041902442,computational-science,Computational science,0.37507230043411255
W2041902442,statistical-physics,Statistical physics,0.3391740918159485
W2041902442,chemistry,Chemistry,0.2597198188304901
W2041902442,physics,Physics,0.1900942325592041
W2041902442,programming-language,Programming language,0.1650092899799347
W2041902442,computational-chemistry,Computational chemistry,0.13424155116081238
W2041902442,mathematics,Mathematics,0.06916472315788269
W2963446712,computer-science,Computer science,0.8272131681442261
W2963446712,benchmark,Benchmark (surveying),0.8014218807220459
W2963446712,feature,Feature (linguistics),0.7894731760025024
W2963446712,layer,Layer (electronics),0.7671459913253784
W2963446712,convolutional-neural-network,Convolutional neural network,0.6791244149208069
W2963446712,computation,Computation,0.6440296769142151
W2963446712,code,Code (set theory),0.5878386497497559
W2963446712,reuse,Reuse,0.5767796635627747
W2963446712,object,Object (grammar),0.4336963891983032
W2963446712,convolutional-code,Convolutional code,0.4322141110897064
W2963446712,pattern-recognition,Pattern recognition (psychology),0.38722431659698486
W2963446712,artificial-intelligence,Artificial intelligence,0.3836020827293396
W2963446712,computer-engineering,Computer engineering,0.34222540259361267
W2963446712,algorithm,Algorithm,0.22368410229682922
W2963446712,set,Set (abstract data type),0.08014628291130066
W2963446712,programming-language,Programming language,0.07634982466697693
W2963446712,decoding-methods,Decoding methods,0.058808714151382446
W2963446712,engineering,Engineering,0.05767256021499634
W2249595199,ibm,IBM,0.6382468938827515
W2249595199,computer-science,Computer science,0.5841861367225647
W2249595199,field,Field (mathematics),0.45203226804733276
W2249595199,section,Section (typography),0.4498533010482788
W2249595199,descriptive-statistics,Descriptive statistics,0.44179224967956543
W2249595199,statistics,Statistics,0.39692097902297974
W2249595199,world-wide-web,World Wide Web,0.3960506021976471
W2249595199,mathematics-education,Mathematics education,0.3878995478153229
W2249595199,multimedia,Multimedia,0.38220179080963135
W2249595199,psychology,Psychology,0.20370396971702576
W2249595199,mathematics,Mathematics,0.19649672508239746
W2565639579,pyramid,Pyramid (geometry),0.8188303709030151
W2565639579,computer-science,Computer science,0.7956832051277161
W2565639579,feature,Feature (linguistics),0.7688685655593872
W2565639579,object-detection,Object detection,0.7056350708007812
W2565639579,benchmark,Benchmark (surveying),0.678748607635498
W2565639579,artificial-intelligence,Artificial intelligence,0.6236134767532349
W2565639579,feature-extraction,Feature extraction,0.570779025554657
W2565639579,convolutional-neural-network,Convolutional neural network,0.5706206560134888
W2565639579,pattern-recognition,Pattern recognition (psychology),0.5657397508621216
W2565639579,construct,Construct (python library),0.5277897715568542
W2565639579,exploit,Exploit,0.47648972272872925
W2565639579,semantic-feature,Semantic feature,0.47115838527679443
W2565639579,object,Object (grammar),0.45934754610061646
W2565639579,hierarchy,Hierarchy,0.4143919348716736
W2565639579,mathematics,Mathematics,0.07417356967926025
W2565639579,programming-language,Programming language,0.06284746527671814
W2963351448,detector,Detector,0.8385531306266785
W2963351448,computer-science,Computer science,0.75750333070755
W2963351448,artificial-intelligence,Artificial intelligence,0.5903823375701904
W2963351448,object-detection,Object detection,0.5689189434051514
W2963351448,classifier,Classifier (UML),0.5309181809425354
W2963351448,object,Object (grammar),0.47123441100120544
W2963351448,training-set,Training set,0.4602270722389221
W2963351448,set,Set (abstract data type),0.4492713510990143
W2963351448,computer-vision,Computer vision,0.386372447013855
W2963351448,pattern-recognition,Pattern recognition (psychology),0.3697736859321594
W2963351448,telecommunications,Telecommunications,0.09051093459129333
W2962858109,closed-captioning,Closed captioning,0.9521337747573853
W2962858109,computer-science,Computer science,0.8256241083145142
W2962858109,discriminative-model,Discriminative model,0.7431842088699341
W2962858109,convolutional-neural-network,Convolutional neural network,0.7098740339279175
W2962858109,artificial-intelligence,Artificial intelligence,0.6668828725814819
W2962858109,visualization,Visualization,0.6584084630012512
W2962858109,generalization,Generalization,0.5860918760299683
W2962858109,question-answering,Question answering,0.5738685131072998
W2962858109,class,Class (philosophy),0.5616480112075806
W2962858109,context,Context (archaeology),0.5176787376403809
W2962858109,contextual-image-classification,Contextual image classification,0.48347049951553345
W2962858109,pattern-recognition,Pattern recognition (psychology),0.4703029990196228
W2962858109,task,Task (project management),0.4666447937488556
W2962858109,image,Image (mathematics),0.46557992696762085
W2962858109,machine-learning,Machine learning,0.43765756487846375
W2963150697,computer-science,Computer science,0.8589709997177124
W2963150697,minimum-bounding-box,Minimum bounding box,0.7619538903236389
W2963150697,segmentation,Segmentation,0.6843243837356567
W2963150697,artificial-intelligence,Artificial intelligence,0.6318738460540771
W2963150697,object-detection,Object detection,0.6152215003967285
W2963150697,bounding-overwatch,Bounding overwatch,0.6039566993713379
W2963150697,overhead,Overhead (engineering),0.5478886365890503
W2963150697,object,Object (grammar),0.5346924662590027
W2963150697,task,Task (project management),0.5325646996498108
W2963150697,code,Code (set theory),0.5156518220901489
W2963150697,simple,Simple (philosophy),0.5066316723823547
W2963150697,suite,Suite,0.4707651138305664
W2963150697,pattern-recognition,Pattern recognition (psychology),0.4550635814666748
W2963150697,computer-vision,Computer vision,0.43496376276016235
W2963150697,image,Image (mathematics),0.42872992157936096
W2963150697,image-segmentation,Image segmentation,0.4150419533252716
W2963150697,set,Set (abstract data type),0.07907834649085999
W2971035958,art,Art,0.444757878780365
W2971035958,humanities,Humanities,0.44238948822021484
W1515587369,grounded-theory,Grounded theory,0.6269205808639526
W1515587369,computer-science,Computer science,0.3795930743217468
W1515587369,sociology,Sociology,0.22939527034759521
W1515587369,social-science,Social science,0.09353217482566833
W1515587369,qualitative-research,Qualitative research,0.08508723974227905
W2962793481,image-translation,Image translation,0.891616702079773
W2962793481,image,Image (mathematics),0.672431468963623
W2962793481,computer-science,Computer science,0.6631254553794861
W2962793481,translation,Translation (biology),0.645460844039917
W2962793481,artificial-intelligence,Artificial intelligence,0.6416407823562622
W2962793481,consistency,Consistency (knowledge bases),0.5610710382461548
W2962793481,adversarial-system,Adversarial system,0.5284758806228638
W2962793481,domain,Domain (mathematical analysis),0.5147547721862793
W2962793481,set,Set (abstract data type),0.5075720548629761
W2962793481,object,Object (grammar),0.5059303641319275
W2962793481,computer-vision,Computer vision,0.48675966262817383
W2962793481,computer-graphics,Computer graphics,0.4749217927455902
W2962793481,pattern-recognition,Pattern recognition (psychology),0.33312559127807617
W2962793481,mathematics,Mathematics,0.21070510149002075
W2531409750,convolution,Convolution (computer science),0.8864776492118835
W2531409750,pointwise,Pointwise,0.8669458627700806
W2531409750,separable-space,Separable space,0.8422772884368896
W2531409750,convolutional-neural-network,Convolutional neural network,0.7423040866851807
W2531409750,computer-science,Computer science,0.7348231077194214
W2531409750,artificial-intelligence,Artificial intelligence,0.677620530128479
W2531409750,deep-learning,Deep learning,0.5141925811767578
W2531409750,interpretation,Interpretation (philosophy),0.5073139071464539
W2531409750,pattern-recognition,Pattern recognition (psychology),0.4766814708709717
W2531409750,image,Image (mathematics),0.44346460700035095
W2531409750,algorithm,Algorithm,0.36114341020584106
W2531409750,artificial-neural-network,Artificial neural network,0.3265366852283478
W2531409750,mathematics,Mathematics,0.21923431754112244
W2531409750,mathematical-analysis,Mathematical analysis,0.0546434223651886
W2570343428,object-detection,Object detection,0.8825211524963379
W2570343428,pascal,Pascal (unit),0.8299661874771118
W2570343428,computer-science,Computer science,0.7812504768371582
W2570343428,artificial-intelligence,Artificial intelligence,0.6760773062705994
W2570343428,pattern-recognition,Pattern recognition (psychology),0.5157756805419922
W2570343428,object,Object (grammar),0.470187783241272
W2570343428,training-set,Training set,0.41940316557884216
W2570343428,computer-vision,Computer vision,0.3438243865966797
W2502134830,medicine,Medicine,0.44929471611976624
W2502134830,cancer,Cancer,0.4427466094493866
W2502134830,internal-medicine,Internal medicine,0.145463764667511
W2194775991,residual,Residual,0.9132882356643677
W2194775991,computer-science,Computer science,0.7827218770980835
W2194775991,coco,Coco,0.7302752137184143
W2194775991,artificial-intelligence,Artificial intelligence,0.7211458086967468
W2194775991,object-detection,Object detection,0.6077329516410828
W2194775991,deep-learning,Deep learning,0.5728245377540588
W2194775991,segmentation,Segmentation,0.5636842846870422
W2194775991,pattern-recognition,Pattern recognition (psychology),0.5602190494537354
W2194775991,set,Set (abstract data type),0.47906360030174255
W2194775991,layer,Layer (electronics),0.47214725613594055
W2194775991,artificial-neural-network,Artificial neural network,0.45602506399154663
W2194775991,task,Task (project management),0.45123156905174255
W2194775991,machine-learning,Machine learning,0.4432760775089264
W2194775991,residual-neural-network,Residual neural network,0.43125200271606445
W2194775991,deep-neural-networks,Deep neural networks,0.41046202182769775
W2194775991,algorithm,Algorithm,0.1113329827785492
W2183341477,computer-science,Computer science,0.8285741806030273
W2183341477,benchmark,Benchmark (surveying),0.5700426697731018
W2183341477,inference,Inference,0.564075231552124
W2183341477,computation,Computation,0.5372236967086792
W2183341477,artificial-intelligence,Artificial intelligence,0.5062064528465271
W2183341477,machine-learning,Machine learning,0.5050130486488342
W2183341477,set,Set (abstract data type),0.4865938425064087
W2183341477,convolutional-neural-network,Convolutional neural network,0.47667908668518066
W2183341477,test-set,Test set,0.45274221897125244
W2183341477,computational-complexity-theory,Computational complexity theory,0.4457218050956726
W2183341477,regularization,Regularization (linguistics),0.4416995942592621
W2183341477,benchmarking,Benchmarking,0.41950464248657227
W2183341477,computer-engineering,Computer engineering,0.35042616724967957
W2183341477,algorithm,Algorithm,0.21858108043670654
W3106250896,computer-science,Computer science,0.7786774039268494
W3106250896,shot,Shot (pellet),0.6996106505393982
W3106250896,detector,Detector,0.6697633862495422
W3106250896,single-shot,Single shot,0.564870297908783
W3106250896,one-shot,One shot,0.4631336033344269
W3106250896,optics,Optics,0.13002648949623108
W3106250896,physics,Physics,0.12083539366722107
W3106250896,telecommunications,Telecommunications,0.10162630677223206
W3106250896,materials-science,Materials science,0.04436841607093811
W2295598076,boosting,Boosting (machine learning),0.8715000152587891
W2295598076,scalability,Scalability,0.5680999755859375
W2295598076,sketch,Sketch,0.5613999962806702
W2295598076,tree,Tree (set theory),0.4788999855518341
W2295598076,decision-tree,Decision tree,0.46619999408721924
W2295598076,gradient-boosting,Gradient boosting,0.4235000014305115
W2295598076,cache,Cache,0.349700003862381
W1677182931,overfitting,Overfitting,0.9403930306434631
W1677182931,initialization,Initialization,0.8448264598846436
W1677182931,computer-science,Computer science,0.7668253779411316
W1677182931,scratch,Scratch,0.6765900254249573
W1677182931,artificial-intelligence,Artificial intelligence,0.667121171951294
W1677182931,rectifier,Rectifier (neural networks),0.6598211526870728
W1677182931,artificial-neural-network,Artificial neural network,0.5916983485221863
W1677182931,contextual-image-classification,Contextual image classification,0.5601262450218201
W1677182931,parametric-statistics,Parametric statistics,0.5389199256896973
W1677182931,deep-neural-networks,Deep neural networks,0.5006887912750244
W1677182931,machine-learning,Machine learning,0.46583524346351624
W1677182931,convolutional-neural-network,Convolutional neural network,0.4410816431045532
W1677182931,deep-learning,Deep learning,0.4281369745731354
W1677182931,pattern-recognition,Pattern recognition (psychology),0.4137658178806305
W1677182931,image,Image (mathematics),0.3540380001068115
W1677182931,recurrent-neural-network,Recurrent neural network,0.142421156167984
W1677182931,mathematics,Mathematics,0.09163117408752441
W1677182931,types-of-artificial-neural-networks,Types of artificial neural networks,0.07771256566047668
W1536680647,computer-science,Computer science,0.8157329559326172
W1536680647,convolutional-neural-network,Convolutional neural network,0.7426902651786804
W1536680647,pascal,Pascal (unit),0.741653323173523
W1536680647,python,Python (programming language),0.6800038814544678
W1536680647,artificial-intelligence,Artificial intelligence,0.6683667898178101
W1536680647,object-detection,Object detection,0.6026351451873779
W1536680647,deep-learning,Deep learning,0.601732075214386
W1536680647,pattern-recognition,Pattern recognition (psychology),0.4815271496772766
W1903029394,computer-science,Computer science,0.8000472784042358
W1903029394,artificial-intelligence,Artificial intelligence,0.6940102577209473
W1903029394,segmentation,Segmentation,0.6766749620437622
W1903029394,convolutional-neural-network,Convolutional neural network,0.6067995429039001
W1903029394,pattern-recognition,Pattern recognition (psychology),0.5615816116333008
W1903029394,inference,Inference,0.5564666390419006
W1903029394,pixel,Pixel,0.5178992748260498
W1903029394,pascal,Pascal (unit),0.49309512972831726
W2097117768,computer-science,Computer science,0.7904930114746094
W2097117768,architecture,Architecture,0.6837412714958191
W2097117768,convolutional-neural-network,Convolutional neural network,0.6808278560638428
W2097117768,intuition,Intuition,0.6229092478752136
W2097117768,artificial-intelligence,Artificial intelligence,0.6205503940582275
W2097117768,deep-learning,Deep learning,0.5262079834938049
W2097117768,network-architecture,Network architecture,0.5069937705993652
W2097117768,context,Context (archaeology),0.48474356532096863
W2097117768,artificial-neural-network,Artificial neural network,0.4506235718727112
W2097117768,scale,Scale (ratio),0.4258390963077545
W2097117768,pattern-recognition,Pattern recognition (psychology),0.3839419484138489
W2097117768,machine-learning,Machine learning,0.3793525695800781
W2097117768,computer-network,Computer network,0.0774381160736084
W2132905138,chemistry,Chemistry,0.3371315002441406
W2132905138,physics,Physics,0.3321145176887512
W2132905138,engineering-physics,Engineering physics,0.3262748122215271
W2095705004,overfitting,Overfitting,0.9700729846954346
W2095705004,dropout,Dropout (neural networks),0.9046039581298828
W2095705004,computer-science,Computer science,0.7200086712837219
W2095705004,artificial-intelligence,Artificial intelligence,0.7002734541893005
W2095705004,artificial-neural-network,Artificial neural network,0.6955674886703491
W2095705004,machine-learning,Machine learning,0.6954368352890015
W2095705004,benchmark,Benchmark (surveying),0.5468679070472717
W2095705004,deep-neural-networks,Deep neural networks,0.4962156414985657
W2095705004,regularization,Regularization (linguistics),0.46335840225219727
W2250539671,computer-science,Computer science,0.7020219564437866
W2250539671,representation,Representation (politics),0.5919724702835083
W2250539671,word,Word (group theory),0.5910381078720093
W2250539671,natural-language-processing,Natural language processing,0.48597466945648193
W2250539671,artificial-intelligence,Artificial intelligence,0.43584924936294556
W2250539671,human–computer-interaction,Human–computer interaction,0.392413467168808
W2250539671,computer-graphics,Computer graphics (images),0.354422390460968
W2250539671,linguistics,Linguistics,0.1388796865940094
W2157331557,machine-translation,Machine translation,0.8681344985961914
W2157331557,computer-science,Computer science,0.7873245477676392
W2157331557,phrase,Phrase,0.7133225798606873
W2157331557,natural-language-processing,Natural language processing,0.6715016961097717
W2157331557,artificial-intelligence,Artificial intelligence,0.6296716332435608
W2157331557,encoder,Encoder,0.5642555952072144
W2157331557,translation,Translation (biology),0.508492112159729
W2157331557,statistical-learning,Statistical learning,0.4439455270767212
W2157331557,speech-recognition,Speech recognition,0.4047514498233795
W377384883,qualitative-research,Qualitative research,0.6313483715057373
W377384883,qualitative-property,Qualitative property,0.5494812726974487
W377384883,index,Index (typography),0.5033857226371765
W377384883,qualitative-analysis,Qualitative analysis,0.491806298494339
W377384883,computer-science,Computer science,0.4668961763381958
W377384883,closure,Closure (psychology),0.4624050259590149
W377384883,sociology,Sociology,0.2799380421638489
W377384883,social-science,Social science,0.14905405044555664
W377384883,world-wide-web,World Wide Web,0.11840251088142395
W377384883,political-science,Political science,0.0674031674861908
W377384883,law,Law,0.05759620666503906
W2102605133,pascal,Pascal (unit),0.8335626125335693
W2102605133,computer-science,Computer science,0.8205364942550659
W2102605133,convolutional-neural-network,Convolutional neural network,0.6516923904418945
W2102605133,object-detection,Object detection,0.6457746028900146
W2102605133,artificial-intelligence,Artificial intelligence,0.6455317735671997
W2102605133,pattern-recognition,Pattern recognition (psychology),0.6416488885879517
W2102605133,segmentation,Segmentation,0.5610083341598511
W2102605133,scalability,Scalability,0.5301476716995239
W2102605133,context,Context (archaeology),0.4214978814125061
W2102605133,image,Image (mathematics),0.4129027724266052
W2102605133,machine-learning,Machine learning,0.37804126739501953
W1849190772,statistical-inference,Statistical inference,0.6023044586181641
W1849190772,econometrics,Econometrics,0.5627254247665405
W1849190772,structural-equation-modeling,Structural equation modeling,0.5512321591377258
W1849190772,simple-linear-regression,Simple linear regression,0.5373289585113525
W1849190772,mediation,Mediation,0.5314105153083801
W1849190772,regression-analysis,Regression analysis,0.5280814170837402
W1849190772,causal-inference,Causal inference,0.515735924243927
W1849190772,moderation,Moderation,0.5108861327171326
W1849190772,linear-regression,Linear regression,0.49064531922340393
W1849190772,statistics,Statistics,0.44193264842033386
W1849190772,statistical-model,Statistical model,0.43275177478790283
W1849190772,inference,Inference,0.42989373207092285
W1849190772,mathematics,Mathematics,0.377398818731308
W1849190772,computer-science,Computer science,0.3387351632118225
W1849190772,artificial-intelligence,Artificial intelligence,0.19457080960273743
W4299627282,power,Power (physics),0.48453205823898315
W4299627282,statistical-power,Statistical power,0.4295497238636017
W4299627282,psychology,Psychology,0.4256190061569214
W4299627282,behavioural-sciences,Behavioural sciences,0.4189404249191284
W4299627282,statistics,Statistics,0.2572938799858093
W4299627282,mathematics,Mathematics,0.1994590163230896
W4299627282,physics,Physics,0.1092633605003357
W4299627282,psychotherapist,Psychotherapist,0.10796913504600525
W1530155851,coping,Coping (psychology),0.6894195675849915
W1530155851,psychology,Psychology,0.5954672694206238
W1530155851,clinical-psychology,Clinical psychology,0.3250504732131958
W1554944419,artificial-intelligence,Artificial intelligence,0.5834159255027771
W1554944419,computer-science,Computer science,0.5829743146896362
W1554944419,machine-learning,Machine learning,0.5663595795631409
W1554944419,cluster-analysis,Cluster analysis,0.5528530478477478
W1554944419,data-science,Data science,0.511576235294342
W1554944419,terminology,Terminology,0.49481338262557983
W1554944419,field,Field (mathematics),0.4526790976524353
W1554944419,random-forest,Random forest,0.4501138925552368
W1554944419,topic-model,Topic model,0.4358164072036743
W1554944419,statistical-inference,Statistical inference,0.4111268222332001
W1554944419,mathematics,Mathematics,0.21415278315544128
W1554944419,statistics,Statistics,0.15279418230056763
W2799061466,computer-science,Computer science,0.37615731358528137
W2799061466,pattern-recognition,Pattern recognition (psychology),0.3636956810951233
W2799061466,artificial-intelligence,Artificial intelligence,0.31954532861709595
W1535803599,political-freedom,Political freedom,0.7112807035446167
W1535803599,politics,Politics,0.6025136709213257
W1535803599,authoritarianism,Authoritarianism,0.6012330055236816
W1535803599,economic-freedom,Economic freedom,0.5804648995399475
W1535803599,poverty,Poverty,0.5371348261833191
W1535803599,political-science,Political science,0.46736428141593933
W1535803599,legislature,Legislature,0.42479363083839417
W1535803599,law-and-economics,Law and economics,0.4166976809501648
W1535803599,political-economy,Political economy,0.3929818272590637
W1535803599,sociology,Sociology,0.38877710700035095
W1535803599,law,Law,0.2877656817436218
W1535803599,democracy,Democracy,0.22494438290596008
W1587026990,graphics,Graphics,0.8061094284057617
W1587026990,plot,Plot (graphics),0.731033444404602
W1587026990,computer-science,Computer science,0.6792279481887817
W1587026990,computer-graphics,Computer graphics (images),0.4938255250453949
W1587026990,reuse,Reuse,0.4393923580646515
W1587026990,graph,Graph,0.4369734823703766
W1587026990,data-visualization,Data visualization,0.42964833974838257
W1587026990,statistical-graphics,Statistical graphics,0.4139407277107239
W1587026990,visualization,Visualization,0.4003310203552246
W1587026990,information-retrieval,Information retrieval,0.3324843645095825
W1587026990,data-mining,Data mining,0.24299350380897522
W1587026990,engineering,Engineering,0.18050670623779297
W1587026990,theoretical-computer-science,Theoretical computer science,0.11808526515960693
W1516534262,qualitative-research,Qualitative research,0.8361196517944336
W1516534262,qualitative-property,Qualitative property,0.5796167850494385
W1516534262,research-design,Research design,0.5010442733764648
W1516534262,qualitative-analysis,Qualitative analysis,0.450467973947525
W1516534262,index,Index (typography),0.44523367285728455
W1516534262,reliability,Reliability (semiconductor),0.4121802747249603
W1516534262,computer-science,Computer science,0.3691660463809967
W1516534262,psychology,Psychology,0.33965373039245605
W1516534262,sociology,Sociology,0.18001076579093933
W1516534262,social-science,Social science,0.1359935700893402
W1516534262,world-wide-web,World Wide Web,0.08587327599525452
W1598602811,systematic-review,Systematic review,0.689070463180542
W1598602811,psychological-intervention,Psychological intervention,0.6019827127456665
W1598602811,psychology,Psychology,0.3467823565006256
W1598602811,medline,MEDLINE,0.2256983518600464
W1598602811,biology,Biology,0.1341792643070221
W1598602811,psychiatry,Psychiatry,0.05717763304710388
W3144127399,computer-science,Computer science,0.4532533288002014
W273955616,random-forest,Random forest,0.7381927371025085
W273955616,boosting,Boosting (machine learning),0.5762741565704346
W273955616,overfitting,Overfitting,0.5564186573028564
W273955616,artificial-intelligence,Artificial intelligence,0.5348070859909058
W273955616,computer-science,Computer science,0.5248827338218689
W273955616,mathematics,Mathematics,0.45460954308509827
W273955616,machine-learning,Machine learning,0.4312424063682556
W273955616,statistics,Statistics,0.42215585708618164
W273955616,pattern-recognition,Pattern recognition (psychology),0.34389862418174744
W273955616,data-mining,Data mining,0.3200443983078003
W273955616,artificial-neural-network,Artificial neural network,0.30984070897102356
W1520428197,climate-change,Climate change,0.7563860416412354
W1520428197,climatology,Climatology,0.7036580443382263
W1520428197,radiative-forcing,Radiative forcing,0.6086887717247009
W1520428197,environmental-science,Environmental science,0.5371281504631042
W1520428197,climate-model,Climate model,0.48877856135368347
W1520428197,paleoclimatology,Paleoclimatology,0.4402509331703186
W1520428197,snow,Snow,0.4271332621574402
W1520428197,forcing,Forcing (mathematics),0.41558197140693665
W1520428197,geography,Geography,0.3264678716659546
W1520428197,meteorology,Meteorology,0.26943427324295044
W1520428197,oceanography,Oceanography,0.15989172458648682
W1520428197,geology,Geology,0.14427876472473145
W2798333393,computer-science,Computer science,0.8623482584953308
W2798333393,multimedia,Multimedia,0.40976595878601074
W1542932561,psychology,Psychology,0.32168158888816833
W1605824561,grounded-theory,Grounded theory,0.9680846929550171
W1605824561,theoretical-sampling,Theoretical sampling,0.7309653759002686
W1605824561,qualitative-research,Qualitative research,0.4577047824859619
W1605824561,coding,Coding (social sciences),0.4476031959056854
W1605824561,computer-science,Computer science,0.3822011351585388
W1605824561,epistemology,Epistemology,0.3687419593334198
W1605824561,sociology,Sociology,0.30043941736221313
W1605824561,social-science,Social science,0.12757456302642822
W1605824561,philosophy,Philosophy,0.0639624297618866
W2491458126,fluorescence-spectroscopy,Fluorescence spectroscopy,0.5582348108291626
W2491458126,spectroscopy,Spectroscopy,0.545843243598938
W2491458126,fluorescence,Fluorescence,0.47686490416526794
W2491458126,materials-science,Materials science,0.35626161098480225
W2491458126,physics,Physics,0.22342869639396667
W2491458126,optics,Optics,0.22322705388069153
W2491458126,astronomy,Astronomy,0.057320475578308105
W2161969291,histogram,Histogram,0.6744019389152527
W2161969291,computer-science,Computer science,0.6186447739601135
W2161969291,artificial-intelligence,Artificial intelligence,0.3652729392051697
W2161969291,pattern-recognition,Pattern recognition (psychology),0.3511669933795929
W2161969291,image,Image (mathematics),0.11750218272209167
W3145128584,computer-science,Computer science,0.5178064107894897
W3145128584,algorithm,Algorithm,0.48572784662246704
W1665332082,lisrel,LISREL,0.9335184693336487
W1665332082,structural-equation-modeling,Structural equation modeling,0.8914859294891357
W1665332082,path-analysis,Path analysis (statistics),0.6597723960876465
W1665332082,confirmatory-factor-analysis,Confirmatory factor analysis,0.6201326847076416
W1665332082,computer-science,Computer science,0.5296623110771179
W1665332082,latent-variable,Latent variable,0.4799545109272003
W1665332082,interpretation,Interpretation (philosophy),0.4764828383922577
W1665332082,management-science,Management science,0.44071677327156067
W1665332082,data-science,Data science,0.4216732382774353
W1665332082,artificial-intelligence,Artificial intelligence,0.24813312292099
W1665332082,engineering,Engineering,0.1869814097881317
W1665332082,machine-learning,Machine learning,0.11371147632598877
W2164598857,computer-science,Computer science,0.7954463958740234
W2164598857,object-detection,Object detection,0.7843468189239502
W2164598857,artificial-intelligence,Artificial intelligence,0.7726973295211792
W2164598857,viola–jones-object-detection-framework,Viola–Jones object detection framework,0.7329455614089966
W2164598857,adaboost,AdaBoost,0.700791597366333
W2164598857,cascade,Cascade,0.5837459564208984
W2164598857,computer-vision,Computer vision,0.5665884017944336
W2164598857,pattern-recognition,Pattern recognition (psychology),0.5410825610160828
W2164598857,face-detection,Face detection,0.5350728034973145
W2164598857,object-class-detection,Object-class detection,0.5310587882995605
W2164598857,detector,Detector,0.52326500415802
W2164598857,object,Object (grammar),0.5211287140846252
W2164598857,contextual-image-classification,Contextual image classification,0.45970189571380615
W2164598857,set,Set (abstract data type),0.45606788992881775
W2164598857,focus,Focus (optics),0.45572370290756226
W2164598857,representation,Representation (politics),0.44434884190559387
W2164598857,cognitive-neuroscience-of-visual-object-recognition,Cognitive neuroscience of visual object recognition,0.4122983515262604
W2164598857,image,Image (mathematics),0.4063734710216522
W2164598857,facial-recognition-system,Facial recognition system,0.24240487813949585
W2164598857,support-vector-machine,Support vector machine,0.17870840430259705
W2296616510,orthonormal-basis,Orthonormal basis,0.8425965309143066
W2296616510,mathematics,Mathematics,0.6894175410270691
W2296616510,basis,Basis (linear algebra),0.6172006130218506
W2296616510,basis-pursuit,Basis pursuit,0.6135942935943604
W2296616510,compressed-sensing,Compressed sensing,0.5910735726356506
W2296616510,linear-subspace,Linear subspace,0.5621234178543091
W2296616510,basis-function,Basis function,0.5163968205451965
W2296616510,euclidean-space,Euclidean space,0.4242647588253021
W2296616510,algorithm,Algorithm,0.4219488501548767
W2296616510,pixel,Pixel,0.4182499349117279
W2296616510,combinatorics,Combinatorics,0.3555799424648285
W2296616510,matching-pursuit,Matching pursuit,0.2982965111732483
W2296616510,mathematical-analysis,Mathematical analysis,0.25757503509521484
W2296616510,artificial-intelligence,Artificial intelligence,0.2396022379398346
W2296616510,pure-mathematics,Pure mathematics,0.19474515318870544
W2296616510,computer-science,Computer science,0.18868637084960938
W2296616510,geometry,Geometry,0.15678411722183228
W2052417512,metaphor,Metaphor,0.781640887260437
W2052417512,subject,Subject (documents),0.5936739444732666
W2052417512,perception,Perception,0.49540889263153076
W2052417512,george,George (robot),0.48969343304634094
W2052417512,affect,Affect (linguistics),0.45498529076576233
W2052417512,state,State (computer science),0.4223480522632599
W2052417512,epistemology,Epistemology,0.41174155473709106
W2052417512,cognitive-science,Cognitive science,0.4082353115081787
W2052417512,aesthetics,Aesthetics,0.3299826979637146
W2052417512,linguistics,Linguistics,0.29884976148605347
W2052417512,philosophy,Philosophy,0.2756909728050232
W2052417512,psychology,Psychology,0.27381631731987
W2052417512,art,Art,0.25348567962646484
W2052417512,computer-science,Computer science,0.19844767451286316
W2052417512,art-history,Art history,0.14509975910186768
W2904250082,computer-science,Computer science,0.4542745053768158
W2904250082,algorithm,Algorithm,0.42030423879623413
W2152195021,particle-swarm-optimization,Particle swarm optimization,0.8018186092376709
W2152195021,multi-swarm-optimization,Multi-swarm optimization,0.747697114944458
W2152195021,benchmark,Benchmark (surveying),0.6900297999382019
W2152195021,metaheuristic,Metaheuristic,0.6794556379318237
W2152195021,computer-science,Computer science,0.6412858963012695
W2152195021,artificial-neural-network,Artificial neural network,0.573228657245636
W2152195021,nonlinear-system,Nonlinear system,0.501166582107544
W2152195021,swarm-intelligence,Swarm intelligence,0.45117515325546265
W2152195021,parallel-metaheuristic,Parallel metaheuristic,0.4475637972354889
W2152195021,mathematical-optimization,Mathematical optimization,0.44607383012771606
W2152195021,meta-optimization,Meta-optimization,0.4314826726913452
W2152195021,swarm-behaviour,Swarm behaviour,0.4103761911392212
W2152195021,artificial-intelligence,Artificial intelligence,0.3783671259880066
W2152195021,algorithm,Algorithm,0.2480829358100891
W2152195021,mathematics,Mathematics,0.1462002992630005
W2152195021,physics,Physics,0.08579716086387634
W2145417574,fixed-wireless,Fixed wireless,0.5952003002166748
W2145417574,wireless,Wireless,0.5393822193145752
W2145417574,computer-science,Computer science,0.5291082262992859
W2145417574,wireless-broadband,Wireless broadband,0.5153364539146423
W2145417574,wireless-network,Wireless network,0.514416515827179
W2145417574,computer-network,Computer network,0.4837389290332794
W2145417574,wi-fi-array,Wi-Fi array,0.47596949338912964
W2145417574,telecommunications,Telecommunications,0.46533718705177307
W2145417574,local-multipoint-distribution-service,Local Multipoint Distribution Service,0.4500211179256439
W2145417574,wireless-wan,Wireless WAN,0.4300982654094696
W2145417574,cordless,Cordless,0.4292464256286621
W2145417574,engineering,Engineering,0.3698465824127197
W2101105183,computer-science,Computer science,0.8184647560119629
W2101105183,machine-translation,Machine translation,0.7458117008209229
W2101105183,bleu,BLEU,0.5622755289077759
W2101105183,artificial-intelligence,Artificial intelligence,0.5593762993812561
W2101105183,translation,Translation (biology),0.49152955412864685
W2101105183,natural-language-processing,Natural language processing,0.4460664987564087
W2101105183,human–machine-system,Human–machine system,0.43317437171936035
W2101105183,machine-learning,Machine learning,0.4043903052806854
W1539265701,glossary,Glossary,0.8082211017608643
W1539265701,research-design,Research design,0.614496111869812
W1539265701,index,Index (typography),0.5158564448356628
W1539265701,management-science,Management science,0.5018973350524902
W1539265701,quantitative-research,Quantitative research,0.49756887555122375
W1539265701,subject,Subject (documents),0.4913283884525299
W1539265701,computer-science,Computer science,0.4866860508918762
W1539265701,qualitative-research,Qualitative research,0.48428744077682495
W1539265701,sample,Sample (material),0.47774165868759155
W1539265701,qualitative-property,Qualitative property,0.45016464591026306
W1539265701,process,Process (computing),0.44011273980140686
W1539265701,mathematics-education,Mathematics education,0.32373476028442383
W1539265701,statistics,Statistics,0.2645561099052429
W1539265701,psychology,Psychology,0.25444257259368896
W1539265701,mathematics,Mathematics,0.1932481825351715
W1539265701,engineering,Engineering,0.18460410833358765
W1539265701,sociology,Sociology,0.1560068130493164
W1539265701,social-science,Social science,0.14091837406158447
W1539265701,library-science,Library science,0.10827022790908813
W1539265701,linguistics,Linguistics,0.09344562888145447
W2099111195,computer-science,Computer science,0.45597609877586365
W4299689471,logistic-regression,Logistic regression,0.7105926275253296
W4299689471,statistics,Statistics,0.4414646625518799
W4299689471,mathematics,Mathematics,0.26616594195365906
W1607071030,laminar-flow,Laminar flow,0.8792182207107544
W1607071030,hagen–poiseuille-equation,Hagen–Poiseuille equation,0.776678204536438
W1607071030,mechanics,Mechanics,0.6815129518508911
W1607071030,turbulence,Turbulence,0.6733800172805786
W1607071030,laminar-sublayer,Laminar sublayer,0.6658447980880737
W1607071030,reynolds-number,Reynolds number,0.6512296795845032
W1607071030,boundary-layer,Boundary layer,0.6205115914344788
W1607071030,open-channel-flow,Open-channel flow,0.6178092360496521
W1607071030,laminar-flow-reactor,Laminar flow reactor,0.5492633581161499
W1607071030,pressure-drop,Pressure drop,0.5462470054626465
W1607071030,hele-shaw-flow,Hele-Shaw flow,0.5241187810897827
W1607071030,chézy-formula,Chézy formula,0.5217791199684143
W1607071030,pipe-flow,Pipe flow,0.5025999546051025
W1607071030,flow,Flow (mathematics),0.49888038635253906
W1607071030,physics,Physics,0.4897630214691162
W1607071030,flow-separation,Flow separation,0.4679972529411316
W1607071030,law-of-the-wall,Law of the wall,0.4277195334434509
W1607071030,potential-flow-around-a-circular-cylinder,Potential flow around a circular cylinder,0.4129684567451477
W1607071030,classical-mechanics,Classical mechanics,0.4075475335121155
W1505626160,bacteria,Bacteria,0.6431632041931152
W1505626160,antimicrobial,Antimicrobial,0.5711257457733154
W1505626160,microbiology,Microbiology,0.5640743374824524
W1505626160,dilution,Dilution,0.4282364249229431
W1505626160,biology,Biology,0.4263342022895813
W1505626160,chemistry,Chemistry,0.35136887431144714
W1505626160,food-science,Food science,0.32388007640838623
W1505626160,genetics,Genetics,0.15772494673728943
W2036149274,structural-equation-modeling,Structural equation modeling,0.8219649791717529
W2036149274,factorial,Factorial,0.663349986076355
W2036149274,construct-validity,Construct validity,0.633163332939148
W2036149274,confirmatory-factor-analysis,Confirmatory factor analysis,0.5590027570724487
W2036149274,construct,Construct (python library),0.5058014392852783
W2036149274,latent-variable,Latent variable,0.4689951241016388
W2036149274,measurement-invariance,Measurement invariance,0.4510011076927185
W2036149274,factorial-experiment,Factorial experiment,0.4458483159542084
W2036149274,variance,Variance (accounting),0.4347922205924988
W2036149274,causal-model,Causal model,0.4257369637489319
W2036149274,mathematics,Mathematics,0.40799248218536377
W2036149274,statistics,Statistics,0.36833426356315613
W2036149274,econometrics,Econometrics,0.33824896812438965
W2036149274,psychology,Psychology,0.3287428319454193
W2036149274,computer-science,Computer science,0.3084753751754761
W2036149274,psychometrics,Psychometrics,0.24437549710273743
W2036149274,programming-language,Programming language,0.07602959871292114
W1780382453,meaning,Meaning (existential),0.6851130723953247
W1780382453,identity,Identity (music),0.6557451486587524
W1780382453,process,Process (computing),0.5599079132080078
W1780382453,relevance,Relevance (law),0.5417526364326477
W1780382453,intersection,Intersection (aeronautics),0.5252827405929565
W1780382453,epistemology,Epistemology,0.5177487730979919
W1780382453,sociology,Sociology,0.5063260793685913
W1780382453,social-practice,Social practice,0.4470597207546234
W1780382453,political-science,Political science,0.1778782308101654
W1780382453,computer-science,Computer science,0.12941300868988037
W1780382453,aesthetics,Aesthetics,0.10995572805404663
W1780382453,engineering,Engineering,0.07768392562866211
W2124386111,artificial-intelligence,Artificial intelligence,0.7982079386711121
W2124386111,computer-vision,Computer vision,0.7429826259613037
W2124386111,cognitive-neuroscience-of-visual-object-recognition,Cognitive neuroscience of visual object recognition,0.6667623519897461
W2124386111,pattern-recognition,Pattern recognition (psychology),0.6374701261520386
W2124386111,invariant,Invariant (physics),0.6188821196556091
W2124386111,3d-single-object-recognition,3D single-object recognition,0.6140864491462708
W2124386111,computer-science,Computer science,0.5686184167861938
W2124386111,affine-transformation,Affine transformation,0.5528473854064941
W2124386111,computation,Computation,0.5339255332946777
W2124386111,search-engine-indexing,Search engine indexing,0.41787663102149963
W2124386111,feature-extraction,Feature extraction,0.3872734010219574
W2124386111,mathematics,Mathematics,0.3253461718559265
W2124386111,algorithm,Algorithm,0.14334851503372192
W2129995310,emphasis,Emphasis (telecommunications),0.5479455590248108
W2129995310,computer-science,Computer science,0.4459201693534851
W2129995310,nanotechnology,Nanotechnology,0.3313591182231903
W2129995310,materials-science,Materials science,0.23372256755828857
W2129995310,telecommunications,Telecommunications,0.07539981603622437
W1672766972,light-scattering,Light scattering,0.6134905219078064
W1672766972,absorption,Absorption (acoustics),0.60507732629776
W1672766972,scattering,Scattering,0.5467033982276917
W1672766972,optics,Optics,0.41783416271209717
W1672766972,materials-science,Materials science,0.4147208333015442
W1672766972,physics,Physics,0.33806347846984863
W1487923163,evapotranspiration,Evapotranspiration,0.8783791661262512
W1487923163,crop-coefficient,Crop coefficient,0.7205614447593689
W1487923163,crop,Crop,0.6984521746635437
W1487923163,agricultural-engineering,Agricultural engineering,0.6080109477043152
W1487923163,environmental-science,Environmental science,0.5723311305046082
W1487923163,irrigation,Irrigation,0.5686033964157104
W1487923163,drainage,Drainage,0.4518045485019684
W1487923163,water-resource-management,Water resource management,0.382312148809433
W1487923163,hydrology,Hydrology (agriculture),0.3336469531059265
W1487923163,agronomy,Agronomy,0.20077061653137207
W1487923163,geography,Geography,0.1741112768650055
W1487923163,engineering,Engineering,0.14254644513130188
W1487923163,forestry,Forestry,0.13686537742614746
W1487923163,ecology,Ecology,0.06419596076011658
W2124776405,modular-design,Modular design,0.6808528900146484
W2124776405,computer-science,Computer science,0.6084327697753906
W2124776405,field,Field (mathematics),0.5840821266174316
W2124776405,artificial-neural-network,Artificial neural network,0.5801199674606323
W2124776405,process,Process (computing),0.5454536080360413
W2124776405,function,Function (biology),0.5422435998916626
W2124776405,ideal,Ideal (ethics),0.5244905352592468
W2124776405,key,Key (lock),0.5220577716827393
W2124776405,perspective,Perspective (graphical),0.511160671710968
W2124776405,artificial-intelligence,Artificial intelligence,0.5004334449768066
W2124776405,foundation,Foundation (evidence),0.49446606636047363
W2124776405,engineering,Engineering,0.32762837409973145
W2124776405,geography,Geography,0.08923226594924927
W2124776405,epistemology,Epistemology,0.07589021325111389
W2124776405,mathematics,Mathematics,0.07391852140426636
W2028954902,qualitative-research,Qualitative research,0.6222374439239502
W2028954902,ethnography,Ethnography,0.6108901500701904
W2028954902,narrative,Narrative,0.6016756296157837
W2028954902,phenomenology,Phenomenology (philosophy),0.5608869194984436
W2028954902,reading,Reading (process),0.5307203531265259
W2028954902,biography,Biography,0.5254166126251221
W2028954902,epistemology,Epistemology,0.5097803473472595
W2028954902,grounded-theory,Grounded theory,0.4859370291233063
W2028954902,sociology,Sociology,0.4580395221710205
W2028954902,pedagogy,Pedagogy,0.3665144443511963
W2028954902,mathematics-education,Mathematics education,0.32283657789230347
W2028954902,social-science,Social science,0.2706727981567383
W2028954902,psychology,Psychology,0.25538864731788635
W2028954902,literature,Literature,0.182527095079422
W2028954902,linguistics,Linguistics,0.12399014830589294
W2028954902,philosophy,Philosophy,0.11798456311225891
W2028954902,art,Art,0.11564356088638306
W2028954902,anthropology,Anthropology,0.09503099322319031
W1673310716,dbscan,DBSCAN,0.9533801078796387
W1673310716,cluster-analysis,Cluster analysis,0.7865322232246399
W1673310716,computer-science,Computer science,0.7706972360610962
W1673310716,data-mining,Data mining,0.6424217224121094
W1673310716,noise,Noise (video),0.5677587389945984
W1673310716,benchmark,Benchmark (surveying),0.5480388402938843
W1673310716,algorithm,Algorithm,0.505852460861206
W1673310716,spatial-database,Spatial database,0.47640764713287354
W1673310716,spatial-analysis,Spatial analysis,0.4133871793746948
W1673310716,database,Database,0.3734229803085327
W1673310716,cure-data-clustering-algorithm,CURE data clustering algorithm,0.3655524253845215
W1673310716,pattern-recognition,Pattern recognition (psychology),0.36285895109176636
W1673310716,correlation-clustering,Correlation clustering,0.29497501254081726
W1673310716,artificial-intelligence,Artificial intelligence,0.27432841062545776
W1673310716,mathematics,Mathematics,0.1689867079257965
W1673310716,image,Image (mathematics),0.16251522302627563
W2912565176,fuzzy-logic,Fuzzy logic,0.5209808945655823
W2912565176,artificial-intelligence,Artificial intelligence,0.3961094617843628
W2912565176,computer-science,Computer science,0.3704940676689148
W2912565176,mathematics,Mathematics,0.3455425500869751
W4388147587,tacit-knowledge,Tacit knowledge,0.7964791059494019
W4388147587,imitation,Imitation,0.6345125436782837
W4388147587,automotive-industry,Automotive industry,0.584547758102417
W4388147587,business,Business,0.5276927947998047
W4388147587,explicit-knowledge,Explicit knowledge,0.4264920949935913
W4388147587,competitive-advantage,Competitive advantage,0.41135239601135254
W4388147587,knowledge-management,Knowledge management,0.40810951590538025
W4388147587,marketing,Marketing,0.35619863867759705
W4388147587,engineering,Engineering,0.32024723291397095
W4388147587,computer-science,Computer science,0.1891598105430603
W4388147587,psychology,Psychology,0.0946999192237854
W2156909104,psychology,Psychology,0.34583914279937744
W2156909104,computer-science,Computer science,0.320166677236557
W1995945562,computer-science,Computer science,0.3842226266860962
W1649645444,software-design-pattern,Software design pattern,0.7094083428382874
W1649645444,computer-science,Computer science,0.6349751353263855
W1649645444,software-engineering,Software engineering,0.5309756994247437
W1649645444,software,Software,0.4762977659702301
W1649645444,object-oriented-design,Object-oriented design,0.4581024944782257
W1649645444,object-oriented-programming,Object-oriented programming,0.45291823148727417
W1649645444,design-pattern,Design pattern,0.4215902090072632
W1649645444,object,Object (grammar),0.4155803620815277
W1649645444,programming-language,Programming language,0.26326465606689453
W1649645444,artificial-intelligence,Artificial intelligence,0.13330841064453125
W1763243278,prime-mover,Prime mover,0.817165732383728
W1763243278,electric-power-system,Electric power system,0.7186607122421265
W1763243278,control-theory,Control theory (sociology),0.7178729772567749
W1763243278,ac-power,AC power,0.5906226634979248
W1763243278,transient,Transient (computer programming),0.48270201683044434
W1763243278,engineering,Engineering,0.47332534193992615
W1763243278,stability,Stability (learning theory),0.46482139825820923
W1763243278,transmission-system,Transmission system,0.44601044058799744
W1763243278,voltage-optimisation,Voltage optimisation,0.4115140438079834
W1763243278,voltage,Voltage,0.3847554922103882
W1763243278,power,Power (physics),0.3816030025482178
W1763243278,transmission,Transmission (telecommunications),0.37065398693084717
W1763243278,computer-science,Computer science,0.32591620087623596
W1763243278,physics,Physics,0.13029202818870544
W1763243278,automotive-engineering,Automotive engineering,0.1275111734867096
W1763243278,electrical-engineering,Electrical engineering,0.11915522813796997
W1763243278,control,Control (management),0.10646075010299683
W1714723801,multimethodology,Multimethodology,0.6015624403953552
W1714723801,management-science,Management science,0.5882124900817871
W1714723801,qualitative-research,Qualitative research,0.5498971939086914
W1714723801,engineering-ethics,Engineering ethics,0.5021865367889404
W1714723801,epistemology,Epistemology,0.4906858205795288
W1714723801,sociology,Sociology,0.43426963686943054
W1714723801,research-design,Research design,0.4273761808872223
W1714723801,social-science,Social science,0.29879921674728394
W1714723801,engineering,Engineering,0.24046653509140015
W1714723801,philosophy,Philosophy,0.11343708634376526
W2061901927,transitive-relation,Transitive relation,0.7891536951065063
W2061901927,centrality,Centrality,0.7869436144828796
W2061901927,social-network-analysis,Social network analysis,0.6285527944564819
W2061901927,prestige,Prestige,0.5949133038520813
W2061901927,notation,Notation,0.5232740640640259
W2061901927,equivalence,Equivalence (formal languages),0.5180168747901917
W2061901927,social-network,Social network (sociolinguistics),0.4965844750404358
W2061901927,social-relation,Social relation,0.4248460531234741
W2061901927,computer-science,Computer science,0.41414085030555725
W2061901927,psychology,Psychology,0.3577132225036621
W2061901927,social-psychology,Social psychology,0.3265434205532074
W2061901927,mathematics,Mathematics,0.3242899477481842
W2061901927,discrete-mathematics,Discrete mathematics,0.15691152215003967
W2061901927,combinatorics,Combinatorics,0.11720949411392212
W2061901927,linguistics,Linguistics,0.0970274806022644
W2061901927,world-wide-web,World Wide Web,0.0749032199382782
W3106889297,history,History,0.3172033429145813
W2125055259,computer-science,Computer science,0.7494493126869202
W2125055259,unix,Unix,0.7103577852249146
W2125055259,classifier,Classifier (UML),0.5452554225921631
W2125055259,machine-learning,Machine learning,0.5430417060852051
W2125055259,artificial-intelligence,Artificial intelligence,0.5293187499046326
W2125055259,source-code,Source code,0.5040985345840454
W2125055259,workstation,Workstation,0.4916697144508362
W2125055259,software,Software,0.47135013341903687
W2125055259,decision-tree,Decision tree,0.4408881366252899
W2125055259,sample,Sample (material),0.43640998005867004
W2125055259,software-engineering,Software engineering,0.3549916744232178
W2125055259,data-mining,Data mining,0.34295010566711426
W2125055259,programming-language,Programming language,0.28907880187034607
W2125055259,operating-system,Operating system,0.16292878985404968
W3214833809,qualitative-research,Qualitative research,0.899276614189148
W3214833809,credibility,Credibility,0.7801151275634766
W3214833809,qualitative-analysis,Qualitative analysis,0.6080737113952637
W3214833809,interview,Interview,0.5998088717460632
W3214833809,variety,Variety (cybernetics),0.5570248961448669
W3214833809,interpretation,Interpretation (philosophy),0.5225022435188293
W3214833809,qualitative-property,Qualitative property,0.4778582453727722
W3214833809,management-science,Management science,0.42710593342781067
W3214833809,qualitative-marketing-research,Qualitative marketing research,0.4178868234157562
W3214833809,quality,Quality (philosophy),0.41614192724227905
W3214833809,psychology,Psychology,0.3441859483718872
W3214833809,computer-science,Computer science,0.3142957091331482
W3214833809,sociology,Sociology,0.2751057744026184
W3214833809,engineering,Engineering,0.20403176546096802
W3214833809,epistemology,Epistemology,0.18222036957740784
W3214833809,social-science,Social science,0.10223174095153809
W3214833809,artificial-intelligence,Artificial intelligence,0.09626579284667969
W3214833809,world-wide-web,World Wide Web,0.06987369060516357
W4301861531,mathematics,Mathematics,0.39524999260902405
W4301861531,applied-mathematics,Applied mathematics,0.378387987613678
W4301861531,econometrics,Econometrics,0.3268736004829407
W2144634347,cloning,Cloning (programming),0.529512882232666
W2144634347,computational-biology,Computational biology,0.5221936106681824
W2144634347,chromatin,Chromatin,0.4267783463001251
W2144634347,clarity,CLARITY,0.41535985469818115
W2144634347,computer-science,Computer science,0.39890623092651367
W2144634347,data-science,Data science,0.3801095485687256
W2144634347,biology,Biology,0.35099515318870544
W2144634347,dna,DNA,0.34501326084136963
W2144634347,genetics,Genetics,0.2677343189716339
W2144634347,molecular-biology,Molecular biology,0.21053048968315125
W4298091299,latent-variable,Latent variable,0.59358811378479
W4298091299,computer-science,Computer science,0.3850155770778656
W4298091299,environmental-science,Environmental science,0.3616899251937866
W4298091299,econometrics,Econometrics,0.33771464228630066
W4298091299,statistics,Statistics,0.321397602558136
W4298091299,mathematics,Mathematics,0.2863418757915497
W1639032689,pascal,Pascal (unit),0.8266515135765076
W1639032689,computer-science,Computer science,0.6943583488464355
W1639032689,genetic-programming,Genetic programming,0.6225850582122803
W1639032689,genetic-algorithm,Genetic algorithm,0.4758467376232147
W1639032689,machine-learning,Machine learning,0.4586948752403259
W1639032689,artificial-intelligence,Artificial intelligence,0.43886905908584595
W1639032689,quality-control-and-genetic-algorithms,Quality control and genetic algorithms,0.43597400188446045
W1639032689,theoretical-computer-science,Theoretical computer science,0.3935277462005615
W1639032689,algorithm,Algorithm,0.3595549464225769
W1639032689,programming-language,Programming language,0.20000383257865906
W1639032689,meta-optimization,Meta-optimization,0.1979789137840271
W2159080219,computer-science,Computer science,0.685815691947937
W2159080219,probabilistic-logic,Probabilistic logic,0.6654222011566162
W2159080219,artificial-intelligence,Artificial intelligence,0.5736900568008423
W2159080219,reasoning-system,Reasoning system,0.5518537163734436
W2159080219,inference,Inference,0.4938672184944153
W2159080219,intelligent-decision-support-system,Intelligent decision support system,0.48235076665878296
W2159080219,automated-reasoning,Automated reasoning,0.4797740876674652
W2159080219,semantic-reasoner,Semantic reasoner,0.4602038562297821
W2159080219,semantics,Semantics (computer science),0.4246680438518524
W2159080219,expert-system,Expert system,0.4239666163921356
W2159080219,non-monotonic-logic,Non-monotonic logic,0.41318416595458984
W2159080219,machine-learning,Machine learning,0.3648655116558075
W2159080219,theoretical-computer-science,Theoretical computer science,0.3341313898563385
W2159080219,programming-language,Programming language,0.1532791554927826
W1965324089,identification,Identification (biology),0.6846005916595459
W1965324089,computer-science,Computer science,0.5162436962127686
W1536690700,medicine,Medicine,0.39018604159355164
W1517229207,plan,Plan (archaeology),0.747551679611206
W1517229207,computer-science,Computer science,0.5154162645339966
W1517229207,sequence,Sequence (biology),0.4265109896659851
W1517229207,psychology,Psychology,0.3643125295639038
W1517229207,social-psychology,Social psychology,0.3274223208427429
W2052729098,set,Set (abstract data type),0.6125161051750183
W2052729098,intrinsic-motivation,Intrinsic motivation,0.5732501149177551
W2052729098,psychology,Psychology,0.5722256302833557
W2052729098,self-determination-theory,Self-determination theory,0.5560380220413208
W2052729098,cognitive-science,Cognitive science,0.40521153807640076
W2052729098,cognitive-psychology,Cognitive psychology,0.3888981342315674
W2052729098,neuroscience,Neuroscience,0.35365837812423706
W2052729098,social-psychology,Social psychology,0.3149222731590271
W2052729098,computer-science,Computer science,0.2387641966342926
W2052729098,political-science,Political science,0.07632696628570557
W2610857016,canonical-form,Canonical form,0.5670433640480042
W2610857016,algebra-over-a-field,Algebra over a field,0.5582368969917297
W2610857016,mathematics,Mathematics,0.48615071177482605
W2610857016,matrix,Matrix (chemical analysis),0.47673141956329346
W2610857016,variety,Variety (cybernetics),0.4497883915901184
W2610857016,section,Section (typography),0.44784560799598694
W2610857016,trace,TRACE (psycholinguistics),0.4433452785015106
W2610857016,linear-algebra,Linear algebra,0.43011462688446045
W2610857016,von-neumann-architecture,Von Neumann architecture,0.42869091033935547
W2610857016,hermitian-matrix,Hermitian matrix,0.4135361313819885
W2610857016,pure-mathematics,Pure mathematics,0.40189045667648315
W2610857016,computer-science,Computer science,0.3102307617664337
W2610857016,geometry,Geometry,0.11550283432006836
W1527311855,humanities,Humanities,0.4456588923931122
W1527311855,computer-science,Computer science,0.33745276927948
W1527311855,political-science,Political science,0.32538676261901855
W1527311855,philosophy,Philosophy,0.16137626767158508
W1515810707,constitution,Constitution,0.89990234375
W1515810707,epistemology,Epistemology,0.6773956418037415
W1515810707,interpretation,Interpretation (philosophy),0.6726117134094238
W1515810707,structuration-theory,Structuration theory,0.6591720581054688
W1515810707,sociology,Sociology,0.632798433303833
W1515810707,sociological-theory,Sociological theory,0.5401531457901001
W1515810707,social-theory,Social theory,0.5132689476013184
W1515810707,perspective,Perspective (graphical),0.4730250835418701
W1515810707,social-science,Social science,0.4562375247478485
W1515810707,contemporary-society,Contemporary society,0.4293246865272522
W1515810707,political-science,Political science,0.24664181470870972
W1515810707,law,Law,0.2242174744606018
W1515810707,philosophy,Philosophy,0.1288825273513794
W1515810707,computer-science,Computer science,0.06815022230148315
W2170644967,experiential-learning,Experiential learning,0.8770521879196167
W2170644967,psychology,Psychology,0.4753425121307373
W2170644967,mathematics-education,Mathematics education,0.2559443414211273
W1484864026,statistics,Statistics,0.6679229736328125
W1484864026,univariate,Univariate,0.654879629611969
W1484864026,multivariate-statistics,Multivariate statistics,0.6125595569610596
W1484864026,bivariate-analysis,Bivariate analysis,0.6024460792541504
W1484864026,regression-analysis,Regression analysis,0.4786214232444763
W1484864026,mathematics,Mathematics,0.43193912506103516
W1484864026,linear-discriminant-analysis,Linear discriminant analysis,0.4164876639842987
W2113076747,computer-science,Computer science,0.5568641424179077
W2113076747,fuzzy-logic,Fuzzy logic,0.5256751179695129
W2113076747,algorithm,Algorithm,0.4690449833869934
W2113076747,function,Function (biology),0.44640493392944336
W2113076747,pattern-recognition,Pattern recognition (psychology),0.4371635317802429
W2113076747,artificial-intelligence,Artificial intelligence,0.4280874729156494
W2113076747,biology,Biology,0.03787842392921448
W1855283887,competitor-analysis,Competitor analysis,0.858288049697876
W1855283887,profitability-index,Profitability index,0.692442774772644
W1855283887,rivalry,Rivalry,0.6887741088867188
W1855283887,industrial-organization,Industrial organization,0.6725730299949646
W1855283887,competitive-advantage,Competitive advantage,0.6625306010246277
W1855283887,business,Business,0.5309932231903076
W1855283887,bargaining-power,Bargaining power,0.4998054504394531
W1855283887,position,Position (finance),0.4908638596534729
W1855283887,competition,Competition (biology),0.48787903785705566
W1855283887,cost-leadership,Cost leadership,0.45638492703437805
W1855283887,marketing,Marketing,0.4152364432811737
W1855283887,consistency,Consistency (knowledge bases),0.4118667542934418
W1855283887,economics,Economics,0.3944658637046814
W1855283887,microeconomics,Microeconomics,0.3065459132194519
W1855283887,computer-science,Computer science,0.1551792025566101
W1989157562,electrolysis,Electrolysis,0.6197695136070251
W1989157562,polarography,Polarography,0.6034259796142578
W1989157562,electrode,Electrode,0.558456301689148
W1989157562,diffusion-layer,Diffusion layer,0.5094147324562073
W1989157562,chronoamperometry,Chronoamperometry,0.5073174834251404
W1989157562,electrochemistry,Electrochemistry,0.50177001953125
W1989157562,voltammetry,Voltammetry,0.5012807846069336
W1989157562,chemistry,Chemistry,0.48164477944374084
W1989157562,analytical-chemistry,Analytical Chemistry (journal),0.4797171950340271
W1989157562,chemically-modified-electrode,Chemically modified electrode,0.4580598771572113
W1989157562,charge-transfer-coefficient,Charge transfer coefficient,0.4566362202167511
W1989157562,linear-sweep-voltammetry,Linear sweep voltammetry,0.41918420791625977
W1989157562,diffusion,Diffusion,0.41675493121147156
W1989157562,cyclic-voltammetry,Cyclic voltammetry,0.4062202572822571
W1989157562,reference-electrode,Reference electrode,0.28572726249694824
W1989157562,inorganic-chemistry,Inorganic chemistry,0.2364196479320526
W1989157562,thermodynamics,Thermodynamics,0.21278038620948792
W1989157562,electrolyte,Electrolyte,0.2109067440032959
W1989157562,physical-chemistry,Physical chemistry,0.18020018935203552
W1989157562,chromatography,Chromatography,0.09857258200645447
W1597750586,confession,Confession (law),0.8791623115539551
W1597750586,power,Power (physics),0.789323627948761
W1597750586,human-sexuality,Human sexuality,0.7027344703674316
W1597750586,prison,Prison,0.6874781847000122
W1597750586,politics,Politics,0.5699358582496643
W1597750586,economic-justice,Economic Justice,0.4926777482032776
W1597750586,panopticon,Panopticon,0.4533991813659668
W1597750586,sociology,Sociology,0.44704699516296387
W1597750586,psychoanalysis,Psychoanalysis,0.372764527797699
W1597750586,political-science,Political science,0.31457531452178955
W1597750586,psychology,Psychology,0.29355141520500183
W1597750586,criminology,Criminology,0.27385005354881287
W1597750586,gender-studies,Gender studies,0.2621474862098694
W1597750586,law,Law,0.23835742473602295
W115394847,qualitative-research,Qualitative research,0.4448624551296234
W115394847,sociology,Sociology,0.2549998462200165
W115394847,social-science,Social science,0.1466919183731079
W1491644571,psychology,Psychology,0.5213586091995239
W1491644571,social-psychology,Social psychology,0.5141471028327942
W1491644571,political-science,Political science,0.3261457085609436
W2011039300,completeness,Completeness (order theory),0.7654945850372314
W2011039300,computer-science,Computer science,0.5464722514152527
W2011039300,calculus,Calculus (dental),0.4151632785797119
W2011039300,theoretical-computer-science,Theoretical computer science,0.35065826773643494
W2011039300,programming-language,Programming language,0.32562530040740967
W2011039300,mathematics,Mathematics,0.3088504374027252
W2011039300,medicine,Medicine,0.1091870665550232
W2046002177,spectral-line,Spectral line,0.5821996927261353
W2046002177,molecular-spectroscopy,Molecular spectroscopy,0.5659731030464172
W2046002177,diatomic-molecule,Diatomic molecule,0.5396769642829895
W2046002177,molecule,Molecule,0.4664347171783447
W2046002177,chemistry,Chemistry,0.3154173493385315
W2046002177,physics,Physics,0.3115639090538025
W2046002177,astronomy,Astronomy,0.05627855658531189
W2046002177,organic-chemistry,Organic chemistry,0.052260130643844604
W2036389121,psychology,Psychology,0.5918676853179932
W2036389121,social-psychology,Social psychology,0.47647902369499207
W2036389121,epistemology,Epistemology,0.3317826986312866
W2036389121,philosophy,Philosophy,0.1856485903263092
W158727920,representativeness-heuristic,Representativeness heuristic,0.9530668258666992
W158727920,heuristics,Heuristics,0.9525165557861328
W158727920,class,Class (philosophy),0.6073406934738159
W158727920,computer-science,Computer science,0.5858707427978516
W158727920,process,Process (computing),0.5119727849960327
W158727920,object,Object (grammar),0.48535290360450745
W158727920,event,Event (particle physics),0.4207976162433624
W158727920,value,Value (mathematics),0.4109012484550476
W158727920,artificial-intelligence,Artificial intelligence,0.3481816053390503
W158727920,psychology,Psychology,0.3231819272041321
W158727920,machine-learning,Machine learning,0.3159373104572296
W158727920,social-psychology,Social psychology,0.19861111044883728
W2264742718,conversation,Conversation,0.7731344103813171
W2264742718,linguistics,Linguistics,0.37390729784965515
W2264742718,computer-science,Computer science,0.3684108257293701
W2264742718,communication,Communication,0.3421242833137512
W2264742718,psychology,Psychology,0.32204899191856384
W2264742718,philosophy,Philosophy,0.24161046743392944
W1546783991,molecular-genetics,Molecular genetics,0.4992101192474365
W1546783991,evolutionary-biology,Evolutionary biology,0.48476165533065796
W1546783991,genetics,Genetics,0.4540078341960907
W1546783991,biology,Biology,0.43932589888572693
W1546783991,computational-biology,Computational biology,0.3475799560546875
W1546783991,gene,Gene,0.07968312501907349
W1607171655,anxiety,Anxiety,0.8228912949562073
W1607171655,likert-scale,Likert scale,0.7088811993598938
W1607171655,state-trait-anxiety-inventory,State-Trait Anxiety Inventory,0.610039472579956
W1607171655,psychology,Psychology,0.5901300311088562
W1607171655,trait,Trait,0.5593326091766357
W1607171655,clinical-psychology,Clinical psychology,0.49371466040611267
W1607171655,trait-anxiety,Trait anxiety,0.4890049695968628
W1607171655,psychiatry,Psychiatry,0.2882915735244751
W1607171655,developmental-psychology,Developmental psychology,0.27164608240127563
W1607171655,computer-science,Computer science,0.1055787205696106
W1720881856,psychology,Psychology,0.3877025544643402
W1546962148,statistics,Statistics,0.7792247533798218
W1546962148,descriptive-statistics,Descriptive statistics,0.5870773196220398
W1546962148,analysis-of-variance,Analysis of variance,0.5866715312004089
W1546962148,one-way-analysis-of-variance,One-way analysis of variance,0.5753592252731323
W1546962148,variance,Variance (accounting),0.5441109538078308
W1546962148,regression-analysis,Regression analysis,0.5044127702713013
W1546962148,sample-size-determination,Sample size determination,0.4501589834690094
W1546962148,mathematics,Mathematics,0.4447232484817505
W1546962148,econometrics,Econometrics,0.32709774374961853
W2752853835,computer-science,Computer science,0.5552456378936768
W2752853835,programming-language,Programming language,0.4579429030418396
W2282054059,computer-science,Computer science,0.27402549982070923
W2798456356,physics,Physics,0.41698721051216125
W2798456356,computer-science,Computer science,0.3640300929546356
W2798456356,theoretical-physics,Theoretical physics,0.36296460032463074
W2798456356,quantum-mechanics,Quantum mechanics,0.3545936942100525
W1992897439,statistics,Statistics,0.5060688853263855
W1992897439,computer-science,Computer science,0.4355209767818451
W1992897439,mathematics,Mathematics,0.24492591619491577
W1591593323,character,Character (mathematics),0.7927697896957397
W1591593323,diffusion,Diffusion,0.724754810333252
W1591593323,calculus,Calculus (dental),0.4189956784248352
W1591593323,mathematics,Mathematics,0.4084131717681885
W1591593323,computer-science,Computer science,0.3840290307998657
W1591593323,physics,Physics,0.12541842460632324
W1591593323,thermodynamics,Thermodynamics,0.09756481647491455
W1591593323,geometry,Geometry,0.0854203999042511
W1591593323,medicine,Medicine,0.042794495820999146
W1614549126,psychoanalysis,Psychoanalysis,0.5332398414611816
W1614549126,psychology,Psychology,0.49330583214759827
W1614549126,philosophy,Philosophy,0.3256874680519104
W2002729176,thermal-conduction,Thermal conduction,0.645972490310669
W2002729176,materials-science,Materials science,0.4353395104408264
W2002729176,thermodynamics,Thermodynamics,0.36783093214035034
W2002729176,mechanics,Mechanics,0.32893073558807373
W2002729176,environmental-science,Environmental science,0.32261747121810913
W2002729176,physics,Physics,0.23957496881484985
