publication_id,topic_id,topic_name,score,subfield,field,domain
W2108598243,T10627,Advanced Image and Video Retrieval Techniques,0.9998999834060669,Computer Vision and Pattern Recognition,Computer Science,Physical Sciences
W2108598243,T10824,Image Retrieval and Classification Techniques,0.9991000294685364,Computer Vision and Pattern Recognition,Computer Science,Physical Sciences
W2108598243,T11714,Multimodal Machine Learning Applications,0.9937999844551086,Computer Vision and Pattern Recognition,Computer Science,Physical Sciences
W3138516171,T10036,Advanced Neural Network Applications,0.9998999834060669,Computer Vision and Pattern Recognition,Computer Science,Physical Sciences
W3138516171,T11307,Domain Adaptation and Few-Shot Learning,0.9997000098228455,Artificial Intelligence,Computer Science,Physical Sciences
W3138516171,T10627,Advanced Image and Video Retrieval Techniques,0.9995999932289124,Computer Vision and Pattern Recognition,Computer Science,Physical Sciences
W2167928095,T10344,Management and Organizational Studies,0.9865999817848206,Organizational Behavior and Human Resource Management,"Business, Management and Accounting",Social Sciences
W2167928095,T11024,Information Systems Theories and Implementation,0.9793999791145325,Sociology and Political Science,Social Sciences,Social Sciences
W2167928095,T12010,Evaluation and Performance Assessment,0.9520999789237976,Management Science and Operations Research,Decision Sciences,Social Sciences
W2081228936,T11047,Gender Diversity and Inequality,0.857200026512146,Gender Studies,Social Sciences,Social Sciences
W201578715,T11810,Complex Systems and Decision Making,0.6603999733924866,Management Science and Operations Research,Decision Sciences,Social Sciences
W2141951329,T10344,Management and Organizational Studies,0.9900000095367432,Organizational Behavior and Human Resource Management,"Business, Management and Accounting",Social Sciences
W2141951329,T11810,Complex Systems and Decision Making,0.9751999974250793,Management Science and Operations Research,Decision Sciences,Social Sciences
W2141951329,T11024,Information Systems Theories and Implementation,0.9478999972343445,Sociology and Political Science,Social Sciences,Social Sciences
W3123397884,T11810,Complex Systems and Decision Making,0.1745000034570694,Management Science and Operations Research,Decision Sciences,Social Sciences
W2133990480,T10538,Data Mining Algorithms and Applications,0.9988999962806702,Information Systems,Computer Science,Physical Sciences
W2133990480,T10317,Advanced Database Systems and Queries,0.9965000152587891,Computer Networks and Communications,Computer Science,Physical Sciences
W2133990480,T11106,Data Management and Algorithms,0.9965000152587891,Signal Processing,Computer Science,Physical Sciences
W2764347725,T10622,Quantum Mechanics and Applications,0.7595999836921692,"Atomic and Molecular Physics, and Optics",Physics and Astronomy,Physical Sciences
W2764347725,T10682,Quantum Computing Algorithms and Architecture,0.7258999943733215,Artificial Intelligence,Computer Science,Physical Sciences
W2153635508,T10057,Face and Expression Recognition,0.9997000098228455,Computer Vision and Pattern Recognition,Computer Science,Physical Sciences
W2153635508,T10320,Neural Networks and Applications,0.9988999962806702,Artificial Intelligence,Computer Science,Physical Sciences
W2153635508,T11512,Anomaly Detection Techniques and Applications,0.9976999759674072,Artificial Intelligence,Computer Science,Physical Sciences
W2167590372,T12557,Inorganic Chemistry and Materials,0.9995999932289124,Inorganic Chemistry,Chemistry,Physical Sciences
W2167590372,T12613,X-ray Diffraction in Crystallography,0.9969000220298767,Materials Chemistry,Materials Science,Physical Sciences
W2167590372,T10939,Crystal Structures and Properties,0.9958999752998352,"Electronic, Optical and Magnetic Materials",Materials Science,Physical Sciences
W2132454074,T12613,X-ray Diffraction in Crystallography,1.0,Materials Chemistry,Materials Science,Physical Sciences
W2132454074,T12646,Inorganic Fluorides and Related Compounds,1.0,Inorganic Chemistry,Chemistry,Physical Sciences
W2132454074,T10939,Crystal Structures and Properties,0.9998999834060669,"Electronic, Optical and Magnetic Materials",Materials Science,Physical Sciences
W2131350133,T11162,Enzyme Structure and Function,0.9998999834060669,Materials Chemistry,Materials Science,Physical Sciences
W2131350133,T10044,Protein Structure and Dynamics,0.9987000226974487,Molecular Biology,"Biochemistry, Genetics and Molecular Biology",Life Sciences
W2131350133,T10211,Computational Drug Discovery Methods,0.9948999881744385,Computational Theory and Mathematics,Computer Science,Physical Sciences
W2148066840,T12613,X-ray Diffraction in Crystallography,0.9998999834060669,Materials Chemistry,Materials Science,Physical Sciences
W2148066840,T10798,Crystallography and molecular interactions,0.9937000274658203,Physical and Theoretical Chemistry,Chemistry,Physical Sciences
W2148066840,T11881,Crystallization and Solubility Studies,0.9889000058174133,Materials Chemistry,Materials Science,Physical Sciences
W1969360633,T12613,X-ray Diffraction in Crystallography,0.9998000264167786,Materials Chemistry,Materials Science,Physical Sciences
W1969360633,T10798,Crystallography and molecular interactions,0.9990000128746033,Physical and Theoretical Chemistry,Chemistry,Physical Sciences
W1969360633,T11162,Enzyme Structure and Function,0.9976999759674072,Materials Chemistry,Materials Science,Physical Sciences
W2180229411,T11162,Enzyme Structure and Function,0.9998999834060669,Materials Chemistry,Materials Science,Physical Sciences
W2180229411,T10044,Protein Structure and Dynamics,0.9994000196456909,Molecular Biology,"Biochemistry, Genetics and Molecular Biology",Life Sciences
W2180229411,T10932,Microbial Metabolic Engineering and Bioproduction,0.9822999835014343,Molecular Biology,"Biochemistry, Genetics and Molecular Biology",Life Sciences
W4248872320,T11162,Enzyme Structure and Function,0.9994000196456909,Materials Chemistry,Materials Science,Physical Sciences
W4248872320,T12613,X-ray Diffraction in Crystallography,0.9904000163078308,Materials Chemistry,Materials Science,Physical Sciences
W4248872320,T10995,Methane Hydrates and Related Phenomena,0.9894999861717224,Environmental Chemistry,Environmental Science,Physical Sciences
W2124026197,T11162,Enzyme Structure and Function,0.9983000159263611,Materials Chemistry,Materials Science,Physical Sciences
W2124026197,T10044,Protein Structure and Dynamics,0.991599977016449,Molecular Biology,"Biochemistry, Genetics and Molecular Biology",Life Sciences
W2124026197,T10303,Photosynthetic Processes and Mechanisms,0.984000027179718,Molecular Biology,"Biochemistry, Genetics and Molecular Biology",Life Sciences
W2144081223,T11162,Enzyme Structure and Function,0.9997000098228455,Materials Chemistry,Materials Science,Physical Sciences
W2144081223,T10044,Protein Structure and Dynamics,0.9987000226974487,Molecular Biology,"Biochemistry, Genetics and Molecular Biology",Life Sciences
W2144081223,T10932,Microbial Metabolic Engineering and Bioproduction,0.9908000230789185,Molecular Biology,"Biochemistry, Genetics and Molecular Biology",Life Sciences
W1995017064,T11809,Advanced NMR Techniques and Applications,0.9990000128746033,Spectroscopy,Chemistry,Physical Sciences
W1995017064,T11162,Enzyme Structure and Function,0.998199999332428,Materials Chemistry,Materials Science,Physical Sciences
W1995017064,T10044,Protein Structure and Dynamics,0.9855999946594238,Molecular Biology,"Biochemistry, Genetics and Molecular Biology",Life Sciences
W2001641653,T11162,Enzyme Structure and Function,0.9908999800682068,Materials Chemistry,Materials Science,Physical Sciences
W2366536035,T10129,Glioma Diagnosis and Treatment,0.9998999834060669,Genetics,Medicine,Health Sciences
W2366536035,T11251,Meningioma and schwannoma management,0.998199999332428,Epidemiology,Medicine,Health Sciences
W2366536035,T11600,Brain Metastases and Treatment,0.9959999918937683,Pulmonary and Respiratory Medicine,Medicine,Health Sciences
W2052742260,T10086,Alzheimer's disease research and treatments,0.9995999932289124,Physiology,Medicine,Health Sciences
W2052742260,T10009,Dementia and Cognitive Impairment Research,0.9988999962806702,Psychiatry and Mental health,Medicine,Health Sciences
W2052742260,T10448,Memory and Neural Mechanisms,0.994700014591217,Cognitive Neuroscience,Neuroscience,Life Sciences
W2166281097,T10853,"Anxiety, Depression, Psychometrics, Treatment, Cognitive Processes",0.9994000196456909,Experimental and Cognitive Psychology,Psychology,Social Sciences
W2166281097,T11334,Psychosomatic Disorders and Their Treatments,0.9988999962806702,Psychiatry and Mental health,Medicine,Health Sciences
W2166281097,T11083,Cardiac Health and Mental Health,0.9973000288009644,Cardiology and Cardiovascular Medicine,Medicine,Health Sciences
W2140918013,T14477,"Management, Economics, and Public Policy",0.052000001072883606,Marketing,"Business, Management and Accounting",Social Sciences
W2140918013,T13402,Business Strategy and Innovation,0.04960000142455101,Strategy and Management,"Business, Management and Accounting",Social Sciences
W2140918013,T12751,Leadership and Management in Organizations,0.04650000110268593,Strategy and Management,"Business, Management and Accounting",Social Sciences
W2108795964,T10003,Innovation and Knowledge Management,0.9977999925613403,Strategy and Management,"Business, Management and Accounting",Social Sciences
W2108795964,T11849,Intellectual Capital and Performance Analysis,0.9868000149726868,Strategy and Management,"Business, Management and Accounting",Social Sciences
W2108795964,T12659,Innovation Diffusion and Forecasting,0.9789999723434448,Management Science and Operations Research,Decision Sciences,Social Sciences
W2135732933,T11881,Crystallization and Solubility Studies,0.9998000264167786,Materials Chemistry,Materials Science,Physical Sciences
W2135732933,T10908,Analytical Chemistry and Chromatography,0.9993000030517578,Spectroscopy,Chemistry,Physical Sciences
W2135732933,T10256,Drug Solubulity and Delivery Systems,0.9988999962806702,Pharmaceutical Science,"Pharmacology, Toxicology and Pharmaceutics",Life Sciences
W2061438946,T10100,Metaheuristic Optimization Algorithms Research,0.9998999834060669,Artificial Intelligence,Computer Science,Physical Sciences
W2061438946,T10848,Advanced Multi-Objective Optimization Algorithms,0.9940000176429749,Computational Theory and Mathematics,Computer Science,Physical Sciences
W2061438946,T11975,Evolutionary Algorithms and Applications,0.9761000275611877,Artificial Intelligence,Computer Science,Physical Sciences
W4214907476,T10314,Social and Intergroup Psychology,0.3384000062942505,Sociology and Political Science,Social Sciences,Social Sciences
W2061977616,T10003,Innovation and Knowledge Management,0.9932000041007996,Strategy and Management,"Business, Management and Accounting",Social Sciences
W2061977616,T11849,Intellectual Capital and Performance Analysis,0.9697999954223633,Strategy and Management,"Business, Management and Accounting",Social Sciences
W2061977616,T12851,Firm Innovation and Growth,0.9573000073432922,Economics and Econometrics,"Economics, Econometrics and Finance",Social Sciences
W1993663609,T10344,Management and Organizational Studies,0.9993000030517578,Organizational Behavior and Human Resource Management,"Business, Management and Accounting",Social Sciences
W1993663609,T10213,Public Policy and Administration Research,0.9735000133514404,Public Administration,Social Sciences,Social Sciences
W1993663609,T13235,Management Theory and Practice,0.9599999785423279,Organizational Behavior and Human Resource Management,"Business, Management and Accounting",Social Sciences
W2069687969,T12795,Banana Cultivation and Research,0.5090000033378601,Plant Science,Agricultural and Biological Sciences,Life Sciences
W1974097079,T10360,Fluid Dynamics and Turbulent Flows,0.9998000264167786,Computational Mechanics,Engineering,Physical Sciences
W1974097079,T11371,Wind and Air Flow Studies,0.9972000122070312,Environmental Engineering,Environmental Science,Physical Sciences
W1974097079,T10173,Computational Fluid Dynamics and Aerodynamics,0.996399998664856,Computational Mechanics,Engineering,Physical Sciences
W2115017507,T10009,Dementia and Cognitive Impairment Research,0.9994000196456909,Psychiatry and Mental health,Medicine,Health Sciences
W2115017507,T10086,Alzheimer's disease research and treatments,0.9758999943733215,Physiology,Medicine,Health Sciences
W2115017507,T11011,Frailty in Older Adults,0.9571999907493591,Geriatrics and Gerontology,Medicine,Health Sciences
W3121131820,T10019,Corporate Finance and Governance,0.901199996471405,Accounting,"Business, Management and Accounting",Social Sciences
W2136931384,T12167,Bacterial Identification and Susceptibility Testing,0.9995999932289124,Clinical Biochemistry,"Biochemistry, Genetics and Molecular Biology",Life Sciences
W2136931384,T11316,Mycobacterium research and diagnosis,0.9980000257492065,Epidemiology,Medicine,Health Sciences
W2136931384,T13791,Veterinary medicine and infectious diseases,0.9950000047683716,Small Animals,Veterinary,Health Sciences
W2114004260,T10908,Analytical Chemistry and Chromatography,0.9811000227928162,Spectroscopy,Chemistry,Physical Sciences
W2114004260,T11667,Advanced Chemical Sensor Technologies,0.9778000116348267,Biomedical Engineering,Engineering,Physical Sciences
W2114004260,T10836,Metabolomics and Mass Spectrometry Studies,0.9474999904632568,Molecular Biology,"Biochemistry, Genetics and Molecular Biology",Life Sciences
W2256756668,T11610,Food Security and Health in Diverse Populations,0.8838000297546387,General Health Professions,Health Professions,Health Sciences
W1631356911,T10622,Quantum Mechanics and Applications,0.850600004196167,"Atomic and Molecular Physics, and Optics",Physics and Astronomy,Physical Sciences
W1631356911,T10682,Quantum Computing Algorithms and Architecture,0.8460000157356262,Artificial Intelligence,Computer Science,Physical Sciences
W2078206416,T14339,Image Processing and 3D Reconstruction,0.7738999724388123,Computer Vision and Pattern Recognition,Computer Science,Physical Sciences
W2078206416,T12417,Morphological variations and asymmetry,0.6801999807357788,Geometry and Topology,Mathematics,Physical Sciences
W2120062331,T10963,Advanced Optimization Algorithms Research,0.1445000022649765,Numerical Analysis,Mathematics,Physical Sciences
W2120062331,T14500,Advanced Mathematical Theories,0.1429000049829483,Mathematical Physics,Mathematics,Physical Sciences
W2120062331,T10792,Matrix Theory and Algorithms,0.12290000170469284,Computational Theory and Mathematics,Computer Science,Physical Sciences
W1974085346,T12613,X-ray Diffraction in Crystallography,0.9747999906539917,Materials Chemistry,Materials Science,Physical Sciences
W1974085346,T13129,Material Properties and Applications,0.9434999823570251,General Materials Science,Materials Science,Physical Sciences
W2056722718,T12044,Advanced Physical and Chemical Molecular Interactions,0.10790000110864639,Physical and Theoretical Chemistry,Chemistry,Physical Sciences
W2116839388,T10426,Child Abuse and Trauma,0.9959999918937683,Clinical Psychology,Psychology,Social Sciences
W2116839388,T11464,Homelessness and Social Issues,0.9836000204086304,General Health Professions,Health Professions,Health Sciences
W2116839388,T11629,"Birth, Development, and Health",0.9746000170707703,"Pediatrics, Perinatology and Child Health",Medicine,Health Sciences
W2127951128,T10143,Chronic Obstructive Pulmonary Disease (COPD) Research,1.0,Pulmonary and Respiratory Medicine,Medicine,Health Sciences
W2127951128,T10322,Respiratory Support and Mechanisms,0.9975000023841858,Pulmonary and Respiratory Medicine,Medicine,Health Sciences
W2127951128,T10051,Asthma and respiratory diseases,0.9848999977111816,Physiology,Medicine,Health Sciences
W3123534837,T11239,Social Capital and Networks,0.7810999751091003,Sociology and Political Science,Social Sciences,Social Sciences
W3123534837,T10785,Economic Theory and Institutions,0.723800003528595,Economics and Econometrics,"Economics, Econometrics and Finance",Social Sciences
W3022339544,T10785,Economic Theory and Institutions,0.9477999806404114,Economics and Econometrics,"Economics, Econometrics and Finance",Social Sciences
W3022339544,T11743,Political Economy and Marxism,0.9160000085830688,Sociology and Political Science,Social Sciences,Social Sciences
W1965278510,T10344,Management and Organizational Studies,0.9865999817848206,Organizational Behavior and Human Resource Management,"Business, Management and Accounting",Social Sciences
W1965278510,T13235,Management Theory and Practice,0.9850999712944031,Organizational Behavior and Human Resource Management,"Business, Management and Accounting",Social Sciences
W1965278510,T12730,"Weber, Simmel, Sociological Theory",0.9483000040054321,Sociology and Political Science,Social Sciences,Social Sciences
W2109469951,T12592,Opinion Dynamics and Social Influence,0.9994000196456909,Statistical and Nonlinear Physics,Physics and Astronomy,Physical Sciences
W2109469951,T10064,Complex Network Analysis Techniques,0.9958000183105469,Statistical and Nonlinear Physics,Physics and Astronomy,Physical Sciences
W2109469951,T11239,Social Capital and Networks,0.9958000183105469,Sociology and Political Science,Social Sciences,Social Sciences
W2144846366,T11031,Game Theory and Applications,0.8385000228881836,Management Science and Operations Research,Decision Sciences,Social Sciences
W4247665917,T13091,Human Health and Disease,0.11829999834299088,"Pediatrics, Perinatology and Child Health",Medicine,Health Sciences
W4281687410,T13091,Human Health and Disease,0.11919999867677689,"Pediatrics, Perinatology and Child Health",Medicine,Health Sciences
W4242883546,T11400,Motivation and Self-Concept in Sports,0.9998999834060669,Social Psychology,Psychology,Social Sciences
W4242883546,T10547,"Education, Achievement, and Giftedness",0.9873999953269958,Experimental and Cognitive Psychology,Psychology,Social Sciences
W4242883546,T12258,"Perfectionism, Procrastination, Anxiety Studies",0.9811999797821045,Clinical Psychology,Psychology,Social Sciences
W2141846678,T11400,Motivation and Self-Concept in Sports,0.9998000264167786,Social Psychology,Psychology,Social Sciences
W2141846678,T10547,"Education, Achievement, and Giftedness",0.9976999759674072,Experimental and Cognitive Psychology,Psychology,Social Sciences
W2141846678,T12258,"Perfectionism, Procrastination, Anxiety Studies",0.9840999841690063,Clinical Psychology,Psychology,Social Sciences
W3123282572,T10344,Management and Organizational Studies,0.9609000086784363,Organizational Behavior and Human Resource Management,"Business, Management and Accounting",Social Sciences
W2073506374,T11743,Political Economy and Marxism,0.9968000054359436,Sociology and Political Science,Social Sciences,Social Sciences
W2073506374,T11742,Economic Theory and Policy,0.9351000189781189,"General Economics, Econometrics and Finance","Economics, Econometrics and Finance",Social Sciences
W2044950274,T13277,"Media, Religion, Digital Communication",0.0544000007212162,Philosophy,Arts and Humanities,Social Sciences
W2075435443,T12524,Chemical Synthesis and Characterization,0.9577999711036682,Industrial and Manufacturing Engineering,Environmental Science,Physical Sciences
W2165292984,T10212,Electrochemical sensors and biosensors,0.9761999845504761,Electrical and Electronic Engineering,Engineering,Physical Sciences
W2165292984,T10452,Iron Metabolism and Disorders,0.9732999801635742,Hematology,Medicine,Health Sciences
W2165292984,T11534,Erythropoietin and Anemia Treatment,0.9663000106811523,Hematology,Medicine,Health Sciences
W2314225431,T13937,"Genetics, Bioinformatics, and Biomedical Research",0.23240000009536743,Molecular Biology,"Biochemistry, Genetics and Molecular Biology",Life Sciences
W1856219842,T11634,Water Quality and Pollution Assessment,0.8208000063896179,Water Science and Technology,Environmental Science,Physical Sciences
W4294216491,T11970,Molecular Biology Techniques and Applications,0.9787999987602234,Molecular Biology,"Biochemistry, Genetics and Molecular Biology",Life Sciences
W2134812217,T11970,Molecular Biology Techniques and Applications,0.9337999820709229,Molecular Biology,"Biochemistry, Genetics and Molecular Biology",Life Sciences
W4232534952,T10683,Mass Spectrometry Techniques and Applications,0.9987000226974487,Spectroscopy,Chemistry,Physical Sciences
W4232534952,T10333,Meat and Animal Product Quality,0.9976000189781189,Animal Science and Zoology,Agricultural and Biological Sciences,Life Sciences
W4232534952,T10908,Analytical Chemistry and Chromatography,0.996999979019165,Spectroscopy,Chemistry,Physical Sciences
W2014669590,T10207,Advanced biosensing and bioanalysis techniques,0.9975000023841858,Molecular Biology,"Biochemistry, Genetics and Molecular Biology",Life Sciences
W2014669590,T10432,DNA and Nucleic Acid Chemistry,0.9958999752998352,Molecular Biology,"Biochemistry, Genetics and Molecular Biology",Life Sciences
W2014669590,T11086,Parasitic Infections and Diagnostics,0.9886999726295471,Parasitology,Immunology and Microbiology,Life Sciences
W1983310681,T10836,Metabolomics and Mass Spectrometry Studies,0.9954000115394592,Molecular Biology,"Biochemistry, Genetics and Molecular Biology",Life Sciences
W1983310681,T10333,Meat and Animal Product Quality,0.9923999905586243,Animal Science and Zoology,Agricultural and Biological Sciences,Life Sciences
W1983310681,T10445,Antioxidant Activity and Oxidative Stress,0.9914000034332275,Biochemistry,Medicine,Health Sciences
W2128635872,T10333,Meat and Animal Product Quality,0.9998000264167786,Animal Science and Zoology,Agricultural and Biological Sciences,Life Sciences
W2128635872,T11561,Protein Hydrolysis and Bioactive Peptides,0.9923999905586243,Molecular Biology,"Biochemistry, Genetics and Molecular Biology",Life Sciences
W2128635872,T11663,Viral Infectious Diseases and Gene Expression in Insects,0.9908999800682068,Molecular Biology,"Biochemistry, Genetics and Molecular Biology",Life Sciences
W4293247451,T10333,Meat and Animal Product Quality,0.9998999834060669,Animal Science and Zoology,Agricultural and Biological Sciences,Life Sciences
W4293247451,T10750,Fermentation and Sensory Analysis,0.9751999974250793,Food Science,Agricultural and Biological Sciences,Life Sciences
W4293247451,T11399,Muscle metabolism and nutrition,0.9733999967575073,Cell Biology,"Biochemistry, Genetics and Molecular Biology",Life Sciences
W2298230951,T13297,History and advancements in chemistry,0.6783999800682068,Physical and Theoretical Chemistry,Chemistry,Physical Sciences
W2109606373,T10908,Analytical Chemistry and Chromatography,0.7802000045776367,Spectroscopy,Chemistry,Physical Sciences
W2109606373,T12327,Various Chemistry Research Topics,0.7251999974250793,Physical and Theoretical Chemistry,Chemistry,Physical Sciences
W2109606373,T12157,Geochemistry and Geologic Mapping,0.7085999846458435,Artificial Intelligence,Computer Science,Physical Sciences
W2009674410,T11472,Analytical Chemistry and Sensors,0.9916999936103821,Bioengineering,Chemical Engineering,Physical Sciences
W2009674410,T10532,Molecular Sensors and Ion Detection,0.9854000210762024,Spectroscopy,Chemistry,Physical Sciences
W2009674410,T10212,Electrochemical sensors and biosensors,0.9782999753952026,Electrical and Electronic Engineering,Engineering,Physical Sciences
W1968834637,T11584,Biochemical Analysis and Sensing Techniques,0.9890000224113464,Nutrition and Dietetics,Nursing,Health Sciences
W1968834637,T10908,Analytical Chemistry and Chromatography,0.9889000058174133,Spectroscopy,Chemistry,Physical Sciences
W1968834637,T11667,Advanced Chemical Sensor Technologies,0.9810000061988831,Biomedical Engineering,Engineering,Physical Sciences
W593898368,T13559,Edcuational Technology Systems,0.8513000011444092,Artificial Intelligence,Computer Science,Physical Sciences
W593898368,T10561,Educational Research and Methods,0.8417999744415283,Education,Social Sciences,Social Sciences
W593898368,T11734,Decision Support System Applications,0.8320000171661377,Management Information Systems,"Business, Management and Accounting",Social Sciences
W1584697775,T13447,Educational and Psychological Assessments,0.9732000231742859,Developmental and Educational Psychology,Psychology,Social Sciences
W2891378911,T12443,Delphi Technique in Research,0.9987000226974487,Sociology and Political Science,Social Sciences,Social Sciences
W2891378911,T10804,"Health Systems, Economic Evaluations, Quality of Life",0.9937999844551086,Economics and Econometrics,"Economics, Econometrics and Finance",Social Sciences
W2891378911,T10206,Meta-analysis and systematic reviews,0.991599977016449,"Statistics, Probability and Uncertainty",Decision Sciences,Social Sciences
W2155965977,T10408,Chronic Kidney Disease and Diabetes,0.9998999834060669,Nephrology,Medicine,Health Sciences
W2155965977,T10291,Dialysis and Renal Disease Management,0.9987999796867371,Nephrology,Medicine,Health Sciences
W2155965977,T11029,Renal Diseases and Glomerulopathies,0.9980000257492065,Nephrology,Medicine,Health Sciences
W2005501262,T10206,Meta-analysis and systematic reviews,0.9998000264167786,"Statistics, Probability and Uncertainty",Decision Sciences,Social Sciences
W2005501262,T10804,"Health Systems, Economic Evaluations, Quality of Life",0.996399998664856,Economics and Econometrics,"Economics, Econometrics and Finance",Social Sciences
W2005501262,T11235,Statistical Methods in Clinical Trials,0.9951000213623047,Statistics and Probability,Mathematics,Physical Sciences
W2059796825,T10206,Meta-analysis and systematic reviews,0.9973999857902527,"Statistics, Probability and Uncertainty",Decision Sciences,Social Sciences
W2059796825,T12443,Delphi Technique in Research,0.9653000235557556,Sociology and Political Science,Social Sciences,Social Sciences
W2059796825,T13309,Reliability and Agreement in Measurement,0.9628999829292297,"Statistics, Probability and Uncertainty",Decision Sciences,Social Sciences
W1485044783,T11791,Microbial Community Ecology and Physiology,0.7516999840736389,Ecology,Environmental Science,Physical Sciences
W1485044783,T11617,Enzyme Production and Characterization,0.7264999747276306,Biotechnology,"Biochemistry, Genetics and Molecular Biology",Life Sciences
W2096998881,T11930,"Cardiac, Anesthesia and Surgical Outcomes",0.9990000128746033,Cardiology and Cardiovascular Medicine,Medicine,Health Sciences
W2096998881,T11473,Appendicitis Diagnosis and Management,0.9873999953269958,Emergency Medicine,Medicine,Health Sciences
W2096998881,T10518,Gallbladder and Bile Duct Disorders,0.9869999885559082,Pulmonary and Respiratory Medicine,Medicine,Health Sciences
W2111301002,T11124,Protein purification and stability,0.9397000074386597,Molecular Biology,"Biochemistry, Genetics and Molecular Biology",Life Sciences
W2111301002,T10412,Microfluidic and Capillary Electrophoresis Applications,0.9261000156402588,Biomedical Engineering,Engineering,Physical Sciences
W2111301002,T10519,Advanced Proteomics Techniques and Applications,0.9042999744415283,Spectroscopy,Chemistry,Physical Sciences
W1983649348,T10212,Electrochemical sensors and biosensors,0.3231000006198883,Electrical and Electronic Engineering,Engineering,Physical Sciences
W1983649348,T12327,Various Chemistry Research Topics,0.3077000081539154,Physical and Theoretical Chemistry,Chemistry,Physical Sciences
W1983649348,T11434,Electrochemical Analysis and Applications,0.2935999929904938,Electrochemistry,Chemistry,Physical Sciences
W2011303397,T13377,Ecosystem dynamics and resilience,0.9958000183105469,Global and Planetary Change,Environmental Science,Physical Sciences
W2011303397,T12643,Sustainability and Ecological Systems Analysis,0.9872999787330627,Environmental Engineering,Environmental Science,Physical Sciences
W2011303397,T10005,Ecology and Vegetation Dynamics Studies,0.9850999712944031,Nature and Landscape Conservation,Environmental Science,Physical Sciences
W2130354913,T11239,Social Capital and Networks,0.9983999729156494,Sociology and Political Science,Social Sciences,Social Sciences
W2130354913,T11645,"Urban, Neighborhood, and Segregation Studies",0.9902999997138977,Sociology and Political Science,Social Sciences,Social Sciences
W2130354913,T12892,Social Power and Status Dynamics,0.9886999726295471,Sociology and Political Science,Social Sciences,Social Sciences
W2108718991,T11791,Microbial Community Ecology and Physiology,0.9998999834060669,Ecology,Environmental Science,Physical Sciences
W2108718991,T10015,Genomics and Phylogenetic Studies,0.998199999332428,Molecular Biology,"Biochemistry, Genetics and Molecular Biology",Life Sciences
W2108718991,T10066,Gut microbiota and health,0.9929999709129333,Molecular Biology,"Biochemistry, Genetics and Molecular Biology",Life Sciences
W2152885278,T10015,Genomics and Phylogenetic Studies,0.9998000264167786,Molecular Biology,"Biochemistry, Genetics and Molecular Biology",Life Sciences
W2152885278,T11791,Microbial Community Ecology and Physiology,0.9965000152587891,Ecology,Environmental Science,Physical Sciences
W2152885278,T10066,Gut microbiota and health,0.9695000052452087,Molecular Biology,"Biochemistry, Genetics and Molecular Biology",Life Sciences
W2089876099,T12727,Differential Equations and Numerical Methods,0.3086000084877014,Numerical Analysis,Mathematics,Physical Sciences
W2112778345,T11083,Cardiac Health and Mental Health,0.9894000291824341,Cardiology and Cardiovascular Medicine,Medicine,Health Sciences
W2112778345,T10853,"Anxiety, Depression, Psychometrics, Treatment, Cognitive Processes",0.9886000156402588,Experimental and Cognitive Psychology,Psychology,Social Sciences
W2112778345,T10023,Schizophrenia research and treatment,0.9836999773979187,Psychiatry and Mental health,Medicine,Health Sciences
W2006370393,T11481,Sulfur Compounds in Biology,0.9886999726295471,Biochemistry,"Biochemistry, Genetics and Molecular Biology",Life Sciences
W2006370393,T12381,Electron Spin Resonance Studies,0.9010999798774719,Biophysics,"Biochemistry, Genetics and Molecular Biology",Life Sciences
W2118826874,T13283,Mental Health Research Topics,0.9955000281333923,Experimental and Cognitive Psychology,Psychology,Social Sciences
W2118826874,T10023,Schizophrenia research and treatment,0.9830999970436096,Psychiatry and Mental health,Medicine,Health Sciences
W2118826874,T11071,Treatment of Major Depression,0.9789999723434448,Pharmacology,Medicine,Health Sciences
W2067495470,T13283,Mental Health Research Topics,0.7121999859809875,Experimental and Cognitive Psychology,Psychology,Social Sciences
W2067495470,T10272,Mental Health Treatment and Access,0.659600019454956,Social Psychology,Psychology,Social Sciences
W2067495470,T11334,Psychosomatic Disorders and Their Treatments,0.6097999811172485,Psychiatry and Mental health,Medicine,Health Sciences
W2043705607,T10853,"Anxiety, Depression, Psychometrics, Treatment, Cognitive Processes",1.0,Experimental and Cognitive Psychology,Psychology,Social Sciences
W2043705607,T10182,Child and Adolescent Psychosocial and Emotional Development,0.9984999895095825,Clinical Psychology,Psychology,Social Sciences
W2043705607,T13283,Mental Health Research Topics,0.9833999872207642,Experimental and Cognitive Psychology,Psychology,Social Sciences
W2152348310,T10200,Rheumatoid Arthritis Research and Therapies,0.9995999932289124,Rheumatology,Medicine,Health Sciences
W2152348310,T10308,Systemic Lupus Erythematosus Research,0.9973000288009644,Rheumatology,Medicine,Health Sciences
W2152348310,T12800,Musculoskeletal synovial abnormalities and treatments,0.9883000254631042,Rheumatology,Medicine,Health Sciences
W1485283179,T14128,Metallurgical and Alloy Processes,0.714900016784668,General Materials Science,Materials Science,Physical Sciences
W1485283179,T12202,nanoparticles nucleation surface interactions,0.6777999997138977,Atmospheric Science,Earth and Planetary Sciences,Physical Sciences
W1485283179,T11087,Solidification and crystal growth phenomena,0.6665999889373779,Materials Chemistry,Materials Science,Physical Sciences
W1914972138,T11810,Complex Systems and Decision Making,0.050599999725818634,Management Science and Operations Research,Decision Sciences,Social Sciences
W1914972138,T10395,Construction Project Management and Performance,0.04340000078082085,Management Science and Operations Research,Decision Sciences,Social Sciences
W2072500831,T10243,Statistical Methods and Bayesian Inference,0.9837999939918518,Statistics and Probability,Mathematics,Physical Sciences
W2072500831,T11871,Advanced Statistical Methods and Models,0.9399999976158142,Statistics and Probability,Mathematics,Physical Sciences
W2072500831,T12114,Sensory Analysis and Statistical Methods,0.9323999881744385,Food Science,Agricultural and Biological Sciences,Life Sciences
W2038702827,T10677,Attachment and Relationship Dynamics,0.9800999760627747,Social Psychology,Psychology,Social Sciences
W2038702827,T10154,Customer Service Quality and Loyalty,0.9781000018119812,Organizational Behavior and Human Resource Management,"Business, Management and Accounting",Social Sciences
W2038702827,T13777,Cognitive and psychological constructs research,0.9729999899864197,Social Psychology,Psychology,Social Sciences
W2087484885,T10826,Behavioral and Psychological Studies,0.9927999973297119,Developmental and Educational Psychology,Psychology,Social Sciences
W2087484885,T10182,Child and Adolescent Psychosocial and Emotional Development,0.9901999831199646,Clinical Psychology,Psychology,Social Sciences
W2087484885,T11577,Cognitive Abilities and Testing,0.9787999987602234,Experimental and Cognitive Psychology,Psychology,Social Sciences
W1995031937,T11761,Resilience and Mental Health,0.8557999730110168,Clinical Psychology,Psychology,Social Sciences
W1995031937,T10845,Advanced Causal Inference Techniques,0.8377000093460083,Statistics and Probability,Mathematics,Physical Sciences
W1995031937,T11696,Conflict Management and Negotiation,0.8009999990463257,Sociology and Political Science,Social Sciences,Social Sciences
W2212401464,T11761,Resilience and Mental Health,0.10480000078678131,Clinical Psychology,Psychology,Social Sciences
W1995875735,T11797,graph theory and CDMA systems,0.9363999962806702,Electrical and Electronic Engineering,Engineering,Physical Sciences
W1995875735,T11447,Blind Source Separation Techniques,0.90420001745224,Signal Processing,Computer Science,Physical Sciences
W4294214983,T13309,Reliability and Agreement in Measurement,0.9919000267982483,"Statistics, Probability and Uncertainty",Decision Sciences,Social Sciences
W4294214983,T14374,Statistical Methods in Epidemiology,0.9247000217437744,Statistics and Probability,Mathematics,Physical Sciences
W4294214983,T10050,Multi-Criteria Decision Making,0.90420001745224,Management Science and Operations Research,Decision Sciences,Social Sciences
W1513717105,T11403,Invertebrate Immune Response Mechanisms,0.9835000038146973,Immunology,Immunology and Microbiology,Life Sciences
W1513717105,T12336,Insect Utilization and Effects,0.9472000002861023,Insect Science,Agricultural and Biological Sciences,Life Sciences
W1513717105,T10815,Parasite Biology and Host Interactions,0.9277999997138977,Ecology,Environmental Science,Physical Sciences
W1971048984,T12023,Cholinesterase and Neurodegenerative Diseases,0.9984999895095825,Pharmacology,Medicine,Health Sciences
W1971048984,T10211,Computational Drug Discovery Methods,0.9955999851226807,Computational Theory and Mathematics,Computer Science,Physical Sciences
W1971048984,T12561,bioluminescence and chemiluminescence research,0.9739000201225281,Molecular Biology,"Biochemistry, Genetics and Molecular Biology",Life Sciences
W2060333964,T10432,DNA and Nucleic Acid Chemistry,0.9994000196456909,Molecular Biology,"Biochemistry, Genetics and Molecular Biology",Life Sciences
W2060333964,T10908,Analytical Chemistry and Chromatography,0.9965999722480774,Spectroscopy,Chemistry,Physical Sciences
W2060333964,T10044,Protein Structure and Dynamics,0.9922999739646912,Molecular Biology,"Biochemistry, Genetics and Molecular Biology",Life Sciences
W2951912016,T11181,Advanced Data Storage Technologies,0.9957000017166138,Computer Networks and Communications,Computer Science,Physical Sciences
W2951912016,T10054,Parallel Computing and Optimization Techniques,0.9876000285148621,Hardware and Architecture,Computer Science,Physical Sciences
W2951912016,T10522,Medical Imaging Techniques and Applications,0.9836999773979187,"Radiology, Nuclear Medicine and Imaging",Medicine,Health Sciences
W2789843538,T10015,Genomics and Phylogenetic Studies,0.9997000098228455,Molecular Biology,"Biochemistry, Genetics and Molecular Biology",Life Sciences
W2789843538,T10521,RNA and protein synthesis mechanisms,0.9994999766349792,Molecular Biology,"Biochemistry, Genetics and Molecular Biology",Life Sciences
W2789843538,T10434,Chromosomal and Genetic Variations,0.9987000226974487,Plant Science,Agricultural and Biological Sciences,Life Sciences
W2134526812,T10015,Genomics and Phylogenetic Studies,0.9998999834060669,Molecular Biology,"Biochemistry, Genetics and Molecular Biology",Life Sciences
W2134526812,T10521,RNA and protein synthesis mechanisms,0.995199978351593,Molecular Biology,"Biochemistry, Genetics and Molecular Biology",Life Sciences
W2134526812,T11482,RNA modifications and cancer,0.989300012588501,Molecular Biology,"Biochemistry, Genetics and Molecular Biology",Life Sciences
W2096093282,T10015,Genomics and Phylogenetic Studies,0.9998999834060669,Molecular Biology,"Biochemistry, Genetics and Molecular Biology",Life Sciences
W2096093282,T10521,RNA and protein synthesis mechanisms,0.9908999800682068,Molecular Biology,"Biochemistry, Genetics and Molecular Biology",Life Sciences
W2096093282,T11048,Bacteriophages and microbial interactions,0.9828000068664551,Ecology,Environmental Science,Physical Sciences
W2141052558,T10015,Genomics and Phylogenetic Studies,0.9998999834060669,Molecular Biology,"Biochemistry, Genetics and Molecular Biology",Life Sciences
W2141052558,T10012,Genetic diversity and population structure,0.9843000173568726,Genetics,"Biochemistry, Genetics and Molecular Biology",Life Sciences
W2141052558,T11354,Evolution and Paleontology Studies,0.9578999876976013,Paleontology,Earth and Planetary Sciences,Physical Sciences
W2131271579,T10015,Genomics and Phylogenetic Studies,0.9998000264167786,Molecular Biology,"Biochemistry, Genetics and Molecular Biology",Life Sciences
W2131271579,T11791,Microbial Community Ecology and Physiology,0.9696999788284302,Ecology,Environmental Science,Physical Sciences
W2131271579,T11970,Molecular Biology Techniques and Applications,0.9562000036239624,Molecular Biology,"Biochemistry, Genetics and Molecular Biology",Life Sciences
W2138207763,T10015,Genomics and Phylogenetic Studies,0.9987999796867371,Molecular Biology,"Biochemistry, Genetics and Molecular Biology",Life Sciences
W2138207763,T11269,Algorithms and Data Compression,0.9876000285148621,Artificial Intelligence,Computer Science,Physical Sciences
W2138207763,T11482,RNA modifications and cancer,0.9866999983787537,Molecular Biology,"Biochemistry, Genetics and Molecular Biology",Life Sciences
W2128880918,T11986,Scientific Computing and Data Management,0.9991000294685364,Information Systems and Management,Decision Sciences,Social Sciences
W2128880918,T10015,Genomics and Phylogenetic Studies,0.9940999746322632,Molecular Biology,"Biochemistry, Genetics and Molecular Biology",Life Sciences
W2128880918,T10715,Distributed and Parallel Computing Systems,0.9923999905586243,Computer Networks and Communications,Computer Science,Physical Sciences
W2169456326,T10015,Genomics and Phylogenetic Studies,0.9998999834060669,Molecular Biology,"Biochemistry, Genetics and Molecular Biology",Life Sciences
W2169456326,T11482,RNA modifications and cancer,0.9984999895095825,Molecular Biology,"Biochemistry, Genetics and Molecular Biology",Life Sciences
W2169456326,T10521,RNA and protein synthesis mechanisms,0.998199999332428,Molecular Biology,"Biochemistry, Genetics and Molecular Biology",Life Sciences
W2149992227,T10015,Genomics and Phylogenetic Studies,0.9998000264167786,Molecular Biology,"Biochemistry, Genetics and Molecular Biology",Life Sciences
W2149992227,T12254,Machine Learning in Bioinformatics,0.9732999801635742,Molecular Biology,"Biochemistry, Genetics and Molecular Biology",Life Sciences
W2149992227,T10885,Gene expression and cancer classification,0.9718000292778015,Molecular Biology,"Biochemistry, Genetics and Molecular Biology",Life Sciences
W2102619694,T10015,Genomics and Phylogenetic Studies,0.9998999834060669,Molecular Biology,"Biochemistry, Genetics and Molecular Biology",Life Sciences
W2102619694,T10885,Gene expression and cancer classification,0.9911999702453613,Molecular Biology,"Biochemistry, Genetics and Molecular Biology",Life Sciences
W2102619694,T10434,Chromosomal and Genetic Variations,0.9902999997138977,Plant Science,Agricultural and Biological Sciences,Life Sciences
W2124351063,T10015,Genomics and Phylogenetic Studies,0.9997000098228455,Molecular Biology,"Biochemistry, Genetics and Molecular Biology",Life Sciences
W2124351063,T12254,Machine Learning in Bioinformatics,0.9991000294685364,Molecular Biology,"Biochemistry, Genetics and Molecular Biology",Life Sciences
W2124351063,T11269,Algorithms and Data Compression,0.9891999959945679,Artificial Intelligence,Computer Science,Physical Sciences
W2114104545,T10885,Gene expression and cancer classification,0.9998999834060669,Molecular Biology,"Biochemistry, Genetics and Molecular Biology",Life Sciences
W2114104545,T10887,Bioinformatics and Genomic Networks,0.9944999814033508,Molecular Biology,"Biochemistry, Genetics and Molecular Biology",Life Sciences
W2114104545,T11970,Molecular Biology Techniques and Applications,0.9943000078201294,Molecular Biology,"Biochemistry, Genetics and Molecular Biology",Life Sciences
W2154845780,T10015,Genomics and Phylogenetic Studies,0.9976999759674072,Molecular Biology,"Biochemistry, Genetics and Molecular Biology",Life Sciences
W2154845780,T10885,Gene expression and cancer classification,0.996999979019165,Molecular Biology,"Biochemistry, Genetics and Molecular Biology",Life Sciences
W2154845780,T10261,Genetic Associations and Epidemiology,0.9957000017166138,Genetics,"Biochemistry, Genetics and Molecular Biology",Life Sciences
W2103441770,T10015,Genomics and Phylogenetic Studies,0.9993000030517578,Molecular Biology,"Biochemistry, Genetics and Molecular Biology",Life Sciences
W2103441770,T11269,Algorithms and Data Compression,0.9993000030517578,Artificial Intelligence,Computer Science,Physical Sciences
W2103441770,T11247,Plant nutrient uptake and metabolism,0.9760000109672546,Plant Science,Agricultural and Biological Sciences,Life Sciences
W2108234281,T10015,Genomics and Phylogenetic Studies,0.9998999834060669,Molecular Biology,"Biochemistry, Genetics and Molecular Biology",Life Sciences
W2108234281,T11048,Bacteriophages and microbial interactions,0.9847000241279602,Ecology,Environmental Science,Physical Sciences
W2108234281,T10434,Chromosomal and Genetic Variations,0.9812999963760376,Plant Science,Agricultural and Biological Sciences,Life Sciences
W2137015675,T10015,Genomics and Phylogenetic Studies,0.9994000196456909,Molecular Biology,"Biochemistry, Genetics and Molecular Biology",Life Sciences
W2137015675,T11986,Scientific Computing and Data Management,0.9817000031471252,Information Systems and Management,Decision Sciences,Social Sciences
W2137015675,T10715,Distributed and Parallel Computing Systems,0.9470999836921692,Computer Networks and Communications,Computer Science,Physical Sciences
W2168696662,T10015,Genomics and Phylogenetic Studies,0.9998999834060669,Molecular Biology,"Biochemistry, Genetics and Molecular Biology",Life Sciences
W2168696662,T10012,Genetic diversity and population structure,0.9961000084877014,Genetics,"Biochemistry, Genetics and Molecular Biology",Life Sciences
W2168696662,T11354,Evolution and Paleontology Studies,0.9661999940872192,Paleontology,Earth and Planetary Sciences,Physical Sciences
W2146058063,T10015,Genomics and Phylogenetic Studies,0.9984999895095825,Molecular Biology,"Biochemistry, Genetics and Molecular Biology",Life Sciences
W2146058063,T10012,Genetic diversity and population structure,0.9911999702453613,Genetics,"Biochemistry, Genetics and Molecular Biology",Life Sciences
W2146058063,T11354,Evolution and Paleontology Studies,0.9911999702453613,Paleontology,Earth and Planetary Sciences,Physical Sciences
W2161444534,T10015,Genomics and Phylogenetic Studies,0.9983000159263611,Molecular Biology,"Biochemistry, Genetics and Molecular Biology",Life Sciences
W2161444534,T11901,Bayesian Methods and Mixture Models,0.9980000257492065,Artificial Intelligence,Computer Science,Physical Sciences
W2161444534,T10012,Genetic diversity and population structure,0.9921000003814697,Genetics,"Biochemistry, Genetics and Molecular Biology",Life Sciences
W2082928585,T10015,Genomics and Phylogenetic Studies,0.9995999932289124,Molecular Biology,"Biochemistry, Genetics and Molecular Biology",Life Sciences
W2082928585,T10012,Genetic diversity and population structure,0.9897000193595886,Genetics,"Biochemistry, Genetics and Molecular Biology",Life Sciences
W2082928585,T11764,Evolution and Genetic Dynamics,0.9811000227928162,Genetics,"Biochemistry, Genetics and Molecular Biology",Life Sciences
W1964435302,T10206,Meta-analysis and systematic reviews,0.9969000220298767,"Statistics, Probability and Uncertainty",Decision Sciences,Social Sciences
W1964435302,T11235,Statistical Methods in Clinical Trials,0.9696000218391418,Statistics and Probability,Mathematics,Physical Sciences
W1964435302,T13309,Reliability and Agreement in Measurement,0.96670001745224,"Statistics, Probability and Uncertainty",Decision Sciences,Social Sciences
W2328176404,T11871,Advanced Statistical Methods and Models,0.9871000051498413,Statistics and Probability,Mathematics,Physical Sciences
W2328176404,T11186,Hydrology and Drought Analysis,0.9847999811172485,Global and Planetary Change,Environmental Science,Physical Sciences
W2328176404,T11490,Hydrological Forecasting Using AI,0.9805999994277954,Environmental Engineering,Environmental Science,Physical Sciences
W1594031697,T13318,Diverse Scientific Research in Ukraine,0.929099977016449,Global and Planetary Change,Environmental Science,Physical Sciences
W1594031697,T12618,Botany and Plant Ecology Studies,0.9172000288963318,Plant Science,Agricultural and Biological Sciences,Life Sciences
W1594031697,T11796,Horticultural and Viticultural Research,0.909500002861023,Plant Science,Agricultural and Biological Sciences,Life Sciences
W2141088880,T13937,"Genetics, Bioinformatics, and Biomedical Research",0.5134999752044678,Molecular Biology,"Biochemistry, Genetics and Molecular Biology",Life Sciences
W2141088880,T10885,Gene expression and cancer classification,0.5072000026702881,Molecular Biology,"Biochemistry, Genetics and Molecular Biology",Life Sciences
W2141088880,T11468,Genetic Mapping and Diversity in Plants and Animals,0.5016000270843506,Genetics,"Biochemistry, Genetics and Molecular Biology",Life Sciences
W2164777277,T13309,Reliability and Agreement in Measurement,0.9998999834060669,"Statistics, Probability and Uncertainty",Decision Sciences,Social Sciences
W2164777277,T14374,Statistical Methods in Epidemiology,0.9817000031471252,Statistics and Probability,Mathematics,Physical Sciences
W2164777277,T10206,Meta-analysis and systematic reviews,0.9611999988555908,"Statistics, Probability and Uncertainty",Decision Sciences,Social Sciences
W2092713296,T10821,Cardiovascular Function and Risk Factors,0.1379999965429306,Cardiology and Cardiovascular Medicine,Medicine,Health Sciences
W2097580026,T11270,Complex Systems and Time Series Analysis,0.9969000220298767,Economics and Econometrics,"Economics, Econometrics and Finance",Social Sciences
W2097580026,T10282,Financial Risk and Volatility Modeling,0.9947999715805054,Finance,"Economics, Econometrics and Finance",Social Sciences
W2097580026,T10007,Monetary Policy and Economic Impact,0.9887999892234802,"General Economics, Econometrics and Finance","Economics, Econometrics and Finance",Social Sciences
W2149860264,T10136,Statistical Methods and Inference,0.9975000023841858,Statistics and Probability,Mathematics,Physical Sciences
W2149860264,T10243,Statistical Methods and Bayesian Inference,0.9959999918937683,Statistics and Probability,Mathematics,Physical Sciences
W2149860264,T11871,Advanced Statistical Methods and Models,0.9922999739646912,Statistics and Probability,Mathematics,Physical Sciences
W2150291618,T10845,Advanced Causal Inference Techniques,0.9998999834060669,Statistics and Probability,Mathematics,Physical Sciences
W2150291618,T10136,Statistical Methods and Inference,0.9977999925613403,Statistics and Probability,Mathematics,Physical Sciences
W2150291618,T10243,Statistical Methods and Bayesian Inference,0.9961000084877014,Statistics and Probability,Mathematics,Physical Sciences
W2168745915,T13307,Diverse Scientific and Engineering Research,0.9004999995231628,Computational Mechanics,Engineering,Physical Sciences
W2008708467,T10044,Protein Structure and Dynamics,0.9998000264167786,Molecular Biology,"Biochemistry, Genetics and Molecular Biology",Life Sciences
W2008708467,T11162,Enzyme Structure and Function,0.9994000196456909,Materials Chemistry,Materials Science,Physical Sciences
W2008708467,T12748,Molecular spectroscopy and chirality,0.9988999962806702,Spectroscopy,Chemistry,Physical Sciences
W2159707944,T10887,Bioinformatics and Genomic Networks,0.9998000264167786,Molecular Biology,"Biochemistry, Genetics and Molecular Biology",Life Sciences
W2159707944,T10885,Gene expression and cancer classification,0.9986000061035156,Molecular Biology,"Biochemistry, Genetics and Molecular Biology",Life Sciences
W2159707944,T10604,RNA Research and Splicing,0.9926000237464905,Molecular Biology,"Biochemistry, Genetics and Molecular Biology",Life Sciences
W1999574084,T10015,Genomics and Phylogenetic Studies,0.9998999834060669,Molecular Biology,"Biochemistry, Genetics and Molecular Biology",Life Sciences
W1999574084,T11970,Molecular Biology Techniques and Applications,0.9962000250816345,Molecular Biology,"Biochemistry, Genetics and Molecular Biology",Life Sciences
W1999574084,T11482,RNA modifications and cancer,0.9945999979972839,Molecular Biology,"Biochemistry, Genetics and Molecular Biology",Life Sciences
W2142678478,T10015,Genomics and Phylogenetic Studies,0.9998000264167786,Molecular Biology,"Biochemistry, Genetics and Molecular Biology",Life Sciences
W2142678478,T11269,Algorithms and Data Compression,0.9986000061035156,Artificial Intelligence,Computer Science,Physical Sciences
W2142678478,T10885,Gene expression and cancer classification,0.9972000122070312,Molecular Biology,"Biochemistry, Genetics and Molecular Biology",Life Sciences
W1966327575,T10887,Bioinformatics and Genomic Networks,0.9998999834060669,Molecular Biology,"Biochemistry, Genetics and Molecular Biology",Life Sciences
W1966327575,T10885,Gene expression and cancer classification,0.9977999925613403,Molecular Biology,"Biochemistry, Genetics and Molecular Biology",Life Sciences
W1966327575,T10621,Gene Regulatory Network Analysis,0.9904000163078308,Molecular Biology,"Biochemistry, Genetics and Molecular Biology",Life Sciences
W3118615836,T10206,Meta-analysis and systematic reviews,0.9993000030517578,"Statistics, Probability and Uncertainty",Decision Sciences,Social Sciences
W3118615836,T10416,Traumatic Brain Injury Research,0.9817000031471252,Epidemiology,Medicine,Health Sciences
W3118615836,T12443,Delphi Technique in Research,0.9458000063896179,Sociology and Political Science,Social Sciences,Social Sciences
W2970684805,T10206,Meta-analysis and systematic reviews,0.9997000098228455,"Statistics, Probability and Uncertainty",Decision Sciences,Social Sciences
W2970684805,T10804,"Health Systems, Economic Evaluations, Quality of Life",0.998199999332428,Economics and Econometrics,"Economics, Econometrics and Finance",Social Sciences
W2970684805,T12443,Delphi Technique in Research,0.9897000193595886,Sociology and Political Science,Social Sciences,Social Sciences
W2531269403,T10804,"Health Systems, Economic Evaluations, Quality of Life",0.9987000226974487,Economics and Econometrics,"Economics, Econometrics and Finance",Social Sciences
W2531269403,T10206,Meta-analysis and systematic reviews,0.9952999949455261,"Statistics, Probability and Uncertainty",Decision Sciences,Social Sciences
W2531269403,T11590,Primary Care and Health Outcomes,0.9890999794006348,General Health Professions,Health Professions,Health Sciences
W2098923148,T10206,Meta-analysis and systematic reviews,0.9994000196456909,"Statistics, Probability and Uncertainty",Decision Sciences,Social Sciences
W2098923148,T10804,"Health Systems, Economic Evaluations, Quality of Life",0.9961000084877014,Economics and Econometrics,"Economics, Econometrics and Finance",Social Sciences
W2098923148,T13555,"Healthcare cost, quality, practices",0.9884999990463257,General Health Professions,Health Professions,Health Sciences
W2156098321,T10206,Meta-analysis and systematic reviews,0.9987999796867371,"Statistics, Probability and Uncertainty",Decision Sciences,Social Sciences
W2156098321,T12443,Delphi Technique in Research,0.9846000075340271,Sociology and Political Science,Social Sciences,Social Sciences
W2156098321,T11744,Health Sciences Research and Education,0.9638000130653381,General Health Professions,Health Professions,Health Sciences
W2134833483,T10206,Meta-analysis and systematic reviews,0.9994000196456909,"Statistics, Probability and Uncertainty",Decision Sciences,Social Sciences
W2134833483,T10804,"Health Systems, Economic Evaluations, Quality of Life",0.9653000235557556,Economics and Econometrics,"Economics, Econometrics and Finance",Social Sciences
W2134833483,T12443,Delphi Technique in Research,0.9639999866485596,Sociology and Political Science,Social Sciences,Social Sciences
W2165010366,T12664,Clinical practice guidelines implementation,0.9965000152587891,"Public Health, Environmental and Occupational Health",Medicine,Health Sciences
W2165010366,T10206,Meta-analysis and systematic reviews,0.9947999715805054,"Statistics, Probability and Uncertainty",Decision Sciences,Social Sciences
W2165010366,T10804,"Health Systems, Economic Evaluations, Quality of Life",0.9890999794006348,Economics and Econometrics,"Economics, Econometrics and Finance",Social Sciences
W2125435699,T10206,Meta-analysis and systematic reviews,0.998199999332428,"Statistics, Probability and Uncertainty",Decision Sciences,Social Sciences
W2125435699,T11116,"Trauma, Hemostasis, Coagulopathy, Resuscitation",0.9657999873161316,Critical Care and Intensive Care Medicine,Medicine,Health Sciences
W2125435699,T11744,Health Sciences Research and Education,0.963699996471405,General Health Professions,Health Professions,Health Sciences
W2104129218,T10010,"Obesity, Physical Activity, Diet",0.9994999766349792,"Public Health, Environmental and Occupational Health",Medicine,Health Sciences
W2104129218,T11629,"Birth, Development, and Health",0.9900000095367432,"Pediatrics, Perinatology and Child Health",Medicine,Health Sciences
W2104129218,T10596,Child Nutrition and Water Access,0.9750000238418579,Nutrition and Dietetics,Nursing,Health Sciences
W2157823046,T10206,Meta-analysis and systematic reviews,0.9994999766349792,"Statistics, Probability and Uncertainty",Decision Sciences,Social Sciences
W2157823046,T11235,Statistical Methods in Clinical Trials,0.9753000140190125,Statistics and Probability,Mathematics,Physical Sciences
W2157823046,T11700,Hemodynamic Monitoring and Therapy,0.9731000065803528,Surgery,Medicine,Health Sciences
W2106952837,T11744,Health Sciences Research and Education,0.9972000122070312,General Health Professions,Health Professions,Health Sciences
W2106952837,T10206,Meta-analysis and systematic reviews,0.9846000075340271,"Statistics, Probability and Uncertainty",Decision Sciences,Social Sciences
W2106952837,T12664,Clinical practice guidelines implementation,0.9833999872207642,"Public Health, Environmental and Occupational Health",Medicine,Health Sciences
W2121960517,T11235,Statistical Methods in Clinical Trials,0.9861999750137329,Statistics and Probability,Mathematics,Physical Sciences
W2121960517,T10185,Lymphoma Diagnosis and Treatment,0.9570000171661377,Pathology and Forensic Medicine,Medicine,Health Sciences
W2121960517,T10136,Statistical Methods and Inference,0.9210000038146973,Statistics and Probability,Mathematics,Physical Sciences
W2560367415,T10158,Cancer Immunotherapy and Biomarkers,1.0,Oncology,Medicine,Health Sciences
W2560367415,T11491,CAR-T cell therapy research,0.9969000220298767,Oncology,Medicine,Health Sciences
W2560367415,T10580,Immunotherapy and Immune Responses,0.9958000183105469,Immunology,Immunology and Microbiology,Life Sciences
W2052853635,T10294,Cell death mechanisms and regulation,0.9973000288009644,Molecular Biology,"Biochemistry, Genetics and Molecular Biology",Life Sciences
W2052853635,T10725,RNA Interference and Gene Delivery,0.9857000112533569,Molecular Biology,"Biochemistry, Genetics and Molecular Biology",Life Sciences
W2052853635,T10583,Cancer-related Molecular Pathways,0.982200026512146,Oncology,Medicine,Health Sciences
W2033952602,T11981,Qualitative Research Methods and Ethics,0.05469999834895134,Sociology and Political Science,Social Sciences,Social Sciences
W2033952602,T12880,Qualitative Research Methods and Applications,0.04520000144839287,Education,Social Sciences,Social Sciences
W1995341919,T11727,Advanced Algebra and Logic,0.9229000210762024,Computational Theory and Mathematics,Computer Science,Physical Sciences
W2173251738,T10029,Climate variability and models,0.9998999834060669,Global and Planetary Change,Environmental Science,Physical Sciences
W2173251738,T10466,Meteorological Phenomena and Simulations,0.9998999834060669,Atmospheric Science,Earth and Planetary Sciences,Physical Sciences
W2173251738,T11588,Atmospheric and Environmental Gas Dynamics,0.9997000098228455,Global and Planetary Change,Environmental Science,Physical Sciences
W2121001699,T10609,Digital Marketing and Social Media,0.9991000294685364,Sociology and Political Science,Social Sciences,Social Sciences
W2121001699,T12028,Knowledge Management and Sharing,0.9987999796867371,Communication,Social Sciences,Social Sciences
W2121001699,T10355,Impact of Technology on Adolescents,0.9958999752998352,Sociology and Political Science,Social Sciences,Social Sciences
W4393935425,T10556,Global Cancer Incidence and Screening,0.9994999766349792,Oncology,Medicine,Health Sciences
W4393935425,T14078,Multiple and Secondary Primary Cancers,0.9950000047683716,Epidemiology,Medicine,Health Sciences
W4393935425,T10552,Colorectal Cancer Screening and Detection,0.9889000058174133,Oncology,Medicine,Health Sciences
W4315754639,T10556,Global Cancer Incidence and Screening,0.9991000294685364,Oncology,Medicine,Health Sciences
W4315754639,T10146,Cervical Cancer and HPV Research,0.991599977016449,Epidemiology,Medicine,Health Sciences
W4315754639,T11296,COVID-19 and healthcare impacts,0.989300012588501,Oncology,Medicine,Health Sciences
W4206841660,T10556,Global Cancer Incidence and Screening,0.9994000196456909,Oncology,Medicine,Health Sciences
W4206841660,T12708,Economic and Financial Impacts of Cancer,0.9934999942779541,Economics and Econometrics,"Economics, Econometrics and Finance",Social Sciences
W4206841660,T12103,Cancer Risks and Factors,0.9907000064849854,Oncology,Medicine,Health Sciences
W3119005666,T10556,Global Cancer Incidence and Screening,0.9980999827384949,Oncology,Medicine,Health Sciences
W3119005666,T10552,Colorectal Cancer Screening and Detection,0.9948999881744385,Oncology,Medicine,Health Sciences
W3119005666,T11287,Cancer Genomics and Diagnostics,0.9944999814033508,Cancer Research,"Biochemistry, Genetics and Molecular Biology",Life Sciences
W3128646645,T10556,Global Cancer Incidence and Screening,0.9994999766349792,Oncology,Medicine,Health Sciences
W3128646645,T10552,Colorectal Cancer Screening and Detection,0.9961000084877014,Oncology,Medicine,Health Sciences
W3128646645,T14078,Multiple and Secondary Primary Cancers,0.9872999787330627,Epidemiology,Medicine,Health Sciences
W2999417355,T12708,Economic and Financial Impacts of Cancer,0.9994000196456909,Economics and Econometrics,"Economics, Econometrics and Finance",Social Sciences
W2999417355,T10556,Global Cancer Incidence and Screening,0.9990000128746033,Oncology,Medicine,Health Sciences
W2999417355,T11287,Cancer Genomics and Diagnostics,0.9929999709129333,Cancer Research,"Biochemistry, Genetics and Molecular Biology",Life Sciences
W2911188335,T10556,Global Cancer Incidence and Screening,0.9994000196456909,Oncology,Medicine,Health Sciences
W2911188335,T12708,Economic and Financial Impacts of Cancer,0.9977999925613403,Economics and Econometrics,"Economics, Econometrics and Finance",Social Sciences
W2911188335,T10552,Colorectal Cancer Screening and Detection,0.9858999848365784,Oncology,Medicine,Health Sciences
W2781525129,T10556,Global Cancer Incidence and Screening,0.9997000098228455,Oncology,Medicine,Health Sciences
W2781525129,T12708,Economic and Financial Impacts of Cancer,0.998199999332428,Economics and Econometrics,"Economics, Econometrics and Finance",Social Sciences
W2781525129,T10552,Colorectal Cancer Screening and Detection,0.9941999912261963,Oncology,Medicine,Health Sciences
W2889646458,T10556,Global Cancer Incidence and Screening,0.9997000098228455,Oncology,Medicine,Health Sciences
W2889646458,T10552,Colorectal Cancer Screening and Detection,0.9962999820709229,Oncology,Medicine,Health Sciences
W2889646458,T12708,Economic and Financial Impacts of Cancer,0.9908999800682068,Economics and Econometrics,"Economics, Econometrics and Finance",Social Sciences
W2272984102,T10556,Global Cancer Incidence and Screening,0.998199999332428,Oncology,Medicine,Health Sciences
W2272984102,T10552,Colorectal Cancer Screening and Detection,0.9921000003814697,Oncology,Medicine,Health Sciences
W2272984102,T11531,Healthcare Systems and Reforms,0.9764999747276306,Finance,"Economics, Econometrics and Finance",Social Sciences
W2235523093,T10556,Global Cancer Incidence and Screening,0.9994000196456909,Oncology,Medicine,Health Sciences
W2235523093,T10552,Colorectal Cancer Screening and Detection,0.9983000159263611,Oncology,Medicine,Health Sciences
W2235523093,T12708,Economic and Financial Impacts of Cancer,0.9958999752998352,Economics and Econometrics,"Economics, Econometrics and Finance",Social Sciences
W2917837889,T10552,Colorectal Cancer Screening and Detection,0.9965999722480774,Oncology,Medicine,Health Sciences
W2917837889,T10556,Global Cancer Incidence and Screening,0.9958000183105469,Oncology,Medicine,Health Sciences
W2917837889,T10619,Esophageal Cancer Research and Treatment,0.9843000173568726,Surgery,Medicine,Health Sciences
W2106787323,T10552,Colorectal Cancer Screening and Detection,0.9955999851226807,Oncology,Medicine,Health Sciences
W2106787323,T10556,Global Cancer Incidence and Screening,0.9955999851226807,Oncology,Medicine,Health Sciences
W2106787323,T10146,Cervical Cancer and HPV Research,0.9646000266075134,Epidemiology,Medicine,Health Sciences
W2020830322,T10556,Global Cancer Incidence and Screening,0.9901999831199646,Oncology,Medicine,Health Sciences
W2020830322,T10552,Colorectal Cancer Screening and Detection,0.9829999804496765,Oncology,Medicine,Health Sciences
W2020830322,T10146,Cervical Cancer and HPV Research,0.9822999835014343,Epidemiology,Medicine,Health Sciences
W4300009529,T14296,Climate Change and Sustainable Development,0.05559999868273735,Global and Planetary Change,Environmental Science,Physical Sciences
W2296319761,T10963,Advanced Optimization Algorithms Research,0.9998000264167786,Numerical Analysis,Mathematics,Physical Sciences
W2296319761,T10792,Matrix Theory and Algorithms,0.9783999919891357,Computational Theory and Mathematics,Computer Science,Physical Sciences
W2296319761,T11697,Numerical Methods and Algorithms,0.9706000089645386,Computational Theory and Mathematics,Computer Science,Physical Sciences
W2033819227,T12983,Satellite Image Processing and Photogrammetry,0.9911999702453613,Ocean Engineering,Engineering,Physical Sciences
W2033819227,T10531,Advanced Vision and Imaging,0.9879000186920166,Computer Vision and Pattern Recognition,Computer Science,Physical Sciences
W2033819227,T11211,3D Surveying and Cultural Heritage,0.958899974822998,Geology,Earth and Planetary Sciences,Physical Sciences
W1666853924,T13493,Optical and Acousto-Optic Technologies,0.45249998569488525,"Atomic and Molecular Physics, and Optics",Physics and Astronomy,Physical Sciences
W4210702550,T11806,Service-Learning and Community Engagement,0.65829998254776,Education,Social Sciences,Social Sciences
W4210702550,T11466,Innovative Education and Learning Practices,0.5767999887466431,Human Factors and Ergonomics,Social Sciences,Social Sciences
W4210702550,T10008,Teacher Education and Leadership Studies,0.5626999735832214,Education,Social Sciences,Social Sciences
W950821216,T10064,Complex Network Analysis Techniques,0.6919000148773193,Statistical and Nonlinear Physics,Physics and Astronomy,Physical Sciences
W4245961435,T11466,Innovative Education and Learning Practices,0.45159998536109924,Human Factors and Ergonomics,Social Sciences,Social Sciences
W4233654598,T10319,"Conservation, Biodiversity, and Resource Management",0.5145000219345093,Global and Planetary Change,Environmental Science,Physical Sciences
W4298413470,T10503,Global Financial Crisis and Policies,0.4767000079154968,Finance,"Economics, Econometrics and Finance",Social Sciences
W4298413470,T11742,Economic Theory and Policy,0.41530001163482666,"General Economics, Econometrics and Finance","Economics, Econometrics and Finance",Social Sciences
W2133469585,T10315,Decision-Making and Behavioral Economics,0.9984999895095825,General Decision Sciences,Decision Sciences,Social Sciences
W2133469585,T10841,Economic and Environmental Valuation,0.9714999794960022,Economics and Econometrics,"Economics, Econometrics and Finance",Social Sciences
W2133469585,T11303,Bayesian Modeling and Causal Inference,0.9205999970436096,Artificial Intelligence,Computer Science,Physical Sciences
W4301056702,T13379,"Multiculturalism, Politics, Migration, Gender",0.9830999970436096,Political Science and International Relations,Social Sciences,Social Sciences
W4301056702,T13070,Cultural Identity and Heritage,0.9372000098228455,Archeology,Arts and Humanities,Social Sciences
W4301056702,T11475,French Urban and Social Studies,0.9190999865531921,Sociology and Political Science,Social Sciences,Social Sciences
W2118338381,T14356,Organizational Leadership and Management Strategies,0.1234000027179718,Strategy and Management,"Business, Management and Accounting",Social Sciences
W2152311269,T10387,Fatty Acid Research and Health,0.9968000054359436,Nutrition and Dietetics,Nursing,Health Sciences
W2152311269,T11844,Lipid metabolism and biosynthesis,0.9950000047683716,Biochemistry,"Biochemistry, Genetics and Molecular Biology",Life Sciences
W2152311269,T10836,Metabolomics and Mass Spectrometry Studies,0.9926000237464905,Molecular Biology,"Biochemistry, Genetics and Molecular Biology",Life Sciences
W2300552860,T10387,Fatty Acid Research and Health,0.9968000054359436,Nutrition and Dietetics,Nursing,Health Sciences
W2300552860,T11844,Lipid metabolism and biosynthesis,0.9950000047683716,Biochemistry,"Biochemistry, Genetics and Molecular Biology",Life Sciences
W2300552860,T10836,Metabolomics and Mass Spectrometry Studies,0.9926000237464905,Molecular Biology,"Biochemistry, Genetics and Molecular Biology",Life Sciences
W2038533471,T10607,Magnetic and transport properties of perovskites and related materials,0.9983000159263611,"Electronic, Optical and Magnetic Materials",Materials Science,Physical Sciences
W2038533471,T10037,Physics of Superconductivity and Magnetism,0.9976999759674072,Condensed Matter Physics,Physics and Astronomy,Physical Sciences
W2038533471,T10382,Quantum and electron transport phenomena,0.9976000189781189,"Atomic and Molecular Physics, and Optics",Physics and Astronomy,Physical Sciences
W1999130958,T12664,Clinical practice guidelines implementation,0.9959999918937683,"Public Health, Environmental and Occupational Health",Medicine,Health Sciences
W1999130958,T12708,Economic and Financial Impacts of Cancer,0.9955999851226807,Economics and Econometrics,"Economics, Econometrics and Finance",Social Sciences
W1999130958,T10804,"Health Systems, Economic Evaluations, Quality of Life",0.9884999990463257,Economics and Econometrics,"Economics, Econometrics and Finance",Social Sciences
W2149441684,T11287,Cancer Genomics and Diagnostics,0.9997000098228455,Cancer Research,"Biochemistry, Genetics and Molecular Biology",Life Sciences
W2149441684,T11642,Genomics and Rare Diseases,0.9944999814033508,Genetics,"Biochemistry, Genetics and Molecular Biology",Life Sciences
W2149441684,T10887,Bioinformatics and Genomic Networks,0.9886999726295471,Molecular Biology,"Biochemistry, Genetics and Molecular Biology",Life Sciences
W3009912996,T10118,SARS-CoV-2 and COVID-19 Research,1.0,Infectious Diseases,Medicine,Health Sciences
W3009912996,T10041,COVID-19 Clinical Research Studies,0.9983000159263611,Infectious Diseases,Medicine,Health Sciences
W3009912996,T11581,Viral Infections and Outbreaks Research,0.9890000224113464,Infectious Diseases,Medicine,Health Sciences
W2949177718,T11289,Single-cell and spatial transcriptomics,1.0,Molecular Biology,"Biochemistry, Genetics and Molecular Biology",Life Sciences
W2949177718,T12859,Cell Image Analysis Techniques,0.9889000058174133,Biophysics,"Biochemistry, Genetics and Molecular Biology",Life Sciences
W2949177718,T10540,Advanced Fluorescence Microscopy Techniques,0.983299970626831,Biophysics,"Biochemistry, Genetics and Molecular Biology",Life Sciences
W1997183854,T11297,Ferroptosis and cancer prognosis,0.9980000257492065,Pulmonary and Respiratory Medicine,Medicine,Health Sciences
W1997183854,T10915,Trace Elements in Health,0.9900000095367432,Nutrition and Dietetics,Nursing,Health Sciences
W1997183854,T10587,Autophagy in Disease and Therapy,0.9842000007629395,Epidemiology,Medicine,Health Sciences
W2117692326,T10336,Cancer Cells and Metastasis,0.9991999864578247,Oncology,Medicine,Health Sciences
W2117692326,T10631,"Cancer, Hypoxia, and Metabolism",0.9933000206947327,Cancer Research,"Biochemistry, Genetics and Molecular Biology",Life Sciences
W2117692326,T10583,Cancer-related Molecular Pathways,0.9926999807357788,Oncology,Medicine,Health Sciences
W2162674813,T10062,MicroRNA in disease regulation,1.0,Cancer Research,"Biochemistry, Genetics and Molecular Biology",Life Sciences
W2162674813,T11765,Circular RNAs in diseases,0.9958999752998352,Molecular Biology,"Biochemistry, Genetics and Molecular Biology",Life Sciences
W2162674813,T10725,RNA Interference and Gene Delivery,0.989300012588501,Molecular Biology,"Biochemistry, Genetics and Molecular Biology",Life Sciences
W2138977668,T10505,Pluripotent Stem Cells Research,0.9995999932289124,Molecular Biology,"Biochemistry, Genetics and Molecular Biology",Life Sciences
W2138977668,T10176,Mesenchymal stem cell research,0.9779999852180481,Genetics,Medicine,Health Sciences
W2138977668,T12264,Tissue Engineering and Regenerative Medicine,0.9718999862670898,Surgery,Medicine,Health Sciences
W2125987139,T10505,Pluripotent Stem Cells Research,0.9998999834060669,Molecular Biology,"Biochemistry, Genetics and Molecular Biology",Life Sciences
W2125987139,T10878,CRISPR and Genetic Engineering,0.9922999739646912,Molecular Biology,"Biochemistry, Genetics and Molecular Biology",Life Sciences
W2125987139,T12140,Renal and related cancers,0.9914000034332275,Molecular Biology,"Biochemistry, Genetics and Molecular Biology",Life Sciences
W144423133,T10184,Plant Molecular Biology Research,0.9994000196456909,Plant Science,Agricultural and Biological Sciences,Life Sciences
W144423133,T10494,Plant Virus Research Studies,0.9988999962806702,Plant Science,Agricultural and Biological Sciences,Life Sciences
W144423133,T12858,Plant Disease Resistance and Genetics,0.9940000176429749,Plant Science,Agricultural and Biological Sciences,Life Sciences
W2034269086,T10583,Cancer-related Molecular Pathways,0.9980000257492065,Oncology,Medicine,Health Sciences
W2034269086,T10336,Cancer Cells and Metastasis,0.9939000010490417,Oncology,Medicine,Health Sciences
W2034269086,T10123,DNA Repair Mechanisms,0.9890999794006348,Molecular Biology,"Biochemistry, Genetics and Molecular Biology",Life Sciences
W1523693806,T10587,Autophagy in Disease and Therapy,0.9998999834060669,Epidemiology,Medicine,Health Sciences
W1523693806,T10170,Retinal Diseases and Treatments,0.98580002784729,Ophthalmology,Medicine,Health Sciences
W1523693806,T11848,Heme Oxygenase-1 and Carbon Monoxide,0.9710000157356262,Molecular Biology,"Biochemistry, Genetics and Molecular Biology",Life Sciences
W2018289835,T12910,Eicosanoids and Hypertension Pharmacology,0.9983000159263611,Biochemistry,"Biochemistry, Genetics and Molecular Biology",Life Sciences
W2018289835,T11332,"Genomics, phytochemicals, and oxidative stress",0.9957000017166138,Molecular Biology,"Biochemistry, Genetics and Molecular Biology",Life Sciences
W2018289835,T11884,Redox biology and oxidative stress,0.9951000213623047,Molecular Biology,"Biochemistry, Genetics and Molecular Biology",Life Sciences
W1487127700,T10791,Advanced Control Systems Optimization,0.8015999794006348,Control and Systems Engineering,Engineering,Physical Sciences
W1997151511,T11177,Spectroscopy and Quantum Chemical Studies,0.9998999834060669,"Atomic and Molecular Physics, and Optics",Physics and Astronomy,Physical Sciences
W1997151511,T11129,Photochemistry and Electron Transfer Studies,0.9991999864578247,Physical and Theoretical Chemistry,Chemistry,Physical Sciences
W1997151511,T11449,Mechanical and Optical Resonators,0.9905999898910522,"Atomic and Molecular Physics, and Optics",Physics and Astronomy,Physical Sciences
W2110540540,T10078,Advanced Photocatalysis Techniques,0.9757000207901001,"Renewable Energy, Sustainability and the Environment",Energy,Physical Sciences
W2110540540,T11434,Electrochemical Analysis and Applications,0.9689000248908997,Electrochemistry,Chemistry,Physical Sciences
W2110540540,T10024,TiO2 Photocatalysis and Solar Cells,0.9049000144004822,"Renewable Energy, Sustainability and the Environment",Energy,Physical Sciences
W2038767330,T10798,Crystallography and molecular interactions,0.9944000244140625,Physical and Theoretical Chemistry,Chemistry,Physical Sciences
W2038767330,T11746,Inorganic and Organometallic Chemistry,0.9889000058174133,Organic Chemistry,Chemistry,Physical Sciences
W2038767330,T12748,Molecular spectroscopy and chirality,0.9876999855041504,Spectroscopy,Chemistry,Physical Sciences
W2140190241,T11106,Data Management and Algorithms,0.9991000294685364,Signal Processing,Computer Science,Physical Sciences
W2140190241,T10538,Data Mining Algorithms and Applications,0.9987000226974487,Information Systems,Computer Science,Physical Sciences
W2140190241,T10317,Advanced Database Systems and Queries,0.9975000023841858,Computer Networks and Communications,Computer Science,Physical Sciences
W1815596065,T13283,Mental Health Research Topics,0.49459999799728394,Experimental and Cognitive Psychology,Psychology,Social Sciences
W2147264455,T11120,Nonprofit Sector and Volunteering,0.2890999913215637,Sociology and Political Science,Social Sciences,Social Sciences
W4293586167,T10157,Sports Performance and Training,0.07819999754428864,Orthopedics and Sports Medicine,Medicine,Health Sciences
W2122410182,T13062,Cognitive Computing and Networks,0.14830000698566437,Artificial Intelligence,Computer Science,Physical Sciences
W2122410182,T14420,Advanced Research in Systems and Signal Processing,0.13600000739097595,Control and Systems Engineering,Engineering,Physical Sciences
W1554663460,T10320,Neural Networks and Applications,0.7178000211715698,Artificial Intelligence,Computer Science,Physical Sciences
W2432517183,T13126,Scientific Research and Discoveries,1.0,Statistical and Nonlinear Physics,Physics and Astronomy,Physical Sciences
W2432517183,T13650,Computational Physics and Python Applications,0.9620000123977661,Artificial Intelligence,Computer Science,Physical Sciences
W2432517183,T13307,Diverse Scientific and Engineering Research,0.9103000164031982,Computational Mechanics,Engineering,Physical Sciences
W2797247465,T11871,Advanced Statistical Methods and Models,0.9948999881744385,Statistics and Probability,Mathematics,Physical Sciences
W2797247465,T13141,Statistical Methods and Applications,0.9898999929428101,Statistics and Probability,Mathematics,Physical Sciences
W2797247465,T13748,Advanced Statistical Modeling Techniques,0.9739000201225281,Computer Networks and Communications,Computer Science,Physical Sciences
W1973948212,T10410,COVID-19 epidemiological studies,0.04399999976158142,Modeling and Simulation,Mathematics,Physical Sciences
W1973948212,T10845,Advanced Causal Inference Techniques,0.04010000079870224,Statistics and Probability,Mathematics,Physical Sciences
W2153943092,T11810,Complex Systems and Decision Making,0.5559999942779541,Management Science and Operations Research,Decision Sciences,Social Sciences
W1541515907,T14503,"Globalization, Economics, and Policies",0.5101000070571899,Economics and Econometrics,"Economics, Econometrics and Finance",Social Sciences
W1541515907,T12903,Globalization and Cultural Identity,0.5084999799728394,Sociology and Political Science,Social Sciences,Social Sciences
W1541515907,T14302,European Politics and Security,0.45339998602867126,Political Science and International Relations,Social Sciences,Social Sciences
W2157207849,T11743,Political Economy and Marxism,0.26969999074935913,Sociology and Political Science,Social Sciences,Social Sciences
W2157207849,T13158,Political and Economic history of UK and US,0.23260000348091125,Political Science and International Relations,Social Sciences,Social Sciences
W2157207849,T10443,Social Policy and Reform Studies,0.2160000056028366,Political Science and International Relations,Social Sciences,Social Sciences
W3023540311,T10100,Metaheuristic Optimization Algorithms Research,0.6865000128746033,Artificial Intelligence,Computer Science,Physical Sciences
W2160456562,T10117,Advanced Combustion Engine Technologies,0.9972000122070312,Fluid Flow and Transfer Processes,Chemical Engineering,Physical Sciences
W2160456562,T10507,Biodiesel Production and Applications,0.9864000082015991,Biomedical Engineering,Engineering,Physical Sciences
W2160456562,T12095,Vehicle emissions and performance,0.9448999762535095,Automotive Engineering,Engineering,Physical Sciences
W2285072859,T10745,Heart Rate Variability and Autonomic Control,0.9998000264167786,Cardiology and Cardiovascular Medicine,Medicine,Health Sciences
W2285072859,T11196,Non-Invasive Vital Sign Monitoring,0.9908999800682068,Biomedical Engineering,Engineering,Physical Sciences
W2285072859,T11209,Cardiovascular and exercise physiology,0.9298999905586243,Complementary and alternative medicine,Medicine,Health Sciences
W3199943451,T10385,Plant Diversity and Evolution,0.13079999387264252,"Ecology, Evolution, Behavior and Systematics",Agricultural and Biological Sciences,Life Sciences
W3199943451,T13506,Botanical Research and Chemistry,0.12439999729394913,"Ecology, Evolution, Behavior and Systematics",Agricultural and Biological Sciences,Life Sciences
W3199943451,T13238,Botanical Studies and Applications,0.12129999697208405,Plant Science,Agricultural and Biological Sciences,Life Sciences
W2004778468,T11764,Evolution and Genetic Dynamics,0.15880000591278076,Genetics,"Biochemistry, Genetics and Molecular Biology",Life Sciences
W1866311589,T12100,Advanced Mathematical Modeling in Engineering,0.37310001254081726,Computational Theory and Mathematics,Computer Science,Physical Sciences
W1866311589,T10194,Nonlinear Partial Differential Equations,0.163100004196167,Applied Mathematics,Mathematics,Physical Sciences
W1866311589,T11416,Numerical methods for differential equations,0.07999999821186066,Numerical Analysis,Mathematics,Physical Sciences
W1575147392,T12727,Differential Equations and Numerical Methods,0.8654000163078308,Numerical Analysis,Mathematics,Physical Sciences
W1575147392,T12100,Advanced Mathematical Modeling in Engineering,0.7958999872207642,Computational Theory and Mathematics,Computer Science,Physical Sciences
W1575147392,T11022,Spectral Theory in Mathematical Physics,0.7875999808311462,Mathematical Physics,Mathematics,Physical Sciences
W2168420558,T11970,Molecular Biology Techniques and Applications,0.9998999834060669,Molecular Biology,"Biochemistry, Genetics and Molecular Biology",Life Sciences
W2168420558,T12640,Environmental DNA in Biodiversity Studies,0.9309999942779541,Ecology,Environmental Science,Physical Sciences
W2168420558,T10885,Gene expression and cancer classification,0.9186000227928162,Molecular Biology,"Biochemistry, Genetics and Molecular Biology",Life Sciences
W2116404316,T10027,"Diabetes, Cardiovascular Risks, and Lipoproteins",0.9940999746322632,"Endocrinology, Diabetes and Metabolism",Medicine,Health Sciences
W2116404316,T10394,Lipoproteins and Cardiovascular Health,0.9883999824523926,Surgery,Medicine,Health Sciences
W2116404316,T12465,"Cancer, Lipids, and Metabolism",0.9671000242233276,Cancer Research,"Biochemistry, Genetics and Molecular Biology",Life Sciences
W2163605009,T10036,Advanced Neural Network Applications,0.9998000264167786,Computer Vision and Pattern Recognition,Computer Science,Physical Sciences
W2163605009,T11307,Domain Adaptation and Few-Shot Learning,0.9990000128746033,Artificial Intelligence,Computer Science,Physical Sciences
W2163605009,T11105,Advanced Image Processing Techniques,0.9966999888420105,Computer Vision and Pattern Recognition,Computer Science,Physical Sciences
W2173213060,T10101,Cloud Computing and Resource Management,0.9991000294685364,Information Systems,Computer Science,Physical Sciences
W2173213060,T11181,Advanced Data Storage Technologies,0.9954000115394592,Computer Networks and Communications,Computer Science,Physical Sciences
W2173213060,T10054,Parallel Computing and Optimization Techniques,0.9843000173568726,Hardware and Architecture,Computer Science,Physical Sciences
W2085261163,T12072,Machine Learning and Algorithms,0.9987999796867371,Artificial Intelligence,Computer Science,Physical Sciences
W2085261163,T10627,Advanced Image and Video Retrieval Techniques,0.9962000250816345,Computer Vision and Pattern Recognition,Computer Science,Physical Sciences
W2085261163,T10191,Robotics and Sensor-Based Localization,0.9961000084877014,Aerospace Engineering,Engineering,Physical Sciences
W2007395042,T10002,Advanced Chemical Physics Studies,1.0,"Atomic and Molecular Physics, and Optics",Physics and Astronomy,Physical Sciences
W2007395042,T11177,Spectroscopy and Quantum Chemical Studies,0.9998000264167786,"Atomic and Molecular Physics, and Optics",Physics and Astronomy,Physical Sciences
W2007395042,T12044,Advanced Physical and Chemical Molecular Interactions,0.9993000030517578,Physical and Theoretical Chemistry,Chemistry,Physical Sciences
W2168452204,T10080,Energy Efficient Wireless Sensor Networks,0.9998999834060669,Computer Networks and Communications,Computer Science,Physical Sciences
W2168452204,T10326,Indoor and Outdoor Localization Technologies,0.9958999752998352,Electrical and Electronic Engineering,Engineering,Physical Sciences
W2168452204,T12801,Bluetooth and Wireless Communication Technologies,0.9943000078201294,Computer Networks and Communications,Computer Science,Physical Sciences
W2066636486,T12016,Web Data Mining and Analysis,1.0,Information Systems,Computer Science,Physical Sciences
W2066636486,T10286,Information Retrieval and Search Behavior,0.9812999963760376,Information Systems,Computer Science,Physical Sciences
W2066636486,T13976,Web visibility and informetrics,0.9800999760627747,Information Systems,Computer Science,Physical Sciences
W2107031757,T10050,Multi-Criteria Decision Making,0.6985999941825867,Management Science and Operations Research,Decision Sciences,Social Sciences
W2011301426,T13650,Computational Physics and Python Applications,0.8888000249862671,Artificial Intelligence,Computer Science,Physical Sciences
W2170899200,T11400,Motivation and Self-Concept in Sports,0.9998000264167786,Social Psychology,Psychology,Social Sciences
W2170899200,T10547,"Education, Achievement, and Giftedness",0.9968000054359436,Experimental and Cognitive Psychology,Psychology,Social Sciences
W2170899200,T11998,Youth Development and Social Support,0.988099992275238,Safety Research,Social Sciences,Social Sciences
W2324392187,T10317,Advanced Database Systems and Queries,0.04580000042915344,Computer Networks and Communications,Computer Science,Physical Sciences
W2000117884,T12880,Qualitative Research Methods and Applications,0.2955000102519989,Education,Social Sciences,Social Sciences
W2005061283,T14315,Feminist Theory and Gender Studies,0.08579999953508377,Gender Studies,Social Sciences,Social Sciences
W2005061283,T11432,Gender Politics and Representation,0.0828000009059906,Gender Studies,Social Sciences,Social Sciences
W2005061283,T13158,Political and Economic history of UK and US,0.07370000332593918,Political Science and International Relations,Social Sciences,Social Sciences
W2059334100,T10467,Psychometric Methodologies and Testing,0.1777999997138977,Management Science and Operations Research,Decision Sciences,Social Sciences
W2059334100,T13148,Environmental and Air Quality Management,0.022099999710917473,Environmental Engineering,Environmental Science,Physical Sciences
W2059334100,T13141,Statistical Methods and Applications,0.018699999898672104,Statistics and Probability,Mathematics,Physical Sciences
W1550621568,T12395,Educational Innovations and Technology,0.8791999816894531,Information Systems,Computer Science,Physical Sciences
W1550621568,T14277,Social Skills and Education,0.8476999998092651,Education,Social Sciences,Social Sciences
W1550621568,T14483,Education and Teacher Training,0.8342000246047974,Education,Social Sciences,Social Sciences
W1986215651,T10206,Meta-analysis and systematic reviews,0.9998999834060669,"Statistics, Probability and Uncertainty",Decision Sciences,Social Sciences
W1986215651,T13309,Reliability and Agreement in Measurement,0.9927999973297119,"Statistics, Probability and Uncertainty",Decision Sciences,Social Sciences
W1986215651,T10804,"Health Systems, Economic Evaluations, Quality of Life",0.978600025177002,Economics and Econometrics,"Economics, Econometrics and Finance",Social Sciences
W2107328434,T10206,Meta-analysis and systematic reviews,0.996399998664856,"Statistics, Probability and Uncertainty",Decision Sciences,Social Sciences
W2107328434,T11235,Statistical Methods in Clinical Trials,0.996399998664856,Statistics and Probability,Mathematics,Physical Sciences
W2107328434,T10804,"Health Systems, Economic Evaluations, Quality of Life",0.987500011920929,Economics and Econometrics,"Economics, Econometrics and Finance",Social Sciences
W2025371271,T10176,Mesenchymal stem cell research,1.0,Genetics,Medicine,Health Sciences
W2025371271,T12264,Tissue Engineering and Regenerative Medicine,0.995199978351593,Surgery,Medicine,Health Sciences
W2025371271,T10336,Cancer Cells and Metastasis,0.9922000169754028,Oncology,Medicine,Health Sciences
W2964015378,T11273,Advanced Graph Neural Networks,0.9991999864578247,Artificial Intelligence,Computer Science,Physical Sciences
W2964015378,T11307,Domain Adaptation and Few-Shot Learning,0.9866999983787537,Artificial Intelligence,Computer Science,Physical Sciences
W2964015378,T12676,Machine Learning and ELM,0.9864000082015991,Artificial Intelligence,Computer Science,Physical Sciences
W2139212933,T10320,Neural Networks and Applications,0.9858999848365784,Artificial Intelligence,Computer Science,Physical Sciences
W2139212933,T10534,Structural Health Monitoring Techniques,0.9714000225067139,Civil and Structural Engineering,Engineering,Physical Sciences
W2139212933,T10057,Face and Expression Recognition,0.9692000150680542,Computer Vision and Pattern Recognition,Computer Science,Physical Sciences
W2127218421,T11871,Advanced Statistical Methods and Models,0.9580000042915344,Statistics and Probability,Mathematics,Physical Sciences
W2148080316,T11376,Geriatric Care and Nursing Homes,0.9998000264167786,General Health Professions,Health Professions,Health Sciences
W2148080316,T10009,Dementia and Cognitive Impairment Research,0.9993000030517578,Psychiatry and Mental health,Medicine,Health Sciences
W2148080316,T11712,Intergenerational Family Dynamics and Caregiving,0.9872000217437744,Sociology and Political Science,Social Sciences,Social Sciences
W2160234571,T11339,"Metabolism, Diabetes, and Cancer",0.9997000098228455,Molecular Biology,"Biochemistry, Genetics and Molecular Biology",Life Sciences
W2160234571,T10560,Diabetes Management and Research,0.9994999766349792,"Endocrinology, Diabetes and Metabolism",Medicine,Health Sciences
W2160234571,T10401,Diabetes Treatment and Management,0.9993000030517578,"Endocrinology, Diabetes and Metabolism",Medicine,Health Sciences
W4385245566,T10181,Natural Language Processing Techniques,0.9998000264167786,Artificial Intelligence,Computer Science,Physical Sciences
W4385245566,T10028,Topic Modeling,0.9962000250816345,Artificial Intelligence,Computer Science,Physical Sciences
W4385245566,T11714,Multimodal Machine Learning Applications,0.991599977016449,Computer Vision and Pattern Recognition,Computer Science,Physical Sciences
W2964121744,T11612,Stochastic Gradient Optimization Techniques,0.9948999881744385,Artificial Intelligence,Computer Science,Physical Sciences
W2964121744,T10963,Advanced Optimization Algorithms Research,0.9581999778747559,Numerical Analysis,Mathematics,Physical Sciences
W2964121744,T12676,Machine Learning and ELM,0.9531000256538391,Artificial Intelligence,Computer Science,Physical Sciences
W2965373594,T10028,Topic Modeling,0.9998999834060669,Artificial Intelligence,Computer Science,Physical Sciences
W2965373594,T10181,Natural Language Processing Techniques,0.9995999932289124,Artificial Intelligence,Computer Science,Physical Sciences
W2965373594,T11714,Multimodal Machine Learning Applications,0.9848999977111816,Computer Vision and Pattern Recognition,Computer Science,Physical Sciences
W2896457183,T10028,Topic Modeling,0.9998999834060669,Artificial Intelligence,Computer Science,Physical Sciences
W2896457183,T10181,Natural Language Processing Techniques,0.9995999932289124,Artificial Intelligence,Computer Science,Physical Sciences
W2896457183,T10201,Speech Recognition and Synthesis,0.9976999759674072,Artificial Intelligence,Computer Science,Physical Sciences
W3165656738,T10118,SARS-CoV-2 and COVID-19 Research,0.9993000030517578,Infectious Diseases,Medicine,Health Sciences
W3165656738,T10041,COVID-19 Clinical Research Studies,0.9991999864578247,Infectious Diseases,Medicine,Health Sciences
W3165656738,T11775,COVID-19 diagnosis using AI,0.9894999861717224,"Radiology, Nuclear Medicine and Imaging",Medicine,Health Sciences
W2139416101,T10895,Species Distribution and Climate Change,0.9998000264167786,Ecological Modeling,Environmental Science,Physical Sciences
W2139416101,T10199,Wildlife Ecology and Conservation,0.9939000010490417,Ecology,Environmental Science,Physical Sciences
W2139416101,T10005,Ecology and Vegetation Dynamics Studies,0.9879000186920166,Nature and Landscape Conservation,Environmental Science,Physical Sciences
W4229954146,T13398,Data Analysis with R,0.060600001364946365,Artificial Intelligence,Computer Science,Physical Sciences
W4229954146,T13141,Statistical Methods and Applications,0.05609999969601631,Statistics and Probability,Mathematics,Physical Sciences
W4229954146,T11396,Artificial Intelligence in Healthcare,0.0560000017285347,Health Information Management,Health Professions,Health Sciences
W2117178635,T13832,Advanced Decision-Making Techniques,0.7627000212669373,Information Systems,Computer Science,Physical Sciences
W2117178635,T10057,Face and Expression Recognition,0.6862000226974487,Computer Vision and Pattern Recognition,Computer Science,Physical Sciences
W2117178635,T10320,Neural Networks and Applications,0.6801999807357788,Artificial Intelligence,Computer Science,Physical Sciences
W2110603299,T10007,Monetary Policy and Economic Impact,0.9739000201225281,"General Economics, Econometrics and Finance","Economics, Econometrics and Finance",Social Sciences
W1979575715,T10007,Monetary Policy and Economic Impact,0.9936000108718872,"General Economics, Econometrics and Finance","Economics, Econometrics and Finance",Social Sciences
W1979575715,T10393,Economic Growth and Productivity,0.9817000031471252,Economics and Econometrics,"Economics, Econometrics and Finance",Social Sciences
W1979575715,T12137,Economic theories and models,0.9714999794960022,Economics and Econometrics,"Economics, Econometrics and Finance",Social Sciences
W2108818539,T11871,Advanced Statistical Methods and Models,0.9973999857902527,Statistics and Probability,Mathematics,Physical Sciences
W2108818539,T10243,Statistical Methods and Bayesian Inference,0.9886999726295471,Statistics and Probability,Mathematics,Physical Sciences
W2108818539,T10136,Statistical Methods and Inference,0.983299970626831,Statistics and Probability,Mathematics,Physical Sciences
W3011865677,T10315,Decision-Making and Behavioral Economics,0.8069000244140625,General Decision Sciences,Decision Sciences,Social Sciences
W3011865677,T11413,Risk and Portfolio Optimization,0.016699999570846558,Management Science and Operations Research,Decision Sciences,Social Sciences
W3011865677,T11886,Agricultural risk and resilience,0.016599999740719795,Soil Science,Agricultural and Biological Sciences,Life Sciences
W2139122730,T13608,Advanced Computational Techniques in Science and Engineering,0.30079999566078186,Information Systems,Computer Science,Physical Sciences
W2112352537,T11911,Spatial and Panel Data Analysis,0.9990000128746033,Economics and Econometrics,"Economics, Econometrics and Finance",Social Sciences
W2112352537,T10136,Statistical Methods and Inference,0.9836999773979187,Statistics and Probability,Mathematics,Physical Sciences
W2112352537,T10357,Efficiency Analysis Using DEA,0.9772999882698059,Management Science and Operations Research,Decision Sciences,Social Sciences
W2178225550,T10320,Neural Networks and Applications,0.2207999974489212,Artificial Intelligence,Computer Science,Physical Sciences
W2178225550,T12157,Geochemistry and Geologic Mapping,0.19789999723434448,Artificial Intelligence,Computer Science,Physical Sciences
W2178225550,T10876,Fault Detection and Control Systems,0.18209999799728394,Control and Systems Engineering,Engineering,Physical Sciences
W2318680928,T10050,Multi-Criteria Decision Making,0.08699999749660492,Management Science and Operations Research,Decision Sciences,Social Sciences
W2318680928,T13748,Advanced Statistical Modeling Techniques,0.08269999921321869,Computer Networks and Communications,Computer Science,Physical Sciences
W2318680928,T10475,Psychological Well-being and Life Satisfaction,0.07800000160932541,Social Psychology,Psychology,Social Sciences
W2015930340,T10785,Economic Theory and Institutions,0.8242999911308289,Economics and Econometrics,"Economics, Econometrics and Finance",Social Sciences
W2015930340,T12137,Economic theories and models,0.7164000272750854,Economics and Econometrics,"Economics, Econometrics and Finance",Social Sciences
W1736209534,T11122,Online Learning and Analytics,0.20350000262260437,Computer Science Applications,Computer Science,Physical Sciences
W2053154970,T13309,Reliability and Agreement in Measurement,0.9991000294685364,"Statistics, Probability and Uncertainty",Decision Sciences,Social Sciences
W2053154970,T10050,Multi-Criteria Decision Making,0.9203000068664551,Management Science and Operations Research,Decision Sciences,Social Sciences
W2140369176,T14483,Education and Teacher Training,0.7339000105857849,Education,Social Sciences,Social Sciences
W2140369176,T12217,Higher Education Teaching and Evaluation,0.6424999833106995,Education,Social Sciences,Social Sciences
W2140369176,T10008,Teacher Education and Leadership Studies,0.6191999912261963,Education,Social Sciences,Social Sciences
W2332086916,T12474,Education Discipline and Inequality,0.47510001063346863,Education,Social Sciences,Social Sciences
W1570448133,T10538,Data Mining Algorithms and Applications,0.9994000196456909,Information Systems,Computer Science,Physical Sciences
W1570448133,T12535,Machine Learning and Data Classification,0.994700014591217,Artificial Intelligence,Computer Science,Physical Sciences
W1570448133,T11269,Algorithms and Data Compression,0.9937000274658203,Artificial Intelligence,Computer Science,Physical Sciences
W2124614417,T12327,Various Chemistry Research Topics,0.6200000047683716,Physical and Theoretical Chemistry,Chemistry,Physical Sciences
W2085491458,T10208,Labor market dynamics and wage inequality,0.9961000084877014,Economics and Econometrics,"Economics, Econometrics and Finance",Social Sciences
W2085491458,T11770,Fiscal Policy and Economic Growth,0.9650999903678894,Economics and Econometrics,"Economics, Econometrics and Finance",Social Sciences
W2085491458,T11239,Social Capital and Networks,0.9625999927520752,Sociology and Political Science,Social Sciences,Social Sciences
W2115755118,T10320,Neural Networks and Applications,0.29660001397132874,Artificial Intelligence,Computer Science,Physical Sciences
W1542649433,T12294,Agricultural Science and Fertilization,0.7763000130653381,Soil Science,Agricultural and Biological Sciences,Life Sciences
W1542649433,T11418,Plant Micronutrient Interactions and Effects,0.7024999856948853,Plant Science,Agricultural and Biological Sciences,Life Sciences
W1542649433,T12795,Banana Cultivation and Research,0.6317999958992004,Plant Science,Agricultural and Biological Sciences,Life Sciences
W2120644786,T11879,Protist diversity and phylogeny,0.9994999766349792,Molecular Biology,"Biochemistry, Genetics and Molecular Biology",Life Sciences
W2120644786,T10015,Genomics and Phylogenetic Studies,0.9940999746322632,Molecular Biology,"Biochemistry, Genetics and Molecular Biology",Life Sciences
W2120644786,T11048,Bacteriophages and microbial interactions,0.9908999800682068,Ecology,Environmental Science,Physical Sciences
W2162123284,T13531,Surface and Thin Film Phenomena,0.37940001487731934,"Atomic and Molecular Physics, and Optics",Physics and Astronomy,Physical Sciences
W2162123284,T14128,Metallurgical and Alloy Processes,0.37790000438690186,General Materials Science,Materials Science,Physical Sciences
W2163815564,T10301,Mitochondrial Function and Pathology,0.6965000033378601,Molecular Biology,"Biochemistry, Genetics and Molecular Biology",Life Sciences
W2157005274,T11191,Mathematical functions and polynomials,0.9276000261306763,Applied Mathematics,Mathematics,Physical Sciences
W2036897871,T10015,Genomics and Phylogenetic Studies,0.9998999834060669,Molecular Biology,"Biochemistry, Genetics and Molecular Biology",Life Sciences
W2036897871,T11482,RNA modifications and cancer,0.9986000061035156,Molecular Biology,"Biochemistry, Genetics and Molecular Biology",Life Sciences
W2036897871,T10521,RNA and protein synthesis mechanisms,0.9983000159263611,Molecular Biology,"Biochemistry, Genetics and Molecular Biology",Life Sciences
W4392145873,T12267,Diet and metabolism studies,0.9689000248908997,Physiology,Medicine,Health Sciences
W4392145873,T13551,Biochemical effects in animals,0.9628000259399414,Physiology,Medicine,Health Sciences
W4392145873,T12964,"Diet, Metabolism, and Disease",0.9556999802589417,"Endocrinology, Diabetes and Metabolism",Medicine,Health Sciences
W75231382,T13622,Historical and Environmental Studies,0.14380000531673431,Sociology and Political Science,Social Sciences,Social Sciences
W75231382,T13920,Urban Planning and Valuation,0.14020000398159027,"Management, Monitoring, Policy and Law",Environmental Science,Physical Sciences
W2905811773,T10068,Technology Adoption and User Behaviour,0.9690999984741211,Information Systems and Management,Decision Sciences,Social Sciences
W2905811773,T13083,Advanced Text Analysis Techniques,0.9595999717712402,Artificial Intelligence,Computer Science,Physical Sciences
W2905811773,T10154,Customer Service Quality and Loyalty,0.9447000026702881,Organizational Behavior and Human Resource Management,"Business, Management and Accounting",Social Sciences
W2019607817,T12422,Radiomics and Machine Learning in Medical Imaging,0.9998000264167786,"Radiology, Nuclear Medicine and Imaging",Medicine,Health Sciences
W2019607817,T10522,Medical Imaging Techniques and Applications,0.9997000098228455,"Radiology, Nuclear Medicine and Imaging",Medicine,Health Sciences
W2019607817,T10417,Lung Cancer Treatments and Mutations,0.9976999759674072,Pulmonary and Respiratory Medicine,Medicine,Health Sciences
W2116475791,T10206,Meta-analysis and systematic reviews,0.9991000294685364,"Statistics, Probability and Uncertainty",Decision Sciences,Social Sciences
W2116475791,T10416,Traumatic Brain Injury Research,0.9772999882698059,Epidemiology,Medicine,Health Sciences
W2116475791,T10084,Musculoskeletal pain and rehabilitation,0.942799985408783,Pharmacology,Medicine,Health Sciences
W2076452041,T10357,Efficiency Analysis Using DEA,0.9990000128746033,Management Science and Operations Research,Decision Sciences,Social Sciences
W2076452041,T12709,Optimization and Mathematical Programming,0.9943000078201294,Control and Systems Engineering,Engineering,Physical Sciences
W2076452041,T10328,Supply Chain and Inventory Management,0.9890999794006348,Management Information Systems,"Business, Management and Accounting",Social Sciences
W2125078269,T10143,Chronic Obstructive Pulmonary Disease (COPD) Research,1.0,Pulmonary and Respiratory Medicine,Medicine,Health Sciences
W2125078269,T10051,Asthma and respiratory diseases,0.9994999766349792,Physiology,Medicine,Health Sciences
W2125078269,T10322,Respiratory Support and Mechanisms,0.9965999722480774,Pulmonary and Respiratory Medicine,Medicine,Health Sciences
W2133766618,T12880,Qualitative Research Methods and Applications,0.024399999529123306,Education,Social Sciences,Social Sciences
W2133766618,T12950,Educational Environments and Student Outcomes,0.02019999921321869,Education,Social Sciences,Social Sciences
W2133766618,T13412,Education and Technology Integration,0.016499999910593033,Education,Social Sciences,Social Sciences
W2030966943,T11764,Evolution and Genetic Dynamics,0.9648000001907349,Genetics,"Biochemistry, Genetics and Molecular Biology",Life Sciences
W2030966943,T11901,Bayesian Methods and Mixture Models,0.9490000009536743,Artificial Intelligence,Computer Science,Physical Sciences
W2030966943,T11152,Stochastic processes and statistical mechanics,0.9053000211715698,Mathematical Physics,Mathematics,Physical Sciences
W4254275792,T11901,Bayesian Methods and Mixture Models,0.8130000233650208,Artificial Intelligence,Computer Science,Physical Sciences
W4254275792,T11764,Evolution and Genetic Dynamics,0.7384999990463257,Genetics,"Biochemistry, Genetics and Molecular Biology",Life Sciences
W1997476591,T10594,Genetic and phenotypic traits in livestock,0.9765999913215637,Genetics,"Biochemistry, Genetics and Molecular Biology",Life Sciences
W1997476591,T10012,Genetic diversity and population structure,0.9704999923706055,Genetics,"Biochemistry, Genetics and Molecular Biology",Life Sciences
W1997476591,T11898,Economics of Agriculture and Food Markets,0.9291999936103821,Economics and Econometrics,"Economics, Econometrics and Finance",Social Sciences
W2038600245,T12242,Latin American and Latino Studies,0.39719998836517334,Cultural Studies,Social Sciences,Social Sciences
W2038600245,T13428,Anarchism and Radical Politics,0.361299991607666,Sociology and Political Science,Social Sciences,Social Sciences
W2038600245,T12444,"Art, Politics, and Modernism",0.3346000015735626,Visual Arts and Performing Arts,Arts and Humanities,Social Sciences
W3146083582,T12320,Feminist Epistemology and Gender Studies,0.28040000796318054,Sociology and Political Science,Social Sciences,Social Sciences
W3146083582,T12231,Contemporary Sociological Theory and Practice,0.28029999136924744,Sociology and Political Science,Social Sciences,Social Sciences
W2129660502,T12694,"Categorization, perception, and language",0.949999988079071,Experimental and Cognitive Psychology,Psychology,Social Sciences
W2129660502,T14153,Social Development and Education Research,0.9417999982833862,Education,Social Sciences,Social Sciences
W2129660502,T12880,Qualitative Research Methods and Applications,0.9204000234603882,Education,Social Sciences,Social Sciences
W4292363360,T10320,Neural Networks and Applications,0.951200008392334,Artificial Intelligence,Computer Science,Physical Sciences
W4292363360,T11447,Blind Source Separation Techniques,0.9045000076293945,Signal Processing,Computer Science,Physical Sciences
W2012991711,T13013,Free Radicals and Antioxidants,0.9998999834060669,Organic Chemistry,Chemistry,Physical Sciences
W2012991711,T10035,Phytochemicals and Antioxidant Activities,0.9925000071525574,Biochemistry,Medicine,Health Sciences
W2012991711,T10445,Antioxidant Activity and Oxidative Stress,0.9925000071525574,Biochemistry,Medicine,Health Sciences
W1980564456,T14175,Intuitionistic Fuzzy Systems Applications,0.9843999743461609,Artificial Intelligence,Computer Science,Physical Sciences
W1980564456,T10050,Multi-Criteria Decision Making,0.921999990940094,Management Science and Operations Research,Decision Sciences,Social Sciences
W1980564456,T13608,Advanced Computational Techniques in Science and Engineering,0.9045000076293945,Information Systems,Computer Science,Physical Sciences
W2010094123,T12554,Vitamin C and Antioxidants Research,0.08889999985694885,Nutrition and Dietetics,Nursing,Health Sciences
W2010094123,T10875,Pesticide Exposure and Toxicity,0.04740000143647194,Plant Science,Agricultural and Biological Sciences,Life Sciences
W2098126593,T10012,Genetic diversity and population structure,0.9998000264167786,Genetics,"Biochemistry, Genetics and Molecular Biology",Life Sciences
W2098126593,T10594,Genetic and phenotypic traits in livestock,0.9965000152587891,Genetics,"Biochemistry, Genetics and Molecular Biology",Life Sciences
W2098126593,T10199,Wildlife Ecology and Conservation,0.9932000041007996,Ecology,Environmental Science,Physical Sciences
W2051978340,T11642,Genomics and Rare Diseases,0.9997000098228455,Genetics,"Biochemistry, Genetics and Molecular Biology",Life Sciences
W2051978340,T10769,BRCA gene mutations in cancer,0.9968000054359436,Genetics,"Biochemistry, Genetics and Molecular Biology",Life Sciences
W2051978340,T11287,Cancer Genomics and Diagnostics,0.9842000007629395,Cancer Research,"Biochemistry, Genetics and Molecular Biology",Life Sciences
W2179438025,T10515,Cancer-related molecular mechanisms research,0.9969000220298767,Cancer Research,"Biochemistry, Genetics and Molecular Biology",Life Sciences
W2179438025,T11482,RNA modifications and cancer,0.9969000220298767,Molecular Biology,"Biochemistry, Genetics and Molecular Biology",Life Sciences
W2179438025,T10604,RNA Research and Splicing,0.9954000115394592,Molecular Biology,"Biochemistry, Genetics and Molecular Biology",Life Sciences
W2133856765,T10066,Gut microbiota and health,0.9990000128746033,Molecular Biology,"Biochemistry, Genetics and Molecular Biology",Life Sciences
W2133856765,T10836,Metabolomics and Mass Spectrometry Studies,0.9973999857902527,Molecular Biology,"Biochemistry, Genetics and Molecular Biology",Life Sciences
W2133856765,T10885,Gene expression and cancer classification,0.9894000291824341,Molecular Biology,"Biochemistry, Genetics and Molecular Biology",Life Sciences
W2152239989,T10885,Gene expression and cancer classification,0.9998000264167786,Molecular Biology,"Biochemistry, Genetics and Molecular Biology",Life Sciences
W2152239989,T11970,Molecular Biology Techniques and Applications,0.9965000152587891,Molecular Biology,"Biochemistry, Genetics and Molecular Biology",Life Sciences
W2152239989,T10604,RNA Research and Splicing,0.9948999881744385,Molecular Biology,"Biochemistry, Genetics and Molecular Biology",Life Sciences
W2124985265,T11269,Algorithms and Data Compression,0.9998999834060669,Artificial Intelligence,Computer Science,Physical Sciences
W2124985265,T10015,Genomics and Phylogenetic Studies,0.9993000030517578,Molecular Biology,"Biochemistry, Genetics and Molecular Biology",Life Sciences
W2124985265,T10521,RNA and protein synthesis mechanisms,0.9973000288009644,Molecular Biology,"Biochemistry, Genetics and Molecular Biology",Life Sciences
W2171808845,T10222,Genomics and Chromatin Dynamics,0.9997000098228455,Molecular Biology,"Biochemistry, Genetics and Molecular Biology",Life Sciences
W2171808845,T11213,Genomic variations and chromosomal abnormalities,0.9995999932289124,Genetics,"Biochemistry, Genetics and Molecular Biology",Life Sciences
W2171808845,T10269,Epigenetics and DNA Methylation,0.9965999722480774,Molecular Biology,"Biochemistry, Genetics and Molecular Biology",Life Sciences
W1577577364,T11970,Molecular Biology Techniques and Applications,1.0,Molecular Biology,"Biochemistry, Genetics and Molecular Biology",Life Sciences
W1577577364,T10604,RNA Research and Splicing,0.9857000112533569,Molecular Biology,"Biochemistry, Genetics and Molecular Biology",Life Sciences
W1577577364,T10885,Gene expression and cancer classification,0.9775999784469604,Molecular Biology,"Biochemistry, Genetics and Molecular Biology",Life Sciences
W2138522501,T10001,Geological and Geochemical Analysis,1.0,Geophysics,Earth and Planetary Sciences,Physical Sciences
W2138522501,T10413,High-pressure geophysics and materials,0.9998999834060669,Geophysics,Earth and Planetary Sciences,Physical Sciences
W2138522501,T10110,earthquake and tectonic studies,0.9980999827384949,Geophysics,Earth and Planetary Sciences,Physical Sciences
W2167311298,T11977,Technology Use by Older Adults,0.9997000098228455,Demography,Social Sciences,Social Sciences
W2167311298,T10235,Health disparities and outcomes,0.9951000213623047,Health,Social Sciences,Social Sciences
W2167311298,T12783,"Migration, Aging, and Tourism Studies",0.9891999959945679,Demography,Social Sciences,Social Sciences
W2008854521,T10444,Context-Aware Activity Recognition Systems,0.9998000264167786,Computer Vision and Pattern Recognition,Computer Science,Physical Sciences
W2008854521,T10114,"Balance, Gait, and Falls Prevention",0.9994000196456909,"Physical Therapy, Sports Therapy and Rehabilitation",Health Professions,Health Sciences
W2008854521,T12740,Gait Recognition and Analysis,0.9879000186920166,Biomedical Engineering,Engineering,Physical Sciences
W2073775990,T10161,Rock Mechanics and Modeling,0.9984999895095825,Mechanics of Materials,Engineering,Physical Sciences
W2073775990,T10615,Granular flow and fluidized beds,0.998199999332428,Computational Mechanics,Engineering,Physical Sciences
W2073775990,T10233,Geotechnical Engineering and Soil Mechanics,0.9958000183105469,Civil and Structural Engineering,Engineering,Physical Sciences
W2153000380,T10008,Teacher Education and Leadership Studies,0.9067000150680542,Education,Social Sciences,Social Sciences
W2254735081,T10656,Child and Animal Learning Development,0.06459999829530716,Developmental and Educational Psychology,Psychology,Social Sciences
W2254735081,T10589,Early Childhood Education and Development,0.0430000014603138,Education,Social Sciences,Social Sciences
W2254735081,T11454,Cultural Differences and Values,0.031599998474121094,Social Psychology,Psychology,Social Sciences
W2473786944,T10804,"Health Systems, Economic Evaluations, Quality of Life",0.9997000098228455,Economics and Econometrics,"Economics, Econometrics and Finance",Social Sciences
W2473786944,T12781,Global Health Care Issues,0.9976999759674072,General Health Professions,Health Professions,Health Sciences
W2473786944,T12443,Delphi Technique in Research,0.9817000031471252,Sociology and Political Science,Social Sciences,Social Sciences
W2149868499,T12196,Community Health and Development,0.8745999932289124,General Health Professions,Health Professions,Health Sciences
W2149868499,T12010,Evaluation and Performance Assessment,0.8188999891281128,Management Science and Operations Research,Decision Sciences,Social Sciences
W2149868499,T11981,Qualitative Research Methods and Ethics,0.7786999940872192,Sociology and Political Science,Social Sciences,Social Sciences
W2157300266,T12592,Opinion Dynamics and Social Influence,0.9793000221252441,Statistical and Nonlinear Physics,Physics and Astronomy,Physical Sciences
W2157300266,T10314,Social and Intergroup Psychology,0.9710000157356262,Sociology and Political Science,Social Sciences,Social Sciences
W2157300266,T11895,Social and Cultural Dynamics,0.9603000283241272,Sociology and Political Science,Social Sciences,Social Sciences
W2142635246,T10876,Fault Detection and Control Systems,0.9962999820709229,Control and Systems Engineering,Engineering,Physical Sciences
W2142635246,T12205,Time Series Analysis and Forecasting,0.9889000058174133,Signal Processing,Computer Science,Physical Sciences
W2142635246,T10711,Target Tracking and Data Fusion in Sensor Networks,0.9883000254631042,Artificial Intelligence,Computer Science,Physical Sciences
W2126105956,T10848,Advanced Multi-Objective Optimization Algorithms,0.9998999834060669,Computational Theory and Mathematics,Computer Science,Physical Sciences
W2126105956,T10100,Metaheuristic Optimization Algorithms Research,0.9987999796867371,Artificial Intelligence,Computer Science,Physical Sciences
W2126105956,T11975,Evolutionary Algorithms and Applications,0.9958999752998352,Artificial Intelligence,Computer Science,Physical Sciences
W2133665775,T11165,Image and Video Quality Assessment,0.9998999834060669,Computer Vision and Pattern Recognition,Computer Science,Physical Sciences
W2133665775,T11605,Visual Attention and Saliency Detection,0.9984999895095825,Computer Vision and Pattern Recognition,Computer Science,Physical Sciences
W2133665775,T11659,Advanced Image Fusion Techniques,0.9980999827384949,Media Technology,Engineering,Physical Sciences
W4250955649,T10500,Sparse and Compressive Sensing Techniques,1.0,Computational Mechanics,Engineering,Physical Sciences
W4250955649,T10688,Image and Signal Denoising Methods,0.9998000264167786,Computer Vision and Pattern Recognition,Computer Science,Physical Sciences
W4250955649,T11210,Mathematical Analysis and Transform Methods,0.9988999962806702,Applied Mathematics,Mathematics,Physical Sciences
W2145096794,T10500,Sparse and Compressive Sensing Techniques,0.9994000196456909,Computational Mechanics,Engineering,Physical Sciences
W2145096794,T10688,Image and Signal Denoising Methods,0.9968000054359436,Computer Vision and Pattern Recognition,Computer Science,Physical Sciences
W2145096794,T10522,Medical Imaging Techniques and Applications,0.9847000241279602,"Radiology, Nuclear Medicine and Imaging",Medicine,Health Sciences
W2122111042,T10136,Statistical Methods and Inference,0.9927999973297119,Statistics and Probability,Mathematics,Physical Sciences
W2122111042,T11871,Advanced Statistical Methods and Models,0.9890999794006348,Statistics and Probability,Mathematics,Physical Sciences
W2122111042,T11063,Rough Sets and Fuzzy Logic,0.9883000254631042,Computational Theory and Mathematics,Computer Science,Physical Sciences
W2165698076,T11307,Domain Adaptation and Few-Shot Learning,0.9998000264167786,Artificial Intelligence,Computer Science,Physical Sciences
W2165698076,T12535,Machine Learning and Data Classification,0.9923999905586243,Artificial Intelligence,Computer Science,Physical Sciences
W2165698076,T12072,Machine Learning and Algorithms,0.9847000241279602,Artificial Intelligence,Computer Science,Physical Sciences
W2121863487,T10462,Reinforcement Learning in Robotics,0.9944999814033508,Artificial Intelligence,Computer Science,Physical Sciences
W2121863487,T12761,Data Stream Mining Techniques,0.9864000082015991,Artificial Intelligence,Computer Science,Physical Sciences
W2121863487,T11975,Evolutionary Algorithms and Applications,0.9833999872207642,Artificial Intelligence,Computer Science,Physical Sciences
W4214717370,T10462,Reinforcement Learning in Robotics,0.3736000061035156,Artificial Intelligence,Computer Science,Physical Sciences
W4214717370,T10826,Behavioral and Psychological Studies,0.030400000512599945,Developmental and Educational Psychology,Psychology,Social Sciences
W4214717370,T10320,Neural Networks and Applications,0.01720000058412552,Artificial Intelligence,Computer Science,Physical Sciences
W2412782625,T10036,Advanced Neural Network Applications,0.9998999834060669,Computer Vision and Pattern Recognition,Computer Science,Physical Sciences
W2412782625,T10627,Advanced Image and Video Retrieval Techniques,0.9995999932289124,Computer Vision and Pattern Recognition,Computer Science,Physical Sciences
W2412782625,T10191,Robotics and Sensor-Based Localization,0.9993000030517578,Aerospace Engineering,Engineering,Physical Sciences
W639708223,T10036,Advanced Neural Network Applications,0.9998999834060669,Computer Vision and Pattern Recognition,Computer Science,Physical Sciences
W639708223,T10627,Advanced Image and Video Retrieval Techniques,0.9995999932289124,Computer Vision and Pattern Recognition,Computer Science,Physical Sciences
W639708223,T10331,Video Surveillance and Tracking Methods,0.9983999729156494,Computer Vision and Pattern Recognition,Computer Science,Physical Sciences
W2121947440,T10052,Medical Image Segmentation Techniques,0.9994000196456909,Computer Vision and Pattern Recognition,Computer Science,Physical Sciences
W2121947440,T10627,Advanced Image and Video Retrieval Techniques,0.9962999820709229,Computer Vision and Pattern Recognition,Computer Science,Physical Sciences
W2121947440,T10824,Image Retrieval and Classification Techniques,0.993399977684021,Computer Vision and Pattern Recognition,Computer Science,Physical Sciences
W2049981393,T10191,Robotics and Sensor-Based Localization,0.9991000294685364,Aerospace Engineering,Engineering,Physical Sciences
W2049981393,T12549,Image and Object Detection Techniques,0.9988999962806702,Computer Vision and Pattern Recognition,Computer Science,Physical Sciences
W2049981393,T14339,Image Processing and 3D Reconstruction,0.9987000226974487,Computer Vision and Pattern Recognition,Computer Science,Physical Sciences
W2132984323,T10688,Image and Signal Denoising Methods,0.9976000189781189,Computer Vision and Pattern Recognition,Computer Science,Physical Sciences
W2132984323,T11659,Advanced Image Fusion Techniques,0.9872999787330627,Media Technology,Engineering,Physical Sciences
W2132984323,T13487,Statistical and numerical algorithms,0.942799985408783,Applied Mathematics,Mathematics,Physical Sciences
W2145023731,T10052,Medical Image Segmentation Techniques,0.9986000061035156,Computer Vision and Pattern Recognition,Computer Science,Physical Sciences
W2145023731,T12549,Image and Object Detection Techniques,0.9927999973297119,Computer Vision and Pattern Recognition,Computer Science,Physical Sciences
W2145023731,T10688,Image and Signal Denoising Methods,0.9914000034332275,Computer Vision and Pattern Recognition,Computer Science,Physical Sciences
W2020999234,T10688,Image and Signal Denoising Methods,0.998199999332428,Computer Vision and Pattern Recognition,Computer Science,Physical Sciences
W2020999234,T10500,Sparse and Compressive Sensing Techniques,0.9836999773979187,Computational Mechanics,Engineering,Physical Sciences
W2020999234,T10136,Statistical Methods and Inference,0.9763000011444092,Statistics and Probability,Mathematics,Physical Sciences
W2019207321,T10820,Fuzzy Logic and Control Systems,0.9997000098228455,Artificial Intelligence,Computer Science,Physical Sciences
W2019207321,T10320,Neural Networks and Applications,0.9994999766349792,Artificial Intelligence,Computer Science,Physical Sciences
W2019207321,T10876,Fault Detection and Control Systems,0.9708999991416931,Control and Systems Engineering,Engineering,Physical Sciences
W2079325629,T10820,Fuzzy Logic and Control Systems,0.9995999932289124,Artificial Intelligence,Computer Science,Physical Sciences
W2079325629,T10320,Neural Networks and Applications,0.9853000044822693,Artificial Intelligence,Computer Science,Physical Sciences
W2079325629,T10876,Fault Detection and Control Systems,0.984000027179718,Control and Systems Engineering,Engineering,Physical Sciences
W2133059825,T10057,Face and Expression Recognition,0.4799000024795532,Computer Vision and Pattern Recognition,Computer Science,Physical Sciences
W2133059825,T12111,Industrial Vision Systems and Defect Detection,0.46970000863075256,Industrial and Manufacturing Engineering,Engineering,Physical Sciences
W2133059825,T10320,Neural Networks and Applications,0.4092000126838684,Artificial Intelligence,Computer Science,Physical Sciences
W2044465660,T10824,Image Retrieval and Classification Techniques,0.9993000030517578,Computer Vision and Pattern Recognition,Computer Science,Physical Sciences
W2044465660,T10052,Medical Image Segmentation Techniques,0.9912999868392944,Computer Vision and Pattern Recognition,Computer Science,Physical Sciences
W2044465660,T10689,Remote-Sensing Image Classification,0.9879000186920166,Media Technology,Engineering,Physical Sciences
W2561675875,T10715,Distributed and Parallel Computing Systems,0.07119999825954437,Computer Networks and Communications,Computer Science,Physical Sciences
W2561675875,T12002,"Computability, Logic, AI Algorithms",0.0608999989926815,Computational Theory and Mathematics,Computer Science,Physical Sciences
W2561675875,T10100,Metaheuristic Optimization Algorithms Research,0.058800000697374344,Artificial Intelligence,Computer Science,Physical Sciences
W4211007335,T10820,Fuzzy Logic and Control Systems,0.9715999960899353,Artificial Intelligence,Computer Science,Physical Sciences
W4211007335,T11671,Fuzzy and Soft Set Theory,0.9682000279426575,Management Science and Operations Research,Decision Sciences,Social Sciences
W4211007335,T10050,Multi-Criteria Decision Making,0.954800009727478,Management Science and Operations Research,Decision Sciences,Social Sciences
W246286872,T11097,Cerebral Palsy and Movement Disorders,0.9965999722480774,Psychiatry and Mental health,Medicine,Health Sciences
W246286872,T13591,Pasture and Agricultural Systems,0.9912999868392944,Forestry,Agricultural and Biological Sciences,Life Sciences
W246286872,T11214,Human-Animal Interaction Studies,0.9571999907493591,Genetics,"Biochemistry, Genetics and Molecular Biology",Life Sciences
W1797402740,T11365,Islamic Finance and Banking Studies,0.9907000064849854,Accounting,"Business, Management and Accounting",Social Sciences
W1797402740,T11939,Public-Private Partnership Projects,0.9860000014305115,Strategy and Management,"Business, Management and Accounting",Social Sciences
W1797402740,T12147,Urban and Rural Development Challenges,0.9110999703407288,Urban Studies,Social Sciences,Social Sciences
W2138664283,T10629,Health Policy Implementation Science,0.9962999820709229,General Health Professions,Health Professions,Health Sciences
W2138664283,T10206,Meta-analysis and systematic reviews,0.9951000213623047,"Statistics, Probability and Uncertainty",Decision Sciences,Social Sciences
W2138664283,T11722,Patient Satisfaction in Healthcare,0.9939000010490417,General Health Professions,Health Professions,Health Sciences
W1757407923,T10556,Global Cancer Incidence and Screening,0.9977999925613403,Oncology,Medicine,Health Sciences
W1757407923,T14078,Multiple and Secondary Primary Cancers,0.9850999712944031,Epidemiology,Medicine,Health Sciences
W1757407923,T10552,Colorectal Cancer Screening and Detection,0.9757000207901001,Oncology,Medicine,Health Sciences
W1981989535,T14078,Multiple and Secondary Primary Cancers,0.9986000061035156,Epidemiology,Medicine,Health Sciences
W1981989535,T10556,Global Cancer Incidence and Screening,0.9929999709129333,Oncology,Medicine,Health Sciences
W1981989535,T11369,Genetic factors in colorectal cancer,0.9902999997138977,Pathology and Forensic Medicine,Medicine,Health Sciences
W2614464134,T10766,Urban Heat Island Mitigation,0.9972000122070312,Environmental Engineering,Environmental Science,Physical Sciences
W2614464134,T10029,Climate variability and models,0.9957000017166138,Global and Planetary Change,Environmental Science,Physical Sciences
W2614464134,T10111,Remote Sensing in Agriculture,0.9947999715805054,Ecology,Environmental Science,Physical Sciences
W2112776483,T10029,Climate variability and models,0.9977999925613403,Global and Planetary Change,Environmental Science,Physical Sciences
W2112776483,T11588,Atmospheric and Environmental Gas Dynamics,0.9911999702453613,Global and Planetary Change,Environmental Science,Physical Sciences
W2112776483,T10644,Cryospheric studies and observations,0.9909999966621399,Atmospheric Science,Earth and Planetary Sciences,Physical Sciences
W2117539524,T10627,Advanced Image and Video Retrieval Techniques,0.9998999834060669,Computer Vision and Pattern Recognition,Computer Science,Physical Sciences
W2117539524,T10036,Advanced Neural Network Applications,0.9995999932289124,Computer Vision and Pattern Recognition,Computer Science,Physical Sciences
W2117539524,T10824,Image Retrieval and Classification Techniques,0.9976000189781189,Computer Vision and Pattern Recognition,Computer Science,Physical Sciences
W2031489346,T10627,Advanced Image and Video Retrieval Techniques,0.9998000264167786,Computer Vision and Pattern Recognition,Computer Science,Physical Sciences
W2031489346,T13114,Image Processing Techniques and Applications,0.9987000226974487,Media Technology,Engineering,Physical Sciences
W2031489346,T11307,Domain Adaptation and Few-Shot Learning,0.9962000250816345,Artificial Intelligence,Computer Science,Physical Sciences
W2151103935,T10191,Robotics and Sensor-Based Localization,0.9998000264167786,Aerospace Engineering,Engineering,Physical Sciences
W2151103935,T10627,Advanced Image and Video Retrieval Techniques,0.9998000264167786,Computer Vision and Pattern Recognition,Computer Science,Physical Sciences
W2151103935,T12549,Image and Object Detection Techniques,0.9997000098228455,Computer Vision and Pattern Recognition,Computer Science,Physical Sciences
W2104095591,T10531,Advanced Vision and Imaging,0.9998999834060669,Computer Vision and Pattern Recognition,Computer Science,Physical Sciences
W2104095591,T10481,Computer Graphics and Visualization Techniques,0.9987999796867371,Computer Graphics and Computer-Aided Design,Computer Science,Physical Sciences
W2104095591,T10191,Robotics and Sensor-Based Localization,0.9980999827384949,Aerospace Engineering,Engineering,Physical Sciences
W1513281941,T14325,Diverse Specialized Academic Research,0.00989999994635582,Economics and Econometrics,"Economics, Econometrics and Finance",Social Sciences
W1513281941,T12633,Legal case studies and regulations,0.008200000040233135,Political Science and International Relations,Social Sciences,Social Sciences
W1513281941,T13370,Diverse Scientific and Economic Studies,0.00800000037997961,Economics and Econometrics,"Economics, Econometrics and Finance",Social Sciences
W1517701247,T10703,Business Process Modeling and Analysis,0.9958000183105469,Management Information Systems,"Business, Management and Accounting",Social Sciences
W1517701247,T10639,Advanced Software Engineering Methodologies,0.9898999929428101,Artificial Intelligence,Computer Science,Physical Sciences
W1517701247,T10260,Software Engineering Research,0.9873999953269958,Information Systems,Computer Science,Physical Sciences
W2390008750,T12010,Evaluation and Performance Assessment,0.05909999832510948,Management Science and Operations Research,Decision Sciences,Social Sciences
W2390008750,T11994,Human Resource Development and Performance Evaluation,0.04820000007748604,Applied Psychology,Psychology,Social Sciences
W79229537,T12182,Evolution and Science Education,0.027799999341368675,History and Philosophy of Science,Arts and Humanities,Social Sciences
W79229537,T10778,Philosophy and History of Science,0.01720000058412552,History and Philosophy of Science,Arts and Humanities,Social Sciences
W79229537,T13005,Religious Studies and Spiritual Practices,0.012500000186264515,Philosophy,Arts and Humanities,Social Sciences
W2000380427,T14484,Technology and Data Analysis,0.18359999358654022,Information Systems,Computer Science,Physical Sciences
W2075950485,T11639,Mental Health and Patient Involvement,0.9904000163078308,General Health Professions,Health Professions,Health Sciences
W2075950485,T10235,Health disparities and outcomes,0.9751999974250793,Health,Social Sciences,Social Sciences
W2075950485,T11376,Geriatric Care and Nursing Homes,0.973800003528595,General Health Professions,Health Professions,Health Sciences
W2004038836,T12903,Globalization and Cultural Identity,0.1298999935388565,Sociology and Political Science,Social Sciences,Social Sciences
W3008028633,T10041,COVID-19 Clinical Research Studies,0.9983999729156494,Infectious Diseases,Medicine,Health Sciences
W3008028633,T10410,COVID-19 epidemiological studies,0.9973999857902527,Modeling and Simulation,Mathematics,Physical Sciences
W3008028633,T10168,COVID-19 and Mental Health,0.9952999949455261,Clinical Psychology,Psychology,Social Sciences
W3005079553,T10118,SARS-CoV-2 and COVID-19 Research,0.321399986743927,Infectious Diseases,Medicine,Health Sciences
W3005079553,T10041,COVID-19 Clinical Research Studies,0.2434999942779541,Infectious Diseases,Medicine,Health Sciences
W3005079553,T11368,Long-Term Effects of COVID-19,0.051899999380111694,Neurology,Medicine,Health Sciences
W2280404143,T10218,Sepsis Diagnosis and Treatment,1.0,Epidemiology,Medicine,Health Sciences
W2280404143,T11700,Hemodynamic Monitoring and Therapy,0.989300012588501,Surgery,Medicine,Health Sciences
W2280404143,T10867,Intensive Care Unit Cognitive Disorders,0.9886999726295471,Critical Care and Intensive Care Medicine,Medicine,Health Sciences
W4292528167,T13417,Biomedical Ethics and Regulation,0.570900022983551,Physiology,Medicine,Health Sciences
W2156121263,T10144,Blood Pressure and Hypertension Studies,0.9998000264167786,Cardiology and Cardiovascular Medicine,Medicine,Health Sciences
W2156121263,T12075,Sodium Intake and Health,0.9828000068664551,Nutrition and Dietetics,Nursing,Health Sciences
W2156121263,T10866,Nutritional Studies and Diet,0.9718000292778015,"Public Health, Environmental and Occupational Health",Medicine,Health Sciences
W1593442063,T10694,Menopause: Health Impacts and Treatments,0.9994000196456909,"Endocrinology, Diabetes and Metabolism",Medicine,Health Sciences
W1593442063,T10756,Estrogen and related hormone effects,0.9993000030517578,Genetics,"Biochemistry, Genetics and Molecular Biology",Life Sciences
W1593442063,T12103,Cancer Risks and Factors,0.9961000084877014,Oncology,Medicine,Health Sciences
W4238251256,T10394,Lipoproteins and Cardiovascular Health,0.9605000019073486,Surgery,Medicine,Health Sciences
W1979423827,T10206,Meta-analysis and systematic reviews,0.9968000054359436,"Statistics, Probability and Uncertainty",Decision Sciences,Social Sciences
W1979423827,T11744,Health Sciences Research and Education,0.9696999788284302,General Health Professions,Health Professions,Health Sciences
W2118310760,T10394,Lipoproteins and Cardiovascular Health,0.31310001015663147,Surgery,Medicine,Health Sciences
W2139248078,T11752,Cancer Treatment and Pharmacology,0.9991000294685364,Oncology,Medicine,Health Sciences
W2139248078,T10417,Lung Cancer Treatments and Mutations,0.9948999881744385,Pulmonary and Respiratory Medicine,Medicine,Health Sciences
W2139248078,T10183,Breast Cancer Treatment Studies,0.9934999942779541,Cancer Research,"Biochemistry, Genetics and Molecular Biology",Life Sciences
W2167571044,T10178,Cancer survivorship and care,0.9937999844551086,Oncology,Medicine,Health Sciences
W2167571044,T10307,Head and Neck Cancer Studies,0.9886000156402588,Otorhinolaryngology,Medicine,Health Sciences
W2167571044,T10417,Lung Cancer Treatments and Mutations,0.9732000231742859,Pulmonary and Respiratory Medicine,Medicine,Health Sciences
W2798909945,T10792,Matrix Theory and Algorithms,0.13809999823570251,Computational Theory and Mathematics,Computer Science,Physical Sciences
W4230354434,T14295,Families in Therapy and Culture,0.08940000087022781,Social Psychology,Psychology,Social Sciences
W4230354434,T11148,"Language, Metaphor, and Cognition",0.08619999885559082,Experimental and Cognitive Psychology,Psychology,Social Sciences
W4230354434,T14170,Classical Studies and Philology,0.0778999999165535,Language and Linguistics,Arts and Humanities,Social Sciences
W2067404301,T12790,Nursing Diagnosis and Documentation,0.9689000248908997,"Issues, ethics and legal aspects",Nursing,Health Sciences
W2067404301,T10186,Nursing education and management,0.9599999785423279,Research and Theory,Nursing,Health Sciences
W2067404301,T10254,Innovations in Medical Education,0.9090999960899353,"Public Health, Environmental and Occupational Health",Medicine,Health Sciences
W1933657216,T12788,Space Science and Extraterrestrial Life,0.04569999873638153,Astronomy and Astrophysics,Physics and Astronomy,Physical Sciences
W1933657216,T14350,"Innovation, Sustainability, Human-Machine Systems",0.04479999840259552,Sociology and Political Science,Social Sciences,Social Sciences
W1566830427,T11617,Enzyme Production and Characterization,0.42750000953674316,Biotechnology,"Biochemistry, Genetics and Molecular Biology",Life Sciences
W1566830427,T12388,Identification and Quantification in Food,0.37139999866485596,Molecular Biology,"Biochemistry, Genetics and Molecular Biology",Life Sciences
W2028056984,T11825,Catalysis and Oxidation Reactions,0.9995999932289124,Catalysis,Chemical Engineering,Physical Sciences
W2028056984,T12613,X-ray Diffraction in Crystallography,0.998199999332428,Materials Chemistry,Materials Science,Physical Sciences
W2028056984,T11948,Machine Learning in Materials Science,0.9961000084877014,Materials Chemistry,Materials Science,Physical Sciences
W2059205366,T12613,X-ray Diffraction in Crystallography,0.9961000084877014,Materials Chemistry,Materials Science,Physical Sciences
W2059205366,T10798,Crystallography and molecular interactions,0.9939000010490417,Physical and Theoretical Chemistry,Chemistry,Physical Sciences
W2059205366,T10939,Crystal Structures and Properties,0.9926999807357788,"Electronic, Optical and Magnetic Materials",Materials Science,Physical Sciences
W2163341755,T11162,Enzyme Structure and Function,0.9993000030517578,Materials Chemistry,Materials Science,Physical Sciences
W2163341755,T11881,Crystallization and Solubility Studies,0.998199999332428,Materials Chemistry,Materials Science,Physical Sciences
W2163341755,T10044,Protein Structure and Dynamics,0.9642000198364258,Molecular Biology,"Biochemistry, Genetics and Molecular Biology",Life Sciences
W2063334178,T11162,Enzyme Structure and Function,0.9987999796867371,Materials Chemistry,Materials Science,Physical Sciences
W2063334178,T12613,X-ray Diffraction in Crystallography,0.9987999796867371,Materials Chemistry,Materials Science,Physical Sciences
W2063334178,T11881,Crystallization and Solubility Studies,0.9952999949455261,Materials Chemistry,Materials Science,Physical Sciences
W2059020082,T11881,Crystallization and Solubility Studies,0.9965000152587891,Materials Chemistry,Materials Science,Physical Sciences
W2059020082,T12613,X-ray Diffraction in Crystallography,0.9936000108718872,Materials Chemistry,Materials Science,Physical Sciences
W2059020082,T11401,Minerals Flotation and Separation Techniques,0.9627000093460083,Water Science and Technology,Environmental Science,Physical Sciences
W1986191025,T11162,Enzyme Structure and Function,0.9991000294685364,Materials Chemistry,Materials Science,Physical Sciences
W1986191025,T10044,Protein Structure and Dynamics,0.9962999820709229,Molecular Biology,"Biochemistry, Genetics and Molecular Biology",Life Sciences
W1986191025,T10932,Microbial Metabolic Engineering and Bioproduction,0.9962999820709229,Molecular Biology,"Biochemistry, Genetics and Molecular Biology",Life Sciences
W2016260972,T11949,Nuclear Physics and Applications,0.9975000023841858,Radiation,Physics and Astronomy,Physical Sciences
W2016260972,T12613,X-ray Diffraction in Crystallography,0.9975000023841858,Materials Chemistry,Materials Science,Physical Sciences
W2016260972,T11808,Superconducting Materials and Applications,0.9915000200271606,Biomedical Engineering,Engineering,Physical Sciences
W1966910378,T10007,Monetary Policy and Economic Impact,0.9988999962806702,"General Economics, Econometrics and Finance","Economics, Econometrics and Finance",Social Sciences
W1966910378,T12137,Economic theories and models,0.9767000079154968,Economics and Econometrics,"Economics, Econometrics and Finance",Social Sciences
W1966910378,T11898,Economics of Agriculture and Food Markets,0.963699996471405,Economics and Econometrics,"Economics, Econometrics and Finance",Social Sciences
W2081693079,T10204,Microstructure and mechanical properties,0.9962999820709229,Materials Chemistry,Materials Science,Physical Sciences
W2081693079,T10044,Protein Structure and Dynamics,0.9958000183105469,Molecular Biology,"Biochemistry, Genetics and Molecular Biology",Life Sciences
W2081693079,T11162,Enzyme Structure and Function,0.9947999715805054,Materials Chemistry,Materials Science,Physical Sciences
W2106096361,T10826,Behavioral and Psychological Studies,0.9962000250816345,Developmental and Educational Psychology,Psychology,Social Sciences
W2106096361,T11542,Behavioral Health and Interventions,0.986299991607666,Applied Psychology,Psychology,Social Sciences
W2106096361,T10467,Psychometric Methodologies and Testing,0.9797000288963318,Management Science and Operations Research,Decision Sciences,Social Sciences
W2148143831,T11652,Imbalanced Data Classification Techniques,0.9998000264167786,Artificial Intelligence,Computer Science,Physical Sciences
W2148143831,T11512,Anomaly Detection Techniques and Applications,0.9921000003814697,Artificial Intelligence,Computer Science,Physical Sciences
W2148143831,T11550,Text and Document Classification Technologies,0.991100013256073,Artificial Intelligence,Computer Science,Physical Sciences
W2105934661,T10711,Target Tracking and Data Fusion in Sensor Networks,0.9722999930381775,Artificial Intelligence,Computer Science,Physical Sciences
W2105934661,T12261,Statistical Mechanics and Entropy,0.9398999810218811,Statistical and Nonlinear Physics,Physics and Astronomy,Physical Sciences
W2105934661,T13126,Scientific Research and Discoveries,0.9380000233650208,Statistical and Nonlinear Physics,Physics and Astronomy,Physical Sciences
W2141260882,T12561,bioluminescence and chemiluminescence research,0.9998999834060669,Molecular Biology,"Biochemistry, Genetics and Molecular Biology",Life Sciences
W2141260882,T11393,Biosensors and Analytical Detection,0.9455999732017517,Biomedical Engineering,Engineering,Physical Sciences
W2141260882,T11190,3D Printing in Biomedical Research,0.9423999786376953,Biomedical Engineering,Engineering,Physical Sciences
W1606423922,T10412,Microfluidic and Capillary Electrophoresis Applications,0.9941999912261963,Biomedical Engineering,Engineering,Physical Sciences
W1606423922,T12274,Electrostatics and Colloid Interactions,0.9807000160217285,Physical and Theoretical Chemistry,Chemistry,Physical Sciences
W1606423922,T11393,Biosensors and Analytical Detection,0.9692000150680542,Biomedical Engineering,Engineering,Physical Sciences
W1581414347,T12187,Glutathione Transferases and Polymorphisms,0.9993000030517578,Molecular Biology,"Biochemistry, Genetics and Molecular Biology",Life Sciences
W1581414347,T11332,"Genomics, phytochemicals, and oxidative stress",0.9886000156402588,Molecular Biology,"Biochemistry, Genetics and Molecular Biology",Life Sciences
W1581414347,T14099,Synthesis and Characterization of Heterocyclic Compounds,0.9412999749183655,Organic Chemistry,Chemistry,Physical Sciences
W1625660792,T11162,Enzyme Structure and Function,0.9998000264167786,Materials Chemistry,Materials Science,Physical Sciences
W1625660792,T10044,Protein Structure and Dynamics,0.9994000196456909,Molecular Biology,"Biochemistry, Genetics and Molecular Biology",Life Sciences
W1625660792,T11124,Protein purification and stability,0.9991000294685364,Molecular Biology,"Biochemistry, Genetics and Molecular Biology",Life Sciences
W2168526937,T10407,Lipid Membrane Structure and Behavior,0.9757999777793884,Molecular Biology,"Biochemistry, Genetics and Molecular Biology",Life Sciences
W2168526937,T11027,Metabolism and Genetic Disorders,0.9118000268936157,Clinical Biochemistry,"Biochemistry, Genetics and Molecular Biology",Life Sciences
W2168526937,T10725,RNA Interference and Gene Delivery,0.9009000062942505,Molecular Biology,"Biochemistry, Genetics and Molecular Biology",Life Sciences
W1775749144,T10602,Glycosylation and Glycoproteins Research,0.9678000211715698,Molecular Biology,"Biochemistry, Genetics and Molecular Biology",Life Sciences
W1775749144,T11399,Muscle metabolism and nutrition,0.9509999752044678,Cell Biology,"Biochemistry, Genetics and Molecular Biology",Life Sciences
W1775749144,T14135,Cancer and biochemical research,0.9502000212669373,Molecular Biology,"Biochemistry, Genetics and Molecular Biology",Life Sciences
W1506043065,T11465,Drug-Induced Hepatotoxicity and Protection,0.9088000059127808,Pharmacology,"Pharmacology, Toxicology and Pharmaceutics",Life Sciences
W2153435210,T14506,Historical and Architectural Studies,0.029600000008940697,Archeology,Arts and Humanities,Social Sciences
W2153435210,T10406,Planetary Science and Exploration,0.02250000089406967,Astronomy and Astrophysics,Physics and Astronomy,Physical Sciences
W2153435210,T13443,Mineralogy and Gemology Studies,0.01769999973475933,Geochemistry and Petrology,Earth and Planetary Sciences,Physical Sciences
W2944434778,T11986,Scientific Computing and Data Management,0.9991000294685364,Information Systems and Management,Decision Sciences,Social Sciences
W2944434778,T11937,Research Data Management Practices,0.9916999936103821,Information Systems,Computer Science,Physical Sciences
W2944434778,T11719,Data Quality and Management,0.9807999730110168,Management Science and Operations Research,Decision Sciences,Social Sciences
W2093274439,T11710,Biomedical Text Mining and Ontologies,0.9939000010490417,Molecular Biology,"Biochemistry, Genetics and Molecular Biology",Life Sciences
W2093274439,T10215,Semantic Web and Ontologies,0.9889000058174133,Artificial Intelligence,Computer Science,Physical Sciences
W2093274439,T12601,Web Applications and Data Management,0.9391999840736389,Information Systems,Computer Science,Physical Sciences
W2169821755,T10044,Protein Structure and Dynamics,0.9934999942779541,Molecular Biology,"Biochemistry, Genetics and Molecular Biology",Life Sciences
W2169821755,T10412,Microfluidic and Capillary Electrophoresis Applications,0.991100013256073,Biomedical Engineering,Engineering,Physical Sciences
W2169821755,T10836,Metabolomics and Mass Spectrometry Studies,0.9894999861717224,Molecular Biology,"Biochemistry, Genetics and Molecular Biology",Life Sciences
W1966078827,T10044,Protein Structure and Dynamics,0.9988999962806702,Molecular Biology,"Biochemistry, Genetics and Molecular Biology",Life Sciences
W1966078827,T10683,Mass Spectrometry Techniques and Applications,0.9969000220298767,Spectroscopy,Chemistry,Physical Sciences
W1966078827,T11948,Machine Learning in Materials Science,0.9958000183105469,Materials Chemistry,Materials Science,Physical Sciences
W2327037637,T13309,Reliability and Agreement in Measurement,0.9828000068664551,"Statistics, Probability and Uncertainty",Decision Sciences,Social Sciences
W2327037637,T10206,Meta-analysis and systematic reviews,0.9728999733924866,"Statistics, Probability and Uncertainty",Decision Sciences,Social Sciences
W2000445173,T12246,Chronic Disease Management Strategies,0.9980999827384949,Epidemiology,Medicine,Health Sciences
W2000445173,T11467,Trauma and Emergency Care Studies,0.996399998664856,Emergency Medicine,Medicine,Health Sciences
W2000445173,T11095,Emergency and Acute Care Studies,0.9939000010490417,Emergency Medicine,Medicine,Health Sciences
W2468996569,T10206,Meta-analysis and systematic reviews,0.9997000098228455,"Statistics, Probability and Uncertainty",Decision Sciences,Social Sciences
W2468996569,T11744,Health Sciences Research and Education,0.9965999722480774,General Health Professions,Health Professions,Health Sciences
W2468996569,T10804,"Health Systems, Economic Evaluations, Quality of Life",0.9878000020980835,Economics and Econometrics,"Economics, Econometrics and Finance",Social Sciences
W4292229870,T10206,Meta-analysis and systematic reviews,0.9950000047683716,"Statistics, Probability and Uncertainty",Decision Sciences,Social Sciences
W4292229870,T13309,Reliability and Agreement in Measurement,0.9736999869346619,"Statistics, Probability and Uncertainty",Decision Sciences,Social Sciences
W4292229870,T10629,Health Policy Implementation Science,0.9704999923706055,General Health Professions,Health Professions,Health Sciences
W1562208008,T11542,Behavioral Health and Interventions,0.10790000110864639,Applied Psychology,Psychology,Social Sciences
W1562208008,T11400,Motivation and Self-Concept in Sports,0.027400000020861626,Social Psychology,Psychology,Social Sciences
W1562208008,T10708,Mindfulness and Compassion Interventions,0.021400000900030136,Clinical Psychology,Psychology,Social Sciences
W1987971958,T10799,Data Visualization and Analytics,0.986299991607666,Computer Vision and Pattern Recognition,Computer Science,Physical Sciences
W1987971958,T11106,Data Management and Algorithms,0.9765999913215637,Signal Processing,Computer Science,Physical Sciences
W1987971958,T10637,Advanced Clustering Algorithms Research,0.9578999876976013,Artificial Intelligence,Computer Science,Physical Sciences
W2120902911,T10015,Genomics and Phylogenetic Studies,0.9998000264167786,Molecular Biology,"Biochemistry, Genetics and Molecular Biology",Life Sciences
W2120902911,T11791,Microbial Community Ecology and Physiology,0.9984999895095825,Ecology,Environmental Science,Physical Sciences
W2120902911,T11879,Protist diversity and phylogeny,0.9945999979972839,Molecular Biology,"Biochemistry, Genetics and Molecular Biology",Life Sciences
W2096747776,T10002,Advanced Chemical Physics Studies,0.9998999834060669,"Atomic and Molecular Physics, and Optics",Physics and Astronomy,Physical Sciences
W2096747776,T12646,Inorganic Fluorides and Related Compounds,0.9991999864578247,Inorganic Chemistry,Chemistry,Physical Sciences
W2096747776,T10798,Crystallography and molecular interactions,0.9991000294685364,Physical and Theoretical Chemistry,Chemistry,Physical Sciences
W2132525235,T10002,Advanced Chemical Physics Studies,0.9987999796867371,"Atomic and Molecular Physics, and Optics",Physics and Astronomy,Physical Sciences
W2132525235,T12327,Various Chemistry Research Topics,0.9980999827384949,Physical and Theoretical Chemistry,Chemistry,Physical Sciences
W2132525235,T10798,Crystallography and molecular interactions,0.996399998664856,Physical and Theoretical Chemistry,Chemistry,Physical Sciences
W2134967712,T10211,Computational Drug Discovery Methods,0.9994999766349792,Computational Theory and Mathematics,Computer Science,Physical Sciences
W2134967712,T10044,Protein Structure and Dynamics,0.9987000226974487,Molecular Biology,"Biochemistry, Genetics and Molecular Biology",Life Sciences
W2134967712,T11948,Machine Learning in Materials Science,0.9968000054359436,Materials Chemistry,Materials Science,Physical Sciences
W2105668062,T10211,Computational Drug Discovery Methods,0.9994999766349792,Computational Theory and Mathematics,Computer Science,Physical Sciences
W2105668062,T10526,HIV/AIDS drug development and treatment,0.9980000257492065,Infectious Diseases,Medicine,Health Sciences
W2105668062,T10112,HIV Research and Treatment,0.9977999925613403,Virology,Immunology and Microbiology,Life Sciences
W2044591029,T10002,Advanced Chemical Physics Studies,0.9998000264167786,"Atomic and Molecular Physics, and Optics",Physics and Astronomy,Physical Sciences
W2044591029,T10798,Crystallography and molecular interactions,0.996999979019165,Physical and Theoretical Chemistry,Chemistry,Physical Sciences
W2044591029,T10353,Zeolite Catalysis and Synthesis,0.9957000017166138,Inorganic Chemistry,Chemistry,Physical Sciences
W2171268876,T11177,Spectroscopy and Quantum Chemical Studies,0.9998000264167786,"Atomic and Molecular Physics, and Optics",Physics and Astronomy,Physical Sciences
W2171268876,T10044,Protein Structure and Dynamics,0.9994000196456909,Molecular Biology,"Biochemistry, Genetics and Molecular Biology",Life Sciences
W2171268876,T10002,Advanced Chemical Physics Studies,0.9988999962806702,"Atomic and Molecular Physics, and Optics",Physics and Astronomy,Physical Sciences
W2150981663,T10044,Protein Structure and Dynamics,0.9998000264167786,Molecular Biology,"Biochemistry, Genetics and Molecular Biology",Life Sciences
W2150981663,T11162,Enzyme Structure and Function,0.9994999766349792,Materials Chemistry,Materials Science,Physical Sciences
W2150981663,T10521,RNA and protein synthesis mechanisms,0.9970999956130981,Molecular Biology,"Biochemistry, Genetics and Molecular Biology",Life Sciences
W2147993766,T10432,DNA and Nucleic Acid Chemistry,0.9965000152587891,Molecular Biology,"Biochemistry, Genetics and Molecular Biology",Life Sciences
W2147993766,T10044,Protein Structure and Dynamics,0.9944999814033508,Molecular Biology,"Biochemistry, Genetics and Molecular Biology",Life Sciences
W2147993766,T12327,Various Chemistry Research Topics,0.9919999837875366,Physical and Theoretical Chemistry,Chemistry,Physical Sciences
W2132629607,T10044,Protein Structure and Dynamics,0.9883999824523926,Molecular Biology,"Biochemistry, Genetics and Molecular Biology",Life Sciences
W2132629607,T11986,Scientific Computing and Data Management,0.9794999957084656,Information Systems and Management,Decision Sciences,Social Sciences
W2132629607,T11948,Machine Learning in Materials Science,0.9745000004768372,Materials Chemistry,Materials Science,Physical Sciences
W2128572087,T10044,Protein Structure and Dynamics,0.9871000051498413,Molecular Biology,"Biochemistry, Genetics and Molecular Biology",Life Sciences
W2128572087,T10792,Matrix Theory and Algorithms,0.9843999743461609,Computational Theory and Mathematics,Computer Science,Physical Sciences
W2128572087,T10054,Parallel Computing and Optimization Techniques,0.9836000204086304,Hardware and Architecture,Computer Science,Physical Sciences
W2022950330,T11809,Advanced NMR Techniques and Applications,0.9979000091552734,Spectroscopy,Chemistry,Physical Sciences
W2022950330,T10002,Advanced Chemical Physics Studies,0.9976999759674072,"Atomic and Molecular Physics, and Optics",Physics and Astronomy,Physical Sciences
W2022950330,T12646,Inorganic Fluorides and Related Compounds,0.9945999979972839,Inorganic Chemistry,Chemistry,Physical Sciences
W2019465613,T10054,Parallel Computing and Optimization Techniques,0.9997000098228455,Hardware and Architecture,Computer Science,Physical Sciences
W2019465613,T11269,Algorithms and Data Compression,0.9871000051498413,Artificial Intelligence,Computer Science,Physical Sciences
W2019465613,T12326,Network Packet Processing and Optimization,0.9819999933242798,Hardware and Architecture,Computer Science,Physical Sciences
W2106140689,T13126,Scientific Research and Discoveries,0.9907000064849854,Statistical and Nonlinear Physics,Physics and Astronomy,Physical Sciences
W2106140689,T12044,Advanced Physical and Chemical Molecular Interactions,0.9896000027656555,Physical and Theoretical Chemistry,Chemistry,Physical Sciences
W2106140689,T11261,Quantum chaos and dynamical systems,0.9886000156402588,Statistical and Nonlinear Physics,Physics and Astronomy,Physical Sciences
W1988790447,T12101,Advanced Bandit Algorithms Research,0.9997000098228455,Management Science and Operations Research,Decision Sciences,Social Sciences
W1988790447,T12072,Machine Learning and Algorithms,0.9994000196456909,Artificial Intelligence,Computer Science,Physical Sciences
W1988790447,T11182,Auction Theory and Applications,0.9975000023841858,Management Science and Operations Research,Decision Sciences,Social Sciences
W1985749074,T10355,Impact of Technology on Adolescents,0.9980999827384949,Sociology and Political Science,Social Sciences,Social Sciences
W1985749074,T10557,Social Media and Politics,0.9976000189781189,Communication,Social Sciences,Social Sciences
W1985749074,T10609,Digital Marketing and Social Media,0.9944999814033508,Sociology and Political Science,Social Sciences,Social Sciences
W1997087247,T10098,Ruminant Nutrition and Digestive Physiology,0.998199999332428,Agronomy and Crop Science,Agricultural and Biological Sciences,Life Sciences
W1997087247,T10140,Food composition and properties,0.9979000091552734,Nutrition and Dietetics,Nursing,Health Sciences
W1997087247,T12489,Microbial Metabolites in Food Biotechnology,0.9941999912261963,Nutrition and Dietetics,Nursing,Health Sciences
W3121403162,T11911,Spatial and Panel Data Analysis,0.9991999864578247,Economics and Econometrics,"Economics, Econometrics and Finance",Social Sciences
W3121403162,T10128,Global trade and economics,0.9929999709129333,"General Economics, Econometrics and Finance","Economics, Econometrics and Finance",Social Sciences
W3121403162,T11770,Fiscal Policy and Economic Growth,0.9929999709129333,Economics and Econometrics,"Economics, Econometrics and Finance",Social Sciences
W2035554302,T11911,Spatial and Panel Data Analysis,0.9998999834060669,Economics and Econometrics,"Economics, Econometrics and Finance",Social Sciences
W2035554302,T10007,Monetary Policy and Economic Impact,0.9969000220298767,"General Economics, Econometrics and Finance","Economics, Econometrics and Finance",Social Sciences
W2035554302,T11770,Fiscal Policy and Economic Growth,0.9947999715805054,Economics and Econometrics,"Economics, Econometrics and Finance",Social Sciences
W1999996900,T10007,Monetary Policy and Economic Impact,0.9980000257492065,"General Economics, Econometrics and Finance","Economics, Econometrics and Finance",Social Sciences
W1999996900,T10282,Financial Risk and Volatility Modeling,0.9973000288009644,Finance,"Economics, Econometrics and Finance",Social Sciences
W1999996900,T11059,Market Dynamics and Volatility,0.9944999814033508,Economics and Econometrics,"Economics, Econometrics and Finance",Social Sciences
W2153562738,T10007,Monetary Policy and Economic Impact,0.9958000183105469,"General Economics, Econometrics and Finance","Economics, Econometrics and Finance",Social Sciences
W2153562738,T11059,Market Dynamics and Volatility,0.9905999898910522,Economics and Econometrics,"Economics, Econometrics and Finance",Social Sciences
W2153562738,T10282,Financial Risk and Volatility Modeling,0.9902999997138977,Finance,"Economics, Econometrics and Finance",Social Sciences
W2123036062,T11065,Insect Pest Control Strategies,0.9890000224113464,Plant Science,Agricultural and Biological Sciences,Life Sciences
W2123036062,T11641,Insect and Pesticide Research,0.9883000254631042,Insect Science,Agricultural and Biological Sciences,Life Sciences
W2123036062,T10135,Insect-Plant Interactions and Control,0.9858999848365784,Insect Science,Agricultural and Biological Sciences,Life Sciences
W1663973292,T10136,Statistical Methods and Inference,0.9984999895095825,Statistics and Probability,Mathematics,Physical Sciences
W1663973292,T10688,Image and Signal Denoising Methods,0.9861999750137329,Computer Vision and Pattern Recognition,Computer Science,Physical Sciences
W1663973292,T10770,Soil Geostatistics and Mapping,0.9860000014305115,Environmental Engineering,Environmental Science,Physical Sciences
W1556808170,T12880,Qualitative Research Methods and Applications,0.24040000140666962,Education,Social Sciences,Social Sciences
W1556808170,T12679,Focus Groups and Qualitative Methods,0.017899999395012856,Sociology and Political Science,Social Sciences,Social Sciences
W1556808170,T12143,Place Attachment and Urban Studies,0.01510000042617321,Sociology and Political Science,Social Sciences,Social Sciences
W2120357670,T11148,"Language, Metaphor, and Cognition",0.955299973487854,Experimental and Cognitive Psychology,Psychology,Social Sciences
W2120357670,T10383,"Language, Discourse, Communication Strategies",0.9375,Language and Linguistics,Arts and Humanities,Social Sciences
W2120357670,T10021,EFL/ESL Teaching and Learning,0.9110000133514404,Language and Linguistics,Arts and Humanities,Social Sciences
W1995834279,T10047,Financial Markets and Investment Strategies,0.9997000098228455,Finance,"Economics, Econometrics and Finance",Social Sciences
W1995834279,T11496,Credit Risk and Financial Regulations,0.9980999827384949,Finance,"Economics, Econometrics and Finance",Social Sciences
W1995834279,T10019,Corporate Finance and Governance,0.9923999905586243,Accounting,"Business, Management and Accounting",Social Sciences
W3124114405,T10019,Corporate Finance and Governance,0.996399998664856,Accounting,"Business, Management and Accounting",Social Sciences
W3124114405,T11976,Capital Investment and Risk Analysis,0.9940999746322632,Finance,"Economics, Econometrics and Finance",Social Sciences
W3124114405,T12675,Financial Reporting and Valuation Research,0.9923999905586243,Strategy and Management,"Business, Management and Accounting",Social Sciences
W2752617332,T12137,Economic theories and models,0.9959999918937683,Economics and Econometrics,"Economics, Econometrics and Finance",Social Sciences
W2752617332,T10127,"Banking stability, regulation, efficiency",0.9929999709129333,Finance,"Economics, Econometrics and Finance",Social Sciences
W2752617332,T10047,Financial Markets and Investment Strategies,0.9860000014305115,Finance,"Economics, Econometrics and Finance",Social Sciences
W2132322340,T10272,Mental Health Treatment and Access,0.9993000030517578,Social Psychology,Psychology,Social Sciences
W2132322340,T11071,Treatment of Major Depression,0.9987999796867371,Pharmacology,Medicine,Health Sciences
W2132322340,T10786,Maternal Mental Health During Pregnancy and Postpartum,0.9973000288009644,"Public Health, Environmental and Occupational Health",Medicine,Health Sciences
W1595159159,T11416,Numerical methods for differential equations,0.996399998664856,Numerical Analysis,Mathematics,Physical Sciences
W1595159159,T11694,Fluid Dynamics Simulations and Interactions,0.9962999820709229,Computational Mechanics,Engineering,Physical Sciences
W1595159159,T10339,Advanced Numerical Methods in Computational Mathematics,0.9958999752998352,Computational Mechanics,Engineering,Physical Sciences
W1996299251,T12947,"Health, psychology, and well-being",0.9919000267982483,General Health Professions,Health Professions,Health Sciences
W1996299251,T10475,Psychological Well-being and Life Satisfaction,0.9886999726295471,Social Psychology,Psychology,Social Sciences
W1996299251,T10853,"Anxiety, Depression, Psychometrics, Treatment, Cognitive Processes",0.9836999773979187,Experimental and Cognitive Psychology,Psychology,Social Sciences
W2033904036,T10330,Hydrology and Watershed Management Studies,0.996399998664856,Water Science and Technology,Environmental Science,Physical Sciences
W2033904036,T11490,Hydrological Forecasting Using AI,0.9869999885559082,Environmental Engineering,Environmental Science,Physical Sciences
W2033904036,T10302,Fish Ecology and Management Studies,0.9175000190734863,Nature and Landscape Conservation,Environmental Science,Physical Sciences
W2114918609,T10207,Advanced biosensing and bioanalysis techniques,0.9911999702453613,Molecular Biology,"Biochemistry, Genetics and Molecular Biology",Life Sciences
W2114918609,T10725,RNA Interference and Gene Delivery,0.9659000039100647,Molecular Biology,"Biochemistry, Genetics and Molecular Biology",Life Sciences
W2114918609,T14285,Biopolymer Synthesis and Applications,0.9556999802589417,Molecular Biology,"Biochemistry, Genetics and Molecular Biology",Life Sciences
W2099471712,T10775,Generative Adversarial Networks and Image Synthesis,0.9995999932289124,Computer Vision and Pattern Recognition,Computer Science,Physical Sciences
W2099471712,T11512,Anomaly Detection Techniques and Applications,0.9940000176429749,Artificial Intelligence,Computer Science,Physical Sciences
W2099471712,T12357,Digital Media Forensic Detection,0.9922999739646912,Computer Vision and Pattern Recognition,Computer Science,Physical Sciences
W2187089797,T10799,Data Visualization and Analytics,0.9994999766349792,Computer Vision and Pattern Recognition,Computer Science,Physical Sciences
W2187089797,T10637,Advanced Clustering Algorithms Research,0.9879999756813049,Artificial Intelligence,Computer Science,Physical Sciences
W2187089797,T11106,Data Management and Algorithms,0.9876000285148621,Signal Processing,Computer Science,Physical Sciences
W1880262756,T10181,Natural Language Processing Techniques,0.9983999729156494,Artificial Intelligence,Computer Science,Physical Sciences
W1880262756,T10028,Topic Modeling,0.998199999332428,Artificial Intelligence,Computer Science,Physical Sciences
W1880262756,T11901,Bayesian Methods and Mixture Models,0.9980000257492065,Artificial Intelligence,Computer Science,Physical Sciences
W3124536214,T10003,Innovation and Knowledge Management,0.9911999702453613,Strategy and Management,"Business, Management and Accounting",Social Sciences
W3124536214,T10415,International Business and FDI,0.982200026512146,Strategy and Management,"Business, Management and Accounting",Social Sciences
W3124536214,T11849,Intellectual Capital and Performance Analysis,0.9704999923706055,Strategy and Management,"Business, Management and Accounting",Social Sciences
W2150238850,T10006,Job Satisfaction and Organizational Behavior,0.9943000078201294,Organizational Behavior and Human Resource Management,"Business, Management and Accounting",Social Sciences
W2150238850,T11047,Gender Diversity and Inequality,0.9642999768257141,Gender Studies,Social Sciences,Social Sciences
W2150238850,T10395,Construction Project Management and Performance,0.9520999789237976,Management Science and Operations Research,Decision Sciences,Social Sciences
W2137247419,T10154,Customer Service Quality and Loyalty,1.0,Organizational Behavior and Human Resource Management,"Business, Management and Accounting",Social Sciences
W2137247419,T10068,Technology Adoption and User Behaviour,0.9853000044822693,Information Systems and Management,Decision Sciences,Social Sciences
W2137247419,T10609,Digital Marketing and Social Media,0.9850000143051147,Sociology and Political Science,Social Sciences,Social Sciences
W2013386523,T12428,Global Trade and Competitiveness,0.40630000829696655,Strategy and Management,"Business, Management and Accounting",Social Sciences
W2013386523,T10503,Global Financial Crisis and Policies,0.38100001215934753,Finance,"Economics, Econometrics and Finance",Social Sciences
W2026368098,T10154,Customer Service Quality and Loyalty,0.9998999834060669,Organizational Behavior and Human Resource Management,"Business, Management and Accounting",Social Sciences
W2026368098,T12399,Wine Industry and Tourism,0.9884999990463257,"Tourism, Leisure and Hospitality Management","Business, Management and Accounting",Social Sciences
W2026368098,T11114,Service and Product Innovation,0.984499990940094,Marketing,"Business, Management and Accounting",Social Sciences
W3022607203,T11981,Qualitative Research Methods and Ethics,0.02250000089406967,Sociology and Political Science,Social Sciences,Social Sciences
W3022607203,T12880,Qualitative Research Methods and Applications,0.022299999371170998,Education,Social Sciences,Social Sciences
W3022607203,T12679,Focus Groups and Qualitative Methods,0.009800000116229057,Sociology and Political Science,Social Sciences,Social Sciences
W4235678817,T10467,Psychometric Methodologies and Testing,0.9793999791145325,Management Science and Operations Research,Decision Sciences,Social Sciences
W4235678817,T10050,Multi-Criteria Decision Making,0.9490000009536743,Management Science and Operations Research,Decision Sciences,Social Sciences
W4235678817,T11871,Advanced Statistical Methods and Models,0.9412999749183655,Statistics and Probability,Mathematics,Physical Sciences
W1987258130,T10467,Psychometric Methodologies and Testing,0.9904999732971191,Management Science and Operations Research,Decision Sciences,Social Sciences
W1987258130,T13748,Advanced Statistical Modeling Techniques,0.9409000277519226,Computer Networks and Communications,Computer Science,Physical Sciences
W2313953460,T12205,Time Series Analysis and Forecasting,0.6159999966621399,Signal Processing,Computer Science,Physical Sciences
W2086933933,T10377,Metal and Thin Film Mechanics,0.9998999834060669,Mechanics of Materials,Engineering,Physical Sciences
W2086933933,T10923,Force Microscopy Techniques and Applications,0.9947999715805054,"Atomic and Molecular Physics, and Optics",Physics and Astronomy,Physical Sciences
W2086933933,T11160,Acoustic Wave Resonator Technologies,0.9927999973297119,Biomedical Engineering,Engineering,Physical Sciences
W2055043387,T10015,Genomics and Phylogenetic Studies,0.9991999864578247,Molecular Biology,"Biochemistry, Genetics and Molecular Biology",Life Sciences
W2055043387,T10521,RNA and protein synthesis mechanisms,0.9975000023841858,Molecular Biology,"Biochemistry, Genetics and Molecular Biology",Life Sciences
W2055043387,T10222,Genomics and Chromatin Dynamics,0.9857000112533569,Molecular Biology,"Biochemistry, Genetics and Molecular Biology",Life Sciences
W1975304761,T10044,Protein Structure and Dynamics,0.9998000264167786,Molecular Biology,"Biochemistry, Genetics and Molecular Biology",Life Sciences
W1975304761,T10407,Lipid Membrane Structure and Behavior,0.9962999820709229,Molecular Biology,"Biochemistry, Genetics and Molecular Biology",Life Sciences
W1975304761,T11162,Enzyme Structure and Function,0.9955999851226807,Materials Chemistry,Materials Science,Physical Sciences
W2063450941,T10683,Mass Spectrometry Techniques and Applications,0.9915000200271606,Spectroscopy,Chemistry,Physical Sciences
W2063450941,T11089,Radioactive contamination and transfer,0.9677000045776367,Global and Planetary Change,Environmental Science,Physical Sciences
W2063450941,T10432,DNA and Nucleic Acid Chemistry,0.9674999713897705,Molecular Biology,"Biochemistry, Genetics and Molecular Biology",Life Sciences
W2065461553,T10015,Genomics and Phylogenetic Studies,0.9994999766349792,Molecular Biology,"Biochemistry, Genetics and Molecular Biology",Life Sciences
W2065461553,T10521,RNA and protein synthesis mechanisms,0.9991999864578247,Molecular Biology,"Biochemistry, Genetics and Molecular Biology",Life Sciences
W2065461553,T11764,Evolution and Genetic Dynamics,0.9940000176429749,Genetics,"Biochemistry, Genetics and Molecular Biology",Life Sciences
W2029667189,T10044,Protein Structure and Dynamics,0.9833999872207642,Molecular Biology,"Biochemistry, Genetics and Molecular Biology",Life Sciences
W2029667189,T10492,Microtubule and mitosis dynamics,0.9812999963760376,Cell Biology,"Biochemistry, Genetics and Molecular Biology",Life Sciences
W2029667189,T11162,Enzyme Structure and Function,0.9789999723434448,Materials Chemistry,Materials Science,Physical Sciences
W4234347480,T11053,Process Optimization and Integration,0.08540000021457672,Control and Systems Engineering,Engineering,Physical Sciences
W2114613490,T14313,Health and Well-being Studies,0.26179999113082886,Clinical Psychology,Psychology,Social Sciences
W2128495200,T11447,Blind Source Separation Techniques,0.9998999834060669,Signal Processing,Computer Science,Physical Sciences
W2128495200,T10429,EEG and Brain-Computer Interfaces,0.9995999932289124,Cognitive Neuroscience,Neuroscience,Life Sciences
W2128495200,T10581,Neural dynamics and brain function,0.9961000084877014,Cognitive Neuroscience,Neuroscience,Life Sciences
W4292994367,T10475,Psychological Well-being and Life Satisfaction,0.9045000076293945,Social Psychology,Psychology,Social Sciences
W2148905283,T10475,Psychological Well-being and Life Satisfaction,0.9045000076293945,Social Psychology,Psychology,Social Sciences
W1971440513,T11454,Cultural Differences and Values,0.9943000078201294,Social Psychology,Psychology,Social Sciences
W1971440513,T10182,Child and Adolescent Psychosocial and Emotional Development,0.9922000169754028,Clinical Psychology,Psychology,Social Sciences
W1971440513,T10314,Social and Intergroup Psychology,0.9905999898910522,Sociology and Political Science,Social Sciences,Social Sciences
W4292811746,T10314,Social and Intergroup Psychology,0.47769999504089355,Sociology and Political Science,Social Sciences,Social Sciences
W2149628368,T13777,Cognitive and psychological constructs research,0.9843000173568726,Social Psychology,Psychology,Social Sciences
W2149628368,T13283,Mental Health Research Topics,0.9383000135421753,Experimental and Cognitive Psychology,Psychology,Social Sciences
W2149628368,T12313,Emotions and Moral Behavior,0.9089000225067139,Social Psychology,Psychology,Social Sciences
W2120145199,T10382,Quantum and electron transport phenomena,0.9995999932289124,"Atomic and Molecular Physics, and Optics",Physics and Astronomy,Physical Sciences
W2120145199,T10002,Advanced Chemical Physics Studies,0.9994999766349792,"Atomic and Molecular Physics, and Optics",Physics and Astronomy,Physical Sciences
W2120145199,T10472,Semiconductor materials and devices,0.9994000196456909,Electrical and Electronic Engineering,Engineering,Physical Sciences
W2568476927,T12500,Reflective Practices in Education,0.9046000242233276,Education,Social Sciences,Social Sciences
W3121759882,T10019,Corporate Finance and Governance,0.9995999932289124,Accounting,"Business, Management and Accounting",Social Sciences
W3121759882,T10127,"Banking stability, regulation, efficiency",0.9807000160217285,Finance,"Economics, Econometrics and Finance",Social Sciences
W3121759882,T12509,Corporate Insolvency and Governance,0.979200005531311,Accounting,"Business, Management and Accounting",Social Sciences
W2162484441,T12137,Economic theories and models,0.8988999724388123,Economics and Econometrics,"Economics, Econometrics and Finance",Social Sciences
W2168605160,T10393,Economic Growth and Productivity,0.9995999932289124,Economics and Econometrics,"Economics, Econometrics and Finance",Social Sciences
W2168605160,T12137,Economic theories and models,0.9957000017166138,Economics and Econometrics,"Economics, Econometrics and Finance",Social Sciences
W2168605160,T11770,Fiscal Policy and Economic Growth,0.9941999912261963,Economics and Econometrics,"Economics, Econometrics and Finance",Social Sciences
W2077791698,T12675,Financial Reporting and Valuation Research,0.9955000281333923,Strategy and Management,"Business, Management and Accounting",Social Sciences
W2077791698,T10047,Financial Markets and Investment Strategies,0.9952999949455261,Finance,"Economics, Econometrics and Finance",Social Sciences
W2077791698,T11976,Capital Investment and Risk Analysis,0.9936000108718872,Finance,"Economics, Econometrics and Finance",Social Sciences
W1847168837,T11071,Treatment of Major Depression,0.8402000069618225,Pharmacology,Medicine,Health Sciences
W2131681506,T10064,Complex Network Analysis Techniques,0.9998999834060669,Statistical and Nonlinear Physics,Physics and Astronomy,Physical Sciences
W2131681506,T12592,Opinion Dynamics and Social Influence,0.9904000163078308,Statistical and Nonlinear Physics,Physics and Astronomy,Physical Sciences
W2131681506,T10742,Peer-to-Peer Network Technologies,0.9835000038146973,Computer Networks and Communications,Computer Science,Physical Sciences
W2774486220,T10243,Statistical Methods and Bayesian Inference,0.9905999898910522,Statistics and Probability,Mathematics,Physical Sciences
W2774486220,T11871,Advanced Statistical Methods and Models,0.9883000254631042,Statistics and Probability,Mathematics,Physical Sciences
W2774486220,T13398,Data Analysis with R,0.9850000143051147,Artificial Intelligence,Computer Science,Physical Sciences
W1951724000,T13398,Data Analysis with R,0.9905999898910522,Artificial Intelligence,Computer Science,Physical Sciences
W1951724000,T10243,Statistical Methods and Bayesian Inference,0.9732000231742859,Statistics and Probability,Mathematics,Physical Sciences
W1951724000,T13283,Mental Health Research Topics,0.9253000020980835,Experimental and Cognitive Psychology,Psychology,Social Sciences
W1913957972,T13283,Mental Health Research Topics,0.9894000291824341,Experimental and Cognitive Psychology,Psychology,Social Sciences
W1913957972,T13748,Advanced Statistical Modeling Techniques,0.9693999886512756,Computer Networks and Communications,Computer Science,Physical Sciences
W2139168999,T10206,Meta-analysis and systematic reviews,0.9789000153541565,"Statistics, Probability and Uncertainty",Decision Sciences,Social Sciences
W2139168999,T13398,Data Analysis with R,0.9398000240325928,Artificial Intelligence,Computer Science,Physical Sciences
W2139168999,T11880,Forest ecology and management,0.914900004863739,Nature and Landscape Conservation,Environmental Science,Physical Sciences
W4294541781,T10057,Face and Expression Recognition,0.9937000274658203,Computer Vision and Pattern Recognition,Computer Science,Physical Sciences
W4294541781,T10500,Sparse and Compressive Sensing Techniques,0.9921000003814697,Computational Mechanics,Engineering,Physical Sciences
W4294541781,T10136,Statistical Methods and Inference,0.9918000102043152,Statistics and Probability,Mathematics,Physical Sciences
W2070227796,T11733,X-ray Spectroscopy and Fluorescence Analysis,0.9998999834060669,Radiation,Physics and Astronomy,Physical Sciences
W2070227796,T12386,Advanced X-ray and CT Imaging,0.9987999796867371,Biomedical Engineering,Engineering,Physical Sciences
W2070227796,T12039,Electron and X-Ray Spectroscopy Techniques,0.9980000257492065,"Surfaces, Coatings and Films",Materials Science,Physical Sciences
W2105846236,T10068,Technology Adoption and User Behaviour,0.9729999899864197,Information Systems and Management,Decision Sciences,Social Sciences
W2105846236,T10467,Psychometric Methodologies and Testing,0.9211999773979187,Management Science and Operations Research,Decision Sciences,Social Sciences
W2105846236,T14484,Technology and Data Analysis,0.9207000136375427,Information Systems,Computer Science,Physical Sciences
W4243667233,T13083,Advanced Text Analysis Techniques,0.933899998664856,Artificial Intelligence,Computer Science,Physical Sciences
W2118016181,T10068,Technology Adoption and User Behaviour,0.9463000297546387,Information Systems and Management,Decision Sciences,Social Sciences
W2118016181,T10467,Psychometric Methodologies and Testing,0.921999990940094,Management Science and Operations Research,Decision Sciences,Social Sciences
W2118016181,T13283,Mental Health Research Topics,0.9150999784469604,Experimental and Cognitive Psychology,Psychology,Social Sciences
W2057327293,T10247,Perovskite Materials and Applications,1.0,Electrical and Electronic Engineering,Engineering,Physical Sciences
W2057327293,T10078,Advanced Photocatalysis Techniques,0.9955999851226807,"Renewable Energy, Sustainability and the Environment",Energy,Physical Sciences
W2057327293,T10321,Quantum Dots Synthesis And Properties,0.9937000274658203,Materials Chemistry,Materials Science,Physical Sciences
W4233194460,T13465,"Graphite, nuclear technology, radiation studies",0.8345999717712402,Materials Chemistry,Materials Science,Physical Sciences
W4233194460,T10083,Graphene research and applications,0.8248999714851379,Materials Chemistry,Materials Science,Physical Sciences
W4233194460,T10018,Advancements in Battery Materials,0.7954999804496765,Electrical and Electronic Engineering,Engineering,Physical Sciences
W2314659927,T11746,Inorganic and Organometallic Chemistry,0.6460000276565552,Organic Chemistry,Chemistry,Physical Sciences
W2011254969,T10967,Carbon Dioxide Capture Technologies,0.9771999716758728,Mechanical Engineering,Engineering,Physical Sciences
W2011254969,T10192,Catalytic Processes in Materials Science,0.9563999772071838,Materials Chemistry,Materials Science,Physical Sciences
W2011254969,T11362,Membrane Separation and Gas Transport,0.9491999745368958,Mechanical Engineering,Engineering,Physical Sciences
W1986113254,T13217,Pigment Synthesis and Properties,0.8195000290870667,Inorganic Chemistry,Chemistry,Physical Sciences
W1986113254,T11643,Building materials and conservation,0.7371000051498413,Earth-Surface Processes,Earth and Planetary Sciences,Physical Sciences
W1986113254,T13604,"Adsorption, diffusion, and thermodynamic properties of materials",0.670199990272522,Spectroscopy,Chemistry,Physical Sciences
W4297081765,T13638,Human auditory perception and evaluation,0.013500000350177288,Aerospace Engineering,Engineering,Physical Sciences
W4297081765,T14325,Diverse Specialized Academic Research,0.007499999832361937,Economics and Econometrics,"Economics, Econometrics and Finance",Social Sciences
W4297081765,T14335,Educational Robotics and Engineering,0.005900000222027302,Artificial Intelligence,Computer Science,Physical Sciences
W4301377693,T13638,Human auditory perception and evaluation,0.013500000350177288,Aerospace Engineering,Engineering,Physical Sciences
W4301377693,T14325,Diverse Specialized Academic Research,0.007499999832361937,Economics and Econometrics,"Economics, Econometrics and Finance",Social Sciences
W4301377693,T14335,Educational Robotics and Engineering,0.005900000222027302,Artificial Intelligence,Computer Science,Physical Sciences
W2165758561,T10009,Dementia and Cognitive Impairment Research,0.9998999834060669,Psychiatry and Mental health,Medicine,Health Sciences
W2165758561,T11011,Frailty in Older Adults,0.9861999750137329,Geriatrics and Gerontology,Medicine,Health Sciences
W2165758561,T10804,"Health Systems, Economic Evaluations, Quality of Life",0.9760000109672546,Economics and Econometrics,"Economics, Econometrics and Finance",Social Sciences
W2124624517,T10372,Cardiac Imaging and Diagnostics,0.9998999834060669,"Radiology, Nuclear Medicine and Imaging",Medicine,Health Sciences
W2124624517,T10821,Cardiovascular Function and Risk Factors,0.9998999834060669,Cardiology and Cardiovascular Medicine,Medicine,Health Sciences
W2124624517,T10172,Cardiac Valve Diseases and Treatments,0.9995999932289124,Cardiology and Cardiovascular Medicine,Medicine,Health Sciences
W2044758663,T11901,Bayesian Methods and Mixture Models,0.7031999826431274,Artificial Intelligence,Computer Science,Physical Sciences
W2044758663,T10136,Statistical Methods and Inference,0.6274999976158142,Statistics and Probability,Mathematics,Physical Sciences
W2044758663,T10320,Neural Networks and Applications,0.609000027179718,Artificial Intelligence,Computer Science,Physical Sciences
W2037124948,T12175,Social Representations and Identity,0.4397999942302704,Social Psychology,Psychology,Social Sciences
W3085162807,T10320,Neural Networks and Applications,0.5464000105857849,Artificial Intelligence,Computer Science,Physical Sciences
W2319410825,T11229,Genetics and Plant Breeding,0.5896999835968018,Plant Science,Agricultural and Biological Sciences,Life Sciences
W2319410825,T12310,Crop Yield and Soil Fertility,0.5738999843597412,Agronomy and Crop Science,Agricultural and Biological Sciences,Life Sciences
W2319410825,T10733,Wheat and Barley Genetics and Pathology,0.49889999628067017,Plant Science,Agricultural and Biological Sciences,Life Sciences
W2153222072,T14103,Educational Management and Quality,0.17229999601840973,Information Systems,Computer Science,Physical Sciences
W2153222072,T13349,Educational Research and Analysis,0.17149999737739563,Education,Social Sciences,Social Sciences
W2153222072,T13373,Data Mining and Machine Learning Applications,0.16769999265670776,Information Systems,Computer Science,Physical Sciences
W1667165204,T10876,Fault Detection and Control Systems,0.5985000133514404,Control and Systems Engineering,Engineering,Physical Sciences
W1667165204,T10320,Neural Networks and Applications,0.557699978351593,Artificial Intelligence,Computer Science,Physical Sciences
W1667165204,T14470,Advanced Data Processing Techniques,0.5200999975204468,Control and Systems Engineering,Engineering,Physical Sciences
W1975994995,T10282,Financial Risk and Volatility Modeling,0.7781999707221985,Finance,"Economics, Econometrics and Finance",Social Sciences
W1975994995,T11901,Bayesian Methods and Mixture Models,0.7552000284194946,Artificial Intelligence,Computer Science,Physical Sciences
W1975994995,T11270,Complex Systems and Time Series Analysis,0.6759999990463257,Economics and Econometrics,"Economics, Econometrics and Finance",Social Sciences
W2016381774,T12527,Chemistry and Stereochemistry Studies,0.8418999910354614,Organic Chemistry,Chemistry,Physical Sciences
W4293241248,T10968,Statistical Distribution Estimation and Applications,0.9592999815940857,Statistics and Probability,Mathematics,Physical Sciences
W4293241248,T10243,Statistical Methods and Bayesian Inference,0.9545999765396118,Statistics and Probability,Mathematics,Physical Sciences
W4293241248,T10136,Statistical Methods and Inference,0.9521999955177307,Statistics and Probability,Mathematics,Physical Sciences
W2141394518,T12727,Differential Equations and Numerical Methods,0.9753000140190125,Numerical Analysis,Mathematics,Physical Sciences
W2141394518,T10466,Meteorological Phenomena and Simulations,0.9750000238418579,Atmospheric Science,Earth and Planetary Sciences,Physical Sciences
W2141394518,T10360,Fluid Dynamics and Turbulent Flows,0.9370999932289124,Computational Mechanics,Engineering,Physical Sciences
W2751862591,T10222,Genomics and Chromatin Dynamics,0.9966999888420105,Molecular Biology,"Biochemistry, Genetics and Molecular Biology",Life Sciences
W2751862591,T10604,RNA Research and Splicing,0.9749000072479248,Molecular Biology,"Biochemistry, Genetics and Molecular Biology",Life Sciences
W2751862591,T10521,RNA and protein synthesis mechanisms,0.9642000198364258,Molecular Biology,"Biochemistry, Genetics and Molecular Biology",Life Sciences
W2730193802,T10998,Heat Transfer and Optimization,0.33009999990463257,Mechanical Engineering,Engineering,Physical Sciences
W2730193802,T12044,Advanced Physical and Chemical Molecular Interactions,0.319599986076355,Physical and Theoretical Chemistry,Chemistry,Physical Sciences
W2730193802,T13645,Thermodynamic and Structural Properties of Metals and Alloys,0.2992999851703644,Mechanical Engineering,Engineering,Physical Sciences
W2752885492,T11269,Algorithms and Data Compression,0.15369999408721924,Artificial Intelligence,Computer Science,Physical Sciences
W2752885492,T14500,Advanced Mathematical Theories,0.15080000460147858,Mathematical Physics,Mathematics,Physical Sciences
W2752885492,T12002,"Computability, Logic, AI Algorithms",0.14659999310970306,Computational Theory and Mathematics,Computer Science,Physical Sciences
W3015634246,T11871,Advanced Statistical Methods and Models,0.12700000405311584,Statistics and Probability,Mathematics,Physical Sciences
W3015634246,T13141,Statistical Methods and Applications,0.12520000338554382,Statistics and Probability,Mathematics,Physical Sciences
W3015634246,T14351,Statistical and Computational Modeling,0.10890000313520432,Artificial Intelligence,Computer Science,Physical Sciences
W2162180338,T10393,Economic Growth and Productivity,0.21199999749660492,Economics and Econometrics,"Economics, Econometrics and Finance",Social Sciences
W2162180338,T13498,Economic Development and Digital Transformation,0.18209999799728394,"General Economics, Econometrics and Finance","Economics, Econometrics and Finance",Social Sciences
W2162180338,T14143,Economic and Technological Innovation,0.1678999960422516,Economics and Econometrics,"Economics, Econometrics and Finance",Social Sciences
W2122825543,T10320,Neural Networks and Applications,0.9968000054359436,Artificial Intelligence,Computer Science,Physical Sciences
W2122825543,T10885,Gene expression and cancer classification,0.9889000058174133,Molecular Biology,"Biochemistry, Genetics and Molecular Biology",Life Sciences
W2122825543,T10057,Face and Expression Recognition,0.9871000051498413,Computer Vision and Pattern Recognition,Computer Science,Physical Sciences
W2135046866,T10136,Statistical Methods and Inference,0.9983000159263611,Statistics and Probability,Mathematics,Physical Sciences
W2135046866,T11901,Bayesian Methods and Mixture Models,0.9937999844551086,Artificial Intelligence,Computer Science,Physical Sciences
W2135046866,T11871,Advanced Statistical Methods and Models,0.9858999848365784,Statistics and Probability,Mathematics,Physical Sciences
W2110065044,T11235,Statistical Methods in Clinical Trials,0.9998000264167786,Statistics and Probability,Mathematics,Physical Sciences
W2110065044,T11798,Optimal Experimental Design Methods,0.995199978351593,Management Science and Operations Research,Decision Sciences,Social Sciences
W2110065044,T10243,Statistical Methods and Bayesian Inference,0.9678999781608582,Statistics and Probability,Mathematics,Physical Sciences
W2049633694,T11236,Control Systems and Identification,0.9912999868392944,Control and Systems Engineering,Engineering,Physical Sciences
W2049633694,T10136,Statistical Methods and Inference,0.9908999800682068,Statistics and Probability,Mathematics,Physical Sciences
W2049633694,T12814,Gaussian Processes and Bayesian Inference,0.9804999828338623,Artificial Intelligence,Computer Science,Physical Sciences
W3147894994,T12011,"Insurance, Mortality, Demography, Risk Management",0.9993000030517578,Demography,Social Sciences,Social Sciences
W3147894994,T14509,demographic modeling and climate adaptation,0.9983000159263611,Management Science and Operations Research,Decision Sciences,Social Sciences
W3147894994,T12781,Global Health Care Issues,0.9621999859809875,General Health Professions,Health Professions,Health Sciences
W2087070363,T10640,Spectroscopy and Chemometric Analyses,0.9861000180244446,Analytical Chemistry,Chemistry,Physical Sciences
W2087070363,T11890,Scientific Measurement and Uncertainty Evaluation,0.9189000129699707,"Statistics, Probability and Uncertainty",Decision Sciences,Social Sciences
W2087070363,T10876,Fault Detection and Control Systems,0.9035000205039978,Control and Systems Engineering,Engineering,Physical Sciences
W2063792498,T11764,Evolution and Genetic Dynamics,0.9976999759674072,Genetics,"Biochemistry, Genetics and Molecular Biology",Life Sciences
W2063792498,T11252,Evolutionary Game Theory and Cooperation,0.9969000220298767,Sociology and Political Science,Social Sciences,Social Sciences
W2063792498,T12592,Opinion Dynamics and Social Influence,0.9401999711990356,Statistical and Nonlinear Physics,Physics and Astronomy,Physical Sciences
W2009435671,T10320,Neural Networks and Applications,0.06989999860525131,Artificial Intelligence,Computer Science,Physical Sciences
W2009435671,T14351,Statistical and Computational Modeling,0.06599999964237213,Artificial Intelligence,Computer Science,Physical Sciences
W2009435671,T11890,Scientific Measurement and Uncertainty Evaluation,0.06129999831318855,"Statistics, Probability and Uncertainty",Decision Sciences,Social Sciences
W2607031541,T12280,Magnesium in Health and Disease,1.0,Nutrition and Dietetics,Nursing,Health Sciences
W2607031541,T10516,Parathyroid Disorders and Treatments,0.9775000214576721,Nephrology,Medicine,Health Sciences
W2289205268,T11530,Business and Management Studies,0.8299999833106995,Information Systems and Management,Decision Sciences,Social Sciences
W2175723801,T10785,Economic Theory and Institutions,0.2125999927520752,Economics and Econometrics,"Economics, Econometrics and Finance",Social Sciences
W2175723801,T14464,Community Development and Social Impact,0.20600000023841858,Finance,"Economics, Econometrics and Finance",Social Sciences
W2175723801,T12013,Sustainable Development and Environmental Policy,0.1996999979019165,"Management, Monitoring, Policy and Law",Environmental Science,Physical Sciences
W2884585870,T10036,Advanced Neural Network Applications,1.0,Computer Vision and Pattern Recognition,Computer Science,Physical Sciences
W2884585870,T11307,Domain Adaptation and Few-Shot Learning,0.9991999864578247,Artificial Intelligence,Computer Science,Physical Sciences
W2884585870,T11689,Adversarial Robustness in Machine Learning,0.9979000091552734,Artificial Intelligence,Computer Science,Physical Sciences
W2193145675,T10036,Advanced Neural Network Applications,0.8927000164985657,Computer Vision and Pattern Recognition,Computer Science,Physical Sciences
W2193145675,T12357,Digital Media Forensic Detection,0.017000000923871994,Computer Vision and Pattern Recognition,Computer Science,Physical Sciences
W2193145675,T10775,Generative Adversarial Networks and Image Synthesis,0.011300000362098217,Computer Vision and Pattern Recognition,Computer Science,Physical Sciences
W1901129140,T12859,Cell Image Analysis Techniques,0.9987999796867371,Biophysics,"Biochemistry, Genetics and Molecular Biology",Life Sciences
W1901129140,T10036,Advanced Neural Network Applications,0.9986000061035156,Computer Vision and Pattern Recognition,Computer Science,Physical Sciences
W1901129140,T13114,Image Processing Techniques and Applications,0.9958000183105469,Media Technology,Engineering,Physical Sciences
W1861492603,T10036,Advanced Neural Network Applications,0.9995999932289124,Computer Vision and Pattern Recognition,Computer Science,Physical Sciences
W1861492603,T10627,Advanced Image and Video Retrieval Techniques,0.9994000196456909,Computer Vision and Pattern Recognition,Computer Science,Physical Sciences
W1861492603,T11714,Multimodal Machine Learning Applications,0.996999979019165,Computer Vision and Pattern Recognition,Computer Science,Physical Sciences
W3021722416,T10339,Advanced Numerical Methods in Computational Mathematics,0.9943000078201294,Computational Mechanics,Engineering,Physical Sciences
W3021722416,T11416,Numerical methods for differential equations,0.991599977016449,Numerical Analysis,Mathematics,Physical Sciences
W3021722416,T10792,Matrix Theory and Algorithms,0.9832000136375427,Computational Theory and Mathematics,Computer Science,Physical Sciences
W3124872368,T12751,Leadership and Management in Organizations,0.15379999577999115,Strategy and Management,"Business, Management and Accounting",Social Sciences
W3124872368,T13803,Organizational Strategy and Culture,0.1387999951839447,Organizational Behavior and Human Resource Management,"Business, Management and Accounting",Social Sciences
W3124872368,T13163,Organizational Learning and Leadership,0.13289999961853027,Organizational Behavior and Human Resource Management,"Business, Management and Accounting",Social Sciences
W1820801730,T11891,Big Data and Business Intelligence,0.13339999318122864,Management Information Systems,"Business, Management and Accounting",Social Sciences
W1820801730,T14064,Organizational and Employee Performance,0.11760000139474869,Artificial Intelligence,Computer Science,Physical Sciences
W2065853716,T13013,Free Radicals and Antioxidants,0.9998999834060669,Organic Chemistry,Chemistry,Physical Sciences
W2065853716,T10035,Phytochemicals and Antioxidant Activities,0.9997000098228455,Biochemistry,Medicine,Health Sciences
W2065853716,T10445,Antioxidant Activity and Oxidative Stress,0.9976000189781189,Biochemistry,Medicine,Health Sciences
W1966114254,T12090,Language and cultural evolution,0.48730000853538513,Cultural Studies,Social Sciences,Social Sciences
W1966114254,T11148,"Language, Metaphor, and Cognition",0.4293999969959259,Experimental and Cognitive Psychology,Psychology,Social Sciences
W2118882740,T13504,African history and culture analysis,0.13940000534057617,Political Science and International Relations,Social Sciences,Social Sciences
W2911964244,T10320,Neural Networks and Applications,0.9991999864578247,Artificial Intelligence,Computer Science,Physical Sciences
W2911964244,T10057,Face and Expression Recognition,0.9983000159263611,Computer Vision and Pattern Recognition,Computer Science,Physical Sciences
W2911964244,T12535,Machine Learning and Data Classification,0.9947999715805054,Artificial Intelligence,Computer Science,Physical Sciences
W2912934387,T10320,Neural Networks and Applications,0.4196999967098236,Artificial Intelligence,Computer Science,Physical Sciences
W2912934387,T10538,Data Mining Algorithms and Applications,0.4068000018596649,Information Systems,Computer Science,Physical Sciences
W4212883601,T10320,Neural Networks and Applications,0.9932000041007996,Artificial Intelligence,Computer Science,Physical Sciences
W4212883601,T10538,Data Mining Algorithms and Applications,0.9926999807357788,Information Systems,Computer Science,Physical Sciences
W4212883601,T11063,Rough Sets and Fuzzy Logic,0.9807000160217285,Computational Theory and Mathematics,Computer Science,Physical Sciences
W4239510810,T10320,Neural Networks and Applications,0.9998000264167786,Artificial Intelligence,Computer Science,Physical Sciences
W4239510810,T10057,Face and Expression Recognition,0.9991000294685364,Computer Vision and Pattern Recognition,Computer Science,Physical Sciences
W4239510810,T12676,Machine Learning and ELM,0.9972000122070312,Artificial Intelligence,Computer Science,Physical Sciences
W2119821739,T10320,Neural Networks and Applications,0.9993000030517578,Artificial Intelligence,Computer Science,Physical Sciences
W2119821739,T10057,Face and Expression Recognition,0.9918000102043152,Computer Vision and Pattern Recognition,Computer Science,Physical Sciences
W2119821739,T11447,Blind Source Separation Techniques,0.9753999710083008,Signal Processing,Computer Science,Physical Sciences
W2116199508,T11466,Innovative Education and Learning Practices,0.44589999318122864,Human Factors and Ergonomics,Social Sciences,Social Sciences
W2168569455,T10068,Technology Adoption and User Behaviour,0.9997000098228455,Information Systems and Management,Decision Sciences,Social Sciences
W2168569455,T10609,Digital Marketing and Social Media,0.9950000047683716,Sociology and Political Science,Social Sciences,Social Sciences
W2168569455,T10154,Customer Service Quality and Loyalty,0.987500011920929,Organizational Behavior and Human Resource Management,"Business, Management and Accounting",Social Sciences
W2033943395,T10068,Technology Adoption and User Behaviour,0.9997000098228455,Information Systems and Management,Decision Sciences,Social Sciences
W2033943395,T10609,Digital Marketing and Social Media,0.994700014591217,Sociology and Political Science,Social Sciences,Social Sciences
W2033943395,T12028,Knowledge Management and Sharing,0.9901000261306763,Communication,Social Sciences,Social Sciences
W2129763896,T10357,Efficiency Analysis Using DEA,0.9998000264167786,Management Science and Operations Research,Decision Sciences,Social Sciences
W2129763896,T10393,Economic Growth and Productivity,0.9886000156402588,Economics and Econometrics,"Economics, Econometrics and Finance",Social Sciences
W2129763896,T12709,Optimization and Mathematical Programming,0.9714000225067139,Control and Systems Engineering,Engineering,Physical Sciences
W4300223101,T14500,Advanced Mathematical Theories,0.67330002784729,Mathematical Physics,Mathematics,Physical Sciences
W4300223101,T12516,Advanced Mathematical Theories and Applications,0.5943999886512756,Statistical and Nonlinear Physics,Physics and Astronomy,Physical Sciences
W1989314580,T11798,Optimal Experimental Design Methods,0.9998999834060669,Management Science and Operations Research,Decision Sciences,Social Sciences
W1989314580,T11235,Statistical Methods in Clinical Trials,0.9929999709129333,Statistics and Probability,Mathematics,Physical Sciences
W1989314580,T10848,Advanced Multi-Objective Optimization Algorithms,0.951200008392334,Computational Theory and Mathematics,Computer Science,Physical Sciences
W2172151487,T10235,Health disparities and outcomes,0.9984999895095825,Health,Social Sciences,Social Sciences
W2172151487,T12480,Health and Wellbeing Research,0.9904000163078308,General Health Professions,Health Professions,Health Sciences
W2172151487,T10467,Psychometric Methodologies and Testing,0.972000002861023,Management Science and Operations Research,Decision Sciences,Social Sciences
W4292806894,T12480,Health and Wellbeing Research,0.9793000221252441,General Health Professions,Health Professions,Health Sciences
W4292806894,T10235,Health disparities and outcomes,0.9775000214576721,Health,Social Sciences,Social Sciences
W4292806894,T14212,Health Promotion and Cardiovascular Prevention,0.9319000244140625,"Public Health, Environmental and Occupational Health",Medicine,Health Sciences
W2612891587,T10206,Meta-analysis and systematic reviews,0.8870000243186951,"Statistics, Probability and Uncertainty",Decision Sciences,Social Sciences
W3120740533,T11396,Artificial Intelligence in Healthcare,0.06129999831318855,Health Information Management,Health Professions,Health Sciences
W3120740533,T12535,Machine Learning and Data Classification,0.040300000458955765,Artificial Intelligence,Computer Science,Physical Sciences
W255996521,T13937,"Genetics, Bioinformatics, and Biomedical Research",0.791100025177002,Molecular Biology,"Biochemistry, Genetics and Molecular Biology",Life Sciences
W255996521,T12327,Various Chemistry Research Topics,0.6963000297546387,Physical and Theoretical Chemistry,Chemistry,Physical Sciences
W1573234480,T13820,SAS software applications and methods,0.906499981880188,Biomedical Engineering,Engineering,Physical Sciences
W1590154464,T14103,Educational Management and Quality,0.09589999914169312,Information Systems,Computer Science,Physical Sciences
W3089485186,T12039,Electron and X-Ray Spectroscopy Techniques,0.9961000084877014,"Surfaces, Coatings and Films",Materials Science,Physical Sciences
W3089485186,T12613,X-ray Diffraction in Crystallography,0.9692999720573425,Materials Chemistry,Materials Science,Physical Sciences
W3089485186,T11733,X-ray Spectroscopy and Fluorescence Analysis,0.963699996471405,Radiation,Physics and Astronomy,Physical Sciences
W2888190061,T12805,Cognitive Science and Mapping,0.26420000195503235,Artificial Intelligence,Computer Science,Physical Sciences
W2135943618,T13447,Educational and Psychological Assessments,0.8181999921798706,Developmental and Educational Psychology,Psychology,Social Sciences
W2171129594,T10352,Physical Activity and Health,0.9998000264167786,Physiology,Medicine,Health Sciences
W2171129594,T10010,"Obesity, Physical Activity, Diet",0.9959999918937683,"Public Health, Environmental and Occupational Health",Medicine,Health Sciences
W2171129594,T12241,Children's Physical and Motor Development,0.9879999756813049,Developmental and Educational Psychology,Psychology,Social Sciences
W2004008756,T10157,Sports Performance and Training,0.9868000149726868,Orthopedics and Sports Medicine,Medicine,Health Sciences
W2107277218,T11970,Molecular Biology Techniques and Applications,1.0,Molecular Biology,"Biochemistry, Genetics and Molecular Biology",Life Sciences
W2107277218,T10604,RNA Research and Splicing,0.9629999995231628,Molecular Biology,"Biochemistry, Genetics and Molecular Biology",Life Sciences
W2107277218,T10885,Gene expression and cancer classification,0.9513999819755554,Molecular Biology,"Biochemistry, Genetics and Molecular Biology",Life Sciences
W1559903407,T10908,Analytical Chemistry and Chromatography,0.9851999878883362,Spectroscopy,Chemistry,Physical Sciences
W1559903407,T13013,Free Radicals and Antioxidants,0.9815999865531921,Organic Chemistry,Chemistry,Physical Sciences
W1559903407,T10212,Electrochemical sensors and biosensors,0.977400004863739,Electrical and Electronic Engineering,Engineering,Physical Sciences
W1539796472,T11162,Enzyme Structure and Function,0.9997000098228455,Materials Chemistry,Materials Science,Physical Sciences
W1539796472,T10044,Protein Structure and Dynamics,0.9948999881744385,Molecular Biology,"Biochemistry, Genetics and Molecular Biology",Life Sciences
W1539796472,T10211,Computational Drug Discovery Methods,0.9729999899864197,Computational Theory and Mathematics,Computer Science,Physical Sciences
W191793640,T12412,Enzyme function and inhibition,0.9994000196456909,Molecular Biology,"Biochemistry, Genetics and Molecular Biology",Life Sciences
W191793640,T10212,Electrochemical sensors and biosensors,0.9986000061035156,Electrical and Electronic Engineering,Engineering,Physical Sciences
W191793640,T12302,Advanced Nanomaterials in Catalysis,0.9912999868392944,Materials Chemistry,Materials Science,Physical Sciences
W1977825494,T10991,Game Theory and Voting Systems,0.4406000077724457,Economics and Econometrics,"Economics, Econometrics and Finance",Social Sciences
W1977825494,T10785,Economic Theory and Institutions,0.4339999854564667,Economics and Econometrics,"Economics, Econometrics and Finance",Social Sciences
W1977825494,T13825,Economic Policies and Impacts,0.3813000023365021,Economics and Econometrics,"Economics, Econometrics and Finance",Social Sciences
W2100379340,T10068,Technology Adoption and User Behaviour,0.9998000264167786,Information Systems and Management,Decision Sciences,Social Sciences
W2100379340,T10609,Digital Marketing and Social Media,0.9947999715805054,Sociology and Political Science,Social Sciences,Social Sciences
W2100379340,T10154,Customer Service Quality and Loyalty,0.9896000027656555,Organizational Behavior and Human Resource Management,"Business, Management and Accounting",Social Sciences
W1791587663,T10068,Technology Adoption and User Behaviour,0.9998000264167786,Information Systems and Management,Decision Sciences,Social Sciences
W1791587663,T12028,Knowledge Management and Sharing,0.9921000003814697,Communication,Social Sciences,Social Sciences
W1791587663,T10609,Digital Marketing and Social Media,0.9858999848365784,Sociology and Political Science,Social Sciences,Social Sciences
W2047968138,T10591,Theoretical and Computational Physics,0.9983999729156494,Condensed Matter Physics,Physics and Astronomy,Physical Sciences
W2047968138,T11948,Machine Learning in Materials Science,0.9959999918937683,Materials Chemistry,Materials Science,Physical Sciences
W2047968138,T10049,Magnetic properties of thin films,0.9933000206947327,"Atomic and Molecular Physics, and Optics",Physics and Astronomy,Physical Sciences
W2056330418,T12880,Qualitative Research Methods and Applications,0.3357999920845032,Education,Social Sciences,Social Sciences
W2329223578,T12880,Qualitative Research Methods and Applications,0.13079999387264252,Education,Social Sciences,Social Sciences
W4251751280,T10015,Genomics and Phylogenetic Studies,0.9995999932289124,Molecular Biology,"Biochemistry, Genetics and Molecular Biology",Life Sciences
W4251751280,T11764,Evolution and Genetic Dynamics,0.9994000196456909,Genetics,"Biochemistry, Genetics and Molecular Biology",Life Sciences
W4251751280,T10012,Genetic diversity and population structure,0.9990000128746033,Genetics,"Biochemistry, Genetics and Molecular Biology",Life Sciences
W3005235420,T10015,Genomics and Phylogenetic Studies,0.9998999834060669,Molecular Biology,"Biochemistry, Genetics and Molecular Biology",Life Sciences
W3005235420,T10012,Genetic diversity and population structure,0.9973999857902527,Genetics,"Biochemistry, Genetics and Molecular Biology",Life Sciences
W3005235420,T11354,Evolution and Paleontology Studies,0.9929999709129333,Paleontology,Earth and Planetary Sciences,Physical Sciences
W2799524357,T10015,Genomics and Phylogenetic Studies,0.9941999912261963,Molecular Biology,"Biochemistry, Genetics and Molecular Biology",Life Sciences
W2799524357,T11764,Evolution and Genetic Dynamics,0.9902999997138977,Genetics,"Biochemistry, Genetics and Molecular Biology",Life Sciences
W2799524357,T11975,Evolutionary Algorithms and Applications,0.9890000224113464,Artificial Intelligence,Computer Science,Physical Sciences
W2311203695,T10015,Genomics and Phylogenetic Studies,0.9997000098228455,Molecular Biology,"Biochemistry, Genetics and Molecular Biology",Life Sciences
W2311203695,T11791,Microbial Community Ecology and Physiology,0.9925000071525574,Ecology,Environmental Science,Physical Sciences
W2311203695,T11879,Protist diversity and phylogeny,0.9832000136375427,Molecular Biology,"Biochemistry, Genetics and Molecular Biology",Life Sciences
W2111647009,T10015,Genomics and Phylogenetic Studies,0.9997000098228455,Molecular Biology,"Biochemistry, Genetics and Molecular Biology",Life Sciences
W2111647009,T11269,Algorithms and Data Compression,0.9937999844551086,Artificial Intelligence,Computer Science,Physical Sciences
W2111647009,T10434,Chromosomal and Genetic Variations,0.9858999848365784,Plant Science,Agricultural and Biological Sciences,Life Sciences
W2160378127,T10015,Genomics and Phylogenetic Studies,0.9998999834060669,Molecular Biology,"Biochemistry, Genetics and Molecular Biology",Life Sciences
W2160378127,T10521,RNA and protein synthesis mechanisms,0.9990000128746033,Molecular Biology,"Biochemistry, Genetics and Molecular Biology",Life Sciences
W2160378127,T10120,Bacterial Genetics and Biotechnology,0.9825000166893005,Genetics,"Biochemistry, Genetics and Molecular Biology",Life Sciences
W2152207030,T10015,Genomics and Phylogenetic Studies,0.9997000098228455,Molecular Biology,"Biochemistry, Genetics and Molecular Biology",Life Sciences
W2152207030,T11764,Evolution and Genetic Dynamics,0.9959999918937683,Genetics,"Biochemistry, Genetics and Molecular Biology",Life Sciences
W2152207030,T10012,Genetic diversity and population structure,0.9940000176429749,Genetics,"Biochemistry, Genetics and Molecular Biology",Life Sciences
W2132632499,T10015,Genomics and Phylogenetic Studies,0.9998000264167786,Molecular Biology,"Biochemistry, Genetics and Molecular Biology",Life Sciences
W2132632499,T10012,Genetic diversity and population structure,0.9988999962806702,Genetics,"Biochemistry, Genetics and Molecular Biology",Life Sciences
W2132632499,T11764,Evolution and Genetic Dynamics,0.9962999820709229,Genetics,"Biochemistry, Genetics and Molecular Biology",Life Sciences
W2125121305,T10015,Genomics and Phylogenetic Studies,1.0,Molecular Biology,"Biochemistry, Genetics and Molecular Biology",Life Sciences
W2125121305,T10012,Genetic diversity and population structure,0.994700014591217,Genetics,"Biochemistry, Genetics and Molecular Biology",Life Sciences
W2125121305,T10434,Chromosomal and Genetic Variations,0.986299991607666,Plant Science,Agricultural and Biological Sciences,Life Sciences
W2097706568,T10012,Genetic diversity and population structure,0.9976000189781189,Genetics,"Biochemistry, Genetics and Molecular Biology",Life Sciences
W2097706568,T11354,Evolution and Paleontology Studies,0.9975000023841858,Paleontology,Earth and Planetary Sciences,Physical Sciences
W2097706568,T10015,Genomics and Phylogenetic Studies,0.9973000288009644,Molecular Biology,"Biochemistry, Genetics and Molecular Biology",Life Sciences
W2161339576,T10012,Genetic diversity and population structure,0.9997000098228455,Genetics,"Biochemistry, Genetics and Molecular Biology",Life Sciences
W2161339576,T10751,Forensic and Genetic Research,0.9939000010490417,Genetics,"Biochemistry, Genetics and Molecular Biology",Life Sciences
W2161339576,T11468,Genetic Mapping and Diversity in Plants and Animals,0.9901000261306763,Genetics,"Biochemistry, Genetics and Molecular Biology",Life Sciences
W2004444667,T10012,Genetic diversity and population structure,0.9882000088691711,Genetics,"Biochemistry, Genetics and Molecular Biology",Life Sciences
W2004444667,T11229,Genetics and Plant Breeding,0.9854999780654907,Plant Science,Agricultural and Biological Sciences,Life Sciences
W2004444667,T11764,Evolution and Genetic Dynamics,0.9847999811172485,Genetics,"Biochemistry, Genetics and Molecular Biology",Life Sciences
W1990074132,T11468,Genetic Mapping and Diversity in Plants and Animals,0.9976999759674072,Genetics,"Biochemistry, Genetics and Molecular Biology",Life Sciences
W1990074132,T10261,Genetic Associations and Epidemiology,0.9958999752998352,Genetics,"Biochemistry, Genetics and Molecular Biology",Life Sciences
W1990074132,T10885,Gene expression and cancer classification,0.9955999851226807,Molecular Biology,"Biochemistry, Genetics and Molecular Biology",Life Sciences
W2148941593,T10002,Advanced Chemical Physics Studies,0.9994000196456909,"Atomic and Molecular Physics, and Optics",Physics and Astronomy,Physical Sciences
W2148941593,T10523,Atomic and Molecular Physics,0.9994000196456909,"Atomic and Molecular Physics, and Optics",Physics and Astronomy,Physical Sciences
W2148941593,T12220,Quantum Electrodynamics and Casimir Effect,0.9988999962806702,"Atomic and Molecular Physics, and Optics",Physics and Astronomy,Physical Sciences
W2127322768,T10015,Genomics and Phylogenetic Studies,0.9991999864578247,Molecular Biology,"Biochemistry, Genetics and Molecular Biology",Life Sciences
W2127322768,T10602,Glycosylation and Glycoproteins Research,0.9976000189781189,Molecular Biology,"Biochemistry, Genetics and Molecular Biology",Life Sciences
W2127322768,T11048,Bacteriophages and microbial interactions,0.9876999855041504,Ecology,Environmental Science,Physical Sciences
W2955504961,T12281,Animal testing and alternatives,0.5813999772071838,Small Animals,Veterinary,Health Sciences
W3177828909,T10044,Protein Structure and Dynamics,0.9993000030517578,Molecular Biology,"Biochemistry, Genetics and Molecular Biology",Life Sciences
W3177828909,T12254,Machine Learning in Bioinformatics,0.9975000023841858,Molecular Biology,"Biochemistry, Genetics and Molecular Biology",Life Sciences
W3177828909,T11162,Enzyme Structure and Function,0.9955999851226807,Materials Chemistry,Materials Science,Physical Sciences
W3004280078,T10118,SARS-CoV-2 and COVID-19 Research,1.0,Infectious Diseases,Medicine,Health Sciences
W3004280078,T10041,COVID-19 Clinical Research Studies,0.9970999956130981,Infectious Diseases,Medicine,Health Sciences
W3004280078,T11495,Animal Virus Infections Studies,0.9908000230789185,Animal Science and Zoology,Agricultural and Biological Sciences,Life Sciences
W3035965352,T13650,Computational Physics and Python Applications,0.3926999866962433,Artificial Intelligence,Computer Science,Physical Sciences
W3035965352,T11948,Machine Learning in Materials Science,0.060600001364946365,Materials Chemistry,Materials Science,Physical Sciences
W3035965352,T11986,Scientific Computing and Data Management,0.04740000143647194,Information Systems and Management,Decision Sciences,Social Sciences
W2257979135,T11574,Artificial Intelligence in Games,0.9998000264167786,Artificial Intelligence,Computer Science,Physical Sciences
W2257979135,T11674,Sports Analytics and Performance,0.9943000078201294,Economics and Econometrics,"Economics, Econometrics and Finance",Social Sciences
W2257979135,T10731,Educational Games and Gamification,0.989300012588501,Developmental and Educational Psychology,Psychology,Social Sciences
W2104549677,T10261,Genetic Associations and Epidemiology,0.9994999766349792,Genetics,"Biochemistry, Genetics and Molecular Biology",Life Sciences
W2104549677,T11642,Genomics and Rare Diseases,0.9994999766349792,Genetics,"Biochemistry, Genetics and Molecular Biology",Life Sciences
W2104549677,T10015,Genomics and Phylogenetic Studies,0.9990000128746033,Molecular Biology,"Biochemistry, Genetics and Molecular Biology",Life Sciences
W2919115771,T10775,Generative Adversarial Networks and Image Synthesis,0.9987999796867371,Computer Vision and Pattern Recognition,Computer Science,Physical Sciences
W2919115771,T10320,Neural Networks and Applications,0.9972000122070312,Artificial Intelligence,Computer Science,Physical Sciences
W2919115771,T11512,Anomaly Detection Techniques and Applications,0.9970999956130981,Artificial Intelligence,Computer Science,Physical Sciences
W2145339207,T10581,Neural dynamics and brain function,0.9991000294685364,Cognitive Neuroscience,Neuroscience,Life Sciences
W2145339207,T10448,Memory and Neural Mechanisms,0.9911999702453613,Cognitive Neuroscience,Neuroscience,Life Sciences
W2145339207,T10042,Neural and Behavioral Psychology Studies,0.9879000186920166,Cognitive Neuroscience,Neuroscience,Life Sciences
W2259938310,T10222,Genomics and Chromatin Dynamics,1.0,Molecular Biology,"Biochemistry, Genetics and Molecular Biology",Life Sciences
W2259938310,T10521,RNA and protein synthesis mechanisms,0.9991999864578247,Molecular Biology,"Biochemistry, Genetics and Molecular Biology",Life Sciences
W2259938310,T11482,RNA modifications and cancer,0.9990000128746033,Molecular Biology,"Biochemistry, Genetics and Molecular Biology",Life Sciences
W2006318126,T10018,Advancements in Battery Materials,0.9991999864578247,Electrical and Electronic Engineering,Engineering,Physical Sciences
W2006318126,T11690,Advanced battery technologies research,0.9987999796867371,Electrical and Electronic Engineering,Engineering,Physical Sciences
W2006318126,T10663,Advanced Battery Technologies Research,0.9965999722480774,Automotive Engineering,Engineering,Physical Sciences
W2125284466,T10083,Graphene research and applications,0.9998999834060669,Materials Chemistry,Materials Science,Physical Sciences
W2125284466,T10657,Topological Materials and Phenomena,0.9997000098228455,"Atomic and Molecular Physics, and Optics",Physics and Astronomy,Physical Sciences
W2125284466,T12220,Quantum Electrodynamics and Casimir Effect,0.9991999864578247,"Atomic and Molecular Physics, and Optics",Physics and Astronomy,Physical Sciences
W2168909179,T10521,RNA and protein synthesis mechanisms,0.9991999864578247,Molecular Biology,"Biochemistry, Genetics and Molecular Biology",Life Sciences
W2168909179,T10015,Genomics and Phylogenetic Studies,0.9977999925613403,Molecular Biology,"Biochemistry, Genetics and Molecular Biology",Life Sciences
W2168909179,T10222,Genomics and Chromatin Dynamics,0.9959999918937683,Molecular Biology,"Biochemistry, Genetics and Molecular Biology",Life Sciences
W1949231392,T10018,Advancements in Battery Materials,1.0,Electrical and Electronic Engineering,Engineering,Physical Sciences
W1949231392,T10281,Advanced Battery Materials and Technologies,1.0,Electrical and Electronic Engineering,Engineering,Physical Sciences
W1949231392,T10663,Advanced Battery Technologies Research,1.0,Automotive Engineering,Engineering,Physical Sciences
W2162348455,T10895,Species Distribution and Climate Change,0.9993000030517578,Ecological Modeling,Environmental Science,Physical Sciences
W2162348455,T10005,Ecology and Vegetation Dynamics Studies,0.9990000128746033,Nature and Landscape Conservation,Environmental Science,Physical Sciences
W2162348455,T10199,Wildlife Ecology and Conservation,0.9943000078201294,Ecology,Environmental Science,Physical Sciences
W2097255042,T10885,Gene expression and cancer classification,0.9998000264167786,Molecular Biology,"Biochemistry, Genetics and Molecular Biology",Life Sciences
W2097255042,T11970,Molecular Biology Techniques and Applications,0.9979000091552734,Molecular Biology,"Biochemistry, Genetics and Molecular Biology",Life Sciences
W2097255042,T10222,Genomics and Chromatin Dynamics,0.9973000288009644,Molecular Biology,"Biochemistry, Genetics and Molecular Biology",Life Sciences
W2112090702,T11187,Nonlinear Dynamics and Pattern Formation,0.9991000294685364,Computer Networks and Communications,Computer Science,Physical Sciences
W2112090702,T11513,stochastic dynamics and bifurcation,0.994700014591217,Statistical and Nonlinear Physics,Physics and Astronomy,Physical Sciences
W2112090702,T10621,Gene Regulatory Network Analysis,0.9944000244140625,Molecular Biology,"Biochemistry, Genetics and Molecular Biology",Life Sciences
W2746485780,T12013,Sustainable Development and Environmental Policy,0.9868000149726868,"Management, Monitoring, Policy and Law",Environmental Science,Physical Sciences
W2746485780,T12643,Sustainability and Ecological Systems Analysis,0.9861000180244446,Environmental Engineering,Environmental Science,Physical Sciences
W2746485780,T10841,Economic and Environmental Valuation,0.9736999869346619,Economics and Econometrics,"Economics, Econometrics and Finance",Social Sciences
W2042602209,T10735,Mesoporous Materials and Catalysis,1.0,Materials Chemistry,Materials Science,Physical Sciences
W2042602209,T10353,Zeolite Catalysis and Synthesis,0.9998999834060669,Inorganic Chemistry,Chemistry,Physical Sciences
W2042602209,T11286,Polyoxometalates: Synthesis and Applications,0.9980000257492065,Materials Chemistry,Materials Science,Physical Sciences
W1980216394,T10024,TiO2 Photocatalysis and Solar Cells,0.9998999834060669,"Renewable Energy, Sustainability and the Environment",Energy,Physical Sciences
W1980216394,T10321,Quantum Dots Synthesis And Properties,0.9998000264167786,Materials Chemistry,Materials Science,Physical Sciences
W1980216394,T10078,Advanced Photocatalysis Techniques,0.9994999766349792,"Renewable Energy, Sustainability and the Environment",Energy,Physical Sciences
W2018858346,T10956,Fullerene Chemistry and Applications,1.0,Organic Chemistry,Chemistry,Physical Sciences
W2018858346,T10074,Carbon Nanotubes in Composites,0.9998000264167786,Materials Chemistry,Materials Science,Physical Sciences
W2018858346,T10083,Graphene research and applications,0.9994999766349792,Materials Chemistry,Materials Science,Physical Sciences
W1498436455,T10320,Neural Networks and Applications,0.9998999834060669,Artificial Intelligence,Computer Science,Physical Sciences
W1498436455,T11236,Control Systems and Identification,0.9908000230789185,Control and Systems Engineering,Engineering,Physical Sciences
W1498436455,T11447,Blind Source Separation Techniques,0.9778000116348267,Signal Processing,Computer Science,Physical Sciences
W11476871,T10956,Fullerene Chemistry and Applications,0.9994000196456909,Organic Chemistry,Chemistry,Physical Sciences
W11476871,T11341,Boron and Carbon Nanomaterials Research,0.9936000108718872,Materials Chemistry,Materials Science,Physical Sciences
W11476871,T10523,Atomic and Molecular Physics,0.9855999946594238,"Atomic and Molecular Physics, and Optics",Physics and Astronomy,Physical Sciences
W2030522563,T10602,Glycosylation and Glycoproteins Research,0.9884999990463257,Molecular Biology,"Biochemistry, Genetics and Molecular Biology",Life Sciences
W2030522563,T11016,Monoclonal and Polyclonal Antibodies Research,0.9706000089645386,"Radiology, Nuclear Medicine and Imaging",Medicine,Health Sciences
W2030522563,T11663,Viral Infectious Diseases and Gene Expression in Insects,0.9567000269889832,Molecular Biology,"Biochemistry, Genetics and Molecular Biology",Life Sciences
W2042492216,T11434,Electrochemical Analysis and Applications,0.9487000107765198,Electrochemistry,Chemistry,Physical Sciences
W2042492216,T11472,Analytical Chemistry and Sensors,0.92330002784729,Bioengineering,Chemical Engineering,Physical Sciences
W2100837269,T11048,Bacteriophages and microbial interactions,0.9980000257492065,Ecology,Environmental Science,Physical Sciences
W2100837269,T10015,Genomics and Phylogenetic Studies,0.9837999939918518,Molecular Biology,"Biochemistry, Genetics and Molecular Biology",Life Sciences
W2100837269,T10044,Protein Structure and Dynamics,0.9836000204086304,Molecular Biology,"Biochemistry, Genetics and Molecular Biology",Life Sciences
W2963276645,T10066,Gut microbiota and health,0.9900000095367432,Molecular Biology,"Biochemistry, Genetics and Molecular Biology",Life Sciences
W2963276645,T10836,Metabolomics and Mass Spectrometry Studies,0.9847000241279602,Molecular Biology,"Biochemistry, Genetics and Molecular Biology",Life Sciences
W2963276645,T10885,Gene expression and cancer classification,0.9732999801635742,Molecular Biology,"Biochemistry, Genetics and Molecular Biology",Life Sciences
W2126419817,T10015,Genomics and Phylogenetic Studies,0.9998999834060669,Molecular Biology,"Biochemistry, Genetics and Molecular Biology",Life Sciences
W2126419817,T10521,RNA and protein synthesis mechanisms,0.9991999864578247,Molecular Biology,"Biochemistry, Genetics and Molecular Biology",Life Sciences
W2126419817,T11482,RNA modifications and cancer,0.9980999827384949,Molecular Biology,"Biochemistry, Genetics and Molecular Biology",Life Sciences
W2021341670,T11287,Cancer Genomics and Diagnostics,0.9979000091552734,Cancer Research,"Biochemistry, Genetics and Molecular Biology",Life Sciences
W2021341670,T11289,Single-cell and spatial transcriptomics,0.9966999888420105,Molecular Biology,"Biochemistry, Genetics and Molecular Biology",Life Sciences
W2021341670,T10015,Genomics and Phylogenetic Studies,0.9940999746322632,Molecular Biology,"Biochemistry, Genetics and Molecular Biology",Life Sciences
W2141458291,T10604,RNA Research and Splicing,0.9998999834060669,Molecular Biology,"Biochemistry, Genetics and Molecular Biology",Life Sciences
W2141458291,T11482,RNA modifications and cancer,0.9998000264167786,Molecular Biology,"Biochemistry, Genetics and Molecular Biology",Life Sciences
W2141458291,T10515,Cancer-related molecular mechanisms research,0.9997000098228455,Cancer Research,"Biochemistry, Genetics and Molecular Biology",Life Sciences
W2080752012,T10519,Advanced Proteomics Techniques and Applications,1.0,Spectroscopy,Chemistry,Physical Sciences
W2080752012,T10683,Mass Spectrometry Techniques and Applications,0.9998999834060669,Spectroscopy,Chemistry,Physical Sciences
W2080752012,T10836,Metabolomics and Mass Spectrometry Studies,0.9973999857902527,Molecular Biology,"Biochemistry, Genetics and Molecular Biology",Life Sciences
W2103017472,T10887,Bioinformatics and Genomic Networks,0.9993000030517578,Molecular Biology,"Biochemistry, Genetics and Molecular Biology",Life Sciences
W2103017472,T11710,Biomedical Text Mining and Ontologies,0.9970999956130981,Molecular Biology,"Biochemistry, Genetics and Molecular Biology",Life Sciences
W2103017472,T10932,Microbial Metabolic Engineering and Bioproduction,0.9955000281333923,Molecular Biology,"Biochemistry, Genetics and Molecular Biology",Life Sciences
W2053328406,T10179,Supercapacitor Materials and Fabrication,1.0,"Electronic, Optical and Magnetic Materials",Materials Science,Physical Sciences
W2053328406,T10018,Advancements in Battery Materials,0.9991000294685364,Electrical and Electronic Engineering,Engineering,Physical Sciences
W2053328406,T11690,Advanced battery technologies research,0.9973999857902527,Electrical and Electronic Engineering,Engineering,Physical Sciences
W2014935324,T10083,Graphene research and applications,1.0,Materials Chemistry,Materials Science,Physical Sciences
W2014935324,T10074,Carbon Nanotubes in Composites,0.9983999729156494,Materials Chemistry,Materials Science,Physical Sciences
W2014935324,T10502,Advanced Memory and Neural Computing,0.995199978351593,Electrical and Electronic Engineering,Engineering,Physical Sciences
W3003257820,T13650,Computational Physics and Python Applications,0.5120999813079834,Artificial Intelligence,Computer Science,Physical Sciences
W3003257820,T11986,Scientific Computing and Data Management,0.22429999709129333,Information Systems and Management,Decision Sciences,Social Sciences
W3003257820,T13937,"Genetics, Bioinformatics, and Biomedical Research",0.018200000748038292,Molecular Biology,"Biochemistry, Genetics and Molecular Biology",Life Sciences
W2614081736,T11354,Evolution and Paleontology Studies,0.9983999729156494,Paleontology,Earth and Planetary Sciences,Physical Sciences
W2614081736,T10015,Genomics and Phylogenetic Studies,0.9976000189781189,Molecular Biology,"Biochemistry, Genetics and Molecular Biology",Life Sciences
W2614081736,T10012,Genetic diversity and population structure,0.9839000105857849,Genetics,"Biochemistry, Genetics and Molecular Biology",Life Sciences
W2401404581,T10066,Gut microbiota and health,0.9987999796867371,Molecular Biology,"Biochemistry, Genetics and Molecular Biology",Life Sciences
W2401404581,T10141,Probiotics and Fermented Foods,0.9968000054359436,Food Science,Agricultural and Biological Sciences,Life Sciences
W2401404581,T10428,Reproductive tract infections research,0.9923999905586243,Microbiology,Immunology and Microbiology,Life Sciences
W2102278945,T10015,Genomics and Phylogenetic Studies,0.9998000264167786,Molecular Biology,"Biochemistry, Genetics and Molecular Biology",Life Sciences
W2102278945,T10521,RNA and protein synthesis mechanisms,0.9976000189781189,Molecular Biology,"Biochemistry, Genetics and Molecular Biology",Life Sciences
W2102278945,T11482,RNA modifications and cancer,0.996399998664856,Molecular Biology,"Biochemistry, Genetics and Molecular Biology",Life Sciences
W2088833470,T11791,Microbial Community Ecology and Physiology,0.9994000196456909,Ecology,Environmental Science,Physical Sciences
W2088833470,T10066,Gut microbiota and health,0.9991000294685364,Molecular Biology,"Biochemistry, Genetics and Molecular Biology",Life Sciences
W2088833470,T10015,Genomics and Phylogenetic Studies,0.9988999962806702,Molecular Biology,"Biochemistry, Genetics and Molecular Biology",Life Sciences
W2170551349,T10015,Genomics and Phylogenetic Studies,0.9991999864578247,Molecular Biology,"Biochemistry, Genetics and Molecular Biology",Life Sciences
W2170551349,T11269,Algorithms and Data Compression,0.9864000082015991,Artificial Intelligence,Computer Science,Physical Sciences
W2170551349,T10521,RNA and protein synthesis mechanisms,0.9685999751091003,Molecular Biology,"Biochemistry, Genetics and Molecular Biology",Life Sciences
W2167279371,T12859,Cell Image Analysis Techniques,0.9979000091552734,Biophysics,"Biochemistry, Genetics and Molecular Biology",Life Sciences
W2167279371,T13937,"Genetics, Bioinformatics, and Biomedical Research",0.9979000091552734,Molecular Biology,"Biochemistry, Genetics and Molecular Biology",Life Sciences
W2167279371,T10015,Genomics and Phylogenetic Studies,0.9961000084877014,Molecular Biology,"Biochemistry, Genetics and Molecular Biology",Life Sciences
W1969042907,T10538,Data Mining Algorithms and Applications,0.9638000130653381,Information Systems,Computer Science,Physical Sciences
W1969042907,T11195,Simulation Techniques and Applications,0.9492999911308289,Management Science and Operations Research,Decision Sciences,Social Sciences
W2099540110,T12859,Cell Image Analysis Techniques,0.9998000264167786,Biophysics,"Biochemistry, Genetics and Molecular Biology",Life Sciences
W2099540110,T13937,"Genetics, Bioinformatics, and Biomedical Research",0.9846000075340271,Molecular Biology,"Biochemistry, Genetics and Molecular Biology",Life Sciences
W2099540110,T13114,Image Processing Techniques and Applications,0.9714999794960022,Media Technology,Engineering,Physical Sciences
W2072970694,T10015,Genomics and Phylogenetic Studies,0.9972000122070312,Molecular Biology,"Biochemistry, Genetics and Molecular Biology",Life Sciences
W2072970694,T11791,Microbial Community Ecology and Physiology,0.9919999837875366,Ecology,Environmental Science,Physical Sciences
W2072970694,T10887,Bioinformatics and Genomic Networks,0.9714000225067139,Molecular Biology,"Biochemistry, Genetics and Molecular Biology",Life Sciences
W2115786064,T10275,2D Materials and Applications,1.0,Materials Chemistry,Materials Science,Physical Sciences
W2115786064,T10083,Graphene research and applications,0.9998000264167786,Materials Chemistry,Materials Science,Physical Sciences
W2115786064,T12529,Ga2O3 and related materials,0.9987000226974487,"Electronic, Optical and Magnetic Materials",Materials Science,Physical Sciences
W2114570899,T11970,Molecular Biology Techniques and Applications,0.9998999834060669,Molecular Biology,"Biochemistry, Genetics and Molecular Biology",Life Sciences
W2114570899,T10604,RNA Research and Splicing,0.9937000274658203,Molecular Biology,"Biochemistry, Genetics and Molecular Biology",Life Sciences
W2114570899,T10885,Gene expression and cancer classification,0.9728000164031982,Molecular Biology,"Biochemistry, Genetics and Molecular Biology",Life Sciences
W2158217645,T10887,Bioinformatics and Genomic Networks,0.9998999834060669,Molecular Biology,"Biochemistry, Genetics and Molecular Biology",Life Sciences
W2158217645,T10885,Gene expression and cancer classification,0.9994999766349792,Molecular Biology,"Biochemistry, Genetics and Molecular Biology",Life Sciences
W2158217645,T12254,Machine Learning in Bioinformatics,0.9979000091552734,Molecular Biology,"Biochemistry, Genetics and Molecular Biology",Life Sciences
W2588681363,T11294,Infant Nutrition and Health,1.0,Nutrition and Dietetics,Nursing,Health Sciences
W2588681363,T12150,Intestinal Malrotation and Obstruction Disorders,0.9945999979972839,Surgery,Medicine,Health Sciences
W2588681363,T12460,Pediatric Hepatobiliary Diseases and Treatments,0.9944999814033508,Surgery,Medicine,Health Sciences
W2136922672,T11307,Domain Adaptation and Few-Shot Learning,0.998199999332428,Artificial Intelligence,Computer Science,Physical Sciences
W2136922672,T10775,Generative Adversarial Networks and Image Synthesis,0.9973999857902527,Computer Vision and Pattern Recognition,Computer Science,Physical Sciences
W2136922672,T10320,Neural Networks and Applications,0.9973000288009644,Artificial Intelligence,Computer Science,Physical Sciences
W2064675550,T10320,Neural Networks and Applications,0.9715999960899353,Artificial Intelligence,Computer Science,Physical Sciences
W2064675550,T11307,Domain Adaptation and Few-Shot Learning,0.9226999878883362,Artificial Intelligence,Computer Science,Physical Sciences
W2076063813,T10320,Neural Networks and Applications,0.9990000128746033,Artificial Intelligence,Computer Science,Physical Sciences
W2076063813,T10462,Reinforcement Learning in Robotics,0.9983000159263611,Artificial Intelligence,Computer Science,Physical Sciences
W2076063813,T11307,Domain Adaptation and Few-Shot Learning,0.9983000159263611,Artificial Intelligence,Computer Science,Physical Sciences
W2137983211,T10320,Neural Networks and Applications,0.9987000226974487,Artificial Intelligence,Computer Science,Physical Sciences
W2137983211,T11522,VLSI and FPGA Design Techniques,0.9883999824523926,Electrical and Electronic Engineering,Engineering,Physical Sciences
W2137983211,T11206,Model Reduction and Neural Networks,0.9824000000953674,Statistical and Nonlinear Physics,Physics and Astronomy,Physical Sciences
W1981276685,T10791,Advanced Control Systems Optimization,0.9897000193595886,Control and Systems Engineering,Engineering,Physical Sciences
W1981276685,T10820,Fuzzy Logic and Control Systems,0.9649999737739563,Artificial Intelligence,Computer Science,Physical Sciences
W2058046532,T11304,Advanced Neuroimaging Techniques and Applications,0.9973999857902527,"Radiology, Nuclear Medicine and Imaging",Medicine,Health Sciences
W2058046532,T10241,Functional Brain Connectivity Studies,0.9965999722480774,Cognitive Neuroscience,Neuroscience,Life Sciences
W2058046532,T10052,Medical Image Segmentation Techniques,0.9742000102996826,Computer Vision and Pattern Recognition,Computer Science,Physical Sciences
W2156220037,T10009,Dementia and Cognitive Impairment Research,0.991599977016449,Psychiatry and Mental health,Medicine,Health Sciences
W2156220037,T10086,Alzheimer's disease research and treatments,0.9829000234603882,Physiology,Medicine,Health Sciences
W2156220037,T10706,Traumatic Brain Injury and Neurovascular Disturbances,0.9616000056266785,Neurology,Medicine,Health Sciences
W249845531,T14438,Advanced Scientific Research Methods,0.5947999954223633,Food Science,Agricultural and Biological Sciences,Life Sciences
W249845531,T12621,Hemispheric Asymmetry in Neuroscience,0.5101000070571899,Cognitive Neuroscience,Neuroscience,Life Sciences
W249845531,T12005,Spaceflight effects on biology,0.4860000014305115,Physiology,Medicine,Health Sciences
W2136022845,T12621,Hemispheric Asymmetry in Neuroscience,0.9983000159263611,Cognitive Neuroscience,Neuroscience,Life Sciences
W3001897055,T10118,SARS-CoV-2 and COVID-19 Research,0.9998999834060669,Infectious Diseases,Medicine,Health Sciences
W3001897055,T10976,Viral gastroenteritis research and epidemiology,0.9941999912261963,Infectious Diseases,Medicine,Health Sciences
W3001897055,T10041,COVID-19 Clinical Research Studies,0.9940000176429749,Infectious Diseases,Medicine,Health Sciences
W3008827533,T10041,COVID-19 Clinical Research Studies,0.9998999834060669,Infectious Diseases,Medicine,Health Sciences
W3008827533,T10118,SARS-CoV-2 and COVID-19 Research,0.9995999932289124,Infectious Diseases,Medicine,Health Sciences
W3008827533,T11296,COVID-19 and healthcare impacts,0.9988999962806702,Oncology,Medicine,Health Sciences
W3003668884,T10118,SARS-CoV-2 and COVID-19 Research,0.9998000264167786,Infectious Diseases,Medicine,Health Sciences
W3003668884,T10410,COVID-19 epidemiological studies,0.9995999932289124,Modeling and Simulation,Mathematics,Physical Sciences
W3003668884,T11243,Respiratory viral infections research,0.996399998664856,Epidemiology,Medicine,Health Sciences
W2096287682,T10129,Glioma Diagnosis and Treatment,1.0,Genetics,Medicine,Health Sciences
W2096287682,T11600,Brain Metastases and Treatment,0.996999979019165,Pulmonary and Respiratory Medicine,Medicine,Health Sciences
W2096287682,T10522,Medical Imaging Techniques and Applications,0.9957000017166138,"Radiology, Nuclear Medicine and Imaging",Medicine,Health Sciences
W2158822657,T11339,"Metabolism, Diabetes, and Cancer",0.9994000196456909,Molecular Biology,"Biochemistry, Genetics and Molecular Biology",Life Sciences
W2158822657,T12539,Pharmacology and Obesity Treatment,0.9993000030517578,Pharmacology,Medicine,Health Sciences
W2158822657,T10027,"Diabetes, Cardiovascular Risks, and Lipoproteins",0.9988999962806702,"Endocrinology, Diabetes and Metabolism",Medicine,Health Sciences
W2324841714,T12955,Atherosclerosis and Cardiovascular Diseases,0.9994999766349792,Immunology,Immunology and Microbiology,Life Sciences
W2324841714,T10528,"Adipokines, Inflammation, and Metabolic Diseases",0.9973999857902527,Epidemiology,Medicine,Health Sciences
W2324841714,T10394,Lipoproteins and Cardiovascular Health,0.996999979019165,Surgery,Medicine,Health Sciences
W2769264260,T10027,"Diabetes, Cardiovascular Risks, and Lipoproteins",0.9972000122070312,"Endocrinology, Diabetes and Metabolism",Medicine,Health Sciences
W2769264260,T10560,Diabetes Management and Research,0.9945999979972839,"Endocrinology, Diabetes and Metabolism",Medicine,Health Sciences
W2769264260,T10170,Retinal Diseases and Treatments,0.9944000244140625,Ophthalmology,Medicine,Health Sciences
W2128158076,T10597,Nuclear reactor physics and engineering,0.9969000220298767,Aerospace Engineering,Engineering,Physical Sciences
W2128158076,T11044,Particle Detector Development and Performance,0.9969000220298767,Nuclear and High Energy Physics,Physics and Astronomy,Physical Sciences
W2128158076,T11176,Radiation Therapy and Dosimetry,0.9966999888420105,Pulmonary and Respiratory Medicine,Medicine,Health Sciences
W2900569176,T10887,Bioinformatics and Genomic Networks,0.9998999834060669,Molecular Biology,"Biochemistry, Genetics and Molecular Biology",Life Sciences
W2900569176,T10932,Microbial Metabolic Engineering and Bioproduction,0.9864000082015991,Molecular Biology,"Biochemistry, Genetics and Molecular Biology",Life Sciences
W2900569176,T11710,Biomedical Text Mining and Ontologies,0.9782999753952026,Molecular Biology,"Biochemistry, Genetics and Molecular Biology",Life Sciences
W2146512944,T11970,Molecular Biology Techniques and Applications,0.9991999864578247,Molecular Biology,"Biochemistry, Genetics and Molecular Biology",Life Sciences
W2146512944,T10885,Gene expression and cancer classification,0.9991000294685364,Molecular Biology,"Biochemistry, Genetics and Molecular Biology",Life Sciences
W2146512944,T10604,RNA Research and Splicing,0.9988999962806702,Molecular Biology,"Biochemistry, Genetics and Molecular Biology",Life Sciences
W2034285706,T10015,Genomics and Phylogenetic Studies,0.9997000098228455,Molecular Biology,"Biochemistry, Genetics and Molecular Biology",Life Sciences
W2034285706,T11791,Microbial Community Ecology and Physiology,0.9980000257492065,Ecology,Environmental Science,Physical Sciences
W2034285706,T11482,RNA modifications and cancer,0.9887999892234802,Molecular Biology,"Biochemistry, Genetics and Molecular Biology",Life Sciences
W2132926880,T10015,Genomics and Phylogenetic Studies,0.9998999834060669,Molecular Biology,"Biochemistry, Genetics and Molecular Biology",Life Sciences
W2132926880,T10521,RNA and protein synthesis mechanisms,0.9936000108718872,Molecular Biology,"Biochemistry, Genetics and Molecular Biology",Life Sciences
W2132926880,T10602,Glycosylation and Glycoproteins Research,0.989300012588501,Molecular Biology,"Biochemistry, Genetics and Molecular Biology",Life Sciences
W2127774996,T10015,Genomics and Phylogenetic Studies,0.9998000264167786,Molecular Biology,"Biochemistry, Genetics and Molecular Biology",Life Sciences
W2127774996,T11269,Algorithms and Data Compression,0.9896000027656555,Artificial Intelligence,Computer Science,Physical Sciences
W2127774996,T10521,RNA and protein synthesis mechanisms,0.9843999743461609,Molecular Biology,"Biochemistry, Genetics and Molecular Biology",Life Sciences
W2108244474,T11970,Molecular Biology Techniques and Applications,0.9994999766349792,Molecular Biology,"Biochemistry, Genetics and Molecular Biology",Life Sciences
W2108244474,T11316,Mycobacterium research and diagnosis,0.9617000222206116,Epidemiology,Medicine,Health Sciences
W2108244474,T10885,Gene expression and cancer classification,0.9578999876976013,Molecular Biology,"Biochemistry, Genetics and Molecular Biology",Life Sciences
W4294216483,T10932,Microbial Metabolic Engineering and Bioproduction,0.9645000100135803,Molecular Biology,"Biochemistry, Genetics and Molecular Biology",Life Sciences
W4294216483,T10887,Bioinformatics and Genomic Networks,0.927299976348877,Molecular Biology,"Biochemistry, Genetics and Molecular Biology",Life Sciences
W4294216483,T13937,"Genetics, Bioinformatics, and Biomedical Research",0.9171000123023987,Molecular Biology,"Biochemistry, Genetics and Molecular Biology",Life Sciences
W2130479394,T10044,Protein Structure and Dynamics,0.9986000061035156,Molecular Biology,"Biochemistry, Genetics and Molecular Biology",Life Sciences
W2130479394,T11162,Enzyme Structure and Function,0.9957000017166138,Materials Chemistry,Materials Science,Physical Sciences
W2130479394,T10887,Bioinformatics and Genomic Networks,0.9901000261306763,Molecular Biology,"Biochemistry, Genetics and Molecular Biology",Life Sciences
W2159482845,T10887,Bioinformatics and Genomic Networks,0.9980999827384949,Molecular Biology,"Biochemistry, Genetics and Molecular Biology",Life Sciences
W2159482845,T10015,Genomics and Phylogenetic Studies,0.9980000257492065,Molecular Biology,"Biochemistry, Genetics and Molecular Biology",Life Sciences
W2159482845,T10932,Microbial Metabolic Engineering and Bioproduction,0.996999979019165,Molecular Biology,"Biochemistry, Genetics and Molecular Biology",Life Sciences
W2158714788,T10015,Genomics and Phylogenetic Studies,0.9990000128746033,Molecular Biology,"Biochemistry, Genetics and Molecular Biology",Life Sciences
W2158714788,T11269,Algorithms and Data Compression,0.9904000163078308,Artificial Intelligence,Computer Science,Physical Sciences
W2158714788,T10521,RNA and protein synthesis mechanisms,0.9884999990463257,Molecular Biology,"Biochemistry, Genetics and Molecular Biology",Life Sciences
W2097382368,T10015,Genomics and Phylogenetic Studies,0.9969000220298767,Molecular Biology,"Biochemistry, Genetics and Molecular Biology",Life Sciences
W2097382368,T13650,Computational Physics and Python Applications,0.9496999979019165,Artificial Intelligence,Computer Science,Physical Sciences
W2097382368,T11269,Algorithms and Data Compression,0.942799985408783,Artificial Intelligence,Computer Science,Physical Sciences
W2106882534,T10015,Genomics and Phylogenetic Studies,0.9998999834060669,Molecular Biology,"Biochemistry, Genetics and Molecular Biology",Life Sciences
W2106882534,T12254,Machine Learning in Bioinformatics,0.9988999962806702,Molecular Biology,"Biochemistry, Genetics and Molecular Biology",Life Sciences
W2106882534,T10521,RNA and protein synthesis mechanisms,0.9958999752998352,Molecular Biology,"Biochemistry, Genetics and Molecular Biology",Life Sciences
W2118094114,T10123,DNA Repair Mechanisms,0.9387000203132629,Molecular Biology,"Biochemistry, Genetics and Molecular Biology",Life Sciences
W2118094114,T10433,Carcinogens and Genotoxicity Assessment,0.9294999837875366,Cancer Research,"Biochemistry, Genetics and Molecular Biology",Life Sciences
W1483247593,T13240,Bioeconomy and Sustainability Development,0.7450000047683716,General Agricultural and Biological Sciences,Agricultural and Biological Sciences,Life Sciences
W1483247593,T10856,Intellectual Property and Patents,0.7111999988555908,Management of Technology and Innovation,"Business, Management and Accounting",Social Sciences
W1483247593,T12255,Biosimilars and Bioanalytical Methods,0.6628000140190125,Immunology,Immunology and Microbiology,Life Sciences
W2169528473,T12516,Advanced Mathematical Theories and Applications,0.7073000073432922,Statistical and Nonlinear Physics,Physics and Astronomy,Physical Sciences
W2122328334,T12880,Qualitative Research Methods and Applications,0.9570000171661377,Education,Social Sciences,Social Sciences
W2122328334,T12790,Nursing Diagnosis and Documentation,0.9257000088691711,"Issues, ethics and legal aspects",Nursing,Health Sciences
W2122328334,T10186,Nursing education and management,0.9075999855995178,Research and Theory,Nursing,Health Sciences
W2146691185,T13051,Qualitative Comparative Analysis Research,0.1777999997138977,Sociology and Political Science,Social Sciences,Social Sciences
W2398350456,T13984,"Nutrition, Genetics, and Disease",0.364300012588501,Genetics,"Biochemistry, Genetics and Molecular Biology",Life Sciences
W2035618305,T10887,Bioinformatics and Genomic Networks,0.9998999834060669,Molecular Biology,"Biochemistry, Genetics and Molecular Biology",Life Sciences
W2035618305,T10885,Gene expression and cancer classification,0.9995999932289124,Molecular Biology,"Biochemistry, Genetics and Molecular Biology",Life Sciences
W2035618305,T12254,Machine Learning in Bioinformatics,0.9908999800682068,Molecular Biology,"Biochemistry, Genetics and Molecular Biology",Life Sciences
W2132454116,T11810,Complex Systems and Decision Making,0.9876000285148621,Management Science and Operations Research,Decision Sciences,Social Sciences
W2132454116,T10003,Innovation and Knowledge Management,0.9843999743461609,Strategy and Management,"Business, Management and Accounting",Social Sciences
W2132454116,T13163,Organizational Learning and Leadership,0.9674000144004822,Organizational Behavior and Human Resource Management,"Business, Management and Accounting",Social Sciences
W2164284962,T13402,Business Strategy and Innovation,0.9819999933242798,Strategy and Management,"Business, Management and Accounting",Social Sciences
W2164284962,T10785,Economic Theory and Institutions,0.9710000157356262,Economics and Econometrics,"Economics, Econometrics and Finance",Social Sciences
W2164284962,T11810,Complex Systems and Decision Making,0.964900016784668,Management Science and Operations Research,Decision Sciences,Social Sciences
W2099697766,T11542,Behavioral Health and Interventions,0.9901000261306763,Applied Psychology,Psychology,Social Sciences
W2099697766,T10826,Behavioral and Psychological Studies,0.9771000146865845,Developmental and Educational Psychology,Psychology,Social Sciences
W2099697766,T10646,Experimental Behavioral Economics Studies,0.9672999978065491,Safety Research,Social Sciences,Social Sciences
W3196369884,T11577,Cognitive Abilities and Testing,0.056299999356269836,Experimental and Cognitive Psychology,Psychology,Social Sciences
W3196369884,T13091,Human Health and Disease,0.05469999834895134,"Pediatrics, Perinatology and Child Health",Medicine,Health Sciences
W3196369884,T10182,Child and Adolescent Psychosocial and Emotional Development,0.051600001752376556,Clinical Psychology,Psychology,Social Sciences
W2121393013,T13938,Historical and Contemporary Political Dynamics,0.33009999990463257,History,Arts and Humanities,Social Sciences
W2183707334,T12417,Morphological variations and asymmetry,0.9947999715805054,Geometry and Topology,Mathematics,Physical Sciences
W2183707334,T11354,Evolution and Paleontology Studies,0.982200026512146,Paleontology,Earth and Planetary Sciences,Physical Sciences
W2183707334,T12157,Geochemistry and Geologic Mapping,0.9708999991416931,Artificial Intelligence,Computer Science,Physical Sciences
W1781458262,T12340,Anodic Oxide Films and Nanostructures,0.6532999873161316,Materials Chemistry,Materials Science,Physical Sciences
W1781458262,T11948,Machine Learning in Materials Science,0.6256999969482422,Materials Chemistry,Materials Science,Physical Sciences
W2158698691,T11652,Imbalanced Data Classification Techniques,0.9972000122070312,Artificial Intelligence,Computer Science,Physical Sciences
W2158698691,T11396,Artificial Intelligence in Healthcare,0.9921000003814697,Health Information Management,Health Professions,Health Sciences
W2158698691,T10538,Data Mining Algorithms and Applications,0.9696000218391418,Information Systems,Computer Science,Physical Sciences
W2101157755,T13163,Organizational Learning and Leadership,0.9448999762535095,Organizational Behavior and Human Resource Management,"Business, Management and Accounting",Social Sciences
W2101157755,T10162,Online and Blended Learning,0.9251999855041504,Education,Social Sciences,Social Sciences
W2009667219,T11601,Neuroscience and Neural Engineering,0.9998999834060669,Cellular and Molecular Neuroscience,Neuroscience,Life Sciences
W2009667219,T10581,Neural dynamics and brain function,0.9987999796867371,Cognitive Neuroscience,Neuroscience,Life Sciences
W2009667219,T11255,Microfluidic and Bio-sensing Technologies,0.9973999857902527,Biomedical Engineering,Engineering,Physical Sciences
W2567289819,T14380,Libraries and Information Services,0.07069999724626541,Museology,Arts and Humanities,Social Sciences
W2567289819,T13370,Diverse Scientific and Economic Studies,0.06279999762773514,Economics and Econometrics,"Economics, Econometrics and Finance",Social Sciences
W2567289819,T12527,Chemistry and Stereochemistry Studies,0.05849999934434891,Organic Chemistry,Chemistry,Physical Sciences
W1988091937,T10002,Advanced Chemical Physics Studies,0.9995999932289124,"Atomic and Molecular Physics, and Optics",Physics and Astronomy,Physical Sciences
W1988091937,T10798,Crystallography and molecular interactions,0.9983999729156494,Physical and Theoretical Chemistry,Chemistry,Physical Sciences
W1988091937,T12613,X-ray Diffraction in Crystallography,0.9979000091552734,Materials Chemistry,Materials Science,Physical Sciences
W2230728100,T10002,Advanced Chemical Physics Studies,0.9998999834060669,"Atomic and Molecular Physics, and Optics",Physics and Astronomy,Physical Sciences
W2230728100,T10382,Quantum and electron transport phenomena,0.9991000294685364,"Atomic and Molecular Physics, and Optics",Physics and Astronomy,Physical Sciences
W2230728100,T10913,Molecular Junctions and Nanostructures,0.9984999895095825,Electrical and Electronic Engineering,Engineering,Physical Sciences
W1986407511,T10622,Quantum Mechanics and Applications,0.9997000098228455,"Atomic and Molecular Physics, and Optics",Physics and Astronomy,Physical Sciences
W1986407511,T11520,Advanced Thermodynamics and Statistical Mechanics,0.9800000190734863,Statistical and Nonlinear Physics,Physics and Astronomy,Physical Sciences
W1986407511,T10020,Quantum Information and Cryptography,0.9696999788284302,Artificial Intelligence,Computer Science,Physical Sciences
W1981368803,T10002,Advanced Chemical Physics Studies,0.9998000264167786,"Atomic and Molecular Physics, and Optics",Physics and Astronomy,Physical Sciences
W1981368803,T11177,Spectroscopy and Quantum Chemical Studies,0.9997000098228455,"Atomic and Molecular Physics, and Optics",Physics and Astronomy,Physical Sciences
W1981368803,T11965,"Quantum, superfluid, helium dynamics",0.9994000196456909,"Atomic and Molecular Physics, and Optics",Physics and Astronomy,Physical Sciences
W2086957099,T10002,Advanced Chemical Physics Studies,1.0,"Atomic and Molecular Physics, and Optics",Physics and Astronomy,Physical Sciences
W2086957099,T10382,Quantum and electron transport phenomena,0.9995999932289124,"Atomic and Molecular Physics, and Optics",Physics and Astronomy,Physical Sciences
W2086957099,T10913,Molecular Junctions and Nanostructures,0.9994999766349792,Electrical and Electronic Engineering,Engineering,Physical Sciences
W1991794210,T11520,Advanced Thermodynamics and Statistical Mechanics,0.9975000023841858,Statistical and Nonlinear Physics,Physics and Astronomy,Physical Sciences
W1991794210,T12261,Statistical Mechanics and Entropy,0.9955999851226807,Statistical and Nonlinear Physics,Physics and Astronomy,Physical Sciences
W1991794210,T10044,Protein Structure and Dynamics,0.9952999949455261,Molecular Biology,"Biochemistry, Genetics and Molecular Biology",Life Sciences
W1979544533,T10002,Advanced Chemical Physics Studies,0.9998000264167786,"Atomic and Molecular Physics, and Optics",Physics and Astronomy,Physical Sciences
W1979544533,T10413,High-pressure geophysics and materials,0.9991000294685364,Geophysics,Earth and Planetary Sciences,Physical Sciences
W1979544533,T11341,Boron and Carbon Nanomaterials Research,0.9990000128746033,Materials Chemistry,Materials Science,Physical Sciences
W2083222334,T10002,Advanced Chemical Physics Studies,0.9997000098228455,"Atomic and Molecular Physics, and Optics",Physics and Astronomy,Physical Sciences
W2083222334,T10037,Physics of Superconductivity and Magnetism,0.9997000098228455,Condensed Matter Physics,Physics and Astronomy,Physical Sciences
W2083222334,T10382,Quantum and electron transport phenomena,0.9994999766349792,"Atomic and Molecular Physics, and Optics",Physics and Astronomy,Physical Sciences
W2087698390,T10544,Glass properties and applications,0.9994999766349792,Ceramics and Composites,Materials Science,Physical Sciences
W2087698390,T10413,High-pressure geophysics and materials,0.9991000294685364,Geophysics,Earth and Planetary Sciences,Physical Sciences
W2087698390,T10002,Advanced Chemical Physics Studies,0.9986000061035156,"Atomic and Molecular Physics, and Optics",Physics and Astronomy,Physical Sciences
W1970127494,T10002,Advanced Chemical Physics Studies,1.0,"Atomic and Molecular Physics, and Optics",Physics and Astronomy,Physical Sciences
W1970127494,T10523,Atomic and Molecular Physics,0.9994999766349792,"Atomic and Molecular Physics, and Optics",Physics and Astronomy,Physical Sciences
W1970127494,T12044,Advanced Physical and Chemical Molecular Interactions,0.9994999766349792,Physical and Theoretical Chemistry,Chemistry,Physical Sciences
W2079105963,T10413,High-pressure geophysics and materials,0.9994999766349792,Geophysics,Earth and Planetary Sciences,Physical Sciences
W2079105963,T11177,Spectroscopy and Quantum Chemical Studies,0.9994999766349792,"Atomic and Molecular Physics, and Optics",Physics and Astronomy,Physical Sciences
W2079105963,T11965,"Quantum, superfluid, helium dynamics",0.9993000030517578,"Atomic and Molecular Physics, and Optics",Physics and Astronomy,Physical Sciences
W1998866028,T10002,Advanced Chemical Physics Studies,0.9991999864578247,"Atomic and Molecular Physics, and Optics",Physics and Astronomy,Physical Sciences
W1998866028,T13531,Surface and Thin Film Phenomena,0.9962999820709229,"Atomic and Molecular Physics, and Optics",Physics and Astronomy,Physical Sciences
W1998866028,T13104,Chemical and Physical Properties of Materials,0.9940999746322632,Materials Chemistry,Materials Science,Physical Sciences
W2049079467,T10002,Advanced Chemical Physics Studies,0.9998000264167786,"Atomic and Molecular Physics, and Optics",Physics and Astronomy,Physical Sciences
W2049079467,T10037,Physics of Superconductivity and Magnetism,0.9997000098228455,Condensed Matter Physics,Physics and Astronomy,Physical Sciences
W2049079467,T10607,Magnetic and transport properties of perovskites and related materials,0.9976999759674072,"Electronic, Optical and Magnetic Materials",Materials Science,Physical Sciences
W3206606417,T10002,Advanced Chemical Physics Studies,0.9998000264167786,"Atomic and Molecular Physics, and Optics",Physics and Astronomy,Physical Sciences
W3206606417,T12613,X-ray Diffraction in Crystallography,0.9979000091552734,Materials Chemistry,Materials Science,Physical Sciences
W3206606417,T13104,Chemical and Physical Properties of Materials,0.9965999722480774,Materials Chemistry,Materials Science,Physical Sciences
W2045596260,T10413,High-pressure geophysics and materials,0.9994999766349792,Geophysics,Earth and Planetary Sciences,Physical Sciences
W2045596260,T12762,Crystallography and Radiation Phenomena,0.9943000078201294,Condensed Matter Physics,Physics and Astronomy,Physical Sciences
W2045596260,T11878,Solid-state spectroscopy and crystallography,0.9937000274658203,Materials Chemistry,Materials Science,Physical Sciences
W2087585288,T10002,Advanced Chemical Physics Studies,0.9997000098228455,"Atomic and Molecular Physics, and Optics",Physics and Astronomy,Physical Sciences
W2087585288,T10413,High-pressure geophysics and materials,0.9994999766349792,Geophysics,Earth and Planetary Sciences,Physical Sciences
W2087585288,T10681,Rare-earth and actinide compounds,0.9991999864578247,Condensed Matter Physics,Physics and Astronomy,Physical Sciences
W2023271753,T10002,Advanced Chemical Physics Studies,0.9995999932289124,"Atomic and Molecular Physics, and Optics",Physics and Astronomy,Physical Sciences
W2023271753,T10523,Atomic and Molecular Physics,0.9991999864578247,"Atomic and Molecular Physics, and Optics",Physics and Astronomy,Physical Sciences
W2023271753,T11177,Spectroscopy and Quantum Chemical Studies,0.9976000189781189,"Atomic and Molecular Physics, and Optics",Physics and Astronomy,Physical Sciences
W2030687437,T10002,Advanced Chemical Physics Studies,0.9998000264167786,"Atomic and Molecular Physics, and Optics",Physics and Astronomy,Physical Sciences
W2030687437,T13531,Surface and Thin Film Phenomena,0.9988999962806702,"Atomic and Molecular Physics, and Optics",Physics and Astronomy,Physical Sciences
W2030687437,T10382,Quantum and electron transport phenomena,0.9983999729156494,"Atomic and Molecular Physics, and Optics",Physics and Astronomy,Physical Sciences
W2052637367,T10002,Advanced Chemical Physics Studies,0.9994000196456909,"Atomic and Molecular Physics, and Optics",Physics and Astronomy,Physical Sciences
W2052637367,T10607,Magnetic and transport properties of perovskites and related materials,0.9991000294685364,"Electronic, Optical and Magnetic Materials",Materials Science,Physical Sciences
W2052637367,T11948,Machine Learning in Materials Science,0.9984999895095825,Materials Chemistry,Materials Science,Physical Sciences
W2036113194,T11414,Quantum optics and atomic interactions,0.979200005531311,"Atomic and Molecular Physics, and Optics",Physics and Astronomy,Physical Sciences
W2036113194,T11177,Spectroscopy and Quantum Chemical Studies,0.9775000214576721,"Atomic and Molecular Physics, and Optics",Physics and Astronomy,Physical Sciences
W2036113194,T10299,Photonic and Optical Devices,0.9653000235557556,Electrical and Electronic Engineering,Engineering,Physical Sciences
W2083926174,T13531,Surface and Thin Film Phenomena,0.9997000098228455,"Atomic and Molecular Physics, and Optics",Physics and Astronomy,Physical Sciences
W2083926174,T13049,Surface Roughness and Optical Measurements,0.9993000030517578,Computational Mechanics,Engineering,Physical Sciences
W2083926174,T12039,Electron and X-Ray Spectroscopy Techniques,0.9984999895095825,"Surfaces, Coatings and Films",Materials Science,Physical Sciences
W2753533763,T13937,"Genetics, Bioinformatics, and Biomedical Research",0.40119999647140503,Molecular Biology,"Biochemistry, Genetics and Molecular Biology",Life Sciences
W2024556021,T10825,Plant Pathogens and Fungal Diseases,0.9969000220298767,Cell Biology,"Biochemistry, Genetics and Molecular Biology",Life Sciences
W2024556021,T10240,Plant tissue culture and regeneration,0.9684000015258789,Molecular Biology,"Biochemistry, Genetics and Molecular Biology",Life Sciences
W2024556021,T10451,Mycorrhizal Fungi and Plant Interactions,0.9645000100135803,Plant Science,Agricultural and Biological Sciences,Life Sciences
W2028823348,T10014,Plant Stress Responses and Tolerance,0.9933000206947327,Plant Science,Agricultural and Biological Sciences,Life Sciences
W2028823348,T11247,Plant nutrient uptake and metabolism,0.9916999936103821,Plant Science,Agricultural and Biological Sciences,Life Sciences
W2028823348,T11745,Potato Plant Research,0.9732999801635742,Food Science,Agricultural and Biological Sciences,Life Sciences
W1974907033,T10303,Photosynthetic Processes and Mechanisms,0.9276000261306763,Molecular Biology,"Biochemistry, Genetics and Molecular Biology",Life Sciences
W3038568908,T10346,Magnetic confinement fusion research,0.9991000294685364,Nuclear and High Energy Physics,Physics and Astronomy,Physical Sciences
W3038568908,T11949,Nuclear Physics and Applications,0.9987999796867371,Radiation,Physics and Astronomy,Physical Sciences
W3038568908,T10592,Fusion materials and technologies,0.998199999332428,Materials Chemistry,Materials Science,Physical Sciences
W4294215472,T10206,Meta-analysis and systematic reviews,0.9987000226974487,"Statistics, Probability and Uncertainty",Decision Sciences,Social Sciences
W4294215472,T12664,Clinical practice guidelines implementation,0.984000027179718,"Public Health, Environmental and Occupational Health",Medicine,Health Sciences
W4294215472,T11744,Health Sciences Research and Education,0.9836000204086304,General Health Professions,Health Professions,Health Sciences
W3022903699,T10206,Meta-analysis and systematic reviews,0.9991999864578247,"Statistics, Probability and Uncertainty",Decision Sciences,Social Sciences
W3022903699,T11700,Hemodynamic Monitoring and Therapy,0.9473000168800354,Surgery,Medicine,Health Sciences
W3022903699,T11744,Health Sciences Research and Education,0.9412000179290771,General Health Professions,Health Professions,Health Sciences
W2599076725,T10206,Meta-analysis and systematic reviews,0.9980000257492065,"Statistics, Probability and Uncertainty",Decision Sciences,Social Sciences
W2599076725,T13309,Reliability and Agreement in Measurement,0.9714999794960022,"Statistics, Probability and Uncertainty",Decision Sciences,Social Sciences
W2599076725,T12443,Delphi Technique in Research,0.9652000069618225,Sociology and Political Science,Social Sciences,Social Sciences
W2056279562,T10895,Species Distribution and Climate Change,0.9713000059127808,Ecological Modeling,Environmental Science,Physical Sciences
W2056279562,T13398,Data Analysis with R,0.9663000106811523,Artificial Intelligence,Computer Science,Physical Sciences
W2056279562,T12859,Cell Image Analysis Techniques,0.963699996471405,Biophysics,"Biochemistry, Genetics and Molecular Biology",Life Sciences
W2031611770,T10015,Genomics and Phylogenetic Studies,0.9998999834060669,Molecular Biology,"Biochemistry, Genetics and Molecular Biology",Life Sciences
W2031611770,T10521,RNA and protein synthesis mechanisms,0.9909999966621399,Molecular Biology,"Biochemistry, Genetics and Molecular Biology",Life Sciences
W2031611770,T11269,Algorithms and Data Compression,0.9861999750137329,Artificial Intelligence,Computer Science,Physical Sciences
W3120106258,T12816,Global Public Health Policies and Epidemiology,0.19280000030994415,Organizational Behavior and Human Resource Management,"Business, Management and Accounting",Social Sciences
W3120106258,T12781,Global Health Care Issues,0.1762000024318695,General Health Professions,Health Professions,Health Sciences
W3039083618,T10622,Quantum Mechanics and Applications,0.9883999824523926,"Atomic and Molecular Physics, and Optics",Physics and Astronomy,Physical Sciences
W3039083618,T11683,Quantum and Classical Electrodynamics,0.9697999954223633,"Atomic and Molecular Physics, and Optics",Physics and Astronomy,Physical Sciences
W3039083618,T13885,Geophysics and Sensor Technology,0.955299973487854,Ocean Engineering,Engineering,Physical Sciences
W2155648052,T11998,Youth Development and Social Support,0.1875,Safety Research,Social Sciences,Social Sciences
W2112796928,T10601,Handwritten Text Recognition Techniques,0.9995999932289124,Computer Vision and Pattern Recognition,Computer Science,Physical Sciences
W2112796928,T14339,Image Processing and 3D Reconstruction,0.9968000054359436,Computer Vision and Pattern Recognition,Computer Science,Physical Sciences
W2112796928,T10320,Neural Networks and Applications,0.9950000047683716,Artificial Intelligence,Computer Science,Physical Sciences
W2125838338,T11901,Bayesian Methods and Mixture Models,0.9936000108718872,Artificial Intelligence,Computer Science,Physical Sciences
W2125838338,T10201,Speech Recognition and Synthesis,0.9921000003814697,Artificial Intelligence,Computer Science,Physical Sciences
W2125838338,T12031,Speech and dialogue systems,0.9847000241279602,Artificial Intelligence,Computer Science,Physical Sciences
W2130410032,T10887,Bioinformatics and Genomic Networks,0.9994999766349792,Molecular Biology,"Biochemistry, Genetics and Molecular Biology",Life Sciences
W2130410032,T11482,RNA modifications and cancer,0.9991999864578247,Molecular Biology,"Biochemistry, Genetics and Molecular Biology",Life Sciences
W2130410032,T10885,Gene expression and cancer classification,0.9991000294685364,Molecular Biology,"Biochemistry, Genetics and Molecular Biology",Life Sciences
W1971421925,T10064,Complex Network Analysis Techniques,0.9998999834060669,Statistical and Nonlinear Physics,Physics and Astronomy,Physical Sciences
W1971421925,T12592,Opinion Dynamics and Social Influence,0.9908000230789185,Statistical and Nonlinear Physics,Physics and Astronomy,Physical Sciences
W1971421925,T10887,Bioinformatics and Genomic Networks,0.989799976348877,Molecular Biology,"Biochemistry, Genetics and Molecular Biology",Life Sciences
W2150926065,T10885,Gene expression and cancer classification,0.9998000264167786,Molecular Biology,"Biochemistry, Genetics and Molecular Biology",Life Sciences
W2150926065,T10887,Bioinformatics and Genomic Networks,0.9918000102043152,Molecular Biology,"Biochemistry, Genetics and Molecular Biology",Life Sciences
W2150926065,T11468,Genetic Mapping and Diversity in Plants and Animals,0.9850999712944031,Genetics,"Biochemistry, Genetics and Molecular Biology",Life Sciences
W2128084896,T10581,Neural dynamics and brain function,0.9973000288009644,Cognitive Neuroscience,Neuroscience,Life Sciences
W2128084896,T10502,Advanced Memory and Neural Computing,0.9958000183105469,Electrical and Electronic Engineering,Engineering,Physical Sciences
W2128084896,T10320,Neural Networks and Applications,0.9955000281333923,Artificial Intelligence,Computer Science,Physical Sciences
W2101108802,T11016,Monoclonal and Polyclonal Antibodies Research,0.9973999857902527,"Radiology, Nuclear Medicine and Imaging",Medicine,Health Sciences
W2101108802,T10521,RNA and protein synthesis mechanisms,0.9955000281333923,Molecular Biology,"Biochemistry, Genetics and Molecular Biology",Life Sciences
W2101108802,T10602,Glycosylation and Glycoproteins Research,0.9926999807357788,Molecular Biology,"Biochemistry, Genetics and Molecular Biology",Life Sciences
W2138270253,T11048,Bacteriophages and microbial interactions,0.9998000264167786,Ecology,Environmental Science,Physical Sciences
W2138270253,T10521,RNA and protein synthesis mechanisms,0.9979000091552734,Molecular Biology,"Biochemistry, Genetics and Molecular Biology",Life Sciences
W2138270253,T10120,Bacterial Genetics and Biotechnology,0.9922999739646912,Genetics,"Biochemistry, Genetics and Molecular Biology",Life Sciences
W2007221293,T12205,Time Series Analysis and Forecasting,0.9768000245094299,Signal Processing,Computer Science,Physical Sciences
W2007221293,T12424,Earthquake Detection and Analysis,0.9750000238418579,Geophysics,Earth and Planetary Sciences,Physical Sciences
W2007221293,T10640,Spectroscopy and Chemometric Analyses,0.9710000157356262,Analytical Chemistry,Chemistry,Physical Sciences
W2112017750,T10016,Adsorption and biosorption for pollutant removal,0.9980000257492065,Water Science and Technology,Environmental Science,Physical Sciences
W2112017750,T12240,Nanomaterials for catalytic reactions,0.9872999787330627,Organic Chemistry,Chemistry,Physical Sciences
W2112017750,T11434,Electrochemical Analysis and Applications,0.9815999865531921,Electrochemistry,Chemistry,Physical Sciences
W2151487996,T10316,Sleep and related disorders,0.9998000264167786,Experimental and Cognitive Psychology,Psychology,Social Sciences
W2151487996,T10009,Dementia and Cognitive Impairment Research,0.9916999936103821,Psychiatry and Mental health,Medicine,Health Sciences
W2151487996,T10853,"Anxiety, Depression, Psychometrics, Treatment, Cognitive Processes",0.9886999726295471,Experimental and Cognitive Psychology,Psychology,Social Sciences
W2081155210,T10677,Attachment and Relationship Dynamics,0.9998999834060669,Social Psychology,Psychology,Social Sciences
W2081155210,T10509,"Religion, Spirituality, and Psychology",0.9951000213623047,Health,Social Sciences,Social Sciences
W2081155210,T12521,Death Anxiety and Social Exclusion,0.9945999979972839,Social Psychology,Psychology,Social Sciences
W2037557484,T10778,Philosophy and History of Science,0.8381999731063843,History and Philosophy of Science,Arts and Humanities,Social Sciences
W2037557484,T12114,Sensory Analysis and Statistical Methods,0.8069999814033508,Food Science,Agricultural and Biological Sciences,Life Sciences
W2037557484,T10826,Behavioral and Psychological Studies,0.7350999712944031,Developmental and Educational Psychology,Psychology,Social Sciences
W2018201949,T11871,Advanced Statistical Methods and Models,0.9902999997138977,Statistics and Probability,Mathematics,Physical Sciences
W2018201949,T10050,Multi-Criteria Decision Making,0.986299991607666,Management Science and Operations Research,Decision Sciences,Social Sciences
W2018201949,T10243,Statistical Methods and Bayesian Inference,0.9764999747276306,Statistics and Probability,Mathematics,Physical Sciences
W2122912498,T10467,Psychometric Methodologies and Testing,0.995199978351593,Management Science and Operations Research,Decision Sciences,Social Sciences
W2122912498,T11400,Motivation and Self-Concept in Sports,0.984000027179718,Social Psychology,Psychology,Social Sciences
W2122912498,T13748,Advanced Statistical Modeling Techniques,0.9315000176429749,Computer Networks and Communications,Computer Science,Physical Sciences
W2055461003,T10235,Health disparities and outcomes,0.9998000264167786,Health,Social Sciences,Social Sciences
W2055461003,T12947,"Health, psychology, and well-being",0.9955000281333923,General Health Professions,Health Professions,Health Sciences
W2055461003,T10475,Psychological Well-being and Life Satisfaction,0.9904000163078308,Social Psychology,Psychology,Social Sciences
W2149608872,T10467,Psychometric Methodologies and Testing,0.9793000221252441,Management Science and Operations Research,Decision Sciences,Social Sciences
W2149608872,T13748,Advanced Statistical Modeling Techniques,0.9789999723434448,Computer Networks and Communications,Computer Science,Physical Sciences
W2149608872,T11871,Advanced Statistical Methods and Models,0.9718000292778015,Statistics and Probability,Mathematics,Physical Sciences
W2141403362,T13309,Reliability and Agreement in Measurement,0.9977999925613403,"Statistics, Probability and Uncertainty",Decision Sciences,Social Sciences
W2141403362,T11871,Advanced Statistical Methods and Models,0.9858999848365784,Statistics and Probability,Mathematics,Physical Sciences
W2141403362,T11235,Statistical Methods in Clinical Trials,0.9828000068664551,Statistics and Probability,Mathematics,Physical Sciences
W2024509488,T10467,Psychometric Methodologies and Testing,0.9957000017166138,Management Science and Operations Research,Decision Sciences,Social Sciences
W2024509488,T12114,Sensory Analysis and Statistical Methods,0.9890999794006348,Food Science,Agricultural and Biological Sciences,Life Sciences
W2024509488,T11871,Advanced Statistical Methods and Models,0.9775000214576721,Statistics and Probability,Mathematics,Physical Sciences
W2122517769,T11400,Motivation and Self-Concept in Sports,0.9998999834060669,Social Psychology,Psychology,Social Sciences
W2122517769,T11542,Behavioral Health and Interventions,0.9972000122070312,Applied Psychology,Psychology,Social Sciences
W2122517769,T11998,Youth Development and Social Support,0.9807000160217285,Safety Research,Social Sciences,Social Sciences
W1984314602,T12805,Cognitive Science and Mapping,0.8877000212669373,Artificial Intelligence,Computer Science,Physical Sciences
W1984314602,T14345,Scientific Research and Philosophical Inquiry,0.8162000179290771,Information Systems,Computer Science,Physical Sciences
W1984314602,T14394,Cognitive Science and Education Research,0.8140000104904175,Cognitive Neuroscience,Neuroscience,Life Sciences
W2097780989,T11454,Cultural Differences and Values,0.9998000264167786,Social Psychology,Psychology,Social Sciences
W2097780989,T10907,International Student and Expatriate Challenges,0.9570000171661377,Communication,Social Sciences,Social Sciences
W2097780989,T12313,Emotions and Moral Behavior,0.9060999751091003,Social Psychology,Psychology,Social Sciences
W4292808503,T12196,Community Health and Development,0.3962000012397766,General Health Professions,Health Professions,Health Sciences
W2134049139,T10826,Behavioral and Psychological Studies,0.9990000128746033,Developmental and Educational Psychology,Psychology,Social Sciences
W2134049139,T10214,Psychotherapy Techniques and Applications,0.9987999796867371,Clinical Psychology,Psychology,Social Sciences
W2134049139,T12430,Academic and Historical Perspectives in Psychology,0.9944000244140625,General Psychology,Psychology,Social Sciences
W2579555219,T10656,Child and Animal Learning Development,0.44369998574256897,Developmental and Educational Psychology,Psychology,Social Sciences
W2579555219,T14394,Cognitive Science and Education Research,0.427700012922287,Cognitive Neuroscience,Neuroscience,Life Sciences
W4292542163,T12848,Psychological Testing and Assessment,0.1673000007867813,Applied Psychology,Psychology,Social Sciences
W4292542163,T12787,Human Behavior and Motivation,0.03779999911785126,Applied Psychology,Psychology,Social Sciences
W4292542163,T12430,Academic and Historical Perspectives in Psychology,0.025499999523162842,General Psychology,Psychology,Social Sciences
W2159401492,T13141,Statistical Methods and Applications,0.05570000037550926,Statistics and Probability,Mathematics,Physical Sciences
W2159401492,T13748,Advanced Statistical Modeling Techniques,0.04100000113248825,Computer Networks and Communications,Computer Science,Physical Sciences
W2159306398,T10467,Psychometric Methodologies and Testing,0.992900013923645,Management Science and Operations Research,Decision Sciences,Social Sciences
W2159306398,T13748,Advanced Statistical Modeling Techniques,0.9914000034332275,Computer Networks and Communications,Computer Science,Physical Sciences
W2159306398,T11871,Advanced Statistical Methods and Models,0.9498999714851379,Statistics and Probability,Mathematics,Physical Sciences
W2991792334,T10206,Meta-analysis and systematic reviews,0.9994999766349792,"Statistics, Probability and Uncertainty",Decision Sciences,Social Sciences
W2991792334,T11744,Health Sciences Research and Education,0.9302999973297119,General Health Professions,Health Professions,Health Sciences
W1964184380,T10516,Parathyroid Disorders and Treatments,0.49219998717308044,Nephrology,Medicine,Health Sciences
W1964184380,T12286,Erythrocyte Function and Pathophysiology,0.12309999763965607,Physiology,Medicine,Health Sciences
W1964184380,T11219,Bone Metabolism and Diseases,0.05649999901652336,Molecular Biology,"Biochemistry, Genetics and Molecular Biology",Life Sciences
W2037377025,T10235,Health disparities and outcomes,0.9957000017166138,Health,Social Sciences,Social Sciences
W2037377025,T12480,Health and Wellbeing Research,0.9923999905586243,General Health Professions,Health Professions,Health Sciences
W2037377025,T14212,Health Promotion and Cardiovascular Prevention,0.9771000146865845,"Public Health, Environmental and Occupational Health",Medicine,Health Sciences
W843007777,T10402,Phase Equilibria and Thermodynamics,0.9995999932289124,Biomedical Engineering,Engineering,Physical Sciences
W843007777,T10353,Zeolite Catalysis and Synthesis,0.9991999864578247,Inorganic Chemistry,Chemistry,Physical Sciences
W843007777,T13604,"Adsorption, diffusion, and thermodynamic properties of materials",0.9990000128746033,Spectroscopy,Chemistry,Physical Sciences
W1980704616,T10399,Hydrocarbon exploration and reservoir analysis,0.6043999791145325,Mechanics of Materials,Engineering,Physical Sciences
W1980704616,T13604,"Adsorption, diffusion, and thermodynamic properties of materials",0.5957000255584717,Spectroscopy,Chemistry,Physical Sciences
W2142225512,T13349,Educational Research and Analysis,0.9970999956130981,Education,Social Sciences,Social Sciences
W2142225512,T12880,Qualitative Research Methods and Applications,0.9965000152587891,Education,Social Sciences,Social Sciences
W2142225512,T12790,Nursing Diagnosis and Documentation,0.98089998960495,"Issues, ethics and legal aspects",Nursing,Health Sciences
W1979290264,T12196,Community Health and Development,0.996399998664856,General Health Professions,Health Professions,Health Sciences
W1979290264,T12010,Evaluation and Performance Assessment,0.9865000247955322,Management Science and Operations Research,Decision Sciences,Social Sciences
W1979290264,T13777,Cognitive and psychological constructs research,0.98089998960495,Social Psychology,Psychology,Social Sciences
W2950504429,T12010,Evaluation and Performance Assessment,0.9987999796867371,Management Science and Operations Research,Decision Sciences,Social Sciences
W2950504429,T12196,Community Health and Development,0.9865999817848206,General Health Professions,Health Professions,Health Sciences
W2950504429,T10629,Health Policy Implementation Science,0.9818999767303467,General Health Professions,Health Professions,Health Sciences
W3025949386,T10029,Climate variability and models,0.9998999834060669,Global and Planetary Change,Environmental Science,Physical Sciences
W3025949386,T10466,Meteorological Phenomena and Simulations,0.9998000264167786,Atmospheric Science,Earth and Planetary Sciences,Physical Sciences
W3025949386,T11320,Atmospheric Ozone and Climate,0.9983000159263611,Atmospheric Science,Earth and Planetary Sciences,Physical Sciences
W2121745948,T10029,Climate variability and models,1.0,Global and Planetary Change,Environmental Science,Physical Sciences
W2121745948,T10466,Meteorological Phenomena and Simulations,0.9998999834060669,Atmospheric Science,Earth and Planetary Sciences,Physical Sciences
W2121745948,T11483,Tropical and Extratropical Cyclones Research,0.9970999956130981,Atmospheric Science,Earth and Planetary Sciences,Physical Sciences
W2157825442,T14400,Medical Coding and Health Information,0.975600004196167,Health Information Management,Health Professions,Health Sciences
W2157825442,T11314,Clinical Laboratory Practices and Quality Control,0.9524000287055969,Physiology,Medicine,Health Sciences
W2157825442,T13309,Reliability and Agreement in Measurement,0.9000999927520752,"Statistics, Probability and Uncertainty",Decision Sciences,Social Sciences
W2124758339,T11911,Spatial and Panel Data Analysis,0.9990000128746033,Economics and Econometrics,"Economics, Econometrics and Finance",Social Sciences
W2124758339,T11770,Fiscal Policy and Economic Growth,0.9959999918937683,Economics and Econometrics,"Economics, Econometrics and Finance",Social Sciences
W2124758339,T10841,Economic and Environmental Valuation,0.9922000169754028,Economics and Econometrics,"Economics, Econometrics and Finance",Social Sciences
W2102074887,T10657,Topological Materials and Phenomena,1.0,"Atomic and Molecular Physics, and Optics",Physics and Astronomy,Physical Sciences
W2102074887,T10083,Graphene research and applications,0.9973000288009644,Materials Chemistry,Materials Science,Physical Sciences
W2102074887,T11682,Advanced Condensed Matter Physics,0.9948999881744385,Condensed Matter Physics,Physics and Astronomy,Physical Sciences
W2105685140,T10083,Graphene research and applications,1.0,Materials Chemistry,Materials Science,Physical Sciences
W2105685140,T10382,Quantum and electron transport phenomena,0.9980000257492065,"Atomic and Molecular Physics, and Optics",Physics and Astronomy,Physical Sciences
W2105685140,T10018,Advancements in Battery Materials,0.9976000189781189,Electrical and Electronic Engineering,Engineering,Physical Sciences
W2124637492,T10064,Complex Network Analysis Techniques,1.0,Statistical and Nonlinear Physics,Physics and Astronomy,Physical Sciences
W2124637492,T12592,Opinion Dynamics and Social Influence,0.9961000084877014,Statistical and Nonlinear Physics,Physics and Astronomy,Physical Sciences
W2124637492,T13283,Mental Health Research Topics,0.9886000156402588,Experimental and Cognitive Psychology,Psychology,Social Sciences
W2021365718,T11530,Business and Management Studies,0.852400004863739,Information Systems and Management,Decision Sciences,Social Sciences
W2021365718,T13564,Education and Public Policy,0.784600019454956,Political Science and International Relations,Social Sciences,Social Sciences
W2002664886,T10826,Behavioral and Psychological Studies,0.05249999836087227,Developmental and Educational Psychology,Psychology,Social Sciences
W2002664886,T12021,Social and Educational Sciences,0.041600000113248825,Education,Social Sciences,Social Sciences
W1658908529,T12880,Qualitative Research Methods and Applications,0.45890000462532043,Education,Social Sciences,Social Sciences
W2121044470,T11235,Statistical Methods in Clinical Trials,0.9965999722480774,Statistics and Probability,Mathematics,Physical Sciences
W2121044470,T11798,Optimal Experimental Design Methods,0.9933000206947327,Management Science and Operations Research,Decision Sciences,Social Sciences
W2121044470,T13748,Advanced Statistical Modeling Techniques,0.9320999979972839,Computer Networks and Communications,Computer Science,Physical Sciences
W2140606211,T10023,Schizophrenia research and treatment,0.9998999834060669,Psychiatry and Mental health,Medicine,Health Sciences
W2140606211,T13283,Mental Health Research Topics,0.9995999932289124,Experimental and Cognitive Psychology,Psychology,Social Sciences
W2140606211,T11337,Tryptophan and brain disorders,0.995199978351593,Biological Psychiatry,Neuroscience,Life Sciences
W2012034410,T10519,Advanced Proteomics Techniques and Applications,0.9991999864578247,Spectroscopy,Chemistry,Physical Sciences
W2012034410,T10887,Bioinformatics and Genomic Networks,0.9975000023841858,Molecular Biology,"Biochemistry, Genetics and Molecular Biology",Life Sciences
W2012034410,T10885,Gene expression and cancer classification,0.9945999979972839,Molecular Biology,"Biochemistry, Genetics and Molecular Biology",Life Sciences
W2064815984,T10878,CRISPR and Genetic Engineering,1.0,Molecular Biology,"Biochemistry, Genetics and Molecular Biology",Life Sciences
W2064815984,T10981,Cytomegalovirus and herpesvirus research,0.9559000134468079,Epidemiology,Medicine,Health Sciences
W2064815984,T12786,Innovation and Socioeconomic Development,0.9559000134468079,Business and International Management,"Business, Management and Accounting",Social Sciences
W2141939342,T10096,Metal-Organic Frameworks: Synthesis and Applications,1.0,Inorganic Chemistry,Chemistry,Physical Sciences
W2141939342,T10353,Zeolite Catalysis and Synthesis,0.9969000220298767,Inorganic Chemistry,Chemistry,Physical Sciences
W2141939342,T11948,Machine Learning in Materials Science,0.9961000084877014,Materials Chemistry,Materials Science,Physical Sciences
W2045435533,T10878,CRISPR and Genetic Engineering,1.0,Molecular Biology,"Biochemistry, Genetics and Molecular Biology",Life Sciences
W2045435533,T10725,RNA Interference and Gene Delivery,0.9851999878883362,Molecular Biology,"Biochemistry, Genetics and Molecular Biology",Life Sciences
W2045435533,T10207,Advanced biosensing and bioanalysis techniques,0.9761999845504761,Molecular Biology,"Biochemistry, Genetics and Molecular Biology",Life Sciences
W2097259163,T10631,"Cancer, Hypoxia, and Metabolism",1.0,Cancer Research,"Biochemistry, Genetics and Molecular Biology",Life Sciences
W2097259163,T11339,"Metabolism, Diabetes, and Cancer",0.9990000128746033,Molecular Biology,"Biochemistry, Genetics and Molecular Biology",Life Sciences
W2097259163,T12763,ATP Synthase and ATPases Research,0.9988999962806702,Molecular Biology,"Biochemistry, Genetics and Molecular Biology",Life Sciences
W2010971702,T10083,Graphene research and applications,0.9998999834060669,Materials Chemistry,Materials Science,Physical Sciences
W2010971702,T10923,Force Microscopy Techniques and Applications,0.9997000098228455,"Atomic and Molecular Physics, and Optics",Physics and Astronomy,Physical Sciences
W2010971702,T10074,Carbon Nanotubes in Composites,0.9994000196456909,Materials Chemistry,Materials Science,Physical Sciences
W2100495367,T10320,Neural Networks and Applications,0.9991999864578247,Artificial Intelligence,Computer Science,Physical Sciences
W2100495367,T11206,Model Reduction and Neural Networks,0.9871000051498413,Statistical and Nonlinear Physics,Physics and Astronomy,Physical Sciences
W2100495367,T10688,Image and Signal Denoising Methods,0.9869999885559082,Computer Vision and Pattern Recognition,Computer Science,Physical Sciences
W2058122340,T10083,Graphene research and applications,1.0,Materials Chemistry,Materials Science,Physical Sciences
W2058122340,T10074,Carbon Nanotubes in Composites,0.9998999834060669,Materials Chemistry,Materials Science,Physical Sciences
W2058122340,T10956,Fullerene Chemistry and Applications,0.9998000264167786,Organic Chemistry,Chemistry,Physical Sciences
W2008620264,T10064,Complex Network Analysis Techniques,0.9997000098228455,Statistical and Nonlinear Physics,Physics and Astronomy,Physical Sciences
W2008620264,T12592,Opinion Dynamics and Social Influence,0.9991000294685364,Statistical and Nonlinear Physics,Physics and Astronomy,Physical Sciences
W2008620264,T11252,Evolutionary Game Theory and Cooperation,0.9853000044822693,Sociology and Political Science,Social Sciences,Social Sciences
W2159999899,T10176,Mesenchymal stem cell research,0.9998999834060669,Genetics,Medicine,Health Sciences
W2159999899,T10105,Osteoarthritis Treatment and Mechanisms,0.9979000091552734,Rheumatology,Medicine,Health Sciences
W2159999899,T10441,Muscle Physiology and Disorders,0.9818000197410583,Molecular Biology,"Biochemistry, Genetics and Molecular Biology",Life Sciences
W2086943348,T10505,Pluripotent Stem Cells Research,0.9993000030517578,Molecular Biology,"Biochemistry, Genetics and Molecular Biology",Life Sciences
W2086943348,T10176,Mesenchymal stem cell research,0.9904999732971191,Genetics,Medicine,Health Sciences
W2086943348,T12264,Tissue Engineering and Regenerative Medicine,0.9897000193595886,Surgery,Medicine,Health Sciences
W2032118018,T10878,CRISPR and Genetic Engineering,0.9979000091552734,Molecular Biology,"Biochemistry, Genetics and Molecular Biology",Life Sciences
W2032118018,T11970,Molecular Biology Techniques and Applications,0.9965000152587891,Molecular Biology,"Biochemistry, Genetics and Molecular Biology",Life Sciences
W2032118018,T12929,Animal Genetics and Reproduction,0.9961000084877014,Genetics,"Biochemistry, Genetics and Molecular Biology",Life Sciences
W2024060531,T10591,Theoretical and Computational Physics,0.9836999773979187,Condensed Matter Physics,Physics and Astronomy,Physical Sciences
W2024060531,T10848,Advanced Multi-Objective Optimization Algorithms,0.9671000242233276,Computational Theory and Mathematics,Computer Science,Physical Sciences
W2024060531,T11522,VLSI and FPGA Design Techniques,0.9634000062942505,Electrical and Electronic Engineering,Engineering,Physical Sciences
W2062663664,T11252,Evolutionary Game Theory and Cooperation,0.9998000264167786,Sociology and Political Science,Social Sciences,Social Sciences
W2062663664,T11118,Evolutionary Psychology and Human Behavior,0.9886000156402588,Experimental and Cognitive Psychology,Psychology,Social Sciences
W2062663664,T10699,Primate Behavior and Ecology,0.9767000079154968,Social Psychology,Psychology,Social Sciences
W2096452841,T10315,Decision-Making and Behavioral Economics,0.9984999895095825,General Decision Sciences,Decision Sciences,Social Sciences
W4292157289,T11875,Statistics Education and Methodologies,0.9905999898910522,Statistics and Probability,Mathematics,Physical Sciences
W4292157289,T11918,Forecasting Techniques and Applications,0.9666000008583069,Management Science and Operations Research,Decision Sciences,Social Sciences
W4292157289,T10315,Decision-Making and Behavioral Economics,0.9575999975204468,General Decision Sciences,Decision Sciences,Social Sciences
W2226396244,T11252,Evolutionary Game Theory and Cooperation,0.031300000846385956,Sociology and Political Science,Social Sciences,Social Sciences
W2226396244,T12788,Space Science and Extraterrestrial Life,0.02850000001490116,Astronomy and Astrophysics,Physics and Astronomy,Physical Sciences
W2226396244,T14350,"Innovation, Sustainability, Human-Machine Systems",0.024399999529123306,Sociology and Political Science,Social Sciences,Social Sciences
W2737217596,T10753,Microplastics and Plastic Pollution,0.9995999932289124,Pollution,Environmental Science,Physical Sciences
W2737217596,T12017,Recycling and Waste Management Techniques,0.9842000007629395,Industrial and Manufacturing Engineering,Environmental Science,Physical Sciences
W2114843025,T10887,Bioinformatics and Genomic Networks,0.9980999827384949,Molecular Biology,"Biochemistry, Genetics and Molecular Biology",Life Sciences
W2114843025,T11287,Cancer Genomics and Diagnostics,0.9976000189781189,Cancer Research,"Biochemistry, Genetics and Molecular Biology",Life Sciences
W2114843025,T10885,Gene expression and cancer classification,0.9929999709129333,Molecular Biology,"Biochemistry, Genetics and Molecular Biology",Life Sciences
W2302501749,T11937,Research Data Management Practices,0.9993000030517578,Information Systems,Computer Science,Physical Sciences
W2302501749,T11986,Scientific Computing and Data Management,0.9991000294685364,Information Systems and Management,Decision Sciences,Social Sciences
W2302501749,T11719,Data Quality and Management,0.9340999722480774,Management Science and Operations Research,Decision Sciences,Social Sciences
W2580767461,T10617,Cellular transport and secretion,0.9995999932289124,Cell Biology,"Biochemistry, Genetics and Molecular Biology",Life Sciences
W2580767461,T11412,Genetic and Kidney Cyst Diseases,0.9966999888420105,Genetics,"Biochemistry, Genetics and Molecular Biology",Life Sciences
W2580767461,T13437,Mechanisms of cancer metastasis,0.9947999715805054,Molecular Biology,"Biochemistry, Genetics and Molecular Biology",Life Sciences
W2593436234,T10211,Computational Drug Discovery Methods,1.0,Computational Theory and Mathematics,Computer Science,Physical Sciences
W2593436234,T10908,Analytical Chemistry and Chromatography,0.9994000196456909,Spectroscopy,Chemistry,Physical Sciences
W2593436234,T10375,Pharmacogenetics and Drug Metabolism,0.9983999729156494,Pharmacology,"Pharmacology, Toxicology and Pharmaceutics",Life Sciences
W2150220236,T10799,Data Visualization and Analytics,0.9965000152587891,Computer Vision and Pattern Recognition,Computer Science,Physical Sciences
W2150220236,T13976,Web visibility and informetrics,0.972100019454956,Information Systems,Computer Science,Physical Sciences
W2150220236,T10064,Complex Network Analysis Techniques,0.9611999988555908,Statistical and Nonlinear Physics,Physics and Astronomy,Physical Sciences
W2148606196,T10064,Complex Network Analysis Techniques,1.0,Statistical and Nonlinear Physics,Physics and Astronomy,Physical Sciences
W2148606196,T12592,Opinion Dynamics and Social Influence,0.9994999766349792,Statistical and Nonlinear Physics,Physics and Astronomy,Physical Sciences
W2148606196,T11031,Game Theory and Applications,0.970300018787384,Management Science and Operations Research,Decision Sciences,Social Sciences
W197066864,T10985,Sleep and Wakefulness Research,0.9995999932289124,Cognitive Neuroscience,Neuroscience,Life Sciences
W197066864,T10316,Sleep and related disorders,0.9937999844551086,Experimental and Cognitive Psychology,Psychology,Social Sciences
W197066864,T10234,Obstructive Sleep Apnea Research,0.992900013923645,Physiology,Medicine,Health Sciences
W2329395632,T12880,Qualitative Research Methods and Applications,0.21379999816417694,Education,Social Sciences,Social Sciences
W2056944867,T10064,Complex Network Analysis Techniques,0.9997000098228455,Statistical and Nonlinear Physics,Physics and Astronomy,Physical Sciences
W2056944867,T12592,Opinion Dynamics and Social Influence,0.9990000128746033,Statistical and Nonlinear Physics,Physics and Astronomy,Physical Sciences
W2056944867,T11031,Game Theory and Applications,0.9828000068664551,Management Science and Operations Research,Decision Sciences,Social Sciences
W3210839039,T10792,Matrix Theory and Algorithms,0.8119000196456909,Computational Theory and Mathematics,Computer Science,Physical Sciences
W1992193527,T11871,Advanced Statistical Methods and Models,0.982200026512146,Statistics and Probability,Mathematics,Physical Sciences
W1992193527,T10243,Statistical Methods and Bayesian Inference,0.9800999760627747,Statistics and Probability,Mathematics,Physical Sciences
W1992193527,T10050,Multi-Criteria Decision Making,0.9248999953269958,Management Science and Operations Research,Decision Sciences,Social Sciences
W1031578623,T11809,Advanced NMR Techniques and Applications,0.9993000030517578,Spectroscopy,Chemistry,Physical Sciences
W1031578623,T10044,Protein Structure and Dynamics,0.9987999796867371,Molecular Biology,"Biochemistry, Genetics and Molecular Biology",Life Sciences
W1031578623,T11162,Enzyme Structure and Function,0.9933000206947327,Materials Chemistry,Materials Science,Physical Sciences
W2798643531,T10243,Statistical Methods and Bayesian Inference,0.03539999946951866,Statistics and Probability,Mathematics,Physical Sciences
W2798643531,T11871,Advanced Statistical Methods and Models,0.02879999950528145,Statistics and Probability,Mathematics,Physical Sciences
W2798643531,T13398,Data Analysis with R,0.022700000554323196,Artificial Intelligence,Computer Science,Physical Sciences
W2091160252,T10716,Soil and Unsaturated Flow,0.9010999798774719,Civil and Structural Engineering,Engineering,Physical Sciences
W2162604832,T10716,Soil and Unsaturated Flow,0.9993000030517578,Civil and Structural Engineering,Engineering,Physical Sciences
W2162604832,T10894,Groundwater flow and contamination studies,0.9944999814033508,Environmental Engineering,Environmental Science,Physical Sciences
W2162604832,T11225,Geothermal Energy Systems and Applications,0.9887999892234802,"Renewable Energy, Sustainability and the Environment",Energy,Physical Sciences
W3121147769,T10785,Economic Theory and Institutions,0.38370001316070557,Economics and Econometrics,"Economics, Econometrics and Finance",Social Sciences
W3121147769,T12137,Economic theories and models,0.3328999876976013,Economics and Econometrics,"Economics, Econometrics and Finance",Social Sciences
W4294214781,T13283,Mental Health Research Topics,0.19179999828338623,Experimental and Cognitive Psychology,Psychology,Social Sciences
W2787894218,T11875,Statistics Education and Methodologies,0.14830000698566437,Statistics and Probability,Mathematics,Physical Sciences
W1480376833,T11875,Statistics Education and Methodologies,0.4959000051021576,Statistics and Probability,Mathematics,Physical Sciences
W2058815839,T12261,Statistical Mechanics and Entropy,0.9961000084877014,Statistical and Nonlinear Physics,Physics and Astronomy,Physical Sciences
W2058815839,T13487,Statistical and numerical algorithms,0.9514999985694885,Applied Mathematics,Mathematics,Physical Sciences
W2058815839,T13500,Probability and Statistical Research,0.9508000016212463,Statistics and Probability,Mathematics,Physical Sciences
W1979300931,T10136,Statistical Methods and Inference,0.9721999764442444,Statistics and Probability,Mathematics,Physical Sciences
W1979300931,T10968,Statistical Distribution Estimation and Applications,0.9632999897003174,Statistics and Probability,Mathematics,Physical Sciences
W1979300931,T10243,Statistical Methods and Bayesian Inference,0.9509000182151794,Statistics and Probability,Mathematics,Physical Sciences
W1580788756,T12011,"Insurance, Mortality, Demography, Risk Management",0.9995999932289124,Demography,Social Sciences,Social Sciences
W1580788756,T14509,demographic modeling and climate adaptation,0.9983000159263611,Management Science and Operations Research,Decision Sciences,Social Sciences
W1580788756,T12781,Global Health Care Issues,0.9764000177383423,General Health Professions,Health Professions,Health Sciences
W2337002970,T11432,Gender Politics and Representation,0.5703999996185303,Gender Studies,Social Sciences,Social Sciences
W4300107936,T11810,Complex Systems and Decision Making,0.3248000144958496,Management Science and Operations Research,Decision Sciences,Social Sciences
W1513618424,T11871,Advanced Statistical Methods and Models,0.3222000002861023,Statistics and Probability,Mathematics,Physical Sciences
W2148534890,T11901,Bayesian Methods and Mixture Models,0.9987000226974487,Artificial Intelligence,Computer Science,Physical Sciences
W2148534890,T10243,Statistical Methods and Bayesian Inference,0.9973999857902527,Statistics and Probability,Mathematics,Physical Sciences
W2148534890,T12814,Gaussian Processes and Bayesian Inference,0.9739999771118164,Artificial Intelligence,Computer Science,Physical Sciences
W1518897246,T13398,Data Analysis with R,0.26649999618530273,Artificial Intelligence,Computer Science,Physical Sciences
W1518897246,T10765,Marine Biology and Ecology Research,0.03709999844431877,Oceanography,Earth and Planetary Sciences,Physical Sciences
W1518897246,T10643,Marine and coastal plant biology,0.023499999195337296,Oceanography,Earth and Planetary Sciences,Physical Sciences
W1528905581,T11060,Infant Development and Preterm Care,0.9853000044822693,"Pediatrics, Perinatology and Child Health",Medicine,Health Sciences
W1528905581,T10182,Child and Adolescent Psychosocial and Emotional Development,0.9236999750137329,Clinical Psychology,Psychology,Social Sciences
W2126930838,T10206,Meta-analysis and systematic reviews,0.9991999864578247,"Statistics, Probability and Uncertainty",Decision Sciences,Social Sciences
W2126930838,T11700,Hemodynamic Monitoring and Therapy,0.9584000110626221,Surgery,Medicine,Health Sciences
W2126930838,T11235,Statistical Methods in Clinical Trials,0.92330002784729,Statistics and Probability,Mathematics,Physical Sciences
W2123709218,T10003,Innovation and Knowledge Management,0.9973999857902527,Strategy and Management,"Business, Management and Accounting",Social Sciences
W2123709218,T13402,Business Strategy and Innovation,0.9857000112533569,Strategy and Management,"Business, Management and Accounting",Social Sciences
W2123709218,T12851,Firm Innovation and Growth,0.9678999781608582,Economics and Econometrics,"Economics, Econometrics and Finance",Social Sciences
W2140956556,T10003,Innovation and Knowledge Management,0.9851999878883362,Strategy and Management,"Business, Management and Accounting",Social Sciences
W2140956556,T13402,Business Strategy and Innovation,0.9686999917030334,Strategy and Management,"Business, Management and Accounting",Social Sciences
W2071666535,T10467,Psychometric Methodologies and Testing,0.9623000025749207,Management Science and Operations Research,Decision Sciences,Social Sciences
W2543580944,T10100,Metaheuristic Optimization Algorithms Research,0.9994999766349792,Artificial Intelligence,Computer Science,Physical Sciences
W2543580944,T13717,Advanced Algorithms and Applications,0.9909999966621399,Control and Systems Engineering,Engineering,Physical Sciences
W2543580944,T12391,Artificial Immune Systems Applications,0.9879000186920166,Biomedical Engineering,Engineering,Physical Sciences
W2148698435,T10015,Genomics and Phylogenetic Studies,0.9965999722480774,Molecular Biology,"Biochemistry, Genetics and Molecular Biology",Life Sciences
W2148698435,T11354,Evolution and Paleontology Studies,0.9961000084877014,Paleontology,Earth and Planetary Sciences,Physical Sciences
W2148698435,T10012,Genetic diversity and population structure,0.994700014591217,Genetics,"Biochemistry, Genetics and Molecular Biology",Life Sciences
W2111211467,T10015,Genomics and Phylogenetic Studies,0.9994999766349792,Molecular Biology,"Biochemistry, Genetics and Molecular Biology",Life Sciences
W2111211467,T10887,Bioinformatics and Genomic Networks,0.9914000034332275,Molecular Biology,"Biochemistry, Genetics and Molecular Biology",Life Sciences
W2111211467,T10012,Genetic diversity and population structure,0.9868000149726868,Genetics,"Biochemistry, Genetics and Molecular Biology",Life Sciences
W2103546861,T10015,Genomics and Phylogenetic Studies,0.9997000098228455,Molecular Biology,"Biochemistry, Genetics and Molecular Biology",Life Sciences
W2103546861,T10434,Chromosomal and Genetic Variations,0.9905999898910522,Plant Science,Agricultural and Biological Sciences,Life Sciences
W2103546861,T10012,Genetic diversity and population structure,0.9797000288963318,Genetics,"Biochemistry, Genetics and Molecular Biology",Life Sciences
W2560438049,T10206,Meta-analysis and systematic reviews,0.9370999932289124,"Statistics, Probability and Uncertainty",Decision Sciences,Social Sciences
W2161374186,T10206,Meta-analysis and systematic reviews,0.9991000294685364,"Statistics, Probability and Uncertainty",Decision Sciences,Social Sciences
W2161374186,T12443,Delphi Technique in Research,0.9818000197410583,Sociology and Political Science,Social Sciences,Social Sciences
W2161374186,T10416,Traumatic Brain Injury Research,0.960099995136261,Epidemiology,Medicine,Health Sciences
W2034562813,T14406,Multidisciplinary Science and Engineering Research,0.15850000083446503,"Statistics, Probability and Uncertainty",Decision Sciences,Social Sciences
W2148603752,T11975,Evolutionary Algorithms and Applications,0.8125,Artificial Intelligence,Computer Science,Physical Sciences
W2148603752,T10100,Metaheuristic Optimization Algorithms Research,0.7876999974250793,Artificial Intelligence,Computer Science,Physical Sciences
W2148603752,T10320,Neural Networks and Applications,0.7864000201225281,Artificial Intelligence,Computer Science,Physical Sciences
W4300870773,T12175,Social Representations and Identity,0.8004999756813049,Social Psychology,Psychology,Social Sciences
W4240402692,T12175,Social Representations and Identity,0.8004999756813049,Social Psychology,Psychology,Social Sciences
W2801179766,T14500,Advanced Mathematical Theories,0.6712999939918518,Mathematical Physics,Mathematics,Physical Sciences
W2317574555,T13843,African Sexualities and LGBTQ+ Issues,0.3188999891281128,Sociology and Political Science,Social Sciences,Social Sciences
W2317574555,T12295,"Foucault, Power, and Ethics",0.31189998984336853,Sociology and Political Science,Social Sciences,Social Sciences
W2161633633,T10261,Genetic Associations and Epidemiology,0.9994000196456909,Genetics,"Biochemistry, Genetics and Molecular Biology",Life Sciences
W2161633633,T11468,Genetic Mapping and Diversity in Plants and Animals,0.9987999796867371,Genetics,"Biochemistry, Genetics and Molecular Biology",Life Sciences
W2161633633,T10887,Bioinformatics and Genomic Networks,0.9868000149726868,Molecular Biology,"Biochemistry, Genetics and Molecular Biology",Life Sciences
W1965555277,T12002,"Computability, Logic, AI Algorithms",0.11990000307559967,Computational Theory and Mathematics,Computer Science,Physical Sciences
W1678356000,T10320,Neural Networks and Applications,0.9986000061035156,Artificial Intelligence,Computer Science,Physical Sciences
W1678356000,T12072,Machine Learning and Algorithms,0.9955000281333923,Artificial Intelligence,Computer Science,Physical Sciences
W1678356000,T11206,Model Reduction and Neural Networks,0.9934999942779541,Statistical and Nonlinear Physics,Physics and Astronomy,Physical Sciences
W2117897510,T11871,Advanced Statistical Methods and Models,0.9977999925613403,Statistics and Probability,Mathematics,Physical Sciences
W2117897510,T10136,Statistical Methods and Inference,0.9925000071525574,Statistics and Probability,Mathematics,Physical Sciences
W2117897510,T11236,Control Systems and Identification,0.9854000210762024,Control and Systems Engineering,Engineering,Physical Sciences
W2073832139,T11323,Gamma-ray bursts and supernovae,1.0,Astronomy and Astrophysics,Physics and Astronomy,Physical Sciences
W2073832139,T10039,"Stellar, planetary, and galactic studies",0.9919000267982483,Astronomy and Astrophysics,Physics and Astronomy,Physical Sciences
W2073832139,T10463,Pulsars and Gravitational Waves Research,0.9847999811172485,Astronomy and Astrophysics,Physics and Astronomy,Physical Sciences
W1853767801,T11323,Gamma-ray bursts and supernovae,1.0,Astronomy and Astrophysics,Physics and Astronomy,Physical Sciences
W1853767801,T10039,"Stellar, planetary, and galactic studies",0.9972000122070312,Astronomy and Astrophysics,Physics and Astronomy,Physical Sciences
W1853767801,T10463,Pulsars and Gravitational Waves Research,0.9965000152587891,Astronomy and Astrophysics,Physics and Astronomy,Physical Sciences
W2171074980,T13487,Statistical and numerical algorithms,0.9965000152587891,Applied Mathematics,Mathematics,Physical Sciences
W2171074980,T13126,Scientific Research and Discoveries,0.9865999817848206,Statistical and Nonlinear Physics,Physics and Astronomy,Physical Sciences
W2171074980,T11236,Control Systems and Identification,0.9851999878883362,Control and Systems Engineering,Engineering,Physical Sciences
W2137358449,T12137,Economic theories and models,0.6438999772071838,Economics and Econometrics,"Economics, Econometrics and Finance",Social Sciences
W2128529067,T11265,Aging and Gerontology Research,0.9171000123023987,Neuropsychology and Physiological Psychology,Psychology,Social Sciences
W2127911529,T10310,Corrosion Behavior and Inhibition,0.9952999949455261,Materials Chemistry,Materials Science,Physical Sciences
W2127911529,T12039,Electron and X-Ray Spectroscopy Techniques,0.9916999936103821,"Surfaces, Coatings and Films",Materials Science,Physical Sciences
W2127911529,T10736,Hydrogen embrittlement and corrosion behaviors in metals,0.9850000143051147,Metals and Alloys,Materials Science,Physical Sciences
W2092157292,T10002,Advanced Chemical Physics Studies,0.9998999834060669,"Atomic and Molecular Physics, and Optics",Physics and Astronomy,Physical Sciences
W2092157292,T10798,Crystallography and molecular interactions,0.9994000196456909,Physical and Theoretical Chemistry,Chemistry,Physical Sciences
W2092157292,T12646,Inorganic Fluorides and Related Compounds,0.9991999864578247,Inorganic Chemistry,Chemistry,Physical Sciences
W2057477511,T11177,Spectroscopy and Quantum Chemical Studies,0.9990000128746033,"Atomic and Molecular Physics, and Optics",Physics and Astronomy,Physical Sciences
W2057477511,T10044,Protein Structure and Dynamics,0.9973000288009644,Molecular Biology,"Biochemistry, Genetics and Molecular Biology",Life Sciences
W2057477511,T10591,Theoretical and Computational Physics,0.9969000220298767,Condensed Matter Physics,Physics and Astronomy,Physical Sciences
W2085093563,T10002,Advanced Chemical Physics Studies,0.9998000264167786,"Atomic and Molecular Physics, and Optics",Physics and Astronomy,Physical Sciences
W2085093563,T10083,Graphene research and applications,0.9998000264167786,Materials Chemistry,Materials Science,Physical Sciences
W2085093563,T10913,Molecular Junctions and Nanostructures,0.9998000264167786,Electrical and Electronic Engineering,Engineering,Physical Sciences
W2122427541,T10002,Advanced Chemical Physics Studies,0.9998999834060669,"Atomic and Molecular Physics, and Optics",Physics and Astronomy,Physical Sciences
W2122427541,T12646,Inorganic Fluorides and Related Compounds,0.9966999888420105,Inorganic Chemistry,Chemistry,Physical Sciences
W2122427541,T11965,"Quantum, superfluid, helium dynamics",0.9961000084877014,"Atomic and Molecular Physics, and Optics",Physics and Astronomy,Physical Sciences
W2008423326,T10002,Advanced Chemical Physics Studies,0.9998999834060669,"Atomic and Molecular Physics, and Optics",Physics and Astronomy,Physical Sciences
W2008423326,T11177,Spectroscopy and Quantum Chemical Studies,0.9991000294685364,"Atomic and Molecular Physics, and Optics",Physics and Astronomy,Physical Sciences
W2008423326,T11825,Catalysis and Oxidation Reactions,0.9979000091552734,Catalysis,Chemical Engineering,Physical Sciences
W2035687084,T10044,Protein Structure and Dynamics,0.9711999893188477,Molecular Biology,"Biochemistry, Genetics and Molecular Biology",Life Sciences
W2035687084,T10402,Phase Equilibria and Thermodynamics,0.957099974155426,Biomedical Engineering,Engineering,Physical Sciences
W2035687084,T10026,"Galaxies: Formation, Evolution, Phenomena",0.9441999793052673,Astronomy and Astrophysics,Physics and Astronomy,Physical Sciences
W1982356449,T10002,Advanced Chemical Physics Studies,0.9998999834060669,"Atomic and Molecular Physics, and Optics",Physics and Astronomy,Physical Sciences
W1982356449,T10798,Crystallography and molecular interactions,0.9991999864578247,Physical and Theoretical Chemistry,Chemistry,Physical Sciences
W1982356449,T11177,Spectroscopy and Quantum Chemical Studies,0.9991999864578247,"Atomic and Molecular Physics, and Optics",Physics and Astronomy,Physical Sciences
W2143981217,T10002,Advanced Chemical Physics Studies,0.9998999834060669,"Atomic and Molecular Physics, and Optics",Physics and Astronomy,Physical Sciences
W2143981217,T11177,Spectroscopy and Quantum Chemical Studies,0.9994999766349792,"Atomic and Molecular Physics, and Optics",Physics and Astronomy,Physical Sciences
W2143981217,T11825,Catalysis and Oxidation Reactions,0.9977999925613403,Catalysis,Chemical Engineering,Physical Sciences
W2067174909,T13126,Scientific Research and Discoveries,0.9986000061035156,Statistical and Nonlinear Physics,Physics and Astronomy,Physical Sciences
W2067174909,T10591,Theoretical and Computational Physics,0.9944000244140625,Condensed Matter Physics,Physics and Astronomy,Physical Sciences
W2067174909,T12274,Electrostatics and Colloid Interactions,0.9908999800682068,Physical and Theoretical Chemistry,Chemistry,Physical Sciences
W2069006374,T10002,Advanced Chemical Physics Studies,0.9998000264167786,"Atomic and Molecular Physics, and Optics",Physics and Astronomy,Physical Sciences
W2069006374,T11948,Machine Learning in Materials Science,0.9983999729156494,Materials Chemistry,Materials Science,Physical Sciences
W2069006374,T11177,Spectroscopy and Quantum Chemical Studies,0.9977999925613403,"Atomic and Molecular Physics, and Optics",Physics and Astronomy,Physical Sciences
W2017196167,T11177,Spectroscopy and Quantum Chemical Studies,0.9998999834060669,"Atomic and Molecular Physics, and Optics",Physics and Astronomy,Physical Sciences
W2017196167,T10002,Advanced Chemical Physics Studies,0.9995999932289124,"Atomic and Molecular Physics, and Optics",Physics and Astronomy,Physical Sciences
W2017196167,T11965,"Quantum, superfluid, helium dynamics",0.9983999729156494,"Atomic and Molecular Physics, and Optics",Physics and Astronomy,Physical Sciences
W2035266068,T11177,Spectroscopy and Quantum Chemical Studies,0.9997000098228455,"Atomic and Molecular Physics, and Optics",Physics and Astronomy,Physical Sciences
W2035266068,T10402,Phase Equilibria and Thermodynamics,0.9994999766349792,Biomedical Engineering,Engineering,Physical Sciences
W2035266068,T11520,Advanced Thermodynamics and Statistical Mechanics,0.9990000128746033,Statistical and Nonlinear Physics,Physics and Astronomy,Physical Sciences
W1976499671,T11936,Chemical and Physical Properties in Aqueous Solutions,0.9959999918937683,Filtration and Separation,Chemical Engineering,Physical Sciences
W1976499671,T11177,Spectroscopy and Quantum Chemical Studies,0.9950000047683716,"Atomic and Molecular Physics, and Optics",Physics and Astronomy,Physical Sciences
W1976499671,T10402,Phase Equilibria and Thermodynamics,0.9886000156402588,Biomedical Engineering,Engineering,Physical Sciences
W1971275758,T10002,Advanced Chemical Physics Studies,0.9998999834060669,"Atomic and Molecular Physics, and Optics",Physics and Astronomy,Physical Sciences
W1971275758,T12748,Molecular spectroscopy and chirality,0.9983000159263611,Spectroscopy,Chemistry,Physical Sciences
W1971275758,T11177,Spectroscopy and Quantum Chemical Studies,0.998199999332428,"Atomic and Molecular Physics, and Optics",Physics and Astronomy,Physical Sciences
W2046412723,T12327,Various Chemistry Research Topics,0.9980999827384949,Physical and Theoretical Chemistry,Chemistry,Physical Sciences
W2046412723,T12852,Chemical Thermodynamics and Molecular Structure,0.996399998664856,Organic Chemistry,Chemistry,Physical Sciences
W2046412723,T10002,Advanced Chemical Physics Studies,0.9890000224113464,"Atomic and Molecular Physics, and Optics",Physics and Astronomy,Physical Sciences
W2056760934,T10402,Phase Equilibria and Thermodynamics,0.9973999857902527,Biomedical Engineering,Engineering,Physical Sciences
W2056760934,T11520,Advanced Thermodynamics and Statistical Mechanics,0.9909999966621399,Statistical and Nonlinear Physics,Physics and Astronomy,Physical Sciences
W2056760934,T12202,nanoparticles nucleation surface interactions,0.9769999980926514,Atmospheric Science,Earth and Planetary Sciences,Physical Sciences
W3171418018,T12308,Mental Health and Psychiatry,0.9470999836921692,Philosophy,Arts and Humanities,Social Sciences
W3121693921,T10019,Corporate Finance and Governance,0.9973000288009644,Accounting,"Business, Management and Accounting",Social Sciences
W3121693921,T12509,Corporate Insolvency and Governance,0.9955999851226807,Accounting,"Business, Management and Accounting",Social Sciences
W3121693921,T14102,Corporate Governance and Law,0.9789999723434448,Strategy and Management,"Business, Management and Accounting",Social Sciences
W2136120210,T10047,Financial Markets and Investment Strategies,0.9998999834060669,Finance,"Economics, Econometrics and Finance",Social Sciences
W2136120210,T10019,Corporate Finance and Governance,0.996999979019165,Accounting,"Business, Management and Accounting",Social Sciences
W2136120210,T10081,"Auditing, Earnings Management, Governance",0.9937000274658203,Accounting,"Business, Management and Accounting",Social Sciences
W2131773668,T10047,Financial Markets and Investment Strategies,0.9994000196456909,Finance,"Economics, Econometrics and Finance",Social Sciences
W2131773668,T10632,Housing Market and Economics,0.9976000189781189,Economics and Econometrics,"Economics, Econometrics and Finance",Social Sciences
W2131773668,T10007,Monetary Policy and Economic Impact,0.9945999979972839,"General Economics, Econometrics and Finance","Economics, Econometrics and Finance",Social Sciences
W2029056003,T12137,Economic theories and models,0.942799985408783,Economics and Econometrics,"Economics, Econometrics and Finance",Social Sciences
W2029056003,T10047,Financial Markets and Investment Strategies,0.9406999945640564,Finance,"Economics, Econometrics and Finance",Social Sciences
W2029056003,T11976,Capital Investment and Risk Analysis,0.9092000126838684,Finance,"Economics, Econometrics and Finance",Social Sciences
W2056879345,T12889,"Psychoanalysis, Philosophy, and Politics",0.10180000215768814,Clinical Psychology,Psychology,Social Sciences
W2056879345,T11743,Political Economy and Marxism,0.08760000020265579,Sociology and Political Science,Social Sciences,Social Sciences
W2056879345,T10785,Economic Theory and Institutions,0.08190000057220459,Economics and Econometrics,"Economics, Econometrics and Finance",Social Sciences
W3122859634,T11365,Islamic Finance and Banking Studies,0.9987999796867371,Accounting,"Business, Management and Accounting",Social Sciences
W3122859634,T11257,Taxation and Compliance Studies,0.9876000285148621,Economics and Econometrics,"Economics, Econometrics and Finance",Social Sciences
W3122859634,T11508,Corporate Taxation and Avoidance,0.9753999710083008,Accounting,"Business, Management and Accounting",Social Sciences
W1988050849,T10154,Customer Service Quality and Loyalty,0.9975000023841858,Organizational Behavior and Human Resource Management,"Business, Management and Accounting",Social Sciences
W1988050849,T10145,Consumer Behavior in Brand Consumption and Identification,0.9822999835014343,Marketing,"Business, Management and Accounting",Social Sciences
W1988050849,T10068,Technology Adoption and User Behaviour,0.9782999753952026,Information Systems and Management,Decision Sciences,Social Sciences
W2006479099,T12880,Qualitative Research Methods and Applications,0.022299999371170998,Education,Social Sciences,Social Sciences
W2006479099,T14153,Social Development and Education Research,0.008299999870359898,Education,Social Sciences,Social Sciences
W2006479099,T12926,Business Strategies and Management Research,0.007899999618530273,Management Science and Operations Research,Decision Sciences,Social Sciences
W2990427812,T11986,Scientific Computing and Data Management,0.9955999851226807,Information Systems and Management,Decision Sciences,Social Sciences
W2990427812,T11937,Research Data Management Practices,0.9574000239372253,Information Systems,Computer Science,Physical Sciences
W2990427812,T13398,Data Analysis with R,0.9282000064849854,Artificial Intelligence,Computer Science,Physical Sciences
W2148284063,T12748,Molecular spectroscopy and chirality,0.9995999932289124,Spectroscopy,Chemistry,Physical Sciences
W2148284063,T11177,Spectroscopy and Quantum Chemical Studies,0.9994999766349792,"Atomic and Molecular Physics, and Optics",Physics and Astronomy,Physical Sciences
W2148284063,T12044,Advanced Physical and Chemical Molecular Interactions,0.9915000200271606,Physical and Theoretical Chemistry,Chemistry,Physical Sciences
W2030841140,T11520,Advanced Thermodynamics and Statistical Mechanics,0.9115999937057495,Statistical and Nonlinear Physics,Physics and Astronomy,Physical Sciences
W2030841140,T11177,Spectroscopy and Quantum Chemical Studies,0.909500002861023,"Atomic and Molecular Physics, and Optics",Physics and Astronomy,Physical Sciences
W2011215428,T11177,Spectroscopy and Quantum Chemical Studies,0.9998999834060669,"Atomic and Molecular Physics, and Optics",Physics and Astronomy,Physical Sciences
W2011215428,T11129,Photochemistry and Electron Transfer Studies,0.9997000098228455,Physical and Theoretical Chemistry,Chemistry,Physical Sciences
W2011215428,T13013,Free Radicals and Antioxidants,0.9991999864578247,Organic Chemistry,Chemistry,Physical Sciences
W1985940938,T11601,Neuroscience and Neural Engineering,0.9887999892234802,Cellular and Molecular Neuroscience,Neuroscience,Life Sciences
W1985940938,T10923,Force Microscopy Techniques and Applications,0.9815999865531921,"Atomic and Molecular Physics, and Optics",Physics and Astronomy,Physical Sciences
W1985940938,T11449,Mechanical and Optical Resonators,0.9800000190734863,"Atomic and Molecular Physics, and Optics",Physics and Astronomy,Physical Sciences
W2164059021,T11011,Frailty in Older Adults,0.9997000098228455,Geriatrics and Gerontology,Medicine,Health Sciences
W2164059021,T10397,Nutrition and Health in Aging,0.9968000054359436,Physiology,Medicine,Health Sciences
W2164059021,T10804,"Health Systems, Economic Evaluations, Quality of Life",0.9961000084877014,Economics and Econometrics,"Economics, Econometrics and Finance",Social Sciences
W3009885589,T10041,COVID-19 Clinical Research Studies,0.9998000264167786,Infectious Diseases,Medicine,Health Sciences
W3009885589,T11368,Long-Term Effects of COVID-19,0.9972000122070312,Neurology,Medicine,Health Sciences
W3009885589,T10218,Sepsis Diagnosis and Treatment,0.995199978351593,Epidemiology,Medicine,Health Sciences
W3001118548,T10118,SARS-CoV-2 and COVID-19 Research,1.0,Infectious Diseases,Medicine,Health Sciences
W3001118548,T10041,COVID-19 Clinical Research Studies,0.9986000061035156,Infectious Diseases,Medicine,Health Sciences
W3001118548,T10976,Viral gastroenteritis research and epidemiology,0.9983999729156494,Infectious Diseases,Medicine,Health Sciences
W3002108456,T10118,SARS-CoV-2 and COVID-19 Research,0.9998999834060669,Infectious Diseases,Medicine,Health Sciences
W3002108456,T10041,COVID-19 Clinical Research Studies,0.9975000023841858,Infectious Diseases,Medicine,Health Sciences
W3002108456,T11775,COVID-19 diagnosis using AI,0.9970999956130981,"Radiology, Nuclear Medicine and Imaging",Medicine,Health Sciences
W3092849554,T11244,Climate Change and Health Impacts,0.9933000206947327,"Health, Toxicology and Mutagenesis",Environmental Science,Physical Sciences
W3092849554,T13555,"Healthcare cost, quality, practices",0.9819999933242798,General Health Professions,Health Professions,Health Sciences
W3092849554,T12816,Global Public Health Policies and Epidemiology,0.9807000160217285,Organizational Behavior and Human Resource Management,"Business, Management and Accounting",Social Sciences
W3006659024,T10168,COVID-19 and Mental Health,0.9991000294685364,Clinical Psychology,Psychology,Social Sciences
W3006659024,T10242,Posttraumatic Stress Disorder Research,0.9973999857902527,Clinical Psychology,Psychology,Social Sciences
W3006659024,T10795,Healthcare professionals’ stress and burnout,0.9966999888420105,General Health Professions,Health Professions,Health Sciences
W2275737843,T10206,Meta-analysis and systematic reviews,0.996999979019165,"Statistics, Probability and Uncertainty",Decision Sciences,Social Sciences
W2275737843,T13309,Reliability and Agreement in Measurement,0.9771999716758728,"Statistics, Probability and Uncertainty",Decision Sciences,Social Sciences
W2275737843,T12443,Delphi Technique in Research,0.968999981880188,Sociology and Political Science,Social Sciences,Social Sciences
W2337454357,T10027,"Diabetes, Cardiovascular Risks, and Lipoproteins",0.9995999932289124,"Endocrinology, Diabetes and Metabolism",Medicine,Health Sciences
W2337454357,T10560,Diabetes Management and Research,0.9994999766349792,"Endocrinology, Diabetes and Metabolism",Medicine,Health Sciences
W2337454357,T10401,Diabetes Treatment and Management,0.9988999962806702,"Endocrinology, Diabetes and Metabolism",Medicine,Health Sciences
W2015795623,T11700,Hemodynamic Monitoring and Therapy,0.46050000190734863,Surgery,Medicine,Health Sciences
W2015795623,T11314,Clinical Laboratory Practices and Quality Control,0.08860000222921371,Physiology,Medicine,Health Sciences
W2015795623,T13309,Reliability and Agreement in Measurement,0.04820000007748604,"Statistics, Probability and Uncertainty",Decision Sciences,Social Sciences
W2465692541,T13504,African history and culture analysis,0.18150000274181366,Political Science and International Relations,Social Sciences,Social Sciences
W2990138404,T10320,Neural Networks and Applications,0.7071999907493591,Artificial Intelligence,Computer Science,Physical Sciences
W1497256448,T11975,Evolutionary Algorithms and Applications,0.1826000064611435,Artificial Intelligence,Computer Science,Physical Sciences
W1497256448,T10462,Reinforcement Learning in Robotics,0.07490000128746033,Artificial Intelligence,Computer Science,Physical Sciences
W1497256448,T11031,Game Theory and Applications,0.04039999842643738,Management Science and Operations Research,Decision Sciences,Social Sciences
W2116122104,T10240,Plant tissue culture and regeneration,1.0,Molecular Biology,"Biochemistry, Genetics and Molecular Biology",Life Sciences
W2116122104,T10184,Plant Molecular Biology Research,0.9919999837875366,Plant Science,Agricultural and Biological Sciences,Life Sciences
W2116122104,T11927,Plant Reproductive Biology,0.991100013256073,Molecular Biology,"Biochemistry, Genetics and Molecular Biology",Life Sciences
W2100826189,T10826,Behavioral and Psychological Studies,0.9980000257492065,Developmental and Educational Psychology,Psychology,Social Sciences
W2156109180,T12428,Global Trade and Competitiveness,0.30979999899864197,Strategy and Management,"Business, Management and Accounting",Social Sciences
W2070631858,T11742,Economic Theory and Policy,0.8134999871253967,"General Economics, Econometrics and Finance","Economics, Econometrics and Finance",Social Sciences
W2070631858,T10785,Economic Theory and Institutions,0.7175999879837036,Economics and Econometrics,"Economics, Econometrics and Finance",Social Sciences
W2070631858,T10393,Economic Growth and Productivity,0.6741999983787537,Economics and Econometrics,"Economics, Econometrics and Finance",Social Sciences
W2025610165,T11911,Spatial and Panel Data Analysis,0.9994000196456909,Economics and Econometrics,"Economics, Econometrics and Finance",Social Sciences
W2025610165,T10007,Monetary Policy and Economic Impact,0.9983999729156494,"General Economics, Econometrics and Finance","Economics, Econometrics and Finance",Social Sciences
W2025610165,T11770,Fiscal Policy and Economic Growth,0.9983999729156494,Economics and Econometrics,"Economics, Econometrics and Finance",Social Sciences
W2150697053,T10002,Advanced Chemical Physics Studies,0.9998999834060669,"Atomic and Molecular Physics, and Optics",Physics and Astronomy,Physical Sciences
W2150697053,T10798,Crystallography and molecular interactions,0.9995999932289124,Physical and Theoretical Chemistry,Chemistry,Physical Sciences
W2150697053,T11948,Machine Learning in Materials Science,0.9988999962806702,Materials Chemistry,Materials Science,Physical Sciences
W2094642658,T10002,Advanced Chemical Physics Studies,1.0,"Atomic and Molecular Physics, and Optics",Physics and Astronomy,Physical Sciences
W2094642658,T11177,Spectroscopy and Quantum Chemical Studies,0.9975000023841858,"Atomic and Molecular Physics, and Optics",Physics and Astronomy,Physical Sciences
W2094642658,T11965,"Quantum, superfluid, helium dynamics",0.996999979019165,"Atomic and Molecular Physics, and Optics",Physics and Astronomy,Physical Sciences
W2145150141,T10329,Thyroid Cancer Diagnosis and Treatment,0.9987999796867371,"Endocrinology, Diabetes and Metabolism",Medicine,Health Sciences
W2145150141,T10206,Meta-analysis and systematic reviews,0.9416999816894531,"Statistics, Probability and Uncertainty",Decision Sciences,Social Sciences
W2145150141,T11728,Thyroid and Parathyroid Surgery,0.9075000286102295,Surgery,Medicine,Health Sciences
W3099878876,T11269,Algorithms and Data Compression,0.9987000226974487,Artificial Intelligence,Computer Science,Physical Sciences
W3099878876,T12162,Cellular Automata and Applications,0.9970999956130981,Computational Theory and Mathematics,Computer Science,Physical Sciences
W3099878876,T11975,Evolutionary Algorithms and Applications,0.9950000047683716,Artificial Intelligence,Computer Science,Physical Sciences
W2939474406,T13530,Climate Change and Environmental Impact,0.09220000356435776,Global and Planetary Change,Environmental Science,Physical Sciences
W2939474406,T14329,Science and Climate Studies,0.08250000327825546,Global and Planetary Change,Environmental Science,Physical Sciences
W4254687493,T13398,Data Analysis with R,0.3224000036716461,Artificial Intelligence,Computer Science,Physical Sciences
W244186264,T11667,Advanced Chemical Sensor Technologies,0.8960000276565552,Biomedical Engineering,Engineering,Physical Sciences
W244186264,T14249,Water Quality Monitoring and Analysis,0.8361999988555908,Industrial and Manufacturing Engineering,Environmental Science,Physical Sciences
W244186264,T11434,Electrochemical Analysis and Applications,0.7484999895095825,Electrochemistry,Chemistry,Physical Sciences
W2150290224,T11871,Advanced Statistical Methods and Models,0.13989999890327454,Statistics and Probability,Mathematics,Physical Sciences
W2118502261,T11539,Survey Methodology and Nonresponse,0.9807999730110168,Sociology and Political Science,Social Sciences,Social Sciences
W2118502261,T13030,Survey Sampling and Estimation Techniques,0.9678999781608582,Statistics and Probability,Mathematics,Physical Sciences
W2118502261,T10243,Statistical Methods and Bayesian Inference,0.96670001745224,Statistics and Probability,Mathematics,Physical Sciences
W1689771227,T10154,Customer Service Quality and Loyalty,1.0,Organizational Behavior and Human Resource Management,"Business, Management and Accounting",Social Sciences
W1689771227,T11536,Consumer Retail Behavior Studies,0.9929999709129333,Marketing,"Business, Management and Accounting",Social Sciences
W1689771227,T10145,Consumer Behavior in Brand Consumption and Identification,0.9886999726295471,Marketing,"Business, Management and Accounting",Social Sciences
W2787959293,T10288,Fractional Differential Equations Solutions,0.9902999997138977,Modeling and Simulation,Mathematics,Physical Sciences
W2787959293,T11416,Numerical methods for differential equations,0.9595999717712402,Numerical Analysis,Mathematics,Physical Sciences
W2787959293,T10541,Nonlinear Differential Equations Analysis,0.9480999708175659,Applied Mathematics,Mathematics,Physical Sciences
W1803273808,T11891,Big Data and Business Intelligence,0.06449999660253525,Management Information Systems,"Business, Management and Accounting",Social Sciences
W4320013936,T11674,Sports Analytics and Performance,0.8708000183105469,Economics and Econometrics,"Economics, Econometrics and Finance",Social Sciences
W4320013936,T11918,Forecasting Techniques and Applications,0.866100013256073,Management Science and Operations Research,Decision Sciences,Social Sciences
W4320013936,T12026,Explainable Artificial Intelligence (XAI),0.8616999983787537,Artificial Intelligence,Computer Science,Physical Sciences
W4367314869,T11592,Phenomenology and Existential Philosophy,0.09480000287294388,Experimental and Cognitive Psychology,Psychology,Social Sciences
W4367314869,T10297,Philosophical Ethics and Theory,0.030300000682473183,Philosophy,Arts and Humanities,Social Sciences
W4367314869,T10258,Philosophy and Theoretical Science,0.02160000056028366,Experimental and Cognitive Psychology,Psychology,Social Sciences
W2963341956,T10028,Topic Modeling,0.9998999834060669,Artificial Intelligence,Computer Science,Physical Sciences
W2963341956,T10181,Natural Language Processing Techniques,0.9998000264167786,Artificial Intelligence,Computer Science,Physical Sciences
W2963341956,T13910,Computational and Text Analysis Methods,0.9847999811172485,General Social Sciences,Social Sciences,Social Sciences
W1990513740,T13498,Economic Development and Digital Transformation,0.3919000029563904,"General Economics, Econometrics and Finance","Economics, Econometrics and Finance",Social Sciences
W2129905273,T10320,Neural Networks and Applications,0.37560001015663147,Artificial Intelligence,Computer Science,Physical Sciences
W1533200881,T12903,Globalization and Cultural Identity,0.08070000261068344,Sociology and Political Science,Social Sciences,Social Sciences
W1533200881,T11895,Social and Cultural Dynamics,0.07779999822378159,Sociology and Political Science,Social Sciences,Social Sciences
W2963163009,T10036,Advanced Neural Network Applications,0.9998999834060669,Computer Vision and Pattern Recognition,Computer Science,Physical Sciences
W2963163009,T11689,Adversarial Robustness in Machine Learning,0.998199999332428,Artificial Intelligence,Computer Science,Physical Sciences
W2963163009,T11512,Anomaly Detection Techniques and Applications,0.9962000250816345,Artificial Intelligence,Computer Science,Physical Sciences
W2124192278,T10998,Heat Transfer and Optimization,0.3407999873161316,Mechanical Engineering,Engineering,Physical Sciences
W2124192278,T12250,Experimental and Theoretical Physics Studies,0.3379000127315521,Statistical and Nonlinear Physics,Physics and Astronomy,Physical Sciences
W2752782242,T10036,Advanced Neural Network Applications,0.9993000030517578,Computer Vision and Pattern Recognition,Computer Science,Physical Sciences
W2752782242,T11307,Domain Adaptation and Few-Shot Learning,0.9991999864578247,Artificial Intelligence,Computer Science,Physical Sciences
W2752782242,T12131,Wireless Signal Modulation Classification,0.9943000078201294,Artificial Intelligence,Computer Science,Physical Sciences
W2412247133,T12414,Coastal and Marine Management,0.9416999816894531,"Management, Monitoring, Policy and Law",Environmental Science,Physical Sciences
W2041902442,T10474,Material Dynamics and Properties,0.9945999979972839,Materials Chemistry,Materials Science,Physical Sciences
W2041902442,T10402,Phase Equilibria and Thermodynamics,0.9886000156402588,Biomedical Engineering,Engineering,Physical Sciences
W2041902442,T11520,Advanced Thermodynamics and Statistical Mechanics,0.9835000038146973,Statistical and Nonlinear Physics,Physics and Astronomy,Physical Sciences
W2963446712,T10036,Advanced Neural Network Applications,1.0,Computer Vision and Pattern Recognition,Computer Science,Physical Sciences
W2963446712,T11307,Domain Adaptation and Few-Shot Learning,0.9994999766349792,Artificial Intelligence,Computer Science,Physical Sciences
W2963446712,T10812,Human Pose and Action Recognition,0.9991999864578247,Computer Vision and Pattern Recognition,Computer Science,Physical Sciences
W2249595199,T10162,Online and Blended Learning,0.352400004863739,Education,Social Sciences,Social Sciences
W2249595199,T11875,Statistics Education and Methodologies,0.3215999901294708,Statistics and Probability,Mathematics,Physical Sciences
W2565639579,T10036,Advanced Neural Network Applications,0.9998999834060669,Computer Vision and Pattern Recognition,Computer Science,Physical Sciences
W2565639579,T10627,Advanced Image and Video Retrieval Techniques,0.9993000030517578,Computer Vision and Pattern Recognition,Computer Science,Physical Sciences
W2565639579,T11307,Domain Adaptation and Few-Shot Learning,0.9965000152587891,Artificial Intelligence,Computer Science,Physical Sciences
W2963351448,T10036,Advanced Neural Network Applications,0.9998000264167786,Computer Vision and Pattern Recognition,Computer Science,Physical Sciences
W2963351448,T10331,Video Surveillance and Tracking Methods,0.9988999962806702,Computer Vision and Pattern Recognition,Computer Science,Physical Sciences
W2963351448,T11307,Domain Adaptation and Few-Shot Learning,0.9973999857902527,Artificial Intelligence,Computer Science,Physical Sciences
W2962858109,T11714,Multimodal Machine Learning Applications,0.9998999834060669,Computer Vision and Pattern Recognition,Computer Science,Physical Sciences
W2962858109,T12026,Explainable Artificial Intelligence (XAI),0.998199999332428,Artificial Intelligence,Computer Science,Physical Sciences
W2962858109,T11307,Domain Adaptation and Few-Shot Learning,0.996999979019165,Artificial Intelligence,Computer Science,Physical Sciences
W2963150697,T10036,Advanced Neural Network Applications,0.9998999834060669,Computer Vision and Pattern Recognition,Computer Science,Physical Sciences
W2963150697,T10812,Human Pose and Action Recognition,0.9987000226974487,Computer Vision and Pattern Recognition,Computer Science,Physical Sciences
W2963150697,T10627,Advanced Image and Video Retrieval Techniques,0.9965000152587891,Computer Vision and Pattern Recognition,Computer Science,Physical Sciences
W2971035958,T14060,Education and Communication Studies,0.7412999868392944,Education,Social Sciences,Social Sciences
W2971035958,T10561,Educational Research and Methods,0.7150999903678894,Education,Social Sciences,Social Sciences
W2971035958,T12952,School Leadership and Teacher Performance,0.6869000196456909,Education,Social Sciences,Social Sciences
W1515587369,T12880,Qualitative Research Methods and Applications,0.21439999341964722,Education,Social Sciences,Social Sciences
W2962793481,T10775,Generative Adversarial Networks and Image Synthesis,0.9976999759674072,Computer Vision and Pattern Recognition,Computer Science,Physical Sciences
W2962793481,T11105,Advanced Image Processing Techniques,0.9908999800682068,Computer Vision and Pattern Recognition,Computer Science,Physical Sciences
W2962793481,T10531,Advanced Vision and Imaging,0.9871000051498413,Computer Vision and Pattern Recognition,Computer Science,Physical Sciences
W2531409750,T11307,Domain Adaptation and Few-Shot Learning,0.9997000098228455,Artificial Intelligence,Computer Science,Physical Sciences
W2531409750,T11689,Adversarial Robustness in Machine Learning,0.9994999766349792,Artificial Intelligence,Computer Science,Physical Sciences
W2531409750,T10036,Advanced Neural Network Applications,0.9994000196456909,Computer Vision and Pattern Recognition,Computer Science,Physical Sciences
W2570343428,T10036,Advanced Neural Network Applications,1.0,Computer Vision and Pattern Recognition,Computer Science,Physical Sciences
W2570343428,T10627,Advanced Image and Video Retrieval Techniques,0.9983000159263611,Computer Vision and Pattern Recognition,Computer Science,Physical Sciences
W2570343428,T11714,Multimodal Machine Learning Applications,0.9927999973297119,Computer Vision and Pattern Recognition,Computer Science,Physical Sciences
W2502134830,T12379,Cancer Diagnosis and Treatment,0.9789000153541565,Oncology,Medicine,Health Sciences
W2502134830,T10158,Cancer Immunotherapy and Biomarkers,0.9714000225067139,Oncology,Medicine,Health Sciences
W2502134830,T11287,Cancer Genomics and Diagnostics,0.97079998254776,Cancer Research,"Biochemistry, Genetics and Molecular Biology",Life Sciences
W2194775991,T10036,Advanced Neural Network Applications,1.0,Computer Vision and Pattern Recognition,Computer Science,Physical Sciences
W2194775991,T11307,Domain Adaptation and Few-Shot Learning,0.9998000264167786,Artificial Intelligence,Computer Science,Physical Sciences
W2194775991,T10627,Advanced Image and Video Retrieval Techniques,0.9993000030517578,Computer Vision and Pattern Recognition,Computer Science,Physical Sciences
W2183341477,T10036,Advanced Neural Network Applications,0.9998999834060669,Computer Vision and Pattern Recognition,Computer Science,Physical Sciences
W2183341477,T11689,Adversarial Robustness in Machine Learning,0.9994999766349792,Artificial Intelligence,Computer Science,Physical Sciences
W2183341477,T11512,Anomaly Detection Techniques and Applications,0.9993000030517578,Artificial Intelligence,Computer Science,Physical Sciences
W3106250896,T11181,Advanced Data Storage Technologies,0.9969000220298767,Computer Networks and Communications,Computer Science,Physical Sciences
W3106250896,T10036,Advanced Neural Network Applications,0.9909999966621399,Computer Vision and Pattern Recognition,Computer Science,Physical Sciences
W3106250896,T11992,CCD and CMOS Imaging Sensors,0.9732000231742859,Electrical and Electronic Engineering,Engineering,Physical Sciences
W2295598076,T12535,Machine Learning and Data Classification,0.9995999932289124,Artificial Intelligence,Computer Science,Physical Sciences
W2295598076,T12072,Machine Learning and Algorithms,0.9991999864578247,Artificial Intelligence,Computer Science,Physical Sciences
W2295598076,T11269,Algorithms and Data Compression,0.9965999722480774,Artificial Intelligence,Computer Science,Physical Sciences
W1677182931,T10036,Advanced Neural Network Applications,0.9998999834060669,Computer Vision and Pattern Recognition,Computer Science,Physical Sciences
W1677182931,T11307,Domain Adaptation and Few-Shot Learning,0.9995999932289124,Artificial Intelligence,Computer Science,Physical Sciences
W1677182931,T11689,Adversarial Robustness in Machine Learning,0.9976999759674072,Artificial Intelligence,Computer Science,Physical Sciences
W1536680647,T10036,Advanced Neural Network Applications,1.0,Computer Vision and Pattern Recognition,Computer Science,Physical Sciences
W1536680647,T10627,Advanced Image and Video Retrieval Techniques,0.9994999766349792,Computer Vision and Pattern Recognition,Computer Science,Physical Sciences
W1536680647,T10331,Video Surveillance and Tracking Methods,0.9944000244140625,Computer Vision and Pattern Recognition,Computer Science,Physical Sciences
W1903029394,T10036,Advanced Neural Network Applications,0.9998999834060669,Computer Vision and Pattern Recognition,Computer Science,Physical Sciences
W1903029394,T11307,Domain Adaptation and Few-Shot Learning,0.9993000030517578,Artificial Intelligence,Computer Science,Physical Sciences
W1903029394,T11714,Multimodal Machine Learning Applications,0.9987999796867371,Computer Vision and Pattern Recognition,Computer Science,Physical Sciences
W2097117768,T10036,Advanced Neural Network Applications,0.9998999834060669,Computer Vision and Pattern Recognition,Computer Science,Physical Sciences
W2097117768,T10627,Advanced Image and Video Retrieval Techniques,0.9994999766349792,Computer Vision and Pattern Recognition,Computer Science,Physical Sciences
W2097117768,T11307,Domain Adaptation and Few-Shot Learning,0.9993000030517578,Artificial Intelligence,Computer Science,Physical Sciences
W2132905138,T11746,Inorganic and Organometallic Chemistry,0.051100000739097595,Organic Chemistry,Chemistry,Physical Sciences
W2132905138,T12044,Advanced Physical and Chemical Molecular Interactions,0.04910000041127205,Physical and Theoretical Chemistry,Chemistry,Physical Sciences
W2132905138,T14311,Electrical and Electromagnetic Research,0.01549999974668026,"Atomic and Molecular Physics, and Optics",Physics and Astronomy,Physical Sciences
W2095705004,T12535,Machine Learning and Data Classification,0.9994000196456909,Artificial Intelligence,Computer Science,Physical Sciences
W2095705004,T12072,Machine Learning and Algorithms,0.9983999729156494,Artificial Intelligence,Computer Science,Physical Sciences
W2095705004,T10320,Neural Networks and Applications,0.9969000220298767,Artificial Intelligence,Computer Science,Physical Sciences
W2250539671,T10028,Topic Modeling,1.0,Artificial Intelligence,Computer Science,Physical Sciences
W2250539671,T10181,Natural Language Processing Techniques,0.9998999834060669,Artificial Intelligence,Computer Science,Physical Sciences
W2250539671,T11550,Text and Document Classification Technologies,0.9943000078201294,Artificial Intelligence,Computer Science,Physical Sciences
W2157331557,T10181,Natural Language Processing Techniques,1.0,Artificial Intelligence,Computer Science,Physical Sciences
W2157331557,T10028,Topic Modeling,0.9998999834060669,Artificial Intelligence,Computer Science,Physical Sciences
W2157331557,T10201,Speech Recognition and Synthesis,0.9961000084877014,Artificial Intelligence,Computer Science,Physical Sciences
W377384883,T12880,Qualitative Research Methods and Applications,0.1266999989748001,Education,Social Sciences,Social Sciences
W2102605133,T10036,Advanced Neural Network Applications,1.0,Computer Vision and Pattern Recognition,Computer Science,Physical Sciences
W2102605133,T10627,Advanced Image and Video Retrieval Techniques,0.9997000098228455,Computer Vision and Pattern Recognition,Computer Science,Physical Sciences
W2102605133,T11307,Domain Adaptation and Few-Shot Learning,0.9988999962806702,Artificial Intelligence,Computer Science,Physical Sciences
W1849190772,T13748,Advanced Statistical Modeling Techniques,0.3790999948978424,Computer Networks and Communications,Computer Science,Physical Sciences
W4299627282,T12175,Social Representations and Identity,0.7950000166893005,Social Psychology,Psychology,Social Sciences
W1530155851,T11761,Resilience and Mental Health,0.24369999766349792,Clinical Psychology,Psychology,Social Sciences
W1554944419,T10538,Data Mining Algorithms and Applications,0.17470000684261322,Information Systems,Computer Science,Physical Sciences
W2799061466,T10057,Face and Expression Recognition,0.9970999956130981,Computer Vision and Pattern Recognition,Computer Science,Physical Sciences
W2799061466,T10320,Neural Networks and Applications,0.996399998664856,Artificial Intelligence,Computer Science,Physical Sciences
W2799061466,T10824,Image Retrieval and Classification Techniques,0.9708999991416931,Computer Vision and Pattern Recognition,Computer Science,Physical Sciences
W1535803599,T10446,"Income, Poverty, and Inequality",0.31049999594688416,Sociology and Political Science,Social Sciences,Social Sciences
W1587026990,T13398,Data Analysis with R,0.45249998569488525,Artificial Intelligence,Computer Science,Physical Sciences
W1516534262,T12880,Qualitative Research Methods and Applications,0.09229999780654907,Education,Social Sciences,Social Sciences
W1516534262,T10164,Quality and Supply Management,0.06379999965429306,Management Information Systems,"Business, Management and Accounting",Social Sciences
W1598602811,T10206,Meta-analysis and systematic reviews,0.9957000017166138,"Statistics, Probability and Uncertainty",Decision Sciences,Social Sciences
W1598602811,T12664,Clinical practice guidelines implementation,0.9724000096321106,"Public Health, Environmental and Occupational Health",Medicine,Health Sciences
W1598602811,T11744,Health Sciences Research and Education,0.9664000272750854,General Health Professions,Health Professions,Health Sciences
W3144127399,T12880,Qualitative Research Methods and Applications,0.9995999932289124,Education,Social Sciences,Social Sciences
W3144127399,T14153,Social Development and Education Research,0.9745000004768372,Education,Social Sciences,Social Sciences
W3144127399,T11981,Qualitative Research Methods and Ethics,0.9690999984741211,Sociology and Political Science,Social Sciences,Social Sciences
W273955616,T10320,Neural Networks and Applications,0.9585999846458435,Artificial Intelligence,Computer Science,Physical Sciences
W1520428197,T13530,Climate Change and Environmental Impact,0.7878000140190125,Global and Planetary Change,Environmental Science,Physical Sciences
W2798333393,T12885,Digital Innovation in Industries,0.04899999871850014,Management of Technology and Innovation,"Business, Management and Accounting",Social Sciences
W2798333393,T12720,Multimedia Communication and Technology,0.047600001096725464,Sociology and Political Science,Social Sciences,Social Sciences
W2798333393,T13745,Media and Digital Communication,0.04600000008940697,Computer Networks and Communications,Computer Science,Physical Sciences
W1542932561,T12998,Education and Islamic Studies,0.29269999265670776,Education,Social Sciences,Social Sciences
W1542932561,T10162,Online and Blended Learning,0.26579999923706055,Education,Social Sciences,Social Sciences
W1605824561,T12880,Qualitative Research Methods and Applications,0.5633999705314636,Education,Social Sciences,Social Sciences
W2491458126,T11472,Analytical Chemistry and Sensors,0.792900025844574,Bioengineering,Chemical Engineering,Physical Sciences
W2491458126,T10212,Electrochemical sensors and biosensors,0.769599974155426,Electrical and Electronic Engineering,Engineering,Physical Sciences
W2491458126,T10640,Spectroscopy and Chemometric Analyses,0.677299976348877,Analytical Chemistry,Chemistry,Physical Sciences
W2161969291,T10331,Video Surveillance and Tracking Methods,0.9994000196456909,Computer Vision and Pattern Recognition,Computer Science,Physical Sciences
W2161969291,T10627,Advanced Image and Video Retrieval Techniques,0.9993000030517578,Computer Vision and Pattern Recognition,Computer Science,Physical Sciences
W2161969291,T10812,Human Pose and Action Recognition,0.9936000108718872,Computer Vision and Pattern Recognition,Computer Science,Physical Sciences
W3145128584,T12002,"Computability, Logic, AI Algorithms",0.019700000062584877,Computational Theory and Mathematics,Computer Science,Physical Sciences
W3145128584,T11435,Polynomial and algebraic computation,0.01269999984651804,Computational Theory and Mathematics,Computer Science,Physical Sciences
W3145128584,T12797,History of Computing Technologies,0.010499999858438969,Computer Science Applications,Computer Science,Physical Sciences
W1665332082,T10467,Psychometric Methodologies and Testing,0.4756999909877777,Management Science and Operations Research,Decision Sciences,Social Sciences
W1665332082,T13447,Educational and Psychological Assessments,0.0272000003606081,Developmental and Educational Psychology,Psychology,Social Sciences
W1665332082,T13283,Mental Health Research Topics,0.007799999788403511,Experimental and Cognitive Psychology,Psychology,Social Sciences
W2164598857,T10627,Advanced Image and Video Retrieval Techniques,0.9970999956130981,Computer Vision and Pattern Recognition,Computer Science,Physical Sciences
W2164598857,T11605,Visual Attention and Saliency Detection,0.9966999888420105,Computer Vision and Pattern Recognition,Computer Science,Physical Sciences
W2164598857,T10057,Face and Expression Recognition,0.9958999752998352,Computer Vision and Pattern Recognition,Computer Science,Physical Sciences
W2296616510,T10500,Sparse and Compressive Sensing Techniques,0.9998999834060669,Computational Mechanics,Engineering,Physical Sciences
W2296616510,T10688,Image and Signal Denoising Methods,0.9990000128746033,Computer Vision and Pattern Recognition,Computer Science,Physical Sciences
W2296616510,T12015,Photoacoustic and Ultrasonic Imaging,0.9980000257492065,Biomedical Engineering,Engineering,Physical Sciences
W2052417512,T14196,Multidisciplinary Warburg-centric Studies,0.9998999834060669,Law,Social Sciences,Social Sciences
W2052417512,T13497,Hermeneutics and Narrative Identity,0.9333000183105469,Philosophy,Arts and Humanities,Social Sciences
W2052417512,T13558,"Philosophy, Science, and History",0.9061999917030334,History and Philosophy of Science,Arts and Humanities,Social Sciences
W2904250082,T10100,Metaheuristic Optimization Algorithms Research,0.13840000331401825,Artificial Intelligence,Computer Science,Physical Sciences
W2152195021,T10100,Metaheuristic Optimization Algorithms Research,0.9764999747276306,Artificial Intelligence,Computer Science,Physical Sciences
W2152195021,T10320,Neural Networks and Applications,0.9521999955177307,Artificial Intelligence,Computer Science,Physical Sciences
W2145417574,T10575,Wireless Communication Networks Research,0.5149999856948853,Computer Networks and Communications,Computer Science,Physical Sciences
W2145417574,T10651,"IPv6, Mobility, Handover, Networks, Security",0.49309998750686646,Electrical and Electronic Engineering,Engineering,Physical Sciences
W2101105183,T10181,Natural Language Processing Techniques,1.0,Artificial Intelligence,Computer Science,Physical Sciences
W2101105183,T10028,Topic Modeling,0.9988999962806702,Artificial Intelligence,Computer Science,Physical Sciences
W2101105183,T13629,Text Readability and Simplification,0.9919000267982483,Artificial Intelligence,Computer Science,Physical Sciences
W1539265701,T13299,Educational Leadership and Administration,0.11429999768733978,Education,Social Sciences,Social Sciences
W2099111195,T10050,Multi-Criteria Decision Making,0.6917999982833862,Management Science and Operations Research,Decision Sciences,Social Sciences
W2099111195,T12002,"Computability, Logic, AI Algorithms",0.6090999841690063,Computational Theory and Mathematics,Computer Science,Physical Sciences
W2099111195,T12261,Statistical Mechanics and Entropy,0.5849000215530396,Statistical and Nonlinear Physics,Physics and Astronomy,Physical Sciences
W4299689471,T11871,Advanced Statistical Methods and Models,0.32440000772476196,Statistics and Probability,Mathematics,Physical Sciences
W4299689471,T12368,Grey System Theory Applications,0.29739999771118164,Management Science and Operations Research,Decision Sciences,Social Sciences
W4299689471,T12135,Fuzzy Systems and Optimization,0.2646999955177307,Statistics and Probability,Mathematics,Physical Sciences
W1607071030,T10360,Fluid Dynamics and Turbulent Flows,0.6380000114440918,Computational Mechanics,Engineering,Physical Sciences
W1607071030,T11254,Fluid Dynamics and Vibration Analysis,0.6333000063896179,Computational Mechanics,Engineering,Physical Sciences
W1607071030,T13951,Fluid dynamics and aerodynamics studies,0.6182000041007996,Computational Mechanics,Engineering,Physical Sciences
W1505626160,T12167,Bacterial Identification and Susceptibility Testing,0.9950000047683716,Clinical Biochemistry,"Biochemistry, Genetics and Molecular Biology",Life Sciences
W1505626160,T10147,Antibiotic Resistance in Bacteria,0.9745000004768372,Molecular Medicine,"Biochemistry, Genetics and Molecular Biology",Life Sciences
W1505626160,T10897,Antibiotic Use and Resistance,0.9623000025749207,Applied Microbiology and Biotechnology,Immunology and Microbiology,Life Sciences
W2036149274,T13748,Advanced Statistical Modeling Techniques,0.2732999920845032,Computer Networks and Communications,Computer Science,Physical Sciences
W2036149274,T14260,Impact of AI and Big Data on Business and Society,0.26159998774528503,Management Science and Operations Research,Decision Sciences,Social Sciences
W1780382453,T11806,Service-Learning and Community Engagement,0.6467999815940857,Education,Social Sciences,Social Sciences
W2124386111,T10824,Image Retrieval and Classification Techniques,0.9994000196456909,Computer Vision and Pattern Recognition,Computer Science,Physical Sciences
W2124386111,T12549,Image and Object Detection Techniques,0.9988999962806702,Computer Vision and Pattern Recognition,Computer Science,Physical Sciences
W2124386111,T10627,Advanced Image and Video Retrieval Techniques,0.9987000226974487,Computer Vision and Pattern Recognition,Computer Science,Physical Sciences
W2129995310,T11472,Analytical Chemistry and Sensors,0.8507000207901001,Bioengineering,Chemical Engineering,Physical Sciences
W2129995310,T10640,Spectroscopy and Chemometric Analyses,0.8363999724388123,Analytical Chemistry,Chemistry,Physical Sciences
W2129995310,T10212,Electrochemical sensors and biosensors,0.7960000038146973,Electrical and Electronic Engineering,Engineering,Physical Sciences
W1672766972,T11877,Iron oxide chemistry and applications,0.20839999616146088,"Renewable Energy, Sustainability and the Environment",Energy,Physical Sciences
W1487923163,T11404,Irrigation Practices and Water Management,0.48980000615119934,Soil Science,Agricultural and Biological Sciences,Life Sciences
W1487923163,T10266,Plant Water Relations and Carbon Dynamics,0.4650999903678894,Global and Planetary Change,Environmental Science,Physical Sciences
W2124776405,T10320,Neural Networks and Applications,0.2619999945163727,Artificial Intelligence,Computer Science,Physical Sciences
W2028954902,T12880,Qualitative Research Methods and Applications,0.13830000162124634,Education,Social Sciences,Social Sciences
W1673310716,T11106,Data Management and Algorithms,0.9997000098228455,Signal Processing,Computer Science,Physical Sciences
W1673310716,T10538,Data Mining Algorithms and Applications,0.9983000159263611,Information Systems,Computer Science,Physical Sciences
W1673310716,T10637,Advanced Clustering Algorithms Research,0.9976000189781189,Artificial Intelligence,Computer Science,Physical Sciences
W2912565176,T10820,Fuzzy Logic and Control Systems,0.12630000710487366,Artificial Intelligence,Computer Science,Physical Sciences
W4388147587,T13057,Asian Industrial and Economic Development,0.45350000262260437,Political Science and International Relations,Social Sciences,Social Sciences
W2156909104,T10320,Neural Networks and Applications,0.9437999725341797,Artificial Intelligence,Computer Science,Physical Sciences
W1995945562,T10136,Statistical Methods and Inference,0.06650000065565109,Statistics and Probability,Mathematics,Physical Sciences
W1649645444,T12490,Software Engineering and Design Patterns,0.9984999895095825,Development,Social Sciences,Social Sciences
W1649645444,T10317,Advanced Database Systems and Queries,0.9886999726295471,Computer Networks and Communications,Computer Science,Physical Sciences
W1649645444,T11450,Model-Driven Software Engineering Techniques,0.9782000184059143,Software,Computer Science,Physical Sciences
W1763243278,T10305,Power System Optimization and Stability,0.9998999834060669,Electrical and Electronic Engineering,Engineering,Physical Sciences
W1763243278,T11102,HVDC Systems and Fault Protection,0.9973999857902527,Electrical and Electronic Engineering,Engineering,Physical Sciences
W1763243278,T10972,Power Systems Fault Detection,0.9927999973297119,Control and Systems Engineering,Engineering,Physical Sciences
W1714723801,T11994,Human Resource Development and Performance Evaluation,0.08150000125169754,Applied Psychology,Psychology,Social Sciences
W1714723801,T12880,Qualitative Research Methods and Applications,0.07800000160932541,Education,Social Sciences,Social Sciences
W1714723801,T12010,Evaluation and Performance Assessment,0.06889999657869339,Management Science and Operations Research,Decision Sciences,Social Sciences
W2061901927,T10064,Complex Network Analysis Techniques,0.991599977016449,Statistical and Nonlinear Physics,Physics and Astronomy,Physical Sciences
W2061901927,T12592,Opinion Dynamics and Social Influence,0.9099000096321106,Statistical and Nonlinear Physics,Physics and Astronomy,Physical Sciences
W3106889297,T13398,Data Analysis with R,0.012500000186264515,Artificial Intelligence,Computer Science,Physical Sciences
W3106889297,T10467,Psychometric Methodologies and Testing,0.009600000455975533,Management Science and Operations Research,Decision Sciences,Social Sciences
W3106889297,T13307,Diverse Scientific and Engineering Research,0.007799999788403511,Computational Mechanics,Engineering,Physical Sciences
W2125055259,T11975,Evolutionary Algorithms and Applications,0.732699990272522,Artificial Intelligence,Computer Science,Physical Sciences
W3214833809,T11994,Human Resource Development and Performance Evaluation,0.29429998993873596,Applied Psychology,Psychology,Social Sciences
W3214833809,T12010,Evaluation and Performance Assessment,0.2581000030040741,Management Science and Operations Research,Decision Sciences,Social Sciences
W4301861531,T10243,Statistical Methods and Bayesian Inference,0.11060000211000443,Statistics and Probability,Mathematics,Physical Sciences
W4301861531,T11871,Advanced Statistical Methods and Models,0.029200000688433647,Statistics and Probability,Mathematics,Physical Sciences
W4301861531,T11901,Bayesian Methods and Mixture Models,0.022199999541044235,Artificial Intelligence,Computer Science,Physical Sciences
W2144634347,T13937,"Genetics, Bioinformatics, and Biomedical Research",0.840499997138977,Molecular Biology,"Biochemistry, Genetics and Molecular Biology",Life Sciences
W4298091299,T14484,Technology and Data Analysis,0.06019999831914902,Information Systems,Computer Science,Physical Sciences
W4298091299,T13748,Advanced Statistical Modeling Techniques,0.05249999836087227,Computer Networks and Communications,Computer Science,Physical Sciences
W1639032689,T10100,Metaheuristic Optimization Algorithms Research,0.6876999735832214,Artificial Intelligence,Computer Science,Physical Sciences
W2159080219,T11303,Bayesian Modeling and Causal Inference,0.9979000091552734,Artificial Intelligence,Computer Science,Physical Sciences
W2159080219,T11010,"Logic, Reasoning, and Knowledge",0.9968000054359436,Artificial Intelligence,Computer Science,Physical Sciences
W2159080219,T10906,AI-based Problem Solving and Planning,0.994700014591217,Artificial Intelligence,Computer Science,Physical Sciences
W1965324089,T12565,Physics and Engineering Research Articles,0.34880000352859497,Computational Mechanics,Engineering,Physical Sciences
W1536690700,T12422,Radiomics and Machine Learning in Medical Imaging,0.6794000267982483,"Radiology, Nuclear Medicine and Imaging",Medicine,Health Sciences
W1517229207,T12175,Social Representations and Identity,0.9879000186920166,Social Psychology,Psychology,Social Sciences
W1517229207,T13777,Cognitive and psychological constructs research,0.9837999939918518,Social Psychology,Psychology,Social Sciences
W1517229207,T11542,Behavioral Health and Interventions,0.9829999804496765,Applied Psychology,Psychology,Social Sciences
W2052729098,T11400,Motivation and Self-Concept in Sports,0.17339999973773956,Social Psychology,Psychology,Social Sciences
W2052729098,T12848,Psychological Testing and Assessment,0.065700002014637,Applied Psychology,Psychology,Social Sciences
W2052729098,T12430,Academic and Historical Perspectives in Psychology,0.024299999698996544,General Psychology,Psychology,Social Sciences
W2610857016,T10792,Matrix Theory and Algorithms,0.3871000111103058,Computational Theory and Mathematics,Computer Science,Physical Sciences
W1527311855,T13913,Blockchain Technology in Education and Learning,0.1688999980688095,Information Systems,Computer Science,Physical Sciences
W1527311855,T10561,Educational Research and Methods,0.16459999978542328,Education,Social Sciences,Social Sciences
W1527311855,T11734,Decision Support System Applications,0.15299999713897705,Management Information Systems,"Business, Management and Accounting",Social Sciences
W1515810707,T11743,Political Economy and Marxism,0.6818000078201294,Sociology and Political Science,Social Sciences,Social Sciences
W2170644967,T12997,Outdoor and Experiential Education,0.9896000027656555,Social Psychology,Psychology,Social Sciences
W2170644967,T10731,Educational Games and Gamification,0.9613999724388123,Developmental and Educational Psychology,Psychology,Social Sciences
W2170644967,T14308,Psychological and Educational Research Studies,0.9417999982833862,Experimental and Cognitive Psychology,Psychology,Social Sciences
W1484864026,T11871,Advanced Statistical Methods and Models,0.04619999974966049,Statistics and Probability,Mathematics,Physical Sciences
W1484864026,T13141,Statistical Methods and Applications,0.045499999076128006,Statistics and Probability,Mathematics,Physical Sciences
W1484864026,T13580,Management and Performance Evaluation,0.04019999876618385,Organizational Behavior and Human Resource Management,"Business, Management and Accounting",Social Sciences
W2113076747,T10820,Fuzzy Logic and Control Systems,0.8119999766349792,Artificial Intelligence,Computer Science,Physical Sciences
W2113076747,T10320,Neural Networks and Applications,0.7226999998092651,Artificial Intelligence,Computer Science,Physical Sciences
W1855283887,T13402,Business Strategy and Innovation,0.6585000157356262,Strategy and Management,"Business, Management and Accounting",Social Sciences
W1989157562,T11434,Electrochemical Analysis and Applications,0.8626000285148621,Electrochemistry,Chemistry,Physical Sciences
W1597750586,T12295,"Foucault, Power, and Ethics",0.11900000274181366,Sociology and Political Science,Social Sciences,Social Sciences
W115394847,T12880,Qualitative Research Methods and Applications,0.01640000008046627,Education,Social Sciences,Social Sciences
W115394847,T12010,Evaluation and Performance Assessment,0.01549999974668026,Management Science and Operations Research,Decision Sciences,Social Sciences
W115394847,T14153,Social Development and Education Research,0.01080000028014183,Education,Social Sciences,Social Sciences
W1491644571,T12904,Diverse Educational Innovations Studies,0.09719999879598618,General Agricultural and Biological Sciences,Agricultural and Biological Sciences,Life Sciences
W2011039300,T10260,Software Engineering Research,0.9593999981880188,Information Systems,Computer Science,Physical Sciences
W2011039300,T10430,Software Engineering Techniques and Practices,0.9332000017166138,Information Systems,Computer Science,Physical Sciences
W2046002177,T13297,History and advancements in chemistry,0.7710999846458435,Physical and Theoretical Chemistry,Chemistry,Physical Sciences
W2046002177,T12327,Various Chemistry Research Topics,0.753000020980835,Physical and Theoretical Chemistry,Chemistry,Physical Sciences
W2036389121,T10315,Decision-Making and Behavioral Economics,0.08250000327825546,General Decision Sciences,Decision Sciences,Social Sciences
W2036389121,T11542,Behavioral Health and Interventions,0.06960000097751617,Applied Psychology,Psychology,Social Sciences
W2036389121,T10314,Social and Intergroup Psychology,0.03750000149011612,Sociology and Political Science,Social Sciences,Social Sciences
W158727920,T11875,Statistics Education and Methodologies,0.9872999787330627,Statistics and Probability,Mathematics,Physical Sciences
W158727920,T11918,Forecasting Techniques and Applications,0.9463000297546387,Management Science and Operations Research,Decision Sciences,Social Sciences
W158727920,T12773,Water Quality and Resources Studies,0.9442999958992004,Water Science and Technology,Environmental Science,Physical Sciences
W2264742718,T12558,Wittgensteinian philosophy and applications,0.11129999905824661,Philosophy,Arts and Humanities,Social Sciences
W1546783991,T13937,"Genetics, Bioinformatics, and Biomedical Research",0.16439999639987946,Molecular Biology,"Biochemistry, Genetics and Molecular Biology",Life Sciences
W1607171655,T14313,Health and Well-being Studies,0.1234000027179718,Clinical Psychology,Psychology,Social Sciences
W1607171655,T14040,Problem Solving Skills Development,0.11230000108480453,Speech and Hearing,Health Professions,Health Sciences
W1607171655,T10182,Child and Adolescent Psychosocial and Emotional Development,0.11110000312328339,Clinical Psychology,Psychology,Social Sciences
W1720881856,T10677,Attachment and Relationship Dynamics,0.967199981212616,Social Psychology,Psychology,Social Sciences
W1720881856,T11380,Child Welfare and Adoption,0.9254999756813049,Safety Research,Social Sciences,Social Sciences
W1720881856,T11388,"Grief, Bereavement, and Mental Health",0.9090999960899353,Clinical Psychology,Psychology,Social Sciences
W1546962148,T13398,Data Analysis with R,0.21649999916553497,Artificial Intelligence,Computer Science,Physical Sciences
W2752853835,T10533,Teaching and Learning Programming,0.25699999928474426,Computer Science Applications,Computer Science,Physical Sciences
W2752853835,T12002,"Computability, Logic, AI Algorithms",0.22089999914169312,Computational Theory and Mathematics,Computer Science,Physical Sciences
W2282054059,T10932,Microbial Metabolic Engineering and Bioproduction,0.9020000100135803,Molecular Biology,"Biochemistry, Genetics and Molecular Biology",Life Sciences
W2798456356,T10622,Quantum Mechanics and Applications,0.1785999983549118,"Atomic and Molecular Physics, and Optics",Physics and Astronomy,Physical Sciences
W1992897439,T11875,Statistics Education and Methodologies,0.022099999710917473,Statistics and Probability,Mathematics,Physical Sciences
W1992897439,T13546,Census and Population Estimation,0.02199999988079071,Statistics and Probability,Mathematics,Physical Sciences
W1992897439,T10243,Statistical Methods and Bayesian Inference,0.011500000022351742,Statistics and Probability,Mathematics,Physical Sciences
W1591593323,T12100,Advanced Mathematical Modeling in Engineering,0.809499979019165,Computational Theory and Mathematics,Computer Science,Physical Sciences
W1614549126,T12430,Academic and Historical Perspectives in Psychology,0.7358999848365784,General Psychology,Psychology,Social Sciences
W1614549126,T10214,Psychotherapy Techniques and Applications,0.7325999736785889,Clinical Psychology,Psychology,Social Sciences
W2002729176,T11565,Thermoelastic and Magnetoelastic Phenomena,0.5958999991416931,Mechanics of Materials,Engineering,Physical Sciences
W2002729176,T11520,Advanced Thermodynamics and Statistical Mechanics,0.5867999792098999,Statistical and Nonlinear Physics,Physics and Astronomy,Physical Sciences
W2002729176,T11558,Composite Material Mechanics,0.5343000292778015,Mechanics of Materials,Engineering,Physical Sciences
