id,type,source,target,journal_id,publication_id
published_in_journal:journal:S4363607795->publication:W2108598243,published_in_journal,journal:S4363607795,publication:W2108598243,S4363607795,W2108598243
published_in_journal:journal:S4363607764->publication:W3138516171,published_in_journal,journal:S4363607764,publication:W3138516171,S4363607764,W3138516171
published_in_journal:journal:S117778295->publication:W2167928095,published_in_journal,journal:S117778295,publication:W2167928095,S117778295,W2167928095
published_in_journal:journal:S46763546->publication:W2081228936,published_in_journal,journal:S46763546,publication:W2081228936,S46763546,W2081228936
published_in_journal:journal:S46763546->publication:W201578715,published_in_journal,journal:S46763546,publication:W201578715,S46763546,W201578715
published_in_journal:journal:S46763546->publication:W2141951329,published_in_journal,journal:S46763546,publication:W2141951329,S46763546,W2141951329
published_in_journal:journal:S46763546->publication:W3123397884,published_in_journal,journal:S46763546,publication:W3123397884,S46763546,W3123397884
published_in_journal:journal:S4210176598->publication:W2133990480,published_in_journal,journal:S4210176598,publication:W2133990480,S4210176598,W2133990480
published_in_journal:journal:S186921487->publication:W2764347725,published_in_journal,journal:S186921487,publication:W2764347725,S186921487,W2764347725
published_in_journal:journal:S2492086750->publication:W2153635508,published_in_journal,journal:S2492086750,publication:W2153635508,S2492086750,W2153635508
published_in_journal:journal:S4210200759->publication:W2167590372,published_in_journal,journal:S4210200759,publication:W2167590372,S4210200759,W2167590372
published_in_journal:journal:S4393918093->publication:W2132454074,published_in_journal,journal:S4393918093,publication:W2132454074,S4393918093,W2132454074
published_in_journal:journal:S150871906->publication:W2131350133,published_in_journal,journal:S150871906,publication:W2131350133,S150871906,W2131350133
published_in_journal:journal:S150871906->publication:W2148066840,published_in_journal,journal:S150871906,publication:W2148066840,S150871906,W2148066840
published_in_journal:journal:S4393918092->publication:W1969360633,published_in_journal,journal:S4393918092,publication:W1969360633,S4393918092,W1969360633
published_in_journal:journal:S114502960->publication:W2180229411,published_in_journal,journal:S114502960,publication:W2180229411,S114502960,W2180229411
published_in_journal:journal:S114502960->publication:W4248872320,published_in_journal,journal:S114502960,publication:W4248872320,S114502960,W4248872320
published_in_journal:journal:S114502960->publication:W2124026197,published_in_journal,journal:S114502960,publication:W2124026197,S114502960,W2124026197
published_in_journal:journal:S114502960->publication:W2144081223,published_in_journal,journal:S114502960,publication:W2144081223,S114502960,W2144081223
published_in_journal:journal:S114502960->publication:W1995017064,published_in_journal,journal:S114502960,publication:W1995017064,S114502960,W1995017064
published_in_journal:journal:S114502960->publication:W2001641653,published_in_journal,journal:S114502960,publication:W2001641653,S114502960,W2001641653
published_in_journal:journal:S198620474->publication:W2366536035,published_in_journal,journal:S198620474,publication:W2366536035,S198620474,W2366536035
published_in_journal:journal:S198620474->publication:W2052742260,published_in_journal,journal:S198620474,publication:W2052742260,S198620474,W2052742260
published_in_journal:journal:S199498439->publication:W2166281097,published_in_journal,journal:S199498439,publication:W2166281097,S199498439,W2166281097
published_in_journal:journal:S143668711->publication:W2140918013,published_in_journal,journal:S143668711,publication:W2140918013,S143668711,W2140918013
published_in_journal:journal:S143668711->publication:W2108795964,published_in_journal,journal:S143668711,publication:W2108795964,S143668711,W2108795964
published_in_journal:journal:S114437232->publication:W2135732933,published_in_journal,journal:S114437232,publication:W2135732933,S114437232,W2135732933
published_in_journal:journal:S16540516->publication:W2061438946,published_in_journal,journal:S16540516,publication:W2061438946,S16540516,W2061438946
published_in_journal:journal:S106560479->publication:W4214907476,published_in_journal,journal:S106560479,publication:W4214907476,S106560479,W4214907476
published_in_journal:journal:S4210174510->publication:W2061977616,published_in_journal,journal:S4210174510,publication:W2061977616,S4210174510,W2061977616
published_in_journal:journal:S4210174510->publication:W1993663609,published_in_journal,journal:S4210174510,publication:W1993663609,S4210174510,W1993663609
published_in_journal:journal:S139950591->publication:W2069687969,published_in_journal,journal:S139950591,publication:W2069687969,S139950591,W2069687969
published_in_journal:journal:S53336109->publication:W1974097079,published_in_journal,journal:S53336109,publication:W1974097079,S53336109,W1974097079
published_in_journal:journal:S108427512->publication:W2115017507,published_in_journal,journal:S108427512,publication:W2115017507,S108427512,W2115017507
published_in_journal:journal:S23254222->publication:W3121131820,published_in_journal,journal:S23254222,publication:W3121131820,S23254222,W3121131820
published_in_journal:journal:S15871148->publication:W2136931384,published_in_journal,journal:S15871148,publication:W2136931384,S15871148,W2136931384
published_in_journal:journal:S14903550->publication:W2114004260,published_in_journal,journal:S14903550,publication:W2114004260,S14903550,W2114004260
published_in_journal:journal:S170967050->publication:W2256756668,published_in_journal,journal:S170967050,publication:W2256756668,S170967050,W2256756668
published_in_journal:journal:S38866342->publication:W1631356911,published_in_journal,journal:S38866342,publication:W1631356911,S38866342,W1631356911
published_in_journal:journal:S38866342->publication:W2078206416,published_in_journal,journal:S38866342,publication:W2078206416,S38866342,W2078206416
published_in_journal:journal:S38866342->publication:W2120062331,published_in_journal,journal:S38866342,publication:W2120062331,S38866342,W2120062331
published_in_journal:journal:S38866342->publication:W1974085346,published_in_journal,journal:S38866342,publication:W1974085346,S38866342,W1974085346
published_in_journal:journal:S38866342->publication:W2056722718,published_in_journal,journal:S38866342,publication:W2056722718,S38866342,W2056722718
published_in_journal:journal:S195759676->publication:W2116839388,published_in_journal,journal:S195759676,publication:W2116839388,S195759676,W2116839388
published_in_journal:journal:S93356601->publication:W2127951128,published_in_journal,journal:S93356601,publication:W2127951128,S93356601,W2127951128
published_in_journal:journal:S122471516->publication:W3123534837,published_in_journal,journal:S122471516,publication:W3123534837,S122471516,W3123534837
published_in_journal:journal:S122471516->publication:W3022339544,published_in_journal,journal:S122471516,publication:W3022339544,S122471516,W3022339544
published_in_journal:journal:S122471516->publication:W1965278510,published_in_journal,journal:S122471516,publication:W1965278510,S122471516,W1965278510
published_in_journal:journal:S122471516->publication:W2109469951,published_in_journal,journal:S122471516,publication:W2109469951,S122471516,W2109469951
published_in_journal:journal:S4306462811->publication:W2144846366,published_in_journal,journal:S4306462811,publication:W2144846366,S4306462811,W2144846366
published_in_journal:journal:S4306462815->publication:W4247665917,published_in_journal,journal:S4306462815,publication:W4247665917,S4306462815,W4247665917
published_in_journal:journal:S4306462816->publication:W4281687410,published_in_journal,journal:S4306462816,publication:W4281687410,S4306462816,W4281687410
published_in_journal:journal:S80146597->publication:W4242883546,published_in_journal,journal:S80146597,publication:W4242883546,S80146597,W4242883546
published_in_journal:journal:S80146597->publication:W2141846678,published_in_journal,journal:S80146597,publication:W2141846678,S80146597,W2141846678
published_in_journal:journal:S157620343->publication:W3123282572,published_in_journal,journal:S157620343,publication:W3123282572,S157620343,W3123282572
published_in_journal:journal:S157620343->publication:W2073506374,published_in_journal,journal:S157620343,publication:W2073506374,S157620343,W2073506374
published_in_journal:journal:S157620343->publication:W2044950274,published_in_journal,journal:S157620343,publication:W2044950274,S157620343,W2044950274
published_in_journal:journal:S192559872->publication:W2075435443,published_in_journal,journal:S192559872,publication:W2075435443,S192559872,W2075435443
published_in_journal:journal:S7858788->publication:W2165292984,published_in_journal,journal:S7858788,publication:W2165292984,S7858788,W2165292984
published_in_journal:journal:S7858788->publication:W2314225431,published_in_journal,journal:S7858788,publication:W2314225431,S7858788,W2314225431
published_in_journal:journal:S7858788->publication:W1856219842,published_in_journal,journal:S7858788,publication:W1856219842,S7858788,W1856219842
published_in_journal:journal:S7858788->publication:W4294216491,published_in_journal,journal:S7858788,publication:W4294216491,S7858788,W4294216491
published_in_journal:journal:S7858788->publication:W2134812217,published_in_journal,journal:S7858788,publication:W2134812217,S7858788,W2134812217
published_in_journal:journal:S7858788->publication:W4232534952,published_in_journal,journal:S7858788,publication:W4232534952,S7858788,W4232534952
published_in_journal:journal:S7858788->publication:W2014669590,published_in_journal,journal:S7858788,publication:W2014669590,S7858788,W2014669590
published_in_journal:journal:S7858788->publication:W1983310681,published_in_journal,journal:S7858788,publication:W1983310681,S7858788,W1983310681
published_in_journal:journal:S7858788->publication:W2128635872,published_in_journal,journal:S7858788,publication:W2128635872,S7858788,W2128635872
published_in_journal:journal:S7858788->publication:W4293247451,published_in_journal,journal:S7858788,publication:W4293247451,S7858788,W4293247451
published_in_journal:journal:S191963794->publication:W2298230951,published_in_journal,journal:S191963794,publication:W2298230951,S191963794,W2298230951
published_in_journal:journal:S191963794->publication:W2109606373,published_in_journal,journal:S191963794,publication:W2109606373,S191963794,W2109606373
published_in_journal:journal:S191963794->publication:W2009674410,published_in_journal,journal:S191963794,publication:W2009674410,S191963794,W2009674410
published_in_journal:journal:S191963794->publication:W1968834637,published_in_journal,journal:S191963794,publication:W1968834637,S191963794,W1968834637
published_in_journal:journal:S4377196922->publication:W593898368,published_in_journal,journal:S4377196922,publication:W593898368,S4377196922,W593898368
published_in_journal:journal:S139806068->publication:W1584697775,published_in_journal,journal:S139806068,publication:W1584697775,S139806068,W1584697775
published_in_journal:journal:S119722071->publication:W2891378911,published_in_journal,journal:S119722071,publication:W2891378911,S119722071,W2891378911
published_in_journal:journal:S119722071->publication:W2155965977,published_in_journal,journal:S119722071,publication:W2155965977,S119722071,W2155965977
published_in_journal:journal:S119722071->publication:W2005501262,published_in_journal,journal:S119722071,publication:W2005501262,S119722071,W2005501262
published_in_journal:journal:S119722071->publication:W2059796825,published_in_journal,journal:S119722071,publication:W2059796825,S119722071,W2059796825
published_in_journal:journal:S119722071->publication:W1485044783,published_in_journal,journal:S119722071,publication:W1485044783,S119722071,W1485044783
published_in_journal:journal:S157664895->publication:W2096998881,published_in_journal,journal:S157664895,publication:W2096998881,S157664895,W2096998881
published_in_journal:journal:S8802318->publication:W2111301002,published_in_journal,journal:S8802318,publication:W2111301002,S8802318,W2111301002
published_in_journal:journal:S8802318->publication:W1983649348,published_in_journal,journal:S8802318,publication:W1983649348,S8802318,W1983649348
published_in_journal:journal:S4210205963->publication:W2011303397,published_in_journal,journal:S4210205963,publication:W2011303397,S4210205963,W2011303397
published_in_journal:journal:S61274580->publication:W2130354913,published_in_journal,journal:S61274580,publication:W2130354913,S61274580,W2130354913
published_in_journal:journal:S158228368->publication:W2108718991,published_in_journal,journal:S158228368,publication:W2108718991,S158228368,W2108718991
published_in_journal:journal:S158228368->publication:W2152885278,published_in_journal,journal:S158228368,publication:W2152885278,S158228368,W2152885278
published_in_journal:journal:S2764390947->publication:W2089876099,published_in_journal,journal:S2764390947,publication:W2089876099,S2764390947,W2089876099
published_in_journal:journal:S94663699->publication:W2112778345,published_in_journal,journal:S94663699,publication:W2112778345,S94663699,W2112778345
published_in_journal:journal:S153476765->publication:W2006370393,published_in_journal,journal:S153476765,publication:W2006370393,S153476765,W2006370393
published_in_journal:journal:S126359496->publication:W2118826874,published_in_journal,journal:S126359496,publication:W2118826874,S126359496,W2118826874
published_in_journal:journal:S126359496->publication:W2067495470,published_in_journal,journal:S126359496,publication:W2067495470,S126359496,W2067495470
published_in_journal:journal:S4210206803->publication:W2043705607,published_in_journal,journal:S4210206803,publication:W2043705607,S4210206803,W2043705607
published_in_journal:journal:S132787887->publication:W2152348310,published_in_journal,journal:S132787887,publication:W2152348310,S132787887,W2152348310
published_in_journal:journal:S4306462866->publication:W1485283179,published_in_journal,journal:S4306462866,publication:W1485283179,S4306462866,W1485283179
published_in_journal:journal:S4210198536->publication:W1914972138,published_in_journal,journal:S4210198536,publication:W1914972138,S4210198536,W1914972138
published_in_journal:journal:S137478622->publication:W2072500831,published_in_journal,journal:S137478622,publication:W2072500831,S137478622,W2072500831
published_in_journal:journal:S137478622->publication:W2038702827,published_in_journal,journal:S137478622,publication:W2038702827,S137478622,W2038702827
published_in_journal:journal:S137478622->publication:W2087484885,published_in_journal,journal:S137478622,publication:W2087484885,S137478622,W2087484885
published_in_journal:journal:S192806854->publication:W1995031937,published_in_journal,journal:S192806854,publication:W1995031937,S192806854,W1995031937
published_in_journal:journal:S186589312->publication:W2212401464,published_in_journal,journal:S186589312,publication:W2212401464,S186589312,W2212401464
published_in_journal:journal:S127472826->publication:W1995875735,published_in_journal,journal:S127472826,publication:W1995875735,S127472826,W1995875735
published_in_journal:journal:S185467459->publication:W4294214983,published_in_journal,journal:S185467459,publication:W4294214983,S185467459,W4294214983
published_in_journal:journal:S185596183->publication:W1513717105,published_in_journal,journal:S185596183,publication:W1513717105,S185596183,W1513717105
published_in_journal:journal:S185534594->publication:W1971048984,published_in_journal,journal:S185534594,publication:W1971048984,S185534594,W1971048984
published_in_journal:journal:S104038378->publication:W2060333964,published_in_journal,journal:S104038378,publication:W2060333964,S104038378,W2060333964
published_in_journal:journal:S52395412->publication:W2951912016,published_in_journal,journal:S52395412,publication:W2951912016,S52395412,W2951912016
published_in_journal:journal:S52395412->publication:W2789843538,published_in_journal,journal:S52395412,publication:W2789843538,S52395412,W2789843538
published_in_journal:journal:S52395412->publication:W2134526812,published_in_journal,journal:S52395412,publication:W2134526812,S52395412,W2134526812
published_in_journal:journal:S52395412->publication:W2096093282,published_in_journal,journal:S52395412,publication:W2096093282,S52395412,W2096093282
published_in_journal:journal:S52395412->publication:W2141052558,published_in_journal,journal:S52395412,publication:W2141052558,S52395412,W2141052558
published_in_journal:journal:S52395412->publication:W2131271579,published_in_journal,journal:S52395412,publication:W2131271579,S52395412,W2131271579
published_in_journal:journal:S52395412->publication:W2138207763,published_in_journal,journal:S52395412,publication:W2138207763,S52395412,W2138207763
published_in_journal:journal:S52395412->publication:W2128880918,published_in_journal,journal:S52395412,publication:W2128880918,S52395412,W2128880918
published_in_journal:journal:S52395412->publication:W2169456326,published_in_journal,journal:S52395412,publication:W2169456326,S52395412,W2169456326
published_in_journal:journal:S52395412->publication:W2149992227,published_in_journal,journal:S52395412,publication:W2149992227,S52395412,W2149992227
published_in_journal:journal:S52395412->publication:W2102619694,published_in_journal,journal:S52395412,publication:W2102619694,S52395412,W2102619694
published_in_journal:journal:S52395412->publication:W2124351063,published_in_journal,journal:S52395412,publication:W2124351063,S52395412,W2124351063
published_in_journal:journal:S52395412->publication:W2114104545,published_in_journal,journal:S52395412,publication:W2114104545,S52395412,W2114104545
published_in_journal:journal:S52395412->publication:W2154845780,published_in_journal,journal:S52395412,publication:W2154845780,S52395412,W2154845780
published_in_journal:journal:S52395412->publication:W2103441770,published_in_journal,journal:S52395412,publication:W2103441770,S52395412,W2103441770
published_in_journal:journal:S52395412->publication:W2108234281,published_in_journal,journal:S52395412,publication:W2108234281,S52395412,W2108234281
published_in_journal:journal:S52395412->publication:W2137015675,published_in_journal,journal:S52395412,publication:W2137015675,S52395412,W2137015675
published_in_journal:journal:S52395412->publication:W2168696662,published_in_journal,journal:S52395412,publication:W2168696662,S52395412,W2168696662
published_in_journal:journal:S52395412->publication:W2146058063,published_in_journal,journal:S52395412,publication:W2146058063,S52395412,W2146058063
published_in_journal:journal:S52395412->publication:W2161444534,published_in_journal,journal:S52395412,publication:W2161444534,S52395412,W2161444534
published_in_journal:journal:S52395412->publication:W2082928585,published_in_journal,journal:S52395412,publication:W2082928585,S52395412,W2082928585
published_in_journal:journal:S8265502->publication:W1964435302,published_in_journal,journal:S8265502,publication:W1964435302,S8265502,W1964435302
published_in_journal:journal:S8265502->publication:W2328176404,published_in_journal,journal:S8265502,publication:W2328176404,S8265502,W2328176404
published_in_journal:journal:S8265502->publication:W1594031697,published_in_journal,journal:S8265502,publication:W1594031697,S8265502,W1594031697
published_in_journal:journal:S8265502->publication:W2141088880,published_in_journal,journal:S8265502,publication:W2141088880,S8265502,W2141088880
published_in_journal:journal:S8265502->publication:W2164777277,published_in_journal,journal:S8265502,publication:W2164777277,S8265502,W2164777277
published_in_journal:journal:S8265502->publication:W2092713296,published_in_journal,journal:S8265502,publication:W2092713296,S8265502,W2092713296
published_in_journal:journal:S172180718->publication:W2097580026,published_in_journal,journal:S172180718,publication:W2097580026,S172180718,W2097580026
published_in_journal:journal:S172180718->publication:W2149860264,published_in_journal,journal:S172180718,publication:W2149860264,S172180718,W2149860264
published_in_journal:journal:S172180718->publication:W2150291618,published_in_journal,journal:S172180718,publication:W2150291618,S172180718,W2150291618
published_in_journal:journal:S172180718->publication:W2168745915,published_in_journal,journal:S172180718,publication:W2168745915,S172180718,W2168745915
published_in_journal:journal:S56808608->publication:W2008708467,published_in_journal,journal:S56808608,publication:W2008708467,S56808608,W2008708467
published_in_journal:journal:S19032547->publication:W2159707944,published_in_journal,journal:S19032547,publication:W2159707944,S19032547,W2159707944
published_in_journal:journal:S19032547->publication:W1999574084,published_in_journal,journal:S19032547,publication:W1999574084,S19032547,W1999574084
published_in_journal:journal:S19032547->publication:W2142678478,published_in_journal,journal:S19032547,publication:W2142678478,S19032547,W2142678478
published_in_journal:journal:S19032547->publication:W1966327575,published_in_journal,journal:S19032547,publication:W1966327575,S19032547,W1966327575
published_in_journal:journal:S4393917726->publication:W3118615836,published_in_journal,journal:S4393917726,publication:W3118615836,S4393917726,W3118615836
published_in_journal:journal:S4393917726->publication:W2970684805,published_in_journal,journal:S4393917726,publication:W2970684805,S4393917726,W2970684805
published_in_journal:journal:S4393917726->publication:W2531269403,published_in_journal,journal:S4393917726,publication:W2531269403,S4393917726,W2531269403
published_in_journal:journal:S192814187->publication:W2098923148,published_in_journal,journal:S192814187,publication:W2098923148,S192814187,W2098923148
published_in_journal:journal:S192814187->publication:W2156098321,published_in_journal,journal:S192814187,publication:W2156098321,S192814187,W2156098321
published_in_journal:journal:S192814187->publication:W2134833483,published_in_journal,journal:S192814187,publication:W2134833483,S192814187,W2134833483
published_in_journal:journal:S4393917726->publication:W2165010366,published_in_journal,journal:S4393917726,publication:W2165010366,S4393917726,W2165010366
published_in_journal:journal:S192814187->publication:W2125435699,published_in_journal,journal:S192814187,publication:W2125435699,S192814187,W2125435699
published_in_journal:journal:S192814187->publication:W2104129218,published_in_journal,journal:S192814187,publication:W2104129218,S192814187,W2104129218
published_in_journal:journal:S192814187->publication:W2157823046,published_in_journal,journal:S192814187,publication:W2157823046,S192814187,W2157823046
published_in_journal:journal:S192814187->publication:W2106952837,published_in_journal,journal:S192814187,publication:W2106952837,S192814187,W2106952837
published_in_journal:journal:S183182149->publication:W2121960517,published_in_journal,journal:S183182149,publication:W2121960517,S183182149,W2121960517
published_in_journal:journal:S9986330->publication:W2560367415,published_in_journal,journal:S9986330,publication:W2560367415,S9986330,W2560367415
published_in_journal:journal:S62966998->publication:W2052853635,published_in_journal,journal:S62966998,publication:W2052853635,S62966998,W2052853635
published_in_journal:journal:S93528005->publication:W2033952602,published_in_journal,journal:S93528005,publication:W2033952602,S93528005,W2033952602
published_in_journal:journal:S118940690->publication:W1995341919,published_in_journal,journal:S118940690,publication:W1995341919,S118940690,W1995341919
published_in_journal:journal:S140302479->publication:W2173251738,published_in_journal,journal:S140302479,publication:W2173251738,S140302479,W2173251738
published_in_journal:journal:S113237667->publication:W2121001699,published_in_journal,journal:S113237667,publication:W2121001699,S113237667,W2121001699
published_in_journal:journal:S126094547->publication:W4393935425,published_in_journal,journal:S126094547,publication:W4393935425,S126094547,W4393935425
published_in_journal:journal:S126094547->publication:W4315754639,published_in_journal,journal:S126094547,publication:W4315754639,S126094547,W4315754639
published_in_journal:journal:S126094547->publication:W4206841660,published_in_journal,journal:S126094547,publication:W4206841660,S126094547,W4206841660
published_in_journal:journal:S126094547->publication:W3119005666,published_in_journal,journal:S126094547,publication:W3119005666,S126094547,W3119005666
published_in_journal:journal:S126094547->publication:W3128646645,published_in_journal,journal:S126094547,publication:W3128646645,S126094547,W3128646645
published_in_journal:journal:S126094547->publication:W2999417355,published_in_journal,journal:S126094547,publication:W2999417355,S126094547,W2999417355
published_in_journal:journal:S126094547->publication:W2911188335,published_in_journal,journal:S126094547,publication:W2911188335,S126094547,W2911188335
published_in_journal:journal:S126094547->publication:W2781525129,published_in_journal,journal:S126094547,publication:W2781525129,S126094547,W2781525129
published_in_journal:journal:S126094547->publication:W2889646458,published_in_journal,journal:S126094547,publication:W2889646458,S126094547,W2889646458
published_in_journal:journal:S126094547->publication:W2272984102,published_in_journal,journal:S126094547,publication:W2272984102,S126094547,W2272984102
published_in_journal:journal:S126094547->publication:W2235523093,published_in_journal,journal:S126094547,publication:W2235523093,S126094547,W2235523093
published_in_journal:journal:S126094547->publication:W2917837889,published_in_journal,journal:S126094547,publication:W2917837889,S126094547,W2917837889
published_in_journal:journal:S126094547->publication:W2106787323,published_in_journal,journal:S126094547,publication:W2106787323,S126094547,W2106787323
published_in_journal:journal:S126094547->publication:W2020830322,published_in_journal,journal:S126094547,publication:W2020830322,S126094547,W2020830322
published_in_journal:journal:S4306462995->publication:W4300009529,published_in_journal,journal:S4306462995,publication:W4300009529,S4306462995,W4300009529
published_in_journal:journal:S4306462995->publication:W2296319761,published_in_journal,journal:S4306462995,publication:W2296319761,S4306462995,W2296319761
published_in_journal:journal:S4306462995->publication:W2033819227,published_in_journal,journal:S4306462995,publication:W2033819227,S4306462995,W2033819227
published_in_journal:journal:S4306462995->publication:W1666853924,published_in_journal,journal:S4306462995,publication:W1666853924,S4306462995,W1666853924
published_in_journal:journal:S4306462995->publication:W4210702550,published_in_journal,journal:S4306462995,publication:W4210702550,S4306462995,W4210702550
published_in_journal:journal:S4306462995->publication:W950821216,published_in_journal,journal:S4306462995,publication:W950821216,S4306462995,W950821216
published_in_journal:journal:S4306462995->publication:W4245961435,published_in_journal,journal:S4306462995,publication:W4245961435,S4306462995,W4245961435
published_in_journal:journal:S4306462995->publication:W4233654598,published_in_journal,journal:S4306462995,publication:W4233654598,S4306462995,W4233654598
published_in_journal:journal:S4306462995->publication:W4298413470,published_in_journal,journal:S4306462995,publication:W4298413470,S4306462995,W4298413470
published_in_journal:journal:S4306462995->publication:W2133469585,published_in_journal,journal:S4306462995,publication:W2133469585,S4306462995,W2133469585
published_in_journal:journal:S4306462995->publication:W4301056702,published_in_journal,journal:S4306462995,publication:W4301056702,S4306462995,W4301056702
published_in_journal:journal:S4210189559->publication:W2118338381,published_in_journal,journal:S4210189559,publication:W2118338381,S4210189559,W2118338381
published_in_journal:journal:S4210182832->publication:W2152311269,published_in_journal,journal:S4210182832,publication:W2152311269,S4210182832,W2152311269
published_in_journal:journal:S4210182832->publication:W2300552860,published_in_journal,journal:S4210182832,publication:W2300552860,S4210182832,W2300552860
published_in_journal:journal:S173335977->publication:W2038533471,published_in_journal,journal:S173335977,publication:W2038533471,S173335977,W2038533471
published_in_journal:journal:S126033908->publication:W1999130958,published_in_journal,journal:S126033908,publication:W1999130958,S126033908,W1999130958
published_in_journal:journal:S2486275289->publication:W2149441684,published_in_journal,journal:S2486275289,publication:W2149441684,S2486275289,W2149441684
published_in_journal:journal:S110447773->publication:W3009912996,published_in_journal,journal:S110447773,publication:W3009912996,S110447773,W3009912996
published_in_journal:journal:S110447773->publication:W2949177718,published_in_journal,journal:S110447773,publication:W2949177718,S110447773,W2949177718
published_in_journal:journal:S110447773->publication:W1997183854,published_in_journal,journal:S110447773,publication:W1997183854,S110447773,W1997183854
published_in_journal:journal:S110447773->publication:W2117692326,published_in_journal,journal:S110447773,publication:W2117692326,S110447773,W2117692326
published_in_journal:journal:S110447773->publication:W2162674813,published_in_journal,journal:S110447773,publication:W2162674813,S110447773,W2162674813
published_in_journal:journal:S110447773->publication:W2138977668,published_in_journal,journal:S110447773,publication:W2138977668,S110447773,W2138977668
published_in_journal:journal:S110447773->publication:W2125987139,published_in_journal,journal:S110447773,publication:W2125987139,S110447773,W2125987139
published_in_journal:journal:S110447773->publication:W144423133,published_in_journal,journal:S110447773,publication:W144423133,S110447773,W144423133
published_in_journal:journal:S110447773->publication:W2034269086,published_in_journal,journal:S110447773,publication:W2034269086,S110447773,W2034269086
published_in_journal:journal:S161399637->publication:W1523693806,published_in_journal,journal:S161399637,publication:W1523693806,S161399637,W1523693806
published_in_journal:journal:S161399637->publication:W2018289835,published_in_journal,journal:S161399637,publication:W2018289835,S161399637,W2018289835
published_in_journal:journal:S4306402195->publication:W1487127700,published_in_journal,journal:S4306402195,publication:W1487127700,S4306402195,W1487127700
published_in_journal:journal:S41143188->publication:W1997151511,published_in_journal,journal:S41143188,publication:W1997151511,S41143188,W1997151511
published_in_journal:journal:S41143188->publication:W2110540540,published_in_journal,journal:S41143188,publication:W2110540540,S41143188,W2110540540
published_in_journal:journal:S41143188->publication:W2038767330,published_in_journal,journal:S41143188,publication:W2038767330,S41143188,W2038767330
published_in_journal:journal:S2764375719->publication:W2140190241,published_in_journal,journal:S2764375719,publication:W2140190241,S2764375719,W2140190241
published_in_journal:journal:S2764375719->publication:W1815596065,published_in_journal,journal:S2764375719,publication:W1815596065,S2764375719,W1815596065
published_in_journal:journal:S2764375719->publication:W2147264455,published_in_journal,journal:S2764375719,publication:W2147264455,S2764375719,W2147264455
published_in_journal:journal:S2764375719->publication:W4293586167,published_in_journal,journal:S2764375719,publication:W4293586167,S2764375719,W4293586167
published_in_journal:journal:S2764375719->publication:W2122410182,published_in_journal,journal:S2764375719,publication:W2122410182,S2764375719,W2122410182
published_in_journal:journal:S2764375719->publication:W1554663460,published_in_journal,journal:S2764375719,publication:W1554663460,S2764375719,W1554663460
published_in_journal:journal:S2764375719->publication:W2432517183,published_in_journal,journal:S2764375719,publication:W2432517183,S2764375719,W2432517183
published_in_journal:journal:S2764375719->publication:W2797247465,published_in_journal,journal:S2764375719,publication:W2797247465,S2764375719,W2797247465
published_in_journal:journal:S2764375719->publication:W1973948212,published_in_journal,journal:S2764375719,publication:W1973948212,S2764375719,W1973948212
published_in_journal:journal:S2764375719->publication:W2153943092,published_in_journal,journal:S2764375719,publication:W2153943092,S2764375719,W2153943092
published_in_journal:journal:S2764375719->publication:W1541515907,published_in_journal,journal:S2764375719,publication:W1541515907,S2764375719,W1541515907
published_in_journal:journal:S2764375719->publication:W2157207849,published_in_journal,journal:S2764375719,publication:W2157207849,S2764375719,W2157207849
published_in_journal:journal:S2764375719->publication:W3023540311,published_in_journal,journal:S2764375719,publication:W3023540311,S2764375719,W3023540311
published_in_journal:journal:S2764375719->publication:W2160456562,published_in_journal,journal:S2764375719,publication:W2160456562,S2764375719,W2160456562
published_in_journal:journal:S116251202->publication:W2285072859,published_in_journal,journal:S116251202,publication:W2285072859,S116251202,W2285072859
published_in_journal:journal:S90511721->publication:W3199943451,published_in_journal,journal:S90511721,publication:W3199943451,S90511721,W3199943451
published_in_journal:journal:S4306467859->publication:W2004778468,published_in_journal,journal:S4306467859,publication:W2004778468,S4306467859,W2004778468
published_in_journal:journal:S4210217276->publication:W1866311589,published_in_journal,journal:S4210217276,publication:W1866311589,S4210217276,W1866311589
published_in_journal:journal:S4210217276->publication:W1575147392,published_in_journal,journal:S4210217276,publication:W1575147392,S4210217276,W1575147392
published_in_journal:journal:S139212996->publication:W2168420558,published_in_journal,journal:S139212996,publication:W2168420558,S139212996,W2168420558
published_in_journal:journal:S139212996->publication:W2116404316,published_in_journal,journal:S139212996,publication:W2116404316,S139212996,W2116404316
published_in_journal:journal:S103482838->publication:W2163605009,published_in_journal,journal:S103482838,publication:W2163605009,S103482838,W2163605009
published_in_journal:journal:S103482838->publication:W2173213060,published_in_journal,journal:S103482838,publication:W2173213060,S103482838,W2173213060
published_in_journal:journal:S103482838->publication:W2085261163,published_in_journal,journal:S103482838,publication:W2085261163,S103482838,W2085261163
published_in_journal:journal:S26018076->publication:W2007395042,published_in_journal,journal:S26018076,publication:W2007395042,S26018076,W2007395042
published_in_journal:journal:S63392143->publication:W2168452204,published_in_journal,journal:S63392143,publication:W2168452204,S63392143,W2168452204
published_in_journal:journal:S3084184->publication:W2066636486,published_in_journal,journal:S3084184,publication:W2066636486,S3084184,W2066636486
published_in_journal:journal:S60115552->publication:W2107031757,published_in_journal,journal:S60115552,publication:W2107031757,S60115552,W2107031757
published_in_journal:journal:S107923245->publication:W2011301426,published_in_journal,journal:S107923245,publication:W2011301426,S107923245,W2011301426
published_in_journal:journal:S64506217->publication:W2170899200,published_in_journal,journal:S64506217,publication:W2170899200,S64506217,W2170899200
published_in_journal:journal:S4789869->publication:W2324392187,published_in_journal,journal:S4789869,publication:W2324392187,S4789869,W2324392187
published_in_journal:journal:S4789869->publication:W2000117884,published_in_journal,journal:S4789869,publication:W2000117884,S4789869,W2000117884
published_in_journal:journal:S4789869->publication:W2005061283,published_in_journal,journal:S4789869,publication:W2005061283,S4789869,W2005061283
published_in_journal:journal:S4789869->publication:W2059334100,published_in_journal,journal:S4789869,publication:W2059334100,S4789869,W2059334100
published_in_journal:journal:S4789869->publication:W1550621568,published_in_journal,journal:S4789869,publication:W1550621568,S4789869,W1550621568
published_in_journal:journal:S84962792->publication:W1986215651,published_in_journal,journal:S84962792,publication:W1986215651,S84962792,W1986215651
published_in_journal:journal:S84962792->publication:W2107328434,published_in_journal,journal:S84962792,publication:W2107328434,S84962792,W2107328434
published_in_journal:journal:S36838616->publication:W2025371271,published_in_journal,journal:S36838616,publication:W2025371271,S36838616,W2025371271
published_in_journal:journal:S7407052059->publication:W2964015378,published_in_journal,journal:S7407052059,publication:W2964015378,S7407052059,W2964015378
published_in_journal:journal:S121920818->publication:W2139212933,published_in_journal,journal:S121920818,publication:W2139212933,S121920818,W2139212933
published_in_journal:journal:S4406923043->publication:W2127218421,published_in_journal,journal:S4406923043,publication:W2127218421,S4406923043,W2127218421
published_in_journal:journal:S2764877394->publication:W2148080316,published_in_journal,journal:S2764877394,publication:W2148080316,S2764877394,W2148080316
published_in_journal:journal:S104375418->publication:W2160234571,published_in_journal,journal:S104375418,publication:W2160234571,S104375418,W2160234571
published_in_journal:journal:S4377196569->publication:W4385245566,published_in_journal,journal:S4377196569,publication:W4385245566,S4377196569,W4385245566
published_in_journal:journal:S4377196569->publication:W2964121744,published_in_journal,journal:S4377196569,publication:W2964121744,S4377196569,W2964121744
published_in_journal:journal:S4377196569->publication:W2965373594,published_in_journal,journal:S4377196569,publication:W2965373594,S4377196569,W2965373594
published_in_journal:journal:S4377196569->publication:W2896457183,published_in_journal,journal:S4377196569,publication:W2896457183,S4377196569,W2896457183
published_in_journal:journal:S4377196388->publication:W3165656738,published_in_journal,journal:S4377196388,publication:W3165656738,S4377196388,W3165656738
published_in_journal:journal:S88315673->publication:W2139416101,published_in_journal,journal:S88315673,publication:W2139416101,S88315673,W2139416101
published_in_journal:journal:S35917800->publication:W4229954146,published_in_journal,journal:S35917800,publication:W4229954146,S35917800,W4229954146
published_in_journal:journal:S95464858->publication:W2117178635,published_in_journal,journal:S95464858,publication:W2117178635,S95464858,W2117178635
published_in_journal:journal:S95464858->publication:W2110603299,published_in_journal,journal:S95464858,publication:W2110603299,S95464858,W2110603299
published_in_journal:journal:S95464858->publication:W1979575715,published_in_journal,journal:S95464858,publication:W1979575715,S95464858,W1979575715
published_in_journal:journal:S95464858->publication:W2108818539,published_in_journal,journal:S95464858,publication:W2108818539,S95464858,W2108818539
published_in_journal:journal:S95464858->publication:W3011865677,published_in_journal,journal:S95464858,publication:W3011865677,S95464858,W3011865677
published_in_journal:journal:S95464858->publication:W2139122730,published_in_journal,journal:S95464858,publication:W2139122730,S95464858,W2139122730
published_in_journal:journal:S95464858->publication:W2112352537,published_in_journal,journal:S95464858,publication:W2112352537,S95464858,W2112352537
published_in_journal:journal:S95464858->publication:W2178225550,published_in_journal,journal:S95464858,publication:W2178225550,S95464858,W2178225550
published_in_journal:journal:S95464858->publication:W2318680928,published_in_journal,journal:S95464858,publication:W2318680928,S95464858,W2318680928
published_in_journal:journal:S108845946->publication:W2015930340,published_in_journal,journal:S108845946,publication:W2015930340,S108845946,W2015930340
published_in_journal:journal:S176831015->publication:W1736209534,published_in_journal,journal:S176831015,publication:W1736209534,S176831015,W1736209534
published_in_journal:journal:S176831015->publication:W2053154970,published_in_journal,journal:S176831015,publication:W2053154970,S176831015,W2053154970
published_in_journal:journal:S55175622->publication:W2140369176,published_in_journal,journal:S55175622,publication:W2140369176,S55175622,W2140369176
published_in_journal:journal:S134335455->publication:W2332086916,published_in_journal,journal:S134335455,publication:W2332086916,S134335455,W2332086916
published_in_journal:journal:S4306463230->publication:W1570448133,published_in_journal,journal:S4306463230,publication:W1570448133,S4306463230,W1570448133
published_in_journal:journal:S4306463230->publication:W2124614417,published_in_journal,journal:S4306463230,publication:W2124614417,S4306463230,W2124614417
published_in_journal:journal:S4306463230->publication:W2085491458,published_in_journal,journal:S4306463230,publication:W2085491458,S4306463230,W2085491458
published_in_journal:journal:S4306463230->publication:W2115755118,published_in_journal,journal:S4306463230,publication:W2115755118,S4306463230,W2115755118
published_in_journal:journal:S4306463230->publication:W1542649433,published_in_journal,journal:S4306463230,publication:W1542649433,S4306463230,W1542649433
published_in_journal:journal:S4306463230->publication:W2120644786,published_in_journal,journal:S4306463230,publication:W2120644786,S4306463230,W2120644786
published_in_journal:journal:S4306463230->publication:W2162123284,published_in_journal,journal:S4306463230,publication:W2162123284,S4306463230,W2162123284
published_in_journal:journal:S4306463230->publication:W2163815564,published_in_journal,journal:S4306463230,publication:W2163815564,S4306463230,W2163815564
published_in_journal:journal:S4306463230->publication:W2157005274,published_in_journal,journal:S4306463230,publication:W2157005274,S4306463230,W2157005274
published_in_journal:journal:S2914327366->publication:W2036897871,published_in_journal,journal:S2914327366,publication:W2036897871,S2914327366,W2036897871
published_in_journal:journal:S4210235606->publication:W4392145873,published_in_journal,journal:S4210235606,publication:W4392145873,S4210235606,W4392145873
published_in_journal:journal:S4306400115->publication:W75231382,published_in_journal,journal:S4306400115,publication:W75231382,S4306400115,W75231382
published_in_journal:journal:S94775995->publication:W2905811773,published_in_journal,journal:S94775995,publication:W2905811773,S94775995,W2905811773
published_in_journal:journal:S16731738->publication:W2019607817,published_in_journal,journal:S16731738,publication:W2019607817,S16731738,W2019607817
published_in_journal:journal:S48690275->publication:W2116475791,published_in_journal,journal:S48690275,publication:W2116475791,S48690275,W2116475791
published_in_journal:journal:S103321696->publication:W2076452041,published_in_journal,journal:S103321696,publication:W2076452041,S103321696,W2076452041
published_in_journal:journal:S4210207896->publication:W2125078269,published_in_journal,journal:S4210207896,publication:W2125078269,S4210207896,W2125078269
published_in_journal:journal:S17192686->publication:W2133766618,published_in_journal,journal:S17192686,publication:W2133766618,S17192686,W2133766618
published_in_journal:journal:S87560609->publication:W2030966943,published_in_journal,journal:S87560609,publication:W2030966943,S87560609,W2030966943
published_in_journal:journal:S87560609->publication:W4254275792,published_in_journal,journal:S87560609,publication:W4254275792,S87560609,W4254275792
published_in_journal:journal:S87560609->publication:W1997476591,published_in_journal,journal:S87560609,publication:W1997476591,S87560609,W1997476591
published_in_journal:journal:S47042909->publication:W2038600245,published_in_journal,journal:S47042909,publication:W2038600245,S47042909,W2038600245
published_in_journal:journal:S192660949->publication:W3146083582,published_in_journal,journal:S192660949,publication:W3146083582,S192660949,W3146083582
published_in_journal:journal:S83253694->publication:W2129660502,published_in_journal,journal:S83253694,publication:W2129660502,S83253694,W2129660502
published_in_journal:journal:S4210188176->publication:W4292363360,published_in_journal,journal:S4210188176,publication:W4292363360,S4210188176,W4292363360
published_in_journal:journal:S128018148->publication:W2012991711,published_in_journal,journal:S128018148,publication:W2012991711,S128018148,W2012991711
published_in_journal:journal:S169411308->publication:W1980564456,published_in_journal,journal:S169411308,publication:W1980564456,S169411308,W1980564456
published_in_journal:journal:S3961818->publication:W2010094123,published_in_journal,journal:S3961818,publication:W2010094123,S3961818,W2010094123
published_in_journal:journal:S65932378->publication:W2098126593,published_in_journal,journal:S65932378,publication:W2098126593,S65932378,W2098126593
published_in_journal:journal:S187186932->publication:W2051978340,published_in_journal,journal:S187186932,publication:W2051978340,S187186932,W2051978340
published_in_journal:journal:S81160022->publication:W2179438025,published_in_journal,journal:S81160022,publication:W2179438025,S81160022,W2179438025
published_in_journal:journal:S81160022->publication:W2133856765,published_in_journal,journal:S81160022,publication:W2133856765,S81160022,W2133856765
published_in_journal:journal:S81160022->publication:W2152239989,published_in_journal,journal:S81160022,publication:W2152239989,S81160022,W2152239989
published_in_journal:journal:S81160022->publication:W2124985265,published_in_journal,journal:S81160022,publication:W2124985265,S81160022,W2124985265
published_in_journal:journal:S81160022->publication:W2171808845,published_in_journal,journal:S81160022,publication:W2171808845,S81160022,W2171808845
published_in_journal:journal:S81160022->publication:W1577577364,published_in_journal,journal:S81160022,publication:W1577577364,S81160022,W1577577364
published_in_journal:journal:S29311329->publication:W2138522501,published_in_journal,journal:S29311329,publication:W2138522501,S29311329,W2138522501
published_in_journal:journal:S190989491->publication:W2167311298,published_in_journal,journal:S190989491,publication:W2167311298,S190989491,W2167311298
published_in_journal:journal:S190989491->publication:W2008854521,published_in_journal,journal:S190989491,publication:W2008854521,S190989491,W2008854521
published_in_journal:journal:S170199316->publication:W2073775990,published_in_journal,journal:S170199316,publication:W2073775990,S170199316,W2073775990
published_in_journal:journal:S129458801->publication:W2153000380,published_in_journal,journal:S129458801,publication:W2153000380,S129458801,W2153000380
published_in_journal:journal:S4306463363->publication:W2254735081,published_in_journal,journal:S4306463363,publication:W2254735081,S4306463363,W2254735081
published_in_journal:journal:S4210209709->publication:W2473786944,published_in_journal,journal:S4210209709,publication:W2473786944,S4210209709,W2473786944
published_in_journal:journal:S176903982->publication:W2149868499,published_in_journal,journal:S176903982,publication:W2149868499,S176903982,W2149868499
published_in_journal:journal:S61446109->publication:W2157300266,published_in_journal,journal:S61446109,publication:W2157300266,S61446109,W2157300266
published_in_journal:journal:S184954342->publication:W2142635246,published_in_journal,journal:S184954342,publication:W2142635246,S184954342,W2142635246
published_in_journal:journal:S93787993->publication:W2126105956,published_in_journal,journal:S93787993,publication:W2126105956,S93787993,W2126105956
published_in_journal:journal:S4210173141->publication:W2133665775,published_in_journal,journal:S4210173141,publication:W2133665775,S4210173141,W2133665775
published_in_journal:journal:S4502562->publication:W4250955649,published_in_journal,journal:S4502562,publication:W4250955649,S4502562,W4250955649
published_in_journal:journal:S4502562->publication:W2145096794,published_in_journal,journal:S4502562,publication:W2145096794,S4502562,W2145096794
published_in_journal:journal:S4502562->publication:W2122111042,published_in_journal,journal:S4502562,publication:W2122111042,S4502562,W2122111042
published_in_journal:journal:S30698027->publication:W2165698076,published_in_journal,journal:S30698027,publication:W2165698076,S30698027,W2165698076
published_in_journal:journal:S42080949->publication:W2121863487,published_in_journal,journal:S42080949,publication:W2121863487,S42080949,W2121863487
published_in_journal:journal:S42080949->publication:W4214717370,published_in_journal,journal:S42080949,publication:W4214717370,S42080949,W4214717370
published_in_journal:journal:S199944782->publication:W2412782625,published_in_journal,journal:S199944782,publication:W2412782625,S199944782,W2412782625
published_in_journal:journal:S199944782->publication:W639708223,published_in_journal,journal:S199944782,publication:W639708223,S199944782,W639708223
published_in_journal:journal:S199944782->publication:W2121947440,published_in_journal,journal:S199944782,publication:W2121947440,S199944782,W2121947440
published_in_journal:journal:S199944782->publication:W2049981393,published_in_journal,journal:S199944782,publication:W2049981393,S199944782,W2049981393
published_in_journal:journal:S199944782->publication:W2132984323,published_in_journal,journal:S199944782,publication:W2132984323,S199944782,W2132984323
published_in_journal:journal:S199944782->publication:W2145023731,published_in_journal,journal:S199944782,publication:W2145023731,S199944782,W2145023731
published_in_journal:journal:S199944782->publication:W2020999234,published_in_journal,journal:S199944782,publication:W2020999234,S199944782,W2020999234
published_in_journal:journal:S76152103->publication:W2019207321,published_in_journal,journal:S76152103,publication:W2019207321,S76152103,W2019207321
published_in_journal:journal:S76152103->publication:W2079325629,published_in_journal,journal:S76152103,publication:W2079325629,S76152103,W2079325629
published_in_journal:journal:S76152103->publication:W2133059825,published_in_journal,journal:S76152103,publication:W2133059825,S76152103,W2133059825
published_in_journal:journal:S76152103->publication:W2044465660,published_in_journal,journal:S76152103,publication:W2044465660,S76152103,W2044465660
published_in_journal:journal:S166948985->publication:W2561675875,published_in_journal,journal:S166948985,publication:W2561675875,S166948985,W2561675875
published_in_journal:journal:S4210192454->publication:W4211007335,published_in_journal,journal:S4210192454,publication:W4211007335,S4210192454,W4211007335
published_in_journal:journal:S4210208459->publication:W246286872,published_in_journal,journal:S4210208459,publication:W246286872,S4210208459,W246286872
published_in_journal:journal:S4306401748->publication:W1797402740,published_in_journal,journal:S4306401748,publication:W1797402740,S4306401748,W1797402740
published_in_journal:journal:S74917805->publication:W2138664283,published_in_journal,journal:S74917805,publication:W2138664283,S74917805,W2138664283
published_in_journal:journal:S5382288->publication:W1757407923,published_in_journal,journal:S5382288,publication:W1757407923,S5382288,W1757407923
published_in_journal:journal:S5382288->publication:W1981989535,published_in_journal,journal:S5382288,publication:W1981989535,S5382288,W1981989535
published_in_journal:journal:S32061424->publication:W2614464134,published_in_journal,journal:S32061424,publication:W2614464134,S32061424,W2614464134
published_in_journal:journal:S32061424->publication:W2112776483,published_in_journal,journal:S32061424,publication:W2112776483,S32061424,W2112776483
published_in_journal:journal:S25538012->publication:W2117539524,published_in_journal,journal:S25538012,publication:W2117539524,S25538012,W2117539524
published_in_journal:journal:S25538012->publication:W2031489346,published_in_journal,journal:S25538012,publication:W2031489346,S25538012,W2031489346
published_in_journal:journal:S25538012->publication:W2151103935,published_in_journal,journal:S25538012,publication:W2151103935,S25538012,W2151103935
published_in_journal:journal:S25538012->publication:W2104095591,published_in_journal,journal:S25538012,publication:W2104095591,S25538012,W2104095591
published_in_journal:journal:S39841227->publication:W1513281941,published_in_journal,journal:S39841227,publication:W1513281941,S39841227,W1513281941
published_in_journal:journal:S39841227->publication:W1517701247,published_in_journal,journal:S39841227,publication:W1517701247,S39841227,W1517701247
published_in_journal:journal:S189354248->publication:W2390008750,published_in_journal,journal:S189354248,publication:W2390008750,S189354248,W2390008750
published_in_journal:journal:S174538591->publication:W79229537,published_in_journal,journal:S174538591,publication:W79229537,S174538591,W79229537
published_in_journal:journal:S114106686->publication:W2000380427,published_in_journal,journal:S114106686,publication:W2000380427,S114106686,W2000380427
published_in_journal:journal:S125130336->publication:W2075950485,published_in_journal,journal:S125130336,publication:W2075950485,S125130336,W2075950485
published_in_journal:journal:S90857023->publication:W2004038836,published_in_journal,journal:S90857023,publication:W2004038836,S90857023,W2004038836
published_in_journal:journal:S172573765->publication:W3008028633,published_in_journal,journal:S172573765,publication:W3008028633,S172573765,W3008028633
published_in_journal:journal:S172573765->publication:W3005079553,published_in_journal,journal:S172573765,publication:W3005079553,S172573765,W3005079553
published_in_journal:journal:S172573765->publication:W2280404143,published_in_journal,journal:S172573765,publication:W2280404143,S172573765,W2280404143
published_in_journal:journal:S172573765->publication:W4292528167,published_in_journal,journal:S172573765,publication:W4292528167,S172573765,W4292528167
published_in_journal:journal:S172573765->publication:W2156121263,published_in_journal,journal:S172573765,publication:W2156121263,S172573765,W2156121263
published_in_journal:journal:S172573765->publication:W1593442063,published_in_journal,journal:S172573765,publication:W1593442063,S172573765,W1593442063
published_in_journal:journal:S172573765->publication:W4238251256,published_in_journal,journal:S172573765,publication:W4238251256,S172573765,W4238251256
published_in_journal:journal:S172573765->publication:W1979423827,published_in_journal,journal:S172573765,publication:W1979423827,S172573765,W1979423827
published_in_journal:journal:S172573765->publication:W2118310760,published_in_journal,journal:S172573765,publication:W2118310760,S172573765,W2118310760
published_in_journal:journal:S98010888->publication:W2139248078,published_in_journal,journal:S98010888,publication:W2139248078,S98010888,W2139248078
published_in_journal:journal:S98010888->publication:W2167571044,published_in_journal,journal:S98010888,publication:W2167571044,S98010888,W2167571044
published_in_journal:journal:S4306463499->publication:W2798909945,published_in_journal,journal:S4306463499,publication:W2798909945,S4306463499,W2798909945
published_in_journal:journal:S207420867->publication:W4230354434,published_in_journal,journal:S207420867,publication:W4230354434,S207420867,W4230354434
published_in_journal:journal:S137832324->publication:W2067404301,published_in_journal,journal:S137832324,publication:W2067404301,S137832324,W2067404301
published_in_journal:journal:S26308392->publication:W1933657216,published_in_journal,journal:S26308392,publication:W1933657216,S26308392,W1933657216
published_in_journal:journal:S2755299131->publication:W1566830427,published_in_journal,journal:S2755299131,publication:W1566830427,S2755299131,W1566830427
published_in_journal:journal:S79162954->publication:W2028056984,published_in_journal,journal:S79162954,publication:W2028056984,S79162954,W2028056984
published_in_journal:journal:S79162954->publication:W2059205366,published_in_journal,journal:S79162954,publication:W2059205366,S79162954,W2059205366
published_in_journal:journal:S79162954->publication:W2163341755,published_in_journal,journal:S79162954,publication:W2163341755,S79162954,W2163341755
published_in_journal:journal:S79162954->publication:W2063334178,published_in_journal,journal:S79162954,publication:W2063334178,S79162954,W2063334178
published_in_journal:journal:S79162954->publication:W2059020082,published_in_journal,journal:S79162954,publication:W2059020082,S79162954,W2059020082
published_in_journal:journal:S79162954->publication:W1986191025,published_in_journal,journal:S79162954,publication:W1986191025,S79162954,W1986191025
published_in_journal:journal:S79162954->publication:W2016260972,published_in_journal,journal:S79162954,publication:W2016260972,S79162954,W2016260972
published_in_journal:journal:S85739584->publication:W1966910378,published_in_journal,journal:S85739584,publication:W1966910378,S85739584,W1966910378
published_in_journal:journal:S187991544->publication:W2081693079,published_in_journal,journal:S187991544,publication:W2081693079,S187991544,W2081693079
published_in_journal:journal:S166002381->publication:W2106096361,published_in_journal,journal:S166002381,publication:W2106096361,S166002381,W2106096361
published_in_journal:journal:S139930977->publication:W2148143831,published_in_journal,journal:S139930977,publication:W2148143831,S139930977,W2148143831
published_in_journal:journal:S2764422239->publication:W2105934661,published_in_journal,journal:S2764422239,publication:W2105934661,S2764422239,W2105934661
published_in_journal:journal:S140251998->publication:W2141260882,published_in_journal,journal:S140251998,publication:W2141260882,S140251998,W2141260882
published_in_journal:journal:S140251998->publication:W1606423922,published_in_journal,journal:S140251998,publication:W1606423922,S140251998,W1606423922
published_in_journal:journal:S140251998->publication:W1581414347,published_in_journal,journal:S140251998,publication:W1581414347,S140251998,W1581414347
published_in_journal:journal:S140251998->publication:W1625660792,published_in_journal,journal:S140251998,publication:W1625660792,S140251998,W1625660792
published_in_journal:journal:S140251998->publication:W2168526937,published_in_journal,journal:S140251998,publication:W2168526937,S140251998,W2168526937
published_in_journal:journal:S140251998->publication:W1775749144,published_in_journal,journal:S140251998,publication:W1775749144,S140251998,W1775749144
published_in_journal:journal:S140251998->publication:W1506043065,published_in_journal,journal:S140251998,publication:W1506043065,S140251998,W1506043065
published_in_journal:journal:S140251998->publication:W2153435210,published_in_journal,journal:S140251998,publication:W2153435210,S140251998,W2153435210
published_in_journal:journal:S11622463->publication:W2944434778,published_in_journal,journal:S11622463,publication:W2944434778,S11622463,W2944434778
published_in_journal:journal:S11622463->publication:W2093274439,published_in_journal,journal:S11622463,publication:W2093274439,S11622463,W2093274439
published_in_journal:journal:S181390377->publication:W2169821755,published_in_journal,journal:S181390377,publication:W2169821755,S181390377,W2169821755
published_in_journal:journal:S189701308->publication:W1966078827,published_in_journal,journal:S189701308,publication:W1966078827,S189701308,W1966078827
published_in_journal:journal:S67905653->publication:W2327037637,published_in_journal,journal:S67905653,publication:W2327037637,S67905653,W2327037637
published_in_journal:journal:S69091592->publication:W2000445173,published_in_journal,journal:S69091592,publication:W2000445173,S69091592,W2000445173
published_in_journal:journal:S64418186->publication:W2468996569,published_in_journal,journal:S64418186,publication:W2468996569,S64418186,W2468996569
published_in_journal:journal:S64418186->publication:W4292229870,published_in_journal,journal:S64418186,publication:W4292229870,S64418186,W4292229870
published_in_journal:journal:S18971317->publication:W1562208008,published_in_journal,journal:S18971317,publication:W1562208008,S18971317,W1562208008
published_in_journal:journal:S165473669->publication:W1987971958,published_in_journal,journal:S165473669,publication:W1987971958,S165473669,W1987971958
published_in_journal:journal:S78571599->publication:W2120902911,published_in_journal,journal:S78571599,publication:W2120902911,S78571599,W2120902911
published_in_journal:journal:S21117631->publication:W2096747776,published_in_journal,journal:S21117631,publication:W2096747776,S21117631,W2096747776
published_in_journal:journal:S21117631->publication:W2132525235,published_in_journal,journal:S21117631,publication:W2132525235,S21117631,W2132525235
published_in_journal:journal:S21117631->publication:W2134967712,published_in_journal,journal:S21117631,publication:W2134967712,S21117631,W2134967712
published_in_journal:journal:S21117631->publication:W2105668062,published_in_journal,journal:S21117631,publication:W2105668062,S21117631,W2105668062
published_in_journal:journal:S21117631->publication:W2044591029,published_in_journal,journal:S21117631,publication:W2044591029,S21117631,W2044591029
published_in_journal:journal:S21117631->publication:W2171268876,published_in_journal,journal:S21117631,publication:W2171268876,S21117631,W2171268876
published_in_journal:journal:S21117631->publication:W2150981663,published_in_journal,journal:S21117631,publication:W2150981663,S21117631,W2150981663
published_in_journal:journal:S21117631->publication:W2147993766,published_in_journal,journal:S21117631,publication:W2147993766,S21117631,W2147993766
published_in_journal:journal:S21117631->publication:W2132629607,published_in_journal,journal:S21117631,publication:W2132629607,S21117631,W2132629607
published_in_journal:journal:S21117631->publication:W2128572087,published_in_journal,journal:S21117631,publication:W2128572087,S21117631,W2128572087
published_in_journal:journal:S21117631->publication:W2022950330,published_in_journal,journal:S21117631,publication:W2022950330,S21117631,W2022950330
published_in_journal:journal:S148709879->publication:W2019465613,published_in_journal,journal:S148709879,publication:W2019465613,S148709879,W2019465613
published_in_journal:journal:S148709879->publication:W2106140689,published_in_journal,journal:S148709879,publication:W2106140689,S148709879,W2106140689
published_in_journal:journal:S141020589->publication:W1988790447,published_in_journal,journal:S141020589,publication:W1988790447,S141020589,W1988790447
published_in_journal:journal:S30594836->publication:W1985749074,published_in_journal,journal:S30594836,publication:W1985749074,S30594836,W1985749074
published_in_journal:journal:S28349394->publication:W1997087247,published_in_journal,journal:S28349394,publication:W1997087247,S28349394,W1997087247
published_in_journal:journal:S127742747->publication:W3121403162,published_in_journal,journal:S127742747,publication:W3121403162,S127742747,W3121403162
published_in_journal:journal:S127742747->publication:W2035554302,published_in_journal,journal:S127742747,publication:W2035554302,S127742747,W2035554302
published_in_journal:journal:S127742747->publication:W1999996900,published_in_journal,journal:S127742747,publication:W1999996900,S127742747,W1999996900
published_in_journal:journal:S44585919->publication:W2153562738,published_in_journal,journal:S44585919,publication:W2153562738,S44585919,W2153562738
published_in_journal:journal:S146976949->publication:W2123036062,published_in_journal,journal:S146976949,publication:W2123036062,S146976949,W2123036062
published_in_journal:journal:S158511090->publication:W1663973292,published_in_journal,journal:S158511090,publication:W1663973292,S158511090,W1663973292
published_in_journal:journal:S32271328->publication:W1556808170,published_in_journal,journal:S32271328,publication:W1556808170,S32271328,W1556808170
published_in_journal:journal:S4210168021->publication:W2120357670,published_in_journal,journal:S4210168021,publication:W2120357670,S4210168021,W2120357670
published_in_journal:journal:S149240962->publication:W1995834279,published_in_journal,journal:S149240962,publication:W1995834279,S149240962,W1995834279
published_in_journal:journal:S149240962->publication:W3124114405,published_in_journal,journal:S149240962,publication:W3124114405,S149240962,W3124114405
published_in_journal:journal:S149240962->publication:W2752617332,published_in_journal,journal:S149240962,publication:W2752617332,S149240962,W2752617332
published_in_journal:journal:S116608325->publication:W2132322340,published_in_journal,journal:S116608325,publication:W2132322340,S116608325,W2132322340
published_in_journal:journal:S115925768->publication:W1595159159,published_in_journal,journal:S115925768,publication:W1595159159,S115925768,W1595159159
published_in_journal:journal:S122290859->publication:W1996299251,published_in_journal,journal:S122290859,publication:W1996299251,S122290859,W1996299251
published_in_journal:journal:S55737203->publication:W2033904036,published_in_journal,journal:S55737203,publication:W2033904036,S55737203,W2033904036
published_in_journal:journal:S201669150->publication:W2114918609,published_in_journal,journal:S201669150,publication:W2114918609,S201669150,W2114918609
published_in_journal:journal:S19366293->publication:W2099471712,published_in_journal,journal:S19366293,publication:W2099471712,S19366293,W2099471712
published_in_journal:journal:S118988714->publication:W2187089797,published_in_journal,journal:S118988714,publication:W2187089797,S118988714,W2187089797
published_in_journal:journal:S118988714->publication:W1880262756,published_in_journal,journal:S118988714,publication:W1880262756,S118988714,W1880262756
published_in_journal:journal:S122767448->publication:W3124536214,published_in_journal,journal:S122767448,publication:W3124536214,S122767448,W3124536214
published_in_journal:journal:S122767448->publication:W2150238850,published_in_journal,journal:S122767448,publication:W2150238850,S122767448,W2150238850
published_in_journal:journal:S142990027->publication:W2137247419,published_in_journal,journal:S142990027,publication:W2137247419,S142990027,W2137247419
published_in_journal:journal:S142990027->publication:W2013386523,published_in_journal,journal:S142990027,publication:W2013386523,S142990027,W2013386523
published_in_journal:journal:S142990027->publication:W2026368098,published_in_journal,journal:S142990027,publication:W2026368098,S142990027,W2026368098
published_in_journal:journal:S119950638->publication:W3022607203,published_in_journal,journal:S119950638,publication:W3022607203,S119950638,W3022607203
published_in_journal:journal:S119950638->publication:W4235678817,published_in_journal,journal:S119950638,publication:W4235678817,S119950638,W4235678817
published_in_journal:journal:S119950638->publication:W1987258130,published_in_journal,journal:S119950638,publication:W1987258130,S119950638,W1987258130
published_in_journal:journal:S119950638->publication:W2313953460,published_in_journal,journal:S119950638,publication:W2313953460,S119950638,W2313953460
published_in_journal:journal:S19730638->publication:W2086933933,published_in_journal,journal:S19730638,publication:W2086933933,S19730638,W2086933933
published_in_journal:journal:S46058472->publication:W2055043387,published_in_journal,journal:S46058472,publication:W2055043387,S46058472,W2055043387
published_in_journal:journal:S46058472->publication:W1975304761,published_in_journal,journal:S46058472,publication:W1975304761,S46058472,W1975304761
published_in_journal:journal:S46058472->publication:W2063450941,published_in_journal,journal:S46058472,publication:W2063450941,S46058472,W2063450941
published_in_journal:journal:S144184862->publication:W2065461553,published_in_journal,journal:S144184862,publication:W2065461553,S144184862,W2065461553
published_in_journal:journal:S162544196->publication:W2029667189,published_in_journal,journal:S162544196,publication:W2029667189,S162544196,W2029667189
published_in_journal:journal:S189140625->publication:W4234347480,published_in_journal,journal:S189140625,publication:W4234347480,S189140625,W4234347480
published_in_journal:journal:S134773490->publication:W2114613490,published_in_journal,journal:S134773490,publication:W2114613490,S134773490,W2114613490
published_in_journal:journal:S132751470->publication:W2128495200,published_in_journal,journal:S132751470,publication:W2128495200,S132751470,W2128495200
published_in_journal:journal:S29984966->publication:W4292994367,published_in_journal,journal:S29984966,publication:W4292994367,S29984966,W4292994367
published_in_journal:journal:S29984966->publication:W2148905283,published_in_journal,journal:S29984966,publication:W2148905283,S29984966,W2148905283
published_in_journal:journal:S29984966->publication:W1971440513,published_in_journal,journal:S29984966,publication:W1971440513,S29984966,W1971440513
published_in_journal:journal:S29984966->publication:W4292811746,published_in_journal,journal:S29984966,publication:W4292811746,S29984966,W4292811746
published_in_journal:journal:S29984966->publication:W2149628368,published_in_journal,journal:S29984966,publication:W2149628368,S29984966,W2149628368
published_in_journal:journal:S190924190->publication:W2120145199,published_in_journal,journal:S190924190,publication:W2120145199,S190924190,W2120145199
published_in_journal:journal:S25370267->publication:W2568476927,published_in_journal,journal:S25370267,publication:W2568476927,S25370267,W2568476927
published_in_journal:journal:S95323914->publication:W3121759882,published_in_journal,journal:S95323914,publication:W3121759882,S95323914,W3121759882
published_in_journal:journal:S95323914->publication:W2162484441,published_in_journal,journal:S95323914,publication:W2162484441,S95323914,W2162484441
published_in_journal:journal:S95323914->publication:W2168605160,published_in_journal,journal:S95323914,publication:W2168605160,S95323914,W2168605160
published_in_journal:journal:S95323914->publication:W2077791698,published_in_journal,journal:S95323914,publication:W2077791698,S95323914,W2077791698
published_in_journal:journal:S160879026->publication:W1847168837,published_in_journal,journal:S160879026,publication:W1847168837,S160879026,W1847168837
published_in_journal:journal:S167943036->publication:W2131681506,published_in_journal,journal:S167943036,publication:W2131681506,S167943036,W2131681506
published_in_journal:journal:S167961193->publication:W2774486220,published_in_journal,journal:S167961193,publication:W2774486220,S167961193,W2774486220
published_in_journal:journal:S167961193->publication:W1951724000,published_in_journal,journal:S167961193,publication:W1951724000,S167961193,W1951724000
published_in_journal:journal:S167961193->publication:W1913957972,published_in_journal,journal:S167961193,publication:W1913957972,S167961193,W1913957972
published_in_journal:journal:S167961193->publication:W2139168999,published_in_journal,journal:S167961193,publication:W2139168999,S167961193,W2139168999
published_in_journal:journal:S167961193->publication:W4294541781,published_in_journal,journal:S167961193,publication:W4294541781,S167961193,W4294541781
published_in_journal:journal:S114484406->publication:W2070227796,published_in_journal,journal:S114484406,publication:W2070227796,S114484406,W2070227796
published_in_journal:journal:S92522684->publication:W2105846236,published_in_journal,journal:S92522684,publication:W2105846236,S92522684,W2105846236
published_in_journal:journal:S92522684->publication:W4243667233,published_in_journal,journal:S92522684,publication:W4243667233,S92522684,W4243667233
published_in_journal:journal:S92522684->publication:W2118016181,published_in_journal,journal:S92522684,publication:W2118016181,S92522684,W2118016181
published_in_journal:journal:S111155417->publication:W2057327293,published_in_journal,journal:S111155417,publication:W2057327293,S111155417,W2057327293
published_in_journal:journal:S111155417->publication:W4233194460,published_in_journal,journal:S111155417,publication:W4233194460,S111155417,W4233194460
published_in_journal:journal:S111155417->publication:W2314659927,published_in_journal,journal:S111155417,publication:W2314659927,S111155417,W2314659927
published_in_journal:journal:S111155417->publication:W2011254969,published_in_journal,journal:S111155417,publication:W2011254969,S111155417,W2011254969
published_in_journal:journal:S111155417->publication:W1986113254,published_in_journal,journal:S111155417,publication:W1986113254,S111155417,W1986113254
published_in_journal:journal:S150273397->publication:W4297081765,published_in_journal,journal:S150273397,publication:W4297081765,S150273397,W4297081765
published_in_journal:journal:S150273397->publication:W4301377693,published_in_journal,journal:S150273397,publication:W4301377693,S150273397,W4301377693
published_in_journal:journal:S204183829->publication:W2165758561,published_in_journal,journal:S204183829,publication:W2165758561,S204183829,W2165758561
published_in_journal:journal:S185321339->publication:W2124624517,published_in_journal,journal:S185321339,publication:W2124624517,S185321339,W2124624517
published_in_journal:journal:S4394736638->publication:W2044758663,published_in_journal,journal:S4394736638,publication:W2044758663,S4394736638,W2044758663
published_in_journal:journal:S4394736638->publication:W2037124948,published_in_journal,journal:S4394736638,publication:W2037124948,S4394736638,W2037124948
published_in_journal:journal:S4394736638->publication:W3085162807,published_in_journal,journal:S4394736638,publication:W3085162807,S4394736638,W3085162807
published_in_journal:journal:S4394736638->publication:W2319410825,published_in_journal,journal:S4394736638,publication:W2319410825,S4394736638,W2319410825
published_in_journal:journal:S4394736638->publication:W2153222072,published_in_journal,journal:S4394736638,publication:W2153222072,S4394736638,W2153222072
published_in_journal:journal:S4394736638->publication:W1667165204,published_in_journal,journal:S4394736638,publication:W1667165204,S4394736638,W1667165204
published_in_journal:journal:S4394736638->publication:W1975994995,published_in_journal,journal:S4394736638,publication:W1975994995,S4394736638,W1975994995
published_in_journal:journal:S4394736638->publication:W2016381774,published_in_journal,journal:S4394736638,publication:W2016381774,S4394736638,W2016381774
published_in_journal:journal:S4394736638->publication:W4293241248,published_in_journal,journal:S4394736638,publication:W4293241248,S4394736638,W4293241248
published_in_journal:journal:S131264402->publication:W2141394518,published_in_journal,journal:S131264402,publication:W2141394518,S131264402,W2141394518
published_in_journal:journal:S183498172->publication:W2751862591,published_in_journal,journal:S183498172,publication:W2751862591,S183498172,W2751862591
published_in_journal:journal:S105775785->publication:W2730193802,published_in_journal,journal:S105775785,publication:W2730193802,S105775785,W2730193802
published_in_journal:journal:S169988927->publication:W2752885492,published_in_journal,journal:S169988927,publication:W2752885492,S169988927,W2752885492
published_in_journal:journal:S4210239914->publication:W3015634246,published_in_journal,journal:S4210239914,publication:W3015634246,S4210239914,W3015634246
published_in_journal:journal:S4210239914->publication:W2162180338,published_in_journal,journal:S4210239914,publication:W2162180338,S4210239914,W2162180338
published_in_journal:journal:S145009937->publication:W2122825543,published_in_journal,journal:S145009937,publication:W2122825543,S145009937,W2122825543
published_in_journal:journal:S145009937->publication:W2135046866,published_in_journal,journal:S145009937,publication:W2135046866,S145009937,W2135046866
published_in_journal:journal:S145009937->publication:W2110065044,published_in_journal,journal:S145009937,publication:W2110065044,S145009937,W2110065044
published_in_journal:journal:S145009937->publication:W2049633694,published_in_journal,journal:S145009937,publication:W2049633694,S145009937,W2049633694
published_in_journal:journal:S145009937->publication:W3147894994,published_in_journal,journal:S145009937,publication:W3147894994,S145009937,W3147894994
published_in_journal:journal:S4210214951->publication:W2087070363,published_in_journal,journal:S4210214951,publication:W2087070363,S4210214951,W2087070363
published_in_journal:journal:S109682412->publication:W2063792498,published_in_journal,journal:S109682412,publication:W2063792498,S109682412,W2063792498
published_in_journal:journal:S72902805->publication:W2009435671,published_in_journal,journal:S72902805,publication:W2009435671,S72902805,W2009435671
published_in_journal:journal:S167815962->publication:W2607031541,published_in_journal,journal:S167815962,publication:W2607031541,S167815962,W2607031541
published_in_journal:journal:S4306402641->publication:W2289205268,published_in_journal,journal:S4306402641,publication:W2289205268,S4306402641,W2289205268
published_in_journal:journal:S149285975->publication:W2175723801,published_in_journal,journal:S149285975,publication:W2175723801,S149285975,W2175723801
published_in_journal:journal:S106296714->publication:W2884585870,published_in_journal,journal:S106296714,publication:W2884585870,S106296714,W2884585870
published_in_journal:journal:S106296714->publication:W2193145675,published_in_journal,journal:S106296714,publication:W2193145675,S106296714,W2193145675
published_in_journal:journal:S106296714->publication:W1901129140,published_in_journal,journal:S106296714,publication:W1901129140,S106296714,W1901129140
published_in_journal:journal:S106296714->publication:W1861492603,published_in_journal,journal:S106296714,publication:W1861492603,S106296714,W1861492603
published_in_journal:journal:S118039931->publication:W3021722416,published_in_journal,journal:S118039931,publication:W3021722416,S118039931,W3021722416
published_in_journal:journal:S9435936->publication:W3124872368,published_in_journal,journal:S9435936,publication:W3124872368,S9435936,W3124872368
published_in_journal:journal:S9435936->publication:W1820801730,published_in_journal,journal:S9435936,publication:W1820801730,S9435936,W1820801730
published_in_journal:journal:S26760650->publication:W2065853716,published_in_journal,journal:S26760650,publication:W2065853716,S26760650,W2065853716
published_in_journal:journal:S4306488689->publication:W1966114254,published_in_journal,journal:S4306488689,publication:W1966114254,S4306488689,W1966114254
published_in_journal:journal:S4306488689->publication:W2118882740,published_in_journal,journal:S4306488689,publication:W2118882740,S4306488689,W2118882740
published_in_journal:journal:S62148650->publication:W2911964244,published_in_journal,journal:S62148650,publication:W2911964244,S62148650,W2911964244
published_in_journal:journal:S62148650->publication:W2912934387,published_in_journal,journal:S62148650,publication:W2912934387,S62148650,W2912934387
published_in_journal:journal:S62148650->publication:W4212883601,published_in_journal,journal:S62148650,publication:W4212883601,S62148650,W4212883601
published_in_journal:journal:S62148650->publication:W4239510810,published_in_journal,journal:S62148650,publication:W4239510810,S62148650,W4239510810
published_in_journal:journal:S62148650->publication:W2119821739,published_in_journal,journal:S62148650,publication:W2119821739,S62148650,W2119821739
published_in_journal:journal:S4210196053->publication:W2116199508,published_in_journal,journal:S4210196053,publication:W2116199508,S4210196053,W2116199508
published_in_journal:journal:S33323087->publication:W2168569455,published_in_journal,journal:S33323087,publication:W2168569455,S33323087,W2168569455
published_in_journal:journal:S33323087->publication:W2033943395,published_in_journal,journal:S33323087,publication:W2033943395,S33323087,W2033943395
published_in_journal:journal:S33323087->publication:W2129763896,published_in_journal,journal:S33323087,publication:W2129763896,S33323087,W2129763896
published_in_journal:journal:S102439543->publication:W4300223101,published_in_journal,journal:S102439543,publication:W4300223101,S102439543,W4300223101
published_in_journal:journal:S4306463610->publication:W1989314580,published_in_journal,journal:S4306463610,publication:W1989314580,S4306463610,W1989314580
published_in_journal:journal:S79233773->publication:W2172151487,published_in_journal,journal:S79233773,publication:W2172151487,S79233773,W2172151487
published_in_journal:journal:S79233773->publication:W4292806894,published_in_journal,journal:S79233773,publication:W4292806894,S79233773,W4292806894
published_in_journal:journal:S4210197683->publication:W2612891587,published_in_journal,journal:S4210197683,publication:W2612891587,S4210197683,W2612891587
published_in_journal:journal:S4210197683->publication:W3120740533,published_in_journal,journal:S4210197683,publication:W3120740533,S4210197683,W3120740533
published_in_journal:journal:S4210197683->publication:W255996521,published_in_journal,journal:S4210197683,publication:W255996521,S4210197683,W255996521
published_in_journal:journal:S4210197683->publication:W1573234480,published_in_journal,journal:S4210197683,publication:W1573234480,S4210197683,W1573234480
published_in_journal:journal:S4210197683->publication:W1590154464,published_in_journal,journal:S4210197683,publication:W1590154464,S4210197683,W1590154464
published_in_journal:journal:S4210197683->publication:W3089485186,published_in_journal,journal:S4210197683,publication:W3089485186,S4210197683,W3089485186
published_in_journal:journal:S4210197683->publication:W2888190061,published_in_journal,journal:S4210197683,publication:W2888190061,S4210197683,W2888190061
published_in_journal:journal:S4210197683->publication:W2135943618,published_in_journal,journal:S4210197683,publication:W2135943618,S4210197683,W2135943618
published_in_journal:journal:S14544163->publication:W2171129594,published_in_journal,journal:S14544163,publication:W2171129594,S14544163,W2171129594
published_in_journal:journal:S14544163->publication:W2004008756,published_in_journal,journal:S14544163,publication:W2004008756,S14544163,W2004008756
published_in_journal:journal:S73539393->publication:W2107277218,published_in_journal,journal:S73539393,publication:W2107277218,S73539393,W2107277218
published_in_journal:journal:S182211142->publication:W1559903407,published_in_journal,journal:S182211142,publication:W1559903407,S182211142,W1559903407
published_in_journal:journal:S182211142->publication:W1539796472,published_in_journal,journal:S182211142,publication:W1539796472,S182211142,W1539796472
published_in_journal:journal:S182211142->publication:W191793640,published_in_journal,journal:S182211142,publication:W191793640,S182211142,W191793640
published_in_journal:journal:S4210173168->publication:W1977825494,published_in_journal,journal:S4210173168,publication:W1977825494,S4210173168,W1977825494
published_in_journal:journal:S57293258->publication:W2100379340,published_in_journal,journal:S57293258,publication:W2100379340,S57293258,W2100379340
published_in_journal:journal:S57293258->publication:W1791587663,published_in_journal,journal:S57293258,publication:W1791587663,S57293258,W1791587663
published_in_journal:journal:S117777245->publication:W2047968138,published_in_journal,journal:S117777245,publication:W2047968138,S117777245,W2047968138
published_in_journal:journal:S72851247->publication:W2056330418,published_in_journal,journal:S72851247,publication:W2056330418,S72851247,W2056330418
published_in_journal:journal:S72851247->publication:W2329223578,published_in_journal,journal:S72851247,publication:W2329223578,S72851247,W2329223578
published_in_journal:journal:S57552105->publication:W4251751280,published_in_journal,journal:S57552105,publication:W4251751280,S57552105,W4251751280
published_in_journal:journal:S57552105->publication:W3005235420,published_in_journal,journal:S57552105,publication:W3005235420,S57552105,W3005235420
published_in_journal:journal:S57552105->publication:W2799524357,published_in_journal,journal:S57552105,publication:W2799524357,S57552105,W2799524357
published_in_journal:journal:S57552105->publication:W2311203695,published_in_journal,journal:S57552105,publication:W2311203695,S57552105,W2311203695
published_in_journal:journal:S57552105->publication:W2111647009,published_in_journal,journal:S57552105,publication:W2111647009,S57552105,W2111647009
published_in_journal:journal:S57552105->publication:W2160378127,published_in_journal,journal:S57552105,publication:W2160378127,S57552105,W2160378127
published_in_journal:journal:S57552105->publication:W2152207030,published_in_journal,journal:S57552105,publication:W2152207030,S57552105,W2152207030
published_in_journal:journal:S57552105->publication:W2132632499,published_in_journal,journal:S57552105,publication:W2132632499,S57552105,W2132632499
published_in_journal:journal:S57552105->publication:W2125121305,published_in_journal,journal:S57552105,publication:W2125121305,S57552105,W2125121305
published_in_journal:journal:S57552105->publication:W2097706568,published_in_journal,journal:S57552105,publication:W2097706568,S57552105,W2097706568
published_in_journal:journal:S22454499->publication:W2161339576,published_in_journal,journal:S22454499,publication:W2161339576,S22454499,W2161339576
published_in_journal:journal:S165787973->publication:W2004444667,published_in_journal,journal:S165787973,publication:W2004444667,S165787973,W2004444667
published_in_journal:journal:S64961995->publication:W1990074132,published_in_journal,journal:S64961995,publication:W1990074132,S64961995,W1990074132
published_in_journal:journal:S204809294->publication:W2148941593,published_in_journal,journal:S204809294,publication:W2148941593,S204809294,W2148941593
published_in_journal:journal:S200893805->publication:W2127322768,published_in_journal,journal:S200893805,publication:W2127322768,S200893805,W2127322768
published_in_journal:journal:S4306463641->publication:W2955504961,published_in_journal,journal:S4306463641,publication:W2955504961,S4306463641,W2955504961
published_in_journal:journal:S137773608->publication:W3177828909,published_in_journal,journal:S137773608,publication:W3177828909,S137773608,W3177828909
published_in_journal:journal:S137773608->publication:W3004280078,published_in_journal,journal:S137773608,publication:W3004280078,S137773608,W3004280078
published_in_journal:journal:S137773608->publication:W3035965352,published_in_journal,journal:S137773608,publication:W3035965352,S137773608,W3035965352
published_in_journal:journal:S137773608->publication:W2257979135,published_in_journal,journal:S137773608,publication:W2257979135,S137773608,W2257979135
published_in_journal:journal:S137773608->publication:W2104549677,published_in_journal,journal:S137773608,publication:W2104549677,S137773608,W2104549677
published_in_journal:journal:S137773608->publication:W2919115771,published_in_journal,journal:S137773608,publication:W2919115771,S137773608,W2919115771
published_in_journal:journal:S137773608->publication:W2145339207,published_in_journal,journal:S137773608,publication:W2145339207,S137773608,W2145339207
published_in_journal:journal:S137773608->publication:W2259938310,published_in_journal,journal:S137773608,publication:W2259938310,S137773608,W2259938310
published_in_journal:journal:S137773608->publication:W2006318126,published_in_journal,journal:S137773608,publication:W2006318126,S137773608,W2006318126
published_in_journal:journal:S137773608->publication:W2125284466,published_in_journal,journal:S137773608,publication:W2125284466,S137773608,W2125284466
published_in_journal:journal:S137773608->publication:W2168909179,published_in_journal,journal:S137773608,publication:W2168909179,S137773608,W2168909179
published_in_journal:journal:S137773608->publication:W1949231392,published_in_journal,journal:S137773608,publication:W1949231392,S137773608,W1949231392
published_in_journal:journal:S137773608->publication:W2162348455,published_in_journal,journal:S137773608,publication:W2162348455,S137773608,W2162348455
published_in_journal:journal:S137773608->publication:W2097255042,published_in_journal,journal:S137773608,publication:W2097255042,S137773608,W2097255042
published_in_journal:journal:S137773608->publication:W2112090702,published_in_journal,journal:S137773608,publication:W2112090702,S137773608,W2112090702
published_in_journal:journal:S137773608->publication:W2746485780,published_in_journal,journal:S137773608,publication:W2746485780,S137773608,W2746485780
published_in_journal:journal:S137773608->publication:W2042602209,published_in_journal,journal:S137773608,publication:W2042602209,S137773608,W2042602209
published_in_journal:journal:S137773608->publication:W1980216394,published_in_journal,journal:S137773608,publication:W1980216394,S137773608,W1980216394
published_in_journal:journal:S137773608->publication:W2018858346,published_in_journal,journal:S137773608,publication:W2018858346,S137773608,W2018858346
published_in_journal:journal:S137773608->publication:W1498436455,published_in_journal,journal:S137773608,publication:W1498436455,S137773608,W1498436455
published_in_journal:journal:S137773608->publication:W11476871,published_in_journal,journal:S137773608,publication:W11476871,S137773608,W11476871
published_in_journal:journal:S137773608->publication:W2030522563,published_in_journal,journal:S137773608,publication:W2030522563,S137773608,W2030522563
published_in_journal:journal:S137773608->publication:W2042492216,published_in_journal,journal:S137773608,publication:W2042492216,S137773608,W2042492216
published_in_journal:journal:S137773608->publication:W2100837269,published_in_journal,journal:S137773608,publication:W2100837269,S137773608,W2100837269
published_in_journal:journal:S106963461->publication:W2963276645,published_in_journal,journal:S106963461,publication:W2963276645,S106963461,W2963276645
published_in_journal:journal:S106963461->publication:W2126419817,published_in_journal,journal:S106963461,publication:W2126419817,S106963461,W2126419817
published_in_journal:journal:S106963461->publication:W2021341670,published_in_journal,journal:S106963461,publication:W2021341670,S106963461,W2021341670
published_in_journal:journal:S106963461->publication:W2141458291,published_in_journal,journal:S106963461,publication:W2141458291,S106963461,W2141458291
published_in_journal:journal:S106963461->publication:W2080752012,published_in_journal,journal:S106963461,publication:W2080752012,S106963461,W2080752012
published_in_journal:journal:S137905309->publication:W2103017472,published_in_journal,journal:S137905309,publication:W2103017472,S137905309,W2103017472
published_in_journal:journal:S103895331->publication:W2053328406,published_in_journal,journal:S103895331,publication:W2053328406,S103895331,W2053328406
published_in_journal:journal:S103895331->publication:W2014935324,published_in_journal,journal:S103895331,publication:W2014935324,S103895331,W2014935324
published_in_journal:journal:S127827428->publication:W3003257820,published_in_journal,journal:S127827428,publication:W3003257820,S127827428,W3003257820
published_in_journal:journal:S127827428->publication:W2614081736,published_in_journal,journal:S127827428,publication:W2614081736,S127827428,W2614081736
published_in_journal:journal:S127827428->publication:W2401404581,published_in_journal,journal:S127827428,publication:W2401404581,S127827428,W2401404581
published_in_journal:journal:S127827428->publication:W2102278945,published_in_journal,journal:S127827428,publication:W2102278945,S127827428,W2102278945
published_in_journal:journal:S127827428->publication:W2088833470,published_in_journal,journal:S127827428,publication:W2088833470,S127827428,W2088833470
published_in_journal:journal:S127827428->publication:W2170551349,published_in_journal,journal:S127827428,publication:W2170551349,S127827428,W2170551349
published_in_journal:journal:S127827428->publication:W2167279371,published_in_journal,journal:S127827428,publication:W2167279371,S127827428,W2167279371
published_in_journal:journal:S127827428->publication:W1969042907,published_in_journal,journal:S127827428,publication:W1969042907,S127827428,W1969042907
published_in_journal:journal:S127827428->publication:W2099540110,published_in_journal,journal:S127827428,publication:W2099540110,S127827428,W2099540110
published_in_journal:journal:S127827428->publication:W2072970694,published_in_journal,journal:S127827428,publication:W2072970694,S127827428,W2072970694
published_in_journal:journal:S7822423->publication:W2115786064,published_in_journal,journal:S7822423,publication:W2115786064,S7822423,W2115786064
published_in_journal:journal:S109387254->publication:W2114570899,published_in_journal,journal:S109387254,publication:W2114570899,S109387254,W2114570899
published_in_journal:journal:S109387254->publication:W2158217645,published_in_journal,journal:S109387254,publication:W2158217645,S109387254,W2158217645
published_in_journal:journal:S168252155->publication:W2588681363,published_in_journal,journal:S168252155,publication:W2588681363,S168252155,W2588681363
published_in_journal:journal:S207023548->publication:W2136922672,published_in_journal,journal:S207023548,publication:W2136922672,S207023548,W2136922672
published_in_journal:journal:S207023548->publication:W2064675550,published_in_journal,journal:S207023548,publication:W2064675550,S207023548,W2064675550
published_in_journal:journal:S123019304->publication:W2076063813,published_in_journal,journal:S123019304,publication:W2076063813,S123019304,W2076063813
published_in_journal:journal:S123019304->publication:W2137983211,published_in_journal,journal:S123019304,publication:W2137983211,S123019304,W2137983211
published_in_journal:journal:S45693802->publication:W1981276685,published_in_journal,journal:S45693802,publication:W1981276685,S45693802,W1981276685
published_in_journal:journal:S103225281->publication:W2058046532,published_in_journal,journal:S103225281,publication:W2058046532,S103225281,W2058046532
published_in_journal:journal:S79704628->publication:W2156220037,published_in_journal,journal:S79704628,publication:W2156220037,S79704628,W2156220037
published_in_journal:journal:S86238769->publication:W249845531,published_in_journal,journal:S86238769,publication:W249845531,S86238769,W249845531
published_in_journal:journal:S165368631->publication:W2136022845,published_in_journal,journal:S165368631,publication:W2136022845,S165368631,W2136022845
published_in_journal:journal:S62468778->publication:W3001897055,published_in_journal,journal:S62468778,publication:W3001897055,S62468778,W3001897055
published_in_journal:journal:S62468778->publication:W3008827533,published_in_journal,journal:S62468778,publication:W3008827533,S62468778,W3008827533
published_in_journal:journal:S62468778->publication:W3003668884,published_in_journal,journal:S62468778,publication:W3003668884,S62468778,W3003668884
published_in_journal:journal:S62468778->publication:W2096287682,published_in_journal,journal:S62468778,publication:W2096287682,S62468778,W2096287682
published_in_journal:journal:S62468778->publication:W2158822657,published_in_journal,journal:S62468778,publication:W2158822657,S62468778,W2158822657
published_in_journal:journal:S62468778->publication:W2324841714,published_in_journal,journal:S62468778,publication:W2324841714,S62468778,W2324841714
published_in_journal:journal:S62468778->publication:W2769264260,published_in_journal,journal:S62468778,publication:W2769264260,S62468778,W2769264260
published_in_journal:journal:S145630073->publication:W2128158076,published_in_journal,journal:S145630073,publication:W2128158076,S145630073,W2128158076
published_in_journal:journal:S134668137->publication:W2900569176,published_in_journal,journal:S134668137,publication:W2900569176,S134668137,W2900569176
published_in_journal:journal:S134668137->publication:W2146512944,published_in_journal,journal:S134668137,publication:W2146512944,S134668137,W2146512944
published_in_journal:journal:S134668137->publication:W2034285706,published_in_journal,journal:S134668137,publication:W2034285706,S134668137,W2034285706
published_in_journal:journal:S134668137->publication:W2132926880,published_in_journal,journal:S134668137,publication:W2132926880,S134668137,W2132926880
published_in_journal:journal:S134668137->publication:W2127774996,published_in_journal,journal:S134668137,publication:W2127774996,S134668137,W2127774996
published_in_journal:journal:S134668137->publication:W2108244474,published_in_journal,journal:S134668137,publication:W2108244474,S134668137,W2108244474
published_in_journal:journal:S134668137->publication:W4294216483,published_in_journal,journal:S134668137,publication:W4294216483,S134668137,W4294216483
published_in_journal:journal:S134668137->publication:W2130479394,published_in_journal,journal:S134668137,publication:W2130479394,S134668137,W2130479394
published_in_journal:journal:S134668137->publication:W2159482845,published_in_journal,journal:S134668137,publication:W2159482845,S134668137,W2159482845
published_in_journal:journal:S134668137->publication:W2158714788,published_in_journal,journal:S134668137,publication:W2158714788,S134668137,W2158714788
published_in_journal:journal:S134668137->publication:W2097382368,published_in_journal,journal:S134668137,publication:W2097382368,S134668137,W2097382368
published_in_journal:journal:S134668137->publication:W2106882534,published_in_journal,journal:S134668137,publication:W2106882534,S134668137,W2106882534
published_in_journal:journal:S134668137->publication:W2118094114,published_in_journal,journal:S134668137,publication:W2118094114,S134668137,W2118094114
published_in_journal:journal:S193378857->publication:W1483247593,published_in_journal,journal:S193378857,publication:W1483247593,S193378857,W1483247593
published_in_journal:journal:S4210205683->publication:W2169528473,published_in_journal,journal:S4210205683,publication:W2169528473,S4210205683,W2169528473
published_in_journal:journal:S62565178->publication:W2122328334,published_in_journal,journal:S62565178,publication:W2122328334,S62565178,W2122328334
published_in_journal:journal:S57227388->publication:W2146691185,published_in_journal,journal:S57227388,publication:W2146691185,S57227388,W2146691185
published_in_journal:journal:S38078933->publication:W2398350456,published_in_journal,journal:S38078933,publication:W2398350456,S38078933,W2398350456
published_in_journal:journal:S116972989->publication:W2035618305,published_in_journal,journal:S116972989,publication:W2035618305,S116972989,W2035618305
published_in_journal:journal:S206124708->publication:W2132454116,published_in_journal,journal:S206124708,publication:W2132454116,S206124708,W2132454116
published_in_journal:journal:S206124708->publication:W2164284962,published_in_journal,journal:S206124708,publication:W2164284962,S206124708,W2164284962
published_in_journal:journal:S64744539->publication:W2099697766,published_in_journal,journal:S64744539,publication:W2099697766,S64744539,W2099697766
published_in_journal:journal:S4306463708->publication:W3196369884,published_in_journal,journal:S4306463708,publication:W3196369884,S4306463708,W3196369884
published_in_journal:journal:S22496335->publication:W2121393013,published_in_journal,journal:S22496335,publication:W2121393013,S22496335,W2121393013
published_in_journal:journal:S130519153->publication:W2183707334,published_in_journal,journal:S130519153,publication:W2183707334,S130519153,W2183707334
published_in_journal:journal:S39041608->publication:W1781458262,published_in_journal,journal:S39041608,publication:W1781458262,S39041608,W1781458262
published_in_journal:journal:S151820558->publication:W2158698691,published_in_journal,journal:S151820558,publication:W2158698691,S151820558,W2158698691
published_in_journal:journal:S4210199927->publication:W2101157755,published_in_journal,journal:S4210199927,publication:W2101157755,S4210199927,W2101157755
published_in_journal:journal:S203465302->publication:W2009667219,published_in_journal,journal:S203465302,publication:W2009667219,S203465302,W2009667219
published_in_journal:journal:S2764821508->publication:W2567289819,published_in_journal,journal:S2764821508,publication:W2567289819,S2764821508,W2567289819
published_in_journal:journal:S181332294->publication:W1988091937,published_in_journal,journal:S181332294,publication:W1988091937,S181332294,W1988091937
published_in_journal:journal:S54862371->publication:W2230728100,published_in_journal,journal:S54862371,publication:W2230728100,S54862371,W2230728100
published_in_journal:journal:S54862371->publication:W1986407511,published_in_journal,journal:S54862371,publication:W1986407511,S54862371,W1986407511
published_in_journal:journal:S24807848->publication:W1981368803,published_in_journal,journal:S24807848,publication:W1981368803,S24807848,W1981368803
published_in_journal:journal:S4210219937->publication:W2086957099,published_in_journal,journal:S4210219937,publication:W2086957099,S4210219937,W2086957099
published_in_journal:journal:S4210219937->publication:W1991794210,published_in_journal,journal:S4210219937,publication:W1991794210,S4210219937,W1991794210
published_in_journal:journal:S4210174675->publication:W1979544533,published_in_journal,journal:S4210174675,publication:W1979544533,S4210174675,W1979544533
published_in_journal:journal:S4210174675->publication:W2083222334,published_in_journal,journal:S4210174675,publication:W2083222334,S4210174675,W2083222334
published_in_journal:journal:S4210174675->publication:W2087698390,published_in_journal,journal:S4210174675,publication:W2087698390,S4210174675,W2087698390
published_in_journal:journal:S4210174675->publication:W1970127494,published_in_journal,journal:S4210174675,publication:W1970127494,S4210174675,W1970127494
published_in_journal:journal:S4210174675->publication:W2079105963,published_in_journal,journal:S4210174675,publication:W2079105963,S4210174675,W2079105963
published_in_journal:journal:S4210174675->publication:W1998866028,published_in_journal,journal:S4210174675,publication:W1998866028,S4210174675,W1998866028
published_in_journal:journal:S4210174675->publication:W2049079467,published_in_journal,journal:S4210174675,publication:W2049079467,S4210174675,W2049079467
published_in_journal:journal:S4210174675->publication:W3206606417,published_in_journal,journal:S4210174675,publication:W3206606417,S4210174675,W3206606417
published_in_journal:journal:S4210174675->publication:W2045596260,published_in_journal,journal:S4210174675,publication:W2045596260,S4210174675,W2045596260
published_in_journal:journal:S4210174675->publication:W2087585288,published_in_journal,journal:S4210174675,publication:W2087585288,S4210174675,W2087585288
published_in_journal:journal:S4210174675->publication:W2023271753,published_in_journal,journal:S4210174675,publication:W2023271753,S4210174675,W2023271753
published_in_journal:journal:S4210174675->publication:W2030687437,published_in_journal,journal:S4210174675,publication:W2030687437,S4210174675,W2030687437
published_in_journal:journal:S4210174675->publication:W2052637367,published_in_journal,journal:S4210174675,publication:W2052637367,S4210174675,W2052637367
published_in_journal:journal:S4210208989->publication:W2036113194,published_in_journal,journal:S4210208989,publication:W2036113194,S4210208989,W2036113194
published_in_journal:journal:S4210208989->publication:W2083926174,published_in_journal,journal:S4210208989,publication:W2083926174,S4210208989,W2083926174
published_in_journal:journal:S180907581->publication:W2753533763,published_in_journal,journal:S180907581,publication:W2753533763,S180907581,W2753533763
published_in_journal:journal:S185046733->publication:W2024556021,published_in_journal,journal:S185046733,publication:W2024556021,S185046733,W2024556021
published_in_journal:journal:S11781297->publication:W2028823348,published_in_journal,journal:S11781297,publication:W2028823348,S11781297,W2028823348
published_in_journal:journal:S42294715->publication:W1974907033,published_in_journal,journal:S42294715,publication:W1974907033,S42294715,W1974907033
published_in_journal:journal:S46033839->publication:W3038568908,published_in_journal,journal:S46033839,publication:W3038568908,S46033839,W3038568908
published_in_journal:journal:S197939330->publication:W4294215472,published_in_journal,journal:S197939330,publication:W4294215472,S197939330,W4294215472
published_in_journal:journal:S197939330->publication:W3022903699,published_in_journal,journal:S197939330,publication:W3022903699,S197939330,W3022903699
published_in_journal:journal:S197939330->publication:W2599076725,published_in_journal,journal:S197939330,publication:W2599076725,S197939330,W2599076725
published_in_journal:journal:S202381698->publication:W2056279562,published_in_journal,journal:S202381698,publication:W2056279562,S202381698,W2056279562
published_in_journal:journal:S202381698->publication:W2031611770,published_in_journal,journal:S202381698,publication:W2031611770,S202381698,W2031611770
published_in_journal:journal:S4306402433->publication:W3120106258,published_in_journal,journal:S4306402433,publication:W3120106258,S4306402433,W3120106258
published_in_journal:journal:S4306463805->publication:W3039083618,published_in_journal,journal:S4306463805,publication:W3039083618,S4306463805,W3039083618
published_in_journal:journal:S4306463805->publication:W2155648052,published_in_journal,journal:S4306463805,publication:W2155648052,S4306463805,W2155648052
published_in_journal:journal:S68686220->publication:W2112796928,published_in_journal,journal:S68686220,publication:W2112796928,S68686220,W2112796928
published_in_journal:journal:S68686220->publication:W2125838338,published_in_journal,journal:S68686220,publication:W2125838338,S68686220,W2125838338
published_in_journal:journal:S125754415->publication:W2130410032,published_in_journal,journal:S125754415,publication:W2130410032,S125754415,W2130410032
published_in_journal:journal:S125754415->publication:W1971421925,published_in_journal,journal:S125754415,publication:W1971421925,S125754415,W1971421925
published_in_journal:journal:S125754415->publication:W2150926065,published_in_journal,journal:S125754415,publication:W2150926065,S125754415,W2150926065
published_in_journal:journal:S125754415->publication:W2128084896,published_in_journal,journal:S125754415,publication:W2128084896,S125754415,W2128084896
published_in_journal:journal:S125754415->publication:W2101108802,published_in_journal,journal:S125754415,publication:W2101108802,S125754415,W2101108802
published_in_journal:journal:S125754415->publication:W2138270253,published_in_journal,journal:S125754415,publication:W2138270253,S125754415,W2138270253
published_in_journal:journal:S3006183880->publication:W2007221293,published_in_journal,journal:S3006183880,publication:W2007221293,S3006183880,W2007221293
published_in_journal:journal:S173499201->publication:W2112017750,published_in_journal,journal:S173499201,publication:W2112017750,S173499201,W2112017750
published_in_journal:journal:S84074229->publication:W2151487996,published_in_journal,journal:S84074229,publication:W2151487996,S84074229,W2151487996
published_in_journal:journal:S75627607->publication:W2081155210,published_in_journal,journal:S75627607,publication:W2081155210,S75627607,W2081155210
published_in_journal:journal:S75627607->publication:W2037557484,published_in_journal,journal:S75627607,publication:W2037557484,S75627607,W2037557484
published_in_journal:journal:S75627607->publication:W2018201949,published_in_journal,journal:S75627607,publication:W2018201949,S75627607,W2018201949
published_in_journal:journal:S75627607->publication:W2122912498,published_in_journal,journal:S75627607,publication:W2122912498,S75627607,W2122912498
published_in_journal:journal:S75627607->publication:W2055461003,published_in_journal,journal:S75627607,publication:W2055461003,S75627607,W2055461003
published_in_journal:journal:S75627607->publication:W2149608872,published_in_journal,journal:S75627607,publication:W2149608872,S75627607,W2149608872
published_in_journal:journal:S75627607->publication:W2141403362,published_in_journal,journal:S75627607,publication:W2141403362,S75627607,W2141403362
published_in_journal:journal:S75627607->publication:W2024509488,published_in_journal,journal:S75627607,publication:W2024509488,S75627607,W2024509488
published_in_journal:journal:S16647404->publication:W2122517769,published_in_journal,journal:S16647404,publication:W2122517769,S16647404,W2122517769
published_in_journal:journal:S35223124->publication:W1984314602,published_in_journal,journal:S35223124,publication:W1984314602,S35223124,W1984314602
published_in_journal:journal:S35223124->publication:W2097780989,published_in_journal,journal:S35223124,publication:W2097780989,S35223124,W2097780989
published_in_journal:journal:S35223124->publication:W4292808503,published_in_journal,journal:S35223124,publication:W4292808503,S35223124,W4292808503
published_in_journal:journal:S35223124->publication:W2134049139,published_in_journal,journal:S35223124,publication:W2134049139,S35223124,W2134049139
published_in_journal:journal:S35223124->publication:W2579555219,published_in_journal,journal:S35223124,publication:W2579555219,S35223124,W2579555219
published_in_journal:journal:S35223124->publication:W4292542163,published_in_journal,journal:S35223124,publication:W4292542163,S35223124,W4292542163
published_in_journal:journal:S4306463811->publication:W2159401492,published_in_journal,journal:S4306463811,publication:W2159401492,S4306463811,W2159401492
published_in_journal:journal:S186480540->publication:W2159306398,published_in_journal,journal:S186480540,publication:W2159306398,S186480540,W2159306398
published_in_journal:journal:S4306525036->publication:W2991792334,published_in_journal,journal:S4306525036,publication:W2991792334,S4306525036,W2991792334
published_in_journal:journal:S4306525036->publication:W1964184380,published_in_journal,journal:S4306525036,publication:W1964184380,S4306525036,W1964184380
published_in_journal:journal:S4306525036->publication:W2037377025,published_in_journal,journal:S4306525036,publication:W2037377025,S4306525036,W2037377025
published_in_journal:journal:S142816121->publication:W843007777,published_in_journal,journal:S142816121,publication:W843007777,S142816121,W843007777
published_in_journal:journal:S142816121->publication:W1980704616,published_in_journal,journal:S142816121,publication:W1980704616,S142816121,W1980704616
published_in_journal:journal:S32648145->publication:W2142225512,published_in_journal,journal:S32648145,publication:W2142225512,S32648145,W2142225512
published_in_journal:journal:S51001188->publication:W1979290264,published_in_journal,journal:S51001188,publication:W1979290264,S51001188,W1979290264
published_in_journal:journal:S2764513707->publication:W2950504429,published_in_journal,journal:S2764513707,publication:W2950504429,S2764513707,W2950504429
published_in_journal:journal:S70522100->publication:W3025949386,published_in_journal,journal:S70522100,publication:W3025949386,S70522100,W3025949386
published_in_journal:journal:S70522100->publication:W2121745948,published_in_journal,journal:S70522100,publication:W2121745948,S70522100,W2121745948
published_in_journal:journal:S50280174->publication:W2157825442,published_in_journal,journal:S50280174,publication:W2157825442,S50280174,W2157825442
published_in_journal:journal:S4306401271->publication:W2124758339,published_in_journal,journal:S4306401271,publication:W2124758339,S4306401271,W2124758339
published_in_journal:journal:S73260565->publication:W2102074887,published_in_journal,journal:S73260565,publication:W2102074887,S73260565,W2102074887
published_in_journal:journal:S73260565->publication:W2105685140,published_in_journal,journal:S73260565,publication:W2105685140,S73260565,W2105685140
published_in_journal:journal:S73260565->publication:W2124637492,published_in_journal,journal:S73260565,publication:W2124637492,S73260565,W2124637492
published_in_journal:journal:S2739018597->publication:W2021365718,published_in_journal,journal:S2739018597,publication:W2021365718,S2739018597,W2021365718
published_in_journal:journal:S115516397->publication:W2002664886,published_in_journal,journal:S115516397,publication:W2002664886,S115516397,W2002664886
published_in_journal:journal:S4306463867->publication:W1658908529,published_in_journal,journal:S4306463867,publication:W1658908529,S4306463867,W1658908529
published_in_journal:journal:S72071028->publication:W2121044470,published_in_journal,journal:S72071028,publication:W2121044470,S72071028,W2121044470
published_in_journal:journal:S117485531->publication:W2140606211,published_in_journal,journal:S117485531,publication:W2140606211,S117485531,W2140606211
published_in_journal:journal:S3880285->publication:W2012034410,published_in_journal,journal:S3880285,publication:W2012034410,S3880285,W2012034410
published_in_journal:journal:S3880285->publication:W2064815984,published_in_journal,journal:S3880285,publication:W2064815984,S3880285,W2064815984
published_in_journal:journal:S3880285->publication:W2141939342,published_in_journal,journal:S3880285,publication:W2141939342,S3880285,W2141939342
published_in_journal:journal:S3880285->publication:W2045435533,published_in_journal,journal:S3880285,publication:W2045435533,S3880285,W2045435533
published_in_journal:journal:S3880285->publication:W2097259163,published_in_journal,journal:S3880285,publication:W2097259163,S3880285,W2097259163
published_in_journal:journal:S3880285->publication:W2010971702,published_in_journal,journal:S3880285,publication:W2010971702,S3880285,W2010971702
published_in_journal:journal:S3880285->publication:W2100495367,published_in_journal,journal:S3880285,publication:W2100495367,S3880285,W2100495367
published_in_journal:journal:S3880285->publication:W2058122340,published_in_journal,journal:S3880285,publication:W2058122340,S3880285,W2058122340
published_in_journal:journal:S3880285->publication:W2008620264,published_in_journal,journal:S3880285,publication:W2008620264,S3880285,W2008620264
published_in_journal:journal:S3880285->publication:W2159999899,published_in_journal,journal:S3880285,publication:W2159999899,S3880285,W2159999899
published_in_journal:journal:S3880285->publication:W2086943348,published_in_journal,journal:S3880285,publication:W2086943348,S3880285,W2086943348
published_in_journal:journal:S3880285->publication:W2032118018,published_in_journal,journal:S3880285,publication:W2032118018,S3880285,W2032118018
published_in_journal:journal:S3880285->publication:W2024060531,published_in_journal,journal:S3880285,publication:W2024060531,S3880285,W2024060531
published_in_journal:journal:S3880285->publication:W2062663664,published_in_journal,journal:S3880285,publication:W2062663664,S3880285,W2062663664
published_in_journal:journal:S3880285->publication:W2096452841,published_in_journal,journal:S3880285,publication:W2096452841,S3880285,W2096452841
published_in_journal:journal:S3880285->publication:W4292157289,published_in_journal,journal:S3880285,publication:W4292157289,S3880285,W4292157289
published_in_journal:journal:S3880285->publication:W2226396244,published_in_journal,journal:S3880285,publication:W2226396244,S3880285,W2226396244
published_in_journal:journal:S2737427234->publication:W2737217596,published_in_journal,journal:S2737427234,publication:W2737217596,S2737427234,W2737217596
published_in_journal:journal:S155937366->publication:W2114843025,published_in_journal,journal:S155937366,publication:W2114843025,S155937366,W2114843025
published_in_journal:journal:S2607323502->publication:W2302501749,published_in_journal,journal:S2607323502,publication:W2302501749,S2607323502,W2302501749
published_in_journal:journal:S196734849->publication:W2580767461,published_in_journal,journal:S196734849,publication:W2580767461,S196734849,W2580767461
published_in_journal:journal:S196734849->publication:W2593436234,published_in_journal,journal:S196734849,publication:W2593436234,S196734849,W2593436234
published_in_journal:journal:S148561398->publication:W2150220236,published_in_journal,journal:S148561398,publication:W2150220236,S148561398,W2150220236
published_in_journal:journal:S160107561->publication:W2148606196,published_in_journal,journal:S160107561,publication:W2148606196,S160107561,W2148606196
published_in_journal:journal:S42921845->publication:W197066864,published_in_journal,journal:S42921845,publication:W197066864,S42921845,W197066864
published_in_journal:journal:S130611943->publication:W2329395632,published_in_journal,journal:S130611943,publication:W2329395632,S130611943,W2329395632
published_in_journal:journal:S26186134->publication:W2056944867,published_in_journal,journal:S26186134,publication:W2056944867,S26186134,W2056944867
published_in_journal:journal:S4306463922->publication:W3210839039,published_in_journal,journal:S4306463922,publication:W3210839039,S4306463922,W3210839039
published_in_journal:journal:S9536269->publication:W1992193527,published_in_journal,journal:S9536269,publication:W1992193527,S9536269,W1992193527
published_in_journal:journal:S2506067282->publication:W1031578623,published_in_journal,journal:S2506067282,publication:W1031578623,S2506067282,W1031578623
published_in_journal:journal:S90259781->publication:W2798643531,published_in_journal,journal:S90259781,publication:W2798643531,S90259781,W2798643531
published_in_journal:journal:S90259781->publication:W2091160252,published_in_journal,journal:S90259781,publication:W2091160252,S90259781,W2091160252
published_in_journal:journal:S59755854->publication:W2162604832,published_in_journal,journal:S59755854,publication:W2162604832,S59755854,W2162604832
published_in_journal:journal:S16296580->publication:W3121147769,published_in_journal,journal:S16296580,publication:W3121147769,S16296580,W3121147769
published_in_journal:journal:S5152312->publication:W4294214781,published_in_journal,journal:S5152312,publication:W4294214781,S5152312,W4294214781
published_in_journal:journal:S4210187552->publication:W2787894218,published_in_journal,journal:S4210187552,publication:W2787894218,S4210187552,W2787894218
published_in_journal:journal:S4210187552->publication:W1480376833,published_in_journal,journal:S4210187552,publication:W1480376833,S4210187552,W1480376833
published_in_journal:journal:S4210187552->publication:W2058815839,published_in_journal,journal:S4210187552,publication:W2058815839,S4210187552,W2058815839
published_in_journal:journal:S4210187552->publication:W1979300931,published_in_journal,journal:S4210187552,publication:W1979300931,S4210187552,W1979300931
published_in_journal:journal:S4210187552->publication:W1580788756,published_in_journal,journal:S4210187552,publication:W1580788756,S4210187552,W1580788756
published_in_journal:journal:S161743634->publication:W2337002970,published_in_journal,journal:S161743634,publication:W2337002970,S161743634,W2337002970
published_in_journal:journal:S4306463952->publication:W4300107936,published_in_journal,journal:S4306463952,publication:W4300107936,S4306463952,W4300107936
published_in_journal:journal:S4210187487->publication:W1513618424,published_in_journal,journal:S4210187487,publication:W1513618424,S4210187487,W1513618424
published_in_journal:journal:S12967704->publication:W2148534890,published_in_journal,journal:S12967704,publication:W2148534890,S12967704,W2148534890
published_in_journal:journal:S4210186945->publication:W1518897246,published_in_journal,journal:S4210186945,publication:W1518897246,S4210186945,W1518897246
published_in_journal:journal:S4210186945->publication:W1528905581,published_in_journal,journal:S4210186945,publication:W1528905581,S4210186945,W1528905581
published_in_journal:journal:S55189604->publication:W2126930838,published_in_journal,journal:S55189604,publication:W2126930838,S55189604,W2126930838
published_in_journal:journal:S102949365->publication:W2123709218,published_in_journal,journal:S102949365,publication:W2123709218,S102949365,W2123709218
published_in_journal:journal:S102949365->publication:W2140956556,published_in_journal,journal:S102949365,publication:W2140956556,S102949365,W2140956556
published_in_journal:journal:S78020522->publication:W2071666535,published_in_journal,journal:S78020522,publication:W2071666535,S78020522,W2071666535
published_in_journal:journal:S120411249->publication:W2543580944,published_in_journal,journal:S120411249,publication:W2543580944,S120411249,W2543580944
published_in_journal:journal:S65478581->publication:W2148698435,published_in_journal,journal:S65478581,publication:W2148698435,S65478581,W2148698435
published_in_journal:journal:S65478581->publication:W2111211467,published_in_journal,journal:S65478581,publication:W2111211467,S65478581,W2111211467
published_in_journal:journal:S65478581->publication:W2103546861,published_in_journal,journal:S65478581,publication:W2103546861,S65478581,W2103546861
published_in_journal:journal:S82452678->publication:W2560438049,published_in_journal,journal:S82452678,publication:W2560438049,S82452678,W2560438049
published_in_journal:journal:S82452678->publication:W2161374186,published_in_journal,journal:S82452678,publication:W2161374186,S82452678,W2161374186
published_in_journal:journal:S985303->publication:W2034562813,published_in_journal,journal:S985303,publication:W2034562813,S985303,W2034562813
published_in_journal:journal:S985303->publication:W2148603752,published_in_journal,journal:S985303,publication:W2148603752,S985303,W2148603752
published_in_journal:journal:S985303->publication:W4300870773,published_in_journal,journal:S985303,publication:W4300870773,S985303,W4300870773
published_in_journal:journal:S985303->publication:W4240402692,published_in_journal,journal:S985303,publication:W4240402692,S985303,W4240402692
published_in_journal:journal:S985303->publication:W2801179766,published_in_journal,journal:S985303,publication:W2801179766,S985303,W2801179766
published_in_journal:journal:S97631563->publication:W2317574555,published_in_journal,journal:S97631563,publication:W2317574555,S97631563,W2317574555
published_in_journal:journal:S134425043->publication:W2161633633,published_in_journal,journal:S134425043,publication:W2161633633,S134425043,W2161633633
published_in_journal:journal:S5762857->publication:W1965555277,published_in_journal,journal:S5762857,publication:W1965555277,S5762857,W1965555277
published_in_journal:journal:S119757635->publication:W1678356000,published_in_journal,journal:S119757635,publication:W1678356000,S119757635,W1678356000
published_in_journal:journal:S119757635->publication:W2117897510,published_in_journal,journal:S119757635,publication:W2117897510,S119757635,W2117897510
published_in_journal:journal:S100695177->publication:W2073832139,published_in_journal,journal:S100695177,publication:W2073832139,S100695177,W2073832139
published_in_journal:journal:S1980519->publication:W1853767801,published_in_journal,journal:S1980519,publication:W1853767801,S1980519,W1853767801
published_in_journal:journal:S44643521->publication:W2171074980,published_in_journal,journal:S44643521,publication:W2171074980,S44643521,W2171074980
published_in_journal:journal:S45992627->publication:W2137358449,published_in_journal,journal:S45992627,publication:W2137358449,S45992627,W2137358449
published_in_journal:journal:S130337233->publication:W2128529067,published_in_journal,journal:S130337233,publication:W2128529067,S130337233,W2128529067
published_in_journal:journal:S96410829->publication:W2127911529,published_in_journal,journal:S96410829,publication:W2127911529,S96410829,W2127911529
published_in_journal:journal:S77047749->publication:W2092157292,published_in_journal,journal:S77047749,publication:W2092157292,S77047749,W2092157292
published_in_journal:journal:S77047749->publication:W2057477511,published_in_journal,journal:S77047749,publication:W2057477511,S77047749,W2057477511
published_in_journal:journal:S77047749->publication:W2085093563,published_in_journal,journal:S77047749,publication:W2085093563,S77047749,W2085093563
published_in_journal:journal:S77047749->publication:W2122427541,published_in_journal,journal:S77047749,publication:W2122427541,S77047749,W2122427541
published_in_journal:journal:S77047749->publication:W2008423326,published_in_journal,journal:S77047749,publication:W2008423326,S77047749,W2008423326
published_in_journal:journal:S77047749->publication:W2035687084,published_in_journal,journal:S77047749,publication:W2035687084,S77047749,W2035687084
published_in_journal:journal:S77047749->publication:W1982356449,published_in_journal,journal:S77047749,publication:W1982356449,S77047749,W1982356449
published_in_journal:journal:S77047749->publication:W2143981217,published_in_journal,journal:S77047749,publication:W2143981217,S77047749,W2143981217
published_in_journal:journal:S77047749->publication:W2067174909,published_in_journal,journal:S77047749,publication:W2067174909,S77047749,W2067174909
published_in_journal:journal:S77047749->publication:W2069006374,published_in_journal,journal:S77047749,publication:W2069006374,S77047749,W2069006374
published_in_journal:journal:S77047749->publication:W2017196167,published_in_journal,journal:S77047749,publication:W2017196167,S77047749,W2017196167
published_in_journal:journal:S77047749->publication:W2035266068,published_in_journal,journal:S77047749,publication:W2035266068,S77047749,W2035266068
published_in_journal:journal:S77047749->publication:W1976499671,published_in_journal,journal:S77047749,publication:W1976499671,S77047749,W1976499671
published_in_journal:journal:S77047749->publication:W1971275758,published_in_journal,journal:S77047749,publication:W1971275758,S77047749,W1971275758
published_in_journal:journal:S77047749->publication:W2046412723,published_in_journal,journal:S77047749,publication:W2046412723,S77047749,W2046412723
published_in_journal:journal:S77047749->publication:W2056760934,published_in_journal,journal:S77047749,publication:W2056760934,S77047749,W2056760934
published_in_journal:journal:S17992710->publication:W3171418018,published_in_journal,journal:S17992710,publication:W3171418018,S17992710,W3171418018
published_in_journal:journal:S5353659->publication:W3121693921,published_in_journal,journal:S5353659,publication:W3121693921,S5353659,W3121693921
published_in_journal:journal:S5353659->publication:W2136120210,published_in_journal,journal:S5353659,publication:W2136120210,S5353659,W2136120210
published_in_journal:journal:S5353659->publication:W2131773668,published_in_journal,journal:S5353659,publication:W2131773668,S5353659,W2131773668
published_in_journal:journal:S5353659->publication:W2029056003,published_in_journal,journal:S5353659,publication:W2029056003,S5353659,W2029056003
published_in_journal:journal:S181027741->publication:W2056879345,published_in_journal,journal:S181027741,publication:W2056879345,S181027741,W2056879345
published_in_journal:journal:S998097505->publication:W3122859634,published_in_journal,journal:S998097505,publication:W3122859634,S998097505,W3122859634
published_in_journal:journal:S42468459->publication:W1988050849,published_in_journal,journal:S42468459,publication:W1988050849,S42468459,W1988050849
published_in_journal:journal:S13566964->publication:W2006479099,published_in_journal,journal:S13566964,publication:W2006479099,S13566964,W2006479099
published_in_journal:journal:S4210214273->publication:W2990427812,published_in_journal,journal:S4210214273,publication:W2990427812,S4210214273,W2990427812
published_in_journal:journal:S24459064->publication:W2148284063,published_in_journal,journal:S24459064,publication:W2148284063,S24459064,W2148284063
published_in_journal:journal:S24459064->publication:W2030841140,published_in_journal,journal:S24459064,publication:W2030841140,S24459064,W2030841140
published_in_journal:journal:S185621672->publication:W2011215428,published_in_journal,journal:S185621672,publication:W2011215428,S185621672,W2011215428
published_in_journal:journal:S2090548->publication:W1985940938,published_in_journal,journal:S2090548,publication:W1985940938,S2090548,W1985940938
published_in_journal:journal:S969433497->publication:W2164059021,published_in_journal,journal:S969433497,publication:W2164059021,S969433497,W2164059021
published_in_journal:journal:S49861241->publication:W3009885589,published_in_journal,journal:S49861241,publication:W3009885589,S49861241,W3009885589
published_in_journal:journal:S49861241->publication:W3001118548,published_in_journal,journal:S49861241,publication:W3001118548,S49861241,W3001118548
published_in_journal:journal:S49861241->publication:W3002108456,published_in_journal,journal:S49861241,publication:W3002108456,S49861241,W3002108456
published_in_journal:journal:S49861241->publication:W3092849554,published_in_journal,journal:S49861241,publication:W3092849554,S49861241,W3092849554
published_in_journal:journal:S49861241->publication:W3006659024,published_in_journal,journal:S49861241,publication:W3006659024,S49861241,W3006659024
published_in_journal:journal:S49861241->publication:W2275737843,published_in_journal,journal:S49861241,publication:W2275737843,S49861241,W2275737843
published_in_journal:journal:S49861241->publication:W2337454357,published_in_journal,journal:S49861241,publication:W2337454357,S49861241,W2337454357
published_in_journal:journal:S49861241->publication:W2015795623,published_in_journal,journal:S49861241,publication:W2015795623,S49861241,W2015795623
published_in_journal:journal:S49861241->publication:W2465692541,published_in_journal,journal:S49861241,publication:W2465692541,S49861241,W2465692541
published_in_journal:journal:S4306463997->publication:W2990138404,published_in_journal,journal:S4306463997,publication:W2990138404,S4306463997,W2990138404
published_in_journal:journal:S4306463997->publication:W1497256448,published_in_journal,journal:S4306463997,publication:W1497256448,S4306463997,W1497256448
published_in_journal:journal:S67862205->publication:W2116122104,published_in_journal,journal:S67862205,publication:W2116122104,S67862205,W2116122104
published_in_journal:journal:S2764583119->publication:W2100826189,published_in_journal,journal:S2764583119,publication:W2100826189,S2764583119,W2100826189
published_in_journal:journal:S203860005->publication:W2156109180,published_in_journal,journal:S203860005,publication:W2156109180,S203860005,W2156109180
published_in_journal:journal:S203860005->publication:W2070631858,published_in_journal,journal:S203860005,publication:W2070631858,S203860005,W2070631858
published_in_journal:journal:S88935262->publication:W2025610165,published_in_journal,journal:S88935262,publication:W2025610165,S88935262,W2025610165
published_in_journal:journal:S81945236->publication:W2150697053,published_in_journal,journal:S81945236,publication:W2150697053,S81945236,W2150697053
published_in_journal:journal:S81945236->publication:W2094642658,published_in_journal,journal:S81945236,publication:W2094642658,S81945236,W2094642658
published_in_journal:journal:S27569427->publication:W2145150141,published_in_journal,journal:S27569427,publication:W2145150141,S27569427,W2145150141
published_in_journal:journal:S4306402624->publication:W3099878876,published_in_journal,journal:S4306402624,publication:W3099878876,S4306402624,W3099878876
published_in_journal:journal:S4306400792->publication:W2939474406,published_in_journal,journal:S4306400792,publication:W2939474406,S4306400792,W2939474406
published_in_journal:journal:S4210197309->publication:W4254687493,published_in_journal,journal:S4210197309,publication:W4254687493,S4210197309,W4254687493
published_in_journal:journal:S52566953->publication:W244186264,published_in_journal,journal:S52566953,publication:W244186264,S52566953,W244186264
published_in_journal:journal:S4210188905->publication:W2150290224,published_in_journal,journal:S4210188905,publication:W2150290224,S4210188905,W2150290224
published_in_journal:journal:S4210188905->publication:W2118502261,published_in_journal,journal:S4210188905,publication:W2118502261,S4210188905,W2118502261
published_in_journal:journal:S4306400562->publication:W1689771227,published_in_journal,journal:S4306400562,publication:W1689771227,S4306400562,W1689771227
published_in_journal:journal:name:без журнала->publication:W2787959293,published_in_journal,journal:name:без журнала,publication:W2787959293,name:без журнала,W2787959293
published_in_journal:journal:name:без журнала->publication:W1803273808,published_in_journal,journal:name:без журнала,publication:W1803273808,name:без журнала,W1803273808
published_in_journal:journal:name:machine learning under malware attack->publication:W4320013936,published_in_journal,journal:name:machine learning under malware attack,publication:W4320013936,name:machine learning under malware attack,W4320013936
published_in_journal:journal:name:social theory re-wired->publication:W4367314869,published_in_journal,journal:name:social theory re-wired,publication:W4367314869,name:social theory re-wired,W4367314869
published_in_journal:journal:name:proceedings of the 2019 conference of the north->publication:W2963341956,published_in_journal,journal:name:proceedings of the 2019 conference of the north,publication:W2963341956,name:proceedings of the 2019 conference of the north,W2963341956
published_in_journal:journal:name:an integrated approach to communication theory and research->publication:W1990513740,published_in_journal,journal:name:an integrated approach to communication theory and research,publication:W1990513740,name:an integrated approach to communication theory and research,W1990513740
published_in_journal:journal:name:без журнала->publication:W2129905273,published_in_journal,journal:name:без журнала,publication:W2129905273,name:без журнала,W2129905273
published_in_journal:journal:name:food and culture->publication:W1533200881,published_in_journal,journal:name:food and culture,publication:W1533200881,name:food and culture,W1533200881
published_in_journal:journal:name:2018 ieee/cvf conference on computer vision and pattern recognition->publication:W2963163009,published_in_journal,journal:name:2018 ieee/cvf conference on computer vision and pattern recognition,publication:W2963163009,name:2018 ieee/cvf conference on computer vision and pattern recognition,W2963163009
published_in_journal:journal:name:без журнала->publication:W2124192278,published_in_journal,journal:name:без журнала,publication:W2124192278,name:без журнала,W2124192278
published_in_journal:journal:name:2018 ieee/cvf conference on computer vision and pattern recognition->publication:W2752782242,published_in_journal,journal:name:2018 ieee/cvf conference on computer vision and pattern recognition,publication:W2752782242,name:2018 ieee/cvf conference on computer vision and pattern recognition,W2752782242
published_in_journal:journal:name:a new era in global health->publication:W2412247133,published_in_journal,journal:name:a new era in global health,publication:W2412247133,name:a new era in global health,W2412247133
published_in_journal:journal:name:без журнала->publication:W2041902442,published_in_journal,journal:name:без журнала,publication:W2041902442,name:без журнала,W2041902442
published_in_journal:journal:name:2017 ieee conference on computer vision and pattern recognition (cvpr)->publication:W2963446712,published_in_journal,journal:name:2017 ieee conference on computer vision and pattern recognition (cvpr),publication:W2963446712,name:2017 ieee conference on computer vision and pattern recognition (cvpr),W2963446712
published_in_journal:journal:name:без журнала->publication:W2249595199,published_in_journal,journal:name:без журнала,publication:W2249595199,name:без журнала,W2249595199
published_in_journal:journal:name:2017 ieee conference on computer vision and pattern recognition (cvpr)->publication:W2565639579,published_in_journal,journal:name:2017 ieee conference on computer vision and pattern recognition (cvpr),publication:W2565639579,name:2017 ieee conference on computer vision and pattern recognition (cvpr),W2565639579
published_in_journal:journal:name:2017 ieee international conference on computer vision (iccv)->publication:W2963351448,published_in_journal,journal:name:2017 ieee international conference on computer vision (iccv),publication:W2963351448,name:2017 ieee international conference on computer vision (iccv),W2963351448
published_in_journal:journal:name:2017 ieee international conference on computer vision (iccv)->publication:W2962858109,published_in_journal,journal:name:2017 ieee international conference on computer vision (iccv),publication:W2962858109,name:2017 ieee international conference on computer vision (iccv),W2962858109
published_in_journal:journal:name:2017 ieee international conference on computer vision (iccv)->publication:W2963150697,published_in_journal,journal:name:2017 ieee international conference on computer vision (iccv),publication:W2963150697,name:2017 ieee international conference on computer vision (iccv),W2963150697
published_in_journal:journal:name:без журнала->publication:W2971035958,published_in_journal,journal:name:без журнала,publication:W2971035958,name:без журнала,W2971035958
published_in_journal:journal:name:без журнала->publication:W1515587369,published_in_journal,journal:name:без журнала,publication:W1515587369,name:без журнала,W1515587369
published_in_journal:journal:name:2017 ieee international conference on computer vision (iccv)->publication:W2962793481,published_in_journal,journal:name:2017 ieee international conference on computer vision (iccv),publication:W2962793481,name:2017 ieee international conference on computer vision (iccv),W2962793481
published_in_journal:journal:name:2017 ieee conference on computer vision and pattern recognition (cvpr)->publication:W2531409750,published_in_journal,journal:name:2017 ieee conference on computer vision and pattern recognition (cvpr),publication:W2531409750,name:2017 ieee conference on computer vision and pattern recognition (cvpr),W2531409750
published_in_journal:journal:name:2017 ieee conference on computer vision and pattern recognition (cvpr)->publication:W2570343428,published_in_journal,journal:name:2017 ieee conference on computer vision and pattern recognition (cvpr),publication:W2570343428,name:2017 ieee conference on computer vision and pattern recognition (cvpr),W2570343428
published_in_journal:journal:name:без журнала->publication:W2502134830,published_in_journal,journal:name:без журнала,publication:W2502134830,name:без журнала,W2502134830
published_in_journal:journal:name:2016 ieee conference on computer vision and pattern recognition (cvpr)->publication:W2194775991,published_in_journal,journal:name:2016 ieee conference on computer vision and pattern recognition (cvpr),publication:W2194775991,name:2016 ieee conference on computer vision and pattern recognition (cvpr),W2194775991
published_in_journal:journal:name:2016 ieee conference on computer vision and pattern recognition (cvpr)->publication:W2183341477,published_in_journal,journal:name:2016 ieee conference on computer vision and pattern recognition (cvpr),publication:W2183341477,name:2016 ieee conference on computer vision and pattern recognition (cvpr),W2183341477
published_in_journal:journal:name:http://www.cs.unc.edu/%7ewliu/papers/ssd.pdf->publication:W3106250896,published_in_journal,journal:name:http://www.cs.unc.edu/%7ewliu/papers/ssd.pdf,publication:W3106250896,name:http://www.cs.unc.edu/%7ewliu/papers/ssd.pdf,W3106250896
published_in_journal:journal:name:proceedings of the 22nd acm sigkdd international conference on knowledge discovery and data mining->publication:W2295598076,published_in_journal,journal:name:proceedings of the 22nd acm sigkdd international conference on knowledge discovery and data mining,publication:W2295598076,name:proceedings of the 22nd acm sigkdd international conference on knowledge discovery and data mining,W2295598076
published_in_journal:journal:name:2015 ieee international conference on computer vision (iccv)->publication:W1677182931,published_in_journal,journal:name:2015 ieee international conference on computer vision (iccv),publication:W1677182931,name:2015 ieee international conference on computer vision (iccv),W1677182931
published_in_journal:journal:name:2015 ieee international conference on computer vision (iccv)->publication:W1536680647,published_in_journal,journal:name:2015 ieee international conference on computer vision (iccv),publication:W1536680647,name:2015 ieee international conference on computer vision (iccv),W1536680647
published_in_journal:journal:name:2015 ieee conference on computer vision and pattern recognition (cvpr)->publication:W1903029394,published_in_journal,journal:name:2015 ieee conference on computer vision and pattern recognition (cvpr),publication:W1903029394,name:2015 ieee conference on computer vision and pattern recognition (cvpr),W1903029394
published_in_journal:journal:name:2015 ieee conference on computer vision and pattern recognition (cvpr)->publication:W2097117768,published_in_journal,journal:name:2015 ieee conference on computer vision and pattern recognition (cvpr),publication:W2097117768,name:2015 ieee conference on computer vision and pattern recognition (cvpr),W2097117768
published_in_journal:journal:name:без журнала->publication:W2132905138,published_in_journal,journal:name:без журнала,publication:W2132905138,name:без журнала,W2132905138
published_in_journal:journal:name:http://www.cs.toronto.edu/%7ersalakhu/papers/srivastava14a.pdf->publication:W2095705004,published_in_journal,journal:name:http://www.cs.toronto.edu/%7ersalakhu/papers/srivastava14a.pdf,publication:W2095705004,name:http://www.cs.toronto.edu/%7ersalakhu/papers/srivastava14a.pdf,W2095705004
published_in_journal:journal:name:proceedings of the 2014 conference on empirical methods in natural language processing (emnlp)->publication:W2250539671,published_in_journal,journal:name:proceedings of the 2014 conference on empirical methods in natural language processing (emnlp),publication:W2250539671,name:proceedings of the 2014 conference on empirical methods in natural language processing (emnlp),W2250539671
published_in_journal:journal:name:proceedings of the 2014 conference on empirical methods in natural language processing (emnlp)->publication:W2157331557,published_in_journal,journal:name:proceedings of the 2014 conference on empirical methods in natural language processing (emnlp),publication:W2157331557,name:proceedings of the 2014 conference on empirical methods in natural language processing (emnlp),W2157331557
published_in_journal:journal:name:без журнала->publication:W377384883,published_in_journal,journal:name:без журнала,publication:W377384883,name:без журнала,W377384883
published_in_journal:journal:name:2014 ieee conference on computer vision and pattern recognition->publication:W2102605133,published_in_journal,journal:name:2014 ieee conference on computer vision and pattern recognition,publication:W2102605133,name:2014 ieee conference on computer vision and pattern recognition,W2102605133
published_in_journal:journal:name:без журнала->publication:W1849190772,published_in_journal,journal:name:без журнала,publication:W1849190772,name:без журнала,W1849190772
published_in_journal:journal:name:без журнала->publication:W4299627282,published_in_journal,journal:name:без журнала,publication:W4299627282,name:без журнала,W4299627282
published_in_journal:journal:name:encyclopedia of behavioral medicine->publication:W1530155851,published_in_journal,journal:name:encyclopedia of behavioral medicine,publication:W1530155851,name:encyclopedia of behavioral medicine,W1530155851
published_in_journal:journal:name:http://www-stat.stanford.edu/~hastie/papers/eslii.pdf->publication:W1554944419,published_in_journal,journal:name:http://www-stat.stanford.edu/~hastie/papers/eslii.pdf,publication:W1554944419,name:http://www-stat.stanford.edu/~hastie/papers/eslii.pdf,W1554944419
published_in_journal:journal:name:encyclopedia of the sciences of learning->publication:W2799061466,published_in_journal,journal:name:encyclopedia of the sciences of learning,publication:W2799061466,name:encyclopedia of the sciences of learning,W2799061466
published_in_journal:journal:name:rugman reviews->publication:W1535803599,published_in_journal,journal:name:rugman reviews,publication:W1535803599,name:rugman reviews,W1535803599
published_in_journal:journal:name:без журнала->publication:W1587026990,published_in_journal,journal:name:без журнала,publication:W1587026990,name:без журнала,W1587026990
published_in_journal:journal:name:без журнала->publication:W1516534262,published_in_journal,journal:name:без журнала,publication:W1516534262,name:без журнала,W1516534262
published_in_journal:journal:name:без журнала->publication:W1598602811,published_in_journal,journal:name:без журнала,publication:W1598602811,name:без журнала,W1598602811
published_in_journal:journal:name:biostatistics and microbiology: a survival manual->publication:W3144127399,published_in_journal,journal:name:biostatistics and microbiology: a survival manual,publication:W3144127399,name:biostatistics and microbiology: a survival manual,W3144127399
published_in_journal:journal:name:без журнала->publication:W273955616,published_in_journal,journal:name:без журнала,publication:W273955616,name:без журнала,W273955616
published_in_journal:journal:name:без журнала->publication:W1520428197,published_in_journal,journal:name:без журнала,publication:W1520428197,name:без журнала,W1520428197
published_in_journal:journal:name:electronics: a first course->publication:W2798333393,published_in_journal,journal:name:electronics: a first course,publication:W2798333393,name:electronics: a first course,W2798333393
published_in_journal:journal:name:без журнала->publication:W1542932561,published_in_journal,journal:name:без журнала,publication:W1542932561,name:без журнала,W1542932561
published_in_journal:journal:name:без журнала->publication:W1605824561,published_in_journal,journal:name:без журнала,publication:W1605824561,name:без журнала,W1605824561
published_in_journal:journal:name:без журнала->publication:W2491458126,published_in_journal,journal:name:без журнала,publication:W2491458126,name:без журнала,W2491458126
published_in_journal:journal:name:2005 ieee computer society conference on computer vision and pattern recognition (cvpr'05)->publication:W2161969291,published_in_journal,journal:name:2005 ieee computer society conference on computer vision and pattern recognition (cvpr'05),publication:W2161969291,name:2005 ieee computer society conference on computer vision and pattern recognition (cvpr'05),W2161969291
published_in_journal:journal:name:без журнала->publication:W3145128584,published_in_journal,journal:name:без журнала,publication:W3145128584,name:без журнала,W3145128584
published_in_journal:journal:name:без журнала->publication:W1665332082,published_in_journal,journal:name:без журнала,publication:W1665332082,name:без журнала,W1665332082
published_in_journal:journal:name:proceedings of the 2001 ieee computer society conference on computer vision and pattern recognition. cvpr 2001->publication:W2164598857,published_in_journal,journal:name:proceedings of the 2001 ieee computer society conference on computer vision and pattern recognition. cvpr 2001,publication:W2164598857,name:proceedings of the 2001 ieee computer society conference on computer vision and pattern recognition. cvpr 2001,W2164598857
published_in_journal:journal:name:без журнала->publication:W2296616510,published_in_journal,journal:name:без журнала,publication:W2296616510,name:без журнала,W2296616510
published_in_journal:journal:name:без журнала->publication:W2052417512,published_in_journal,journal:name:без журнала,publication:W2052417512,name:без журнала,W2052417512
published_in_journal:journal:name:без журнала->publication:W2904250082,published_in_journal,journal:name:без журнала,publication:W2904250082,name:без журнала,W2904250082
published_in_journal:journal:name:proceedings of icnn'95 - international conference on neural networks->publication:W2152195021,published_in_journal,journal:name:proceedings of icnn'95 - international conference on neural networks,publication:W2152195021,name:proceedings of icnn'95 - international conference on neural networks,W2152195021
published_in_journal:journal:name:без журнала->publication:W2145417574,published_in_journal,journal:name:без журнала,publication:W2145417574,name:без журнала,W2145417574
published_in_journal:journal:name:proceedings of the 40th annual meeting on association for computational linguistics  - acl '02->publication:W2101105183,published_in_journal,journal:name:proceedings of the 40th annual meeting on association for computational linguistics  - acl '02,publication:W2101105183,name:proceedings of the 40th annual meeting on association for computational linguistics  - acl '02,W2101105183
published_in_journal:journal:name:без журнала->publication:W1539265701,published_in_journal,journal:name:без журнала,publication:W1539265701,name:без журнала,W1539265701
published_in_journal:journal:name:без журнала->publication:W2099111195,published_in_journal,journal:name:без журнала,publication:W2099111195,name:без журнала,W2099111195
published_in_journal:journal:name:без журнала->publication:W4299689471,published_in_journal,journal:name:без журнала,publication:W4299689471,name:без журнала,W4299689471
published_in_journal:journal:name:без журнала->publication:W1607071030,published_in_journal,journal:name:без журнала,publication:W1607071030,name:без журнала,W1607071030
published_in_journal:journal:name:без журнала->publication:W1505626160,published_in_journal,journal:name:без журнала,publication:W1505626160,name:без журнала,W1505626160
published_in_journal:journal:name:без журнала->publication:W2036149274,published_in_journal,journal:name:без журнала,publication:W2036149274,name:без журнала,W2036149274
published_in_journal:journal:name:без журнала->publication:W1780382453,published_in_journal,journal:name:без журнала,publication:W1780382453,name:без журнала,W1780382453
published_in_journal:journal:name:proceedings of the seventh ieee international conference on computer vision->publication:W2124386111,published_in_journal,journal:name:proceedings of the seventh ieee international conference on computer vision,publication:W2124386111,name:proceedings of the seventh ieee international conference on computer vision,W2124386111
published_in_journal:journal:name:без журнала->publication:W2129995310,published_in_journal,journal:name:без журнала,publication:W2129995310,name:без журнала,W2129995310
published_in_journal:journal:name:без журнала->publication:W1672766972,published_in_journal,journal:name:без журнала,publication:W1672766972,name:без журнала,W1672766972
published_in_journal:journal:name:без журнала->publication:W1487923163,published_in_journal,journal:name:без журнала,publication:W1487923163,name:без журнала,W1487923163
published_in_journal:journal:name:без журнала->publication:W2124776405,published_in_journal,journal:name:без журнала,publication:W2124776405,name:без журнала,W2124776405
published_in_journal:journal:name:без журнала->publication:W2028954902,published_in_journal,journal:name:без журнала,publication:W2028954902,name:без журнала,W2028954902
published_in_journal:journal:name:http://www2.cs.uh.edu/~ceick/7363/papers/dbscan.pdf->publication:W1673310716,published_in_journal,journal:name:http://www2.cs.uh.edu/~ceick/7363/papers/dbscan.pdf,publication:W1673310716,name:http://www2.cs.uh.edu/~ceick/7363/papers/dbscan.pdf,W1673310716
published_in_journal:journal:name:без журнала->publication:W2912565176,published_in_journal,journal:name:без журнала,publication:W2912565176,name:без журнала,W2912565176
published_in_journal:journal:name:без журнала->publication:W4388147587,published_in_journal,journal:name:без журнала,publication:W4388147587,name:без журнала,W4388147587
published_in_journal:journal:name:без журнала->publication:W2156909104,published_in_journal,journal:name:без журнала,publication:W2156909104,name:без журнала,W2156909104
published_in_journal:journal:name:без журнала->publication:W1995945562,published_in_journal,journal:name:без журнала,publication:W1995945562,name:без журнала,W1995945562
published_in_journal:journal:name:без журнала->publication:W1649645444,published_in_journal,journal:name:без журнала,publication:W1649645444,name:без журнала,W1649645444
published_in_journal:journal:name:без журнала->publication:W1763243278,published_in_journal,journal:name:без журнала,publication:W1763243278,name:без журнала,W1763243278
published_in_journal:journal:name:без журнала->publication:W1714723801,published_in_journal,journal:name:без журнала,publication:W1714723801,name:без журнала,W1714723801
published_in_journal:journal:name:без журнала->publication:W2061901927,published_in_journal,journal:name:без журнала,publication:W2061901927,name:без журнала,W2061901927
published_in_journal:journal:name:без журнала->publication:W3106889297,published_in_journal,journal:name:без журнала,publication:W3106889297,name:без журнала,W3106889297
published_in_journal:journal:name:без журнала->publication:W2125055259,published_in_journal,journal:name:без журнала,publication:W2125055259,name:без журнала,W2125055259
published_in_journal:journal:name:без журнала->publication:W3214833809,published_in_journal,journal:name:без журнала,publication:W3214833809,name:без журнала,W3214833809
published_in_journal:journal:name:без журнала->publication:W4301861531,published_in_journal,journal:name:без журнала,publication:W4301861531,name:без журнала,W4301861531
published_in_journal:journal:name:без журнала->publication:W2144634347,published_in_journal,journal:name:без журнала,publication:W2144634347,name:без журнала,W2144634347
published_in_journal:journal:name:без журнала->publication:W4298091299,published_in_journal,journal:name:без журнала,publication:W4298091299,name:без журнала,W4298091299
published_in_journal:journal:name:без журнала->publication:W1639032689,published_in_journal,journal:name:без журнала,publication:W1639032689,name:без журнала,W1639032689
published_in_journal:journal:name:без журнала->publication:W2159080219,published_in_journal,journal:name:без журнала,publication:W2159080219,name:без журнала,W2159080219
published_in_journal:journal:name:без журнала->publication:W1965324089,published_in_journal,journal:name:без журнала,publication:W1965324089,name:без журнала,W1965324089
published_in_journal:journal:name:без журнала->publication:W1536690700,published_in_journal,journal:name:без журнала,publication:W1536690700,name:без журнала,W1536690700
published_in_journal:journal:name:action control->publication:W1517229207,published_in_journal,journal:name:action control,publication:W1517229207,name:action control,W1517229207
published_in_journal:journal:name:без журнала->publication:W2052729098,published_in_journal,journal:name:без журнала,publication:W2052729098,name:без журнала,W2052729098
published_in_journal:journal:name:без журнала->publication:W2610857016,published_in_journal,journal:name:без журнала,publication:W2610857016,name:без журнала,W2610857016
published_in_journal:journal:name:без журнала->publication:W1527311855,published_in_journal,journal:name:без журнала,publication:W1527311855,name:без журнала,W1527311855
published_in_journal:journal:name:без журнала->publication:W1515810707,published_in_journal,journal:name:без журнала,publication:W1515810707,name:без журнала,W1515810707
published_in_journal:journal:name:без журнала->publication:W2170644967,published_in_journal,journal:name:без журнала,publication:W2170644967,name:без журнала,W2170644967
published_in_journal:journal:name:без журнала->publication:W1484864026,published_in_journal,journal:name:без журнала,publication:W1484864026,name:без журнала,W1484864026
published_in_journal:journal:name:без журнала->publication:W2113076747,published_in_journal,journal:name:без журнала,publication:W2113076747,name:без журнала,W2113076747
published_in_journal:journal:name:без журнала->publication:W1855283887,published_in_journal,journal:name:без журнала,publication:W1855283887,name:без журнала,W1855283887
published_in_journal:journal:name:без журнала->publication:W1989157562,published_in_journal,journal:name:без журнала,publication:W1989157562,name:без журнала,W1989157562
published_in_journal:journal:name:без журнала->publication:W1597750586,published_in_journal,journal:name:без журнала,publication:W1597750586,name:без журнала,W1597750586
published_in_journal:journal:name:без журнала->publication:W115394847,published_in_journal,journal:name:без журнала,publication:W115394847,name:без журнала,W115394847
published_in_journal:journal:name:без журнала->publication:W1491644571,published_in_journal,journal:name:без журнала,publication:W1491644571,name:без журнала,W1491644571
published_in_journal:journal:name:без журнала->publication:W2011039300,published_in_journal,journal:name:без журнала,publication:W2011039300,name:без журнала,W2011039300
published_in_journal:journal:name:без журнала->publication:W2046002177,published_in_journal,journal:name:без журнала,publication:W2046002177,name:без журнала,W2046002177
published_in_journal:journal:name:без журнала->publication:W2036389121,published_in_journal,journal:name:без журнала,publication:W2036389121,name:без журнала,W2036389121
"published_in_journal:journal:name:utility, probability, and human decision making->publication:W158727920",published_in_journal,"journal:name:utility, probability, and human decision making",publication:W158727920,"name:utility, probability, and human decision making",W158727920
published_in_journal:journal:name:speech acts->publication:W2264742718,published_in_journal,journal:name:speech acts,publication:W2264742718,name:speech acts,W2264742718
published_in_journal:journal:name:без журнала->publication:W1546783991,published_in_journal,journal:name:без журнала,publication:W1546783991,name:без журнала,W1546783991
published_in_journal:journal:name:без журнала->publication:W1607171655,published_in_journal,journal:name:без журнала,publication:W1607171655,name:без журнала,W1607171655
published_in_journal:journal:name:без журнала->publication:W1720881856,published_in_journal,journal:name:без журнала,publication:W1720881856,name:без журнала,W1720881856
published_in_journal:journal:name:без журнала->publication:W1546962148,published_in_journal,journal:name:без журнала,publication:W1546962148,name:без журнала,W1546962148
published_in_journal:journal:name:без журнала->publication:W2752853835,published_in_journal,journal:name:без журнала,publication:W2752853835,name:без журнала,W2752853835
published_in_journal:journal:name:без журнала->publication:W2282054059,published_in_journal,journal:name:без журнала,publication:W2282054059,name:без журнала,W2282054059
published_in_journal:journal:name:без журнала->publication:W2798456356,published_in_journal,journal:name:без журнала,publication:W2798456356,name:без журнала,W2798456356
published_in_journal:journal:name:без журнала->publication:W1992897439,published_in_journal,journal:name:без журнала,publication:W1992897439,name:без журнала,W1992897439
published_in_journal:journal:name:без журнала->publication:W1591593323,published_in_journal,journal:name:без журнала,publication:W1591593323,name:без журнала,W1591593323
published_in_journal:journal:name:без журнала->publication:W1614549126,published_in_journal,journal:name:без журнала,publication:W1614549126,name:без журнала,W1614549126
published_in_journal:journal:name:без журнала->publication:W2002729176,published_in_journal,journal:name:без журнала,publication:W2002729176,name:без журнала,W2002729176
