id,type,source,target,publication_id,person_id,author_position,is_corresponding,sort_order
authored_by:publication:W2108598243->person:A5101542158,authored_by,publication:W2108598243,person:A5101542158,W2108598243,A5101542158,first,1,0
authored_by:publication:W2108598243->person:A5086692495,authored_by,publication:W2108598243,person:A5086692495,W2108598243,A5086692495,middle,0,1
authored_by:publication:W2108598243->person:A5059955534,authored_by,publication:W2108598243,person:A5059955534,W2108598243,A5059955534,middle,0,2
authored_by:publication:W2108598243->person:A5009049500,authored_by,publication:W2108598243,person:A5009049500,W2108598243,A5009049500,middle,0,3
authored_by:publication:W2108598243->person:A5100399972,authored_by,publication:W2108598243,person:A5100399972,W2108598243,A5100399972,middle,0,4
authored_by:publication:W2108598243->person:A5100450462,authored_by,publication:W2108598243,person:A5100450462,W2108598243,A5100450462,last,0,5
authored_by:publication:W3138516171->person:A5100349451,authored_by,publication:W3138516171,person:A5100349451,W3138516171,A5100349451,first,1,0
authored_by:publication:W3138516171->person:A5102798361,authored_by,publication:W3138516171,person:A5102798361,W3138516171,A5102798361,middle,0,1
authored_by:publication:W3138516171->person:A5101593662,authored_by,publication:W3138516171,person:A5101593662,W3138516171,A5101593662,middle,0,2
authored_by:publication:W3138516171->person:A5101976576,authored_by,publication:W3138516171,person:A5101976576,W3138516171,A5101976576,middle,0,3
authored_by:publication:W3138516171->person:A5009248953,authored_by,publication:W3138516171,person:A5009248953,W3138516171,A5009248953,middle,0,4
authored_by:publication:W3138516171->person:A5100459168,authored_by,publication:W3138516171,person:A5100459168,W3138516171,A5100459168,middle,0,5
authored_by:publication:W3138516171->person:A5025114648,authored_by,publication:W3138516171,person:A5025114648,W3138516171,A5025114648,middle,0,6
authored_by:publication:W3138516171->person:A5101666011,authored_by,publication:W3138516171,person:A5101666011,W3138516171,A5101666011,last,0,7
authored_by:publication:W2167928095->person:A5045613469,authored_by,publication:W2167928095,person:A5045613469,W2167928095,A5045613469,first,1,0
authored_by:publication:W2167928095->person:A5012295433,authored_by,publication:W2167928095,person:A5012295433,W2167928095,A5012295433,last,0,1
authored_by:publication:W2081228936->person:A5106923143,authored_by,publication:W2081228936,person:A5106923143,W2081228936,A5106923143,first,1,0
authored_by:publication:W2081228936->person:A5056276177,authored_by,publication:W2081228936,person:A5056276177,W2081228936,A5056276177,last,0,1
authored_by:publication:W201578715->person:A5110458536,authored_by,publication:W201578715,person:A5110458536,W201578715,A5110458536,first,1,0
authored_by:publication:W201578715->person:A5088714049,authored_by,publication:W201578715,person:A5088714049,W201578715,A5088714049,middle,0,1
authored_by:publication:W201578715->person:A5078272344,authored_by,publication:W201578715,person:A5078272344,W201578715,A5078272344,last,0,2
authored_by:publication:W2141951329->person:A5045613469,authored_by,publication:W2141951329,person:A5045613469,W2141951329,A5045613469,first,1,0
authored_by:publication:W3123397884->person:A5045613469,authored_by,publication:W3123397884,person:A5045613469,W3123397884,A5045613469,first,1,0
authored_by:publication:W2133990480->person:A5056507889,authored_by,publication:W2133990480,person:A5056507889,W2133990480,A5056507889,first,1,0
authored_by:publication:W2133990480->person:A5059992863,authored_by,publication:W2133990480,person:A5059992863,W2133990480,A5059992863,middle,0,1
authored_by:publication:W2133990480->person:A5063502807,authored_by,publication:W2133990480,person:A5063502807,W2133990480,A5063502807,middle,0,2
authored_by:publication:W2133990480->person:A5087785022,authored_by,publication:W2133990480,person:A5087785022,W2133990480,A5087785022,middle,0,3
authored_by:publication:W2133990480->person:A5065535374,authored_by,publication:W2133990480,person:A5065535374,W2133990480,A5065535374,middle,0,4
authored_by:publication:W2133990480->person:A5045934263,authored_by,publication:W2133990480,person:A5045934263,W2133990480,A5045934263,last,0,5
authored_by:publication:W2764347725->person:A5040957761,authored_by,publication:W2764347725,person:A5040957761,W2764347725,A5040957761,first,1,0
authored_by:publication:W2153635508->person:A5103432521,authored_by,publication:W2153635508,person:A5103432521,W2153635508,A5103432521,first,1,0
authored_by:publication:W2153635508->person:A5068223640,authored_by,publication:W2153635508,person:A5068223640,W2153635508,A5068223640,last,0,1
authored_by:publication:W2167590372->person:A5112607389,authored_by,publication:W2167590372,person:A5112607389,W2167590372,A5112607389,first,1,0
authored_by:publication:W2132454074->person:A5042885999,authored_by,publication:W2132454074,person:A5042885999,W2132454074,A5042885999,first,1,0
authored_by:publication:W2131350133->person:A5042885999,authored_by,publication:W2131350133,person:A5042885999,W2131350133,A5042885999,first,1,0
authored_by:publication:W2148066840->person:A5042885999,authored_by,publication:W2148066840,person:A5042885999,W2148066840,A5042885999,first,1,0
authored_by:publication:W1969360633->person:A5042885999,authored_by,publication:W1969360633,person:A5042885999,W1969360633,A5042885999,first,1,0
authored_by:publication:W2180229411->person:A5027915011,authored_by,publication:W2180229411,person:A5027915011,W2180229411,A5027915011,first,1,0
authored_by:publication:W2180229411->person:A5027485418,authored_by,publication:W2180229411,person:A5027485418,W2180229411,A5027485418,middle,0,1
authored_by:publication:W2180229411->person:A5032792168,authored_by,publication:W2180229411,person:A5032792168,W2180229411,A5032792168,middle,0,2
authored_by:publication:W2180229411->person:A5019366254,authored_by,publication:W2180229411,person:A5019366254,W2180229411,A5019366254,middle,0,3
authored_by:publication:W2180229411->person:A5061053575,authored_by,publication:W2180229411,person:A5061053575,W2180229411,A5061053575,middle,0,4
authored_by:publication:W2180229411->person:A5112138120,authored_by,publication:W2180229411,person:A5112138120,W2180229411,A5112138120,middle,0,5
authored_by:publication:W2180229411->person:A5027195057,authored_by,publication:W2180229411,person:A5027195057,W2180229411,A5027195057,middle,0,6
authored_by:publication:W2180229411->person:A5023778323,authored_by,publication:W2180229411,person:A5023778323,W2180229411,A5023778323,middle,0,7
authored_by:publication:W2180229411->person:A5069575711,authored_by,publication:W2180229411,person:A5069575711,W2180229411,A5069575711,middle,0,8
authored_by:publication:W2180229411->person:A5110342059,authored_by,publication:W2180229411,person:A5110342059,W2180229411,A5110342059,middle,0,9
authored_by:publication:W2180229411->person:A5103453342,authored_by,publication:W2180229411,person:A5103453342,W2180229411,A5103453342,middle,0,10
authored_by:publication:W2180229411->person:A5084490031,authored_by,publication:W2180229411,person:A5084490031,W2180229411,A5084490031,middle,0,11
authored_by:publication:W2180229411->person:A5019087806,authored_by,publication:W2180229411,person:A5019087806,W2180229411,A5019087806,middle,0,12
authored_by:publication:W2180229411->person:A5068323278,authored_by,publication:W2180229411,person:A5068323278,W2180229411,A5068323278,middle,0,13
authored_by:publication:W2180229411->person:A5035236781,authored_by,publication:W2180229411,person:A5035236781,W2180229411,A5035236781,middle,0,14
authored_by:publication:W2180229411->person:A5046412779,authored_by,publication:W2180229411,person:A5046412779,W2180229411,A5046412779,middle,0,15
authored_by:publication:W2180229411->person:A5090015351,authored_by,publication:W2180229411,person:A5090015351,W2180229411,A5090015351,middle,0,16
authored_by:publication:W2180229411->person:A5081770773,authored_by,publication:W2180229411,person:A5081770773,W2180229411,A5081770773,last,0,17
authored_by:publication:W4248872320->person:A5013181401,authored_by,publication:W4248872320,person:A5013181401,W4248872320,A5013181401,first,1,0
authored_by:publication:W2124026197->person:A5071138931,authored_by,publication:W2124026197,person:A5071138931,W2124026197,A5071138931,first,1,0
authored_by:publication:W2124026197->person:A5073942998,authored_by,publication:W2124026197,person:A5073942998,W2124026197,A5073942998,middle,0,1
authored_by:publication:W2124026197->person:A5063283743,authored_by,publication:W2124026197,person:A5063283743,W2124026197,A5063283743,middle,0,2
authored_by:publication:W2124026197->person:A5018808577,authored_by,publication:W2124026197,person:A5018808577,W2124026197,A5018808577,last,0,3
authored_by:publication:W2144081223->person:A5071138931,authored_by,publication:W2144081223,person:A5071138931,W2144081223,A5071138931,first,1,0
authored_by:publication:W2144081223->person:A5018808577,authored_by,publication:W2144081223,person:A5018808577,W2144081223,A5018808577,last,0,1
authored_by:publication:W1995017064->person:A5056911622,authored_by,publication:W1995017064,person:A5056911622,W1995017064,A5056911622,first,1,0
authored_by:publication:W1995017064->person:A5027915011,authored_by,publication:W1995017064,person:A5027915011,W1995017064,A5027915011,middle,0,1
authored_by:publication:W1995017064->person:A5024727980,authored_by,publication:W1995017064,person:A5024727980,W1995017064,A5024727980,middle,0,2
authored_by:publication:W1995017064->person:A5090802246,authored_by,publication:W1995017064,person:A5090802246,W1995017064,A5090802246,middle,0,3
authored_by:publication:W1995017064->person:A5045574506,authored_by,publication:W1995017064,person:A5045574506,W1995017064,A5045574506,middle,0,4
authored_by:publication:W1995017064->person:A5110342059,authored_by,publication:W1995017064,person:A5110342059,W1995017064,A5110342059,middle,0,5
authored_by:publication:W1995017064->person:A5011813946,authored_by,publication:W1995017064,person:A5011813946,W1995017064,A5011813946,middle,0,6
authored_by:publication:W1995017064->person:A5046828897,authored_by,publication:W1995017064,person:A5046828897,W1995017064,A5046828897,middle,0,7
authored_by:publication:W1995017064->person:A5024276029,authored_by,publication:W1995017064,person:A5024276029,W1995017064,A5024276029,middle,0,8
authored_by:publication:W1995017064->person:A5042956432,authored_by,publication:W1995017064,person:A5042956432,W1995017064,A5042956432,middle,0,9
authored_by:publication:W1995017064->person:A5068323278,authored_by,publication:W1995017064,person:A5068323278,W1995017064,A5068323278,middle,0,10
authored_by:publication:W1995017064->person:A5056334757,authored_by,publication:W1995017064,person:A5056334757,W1995017064,A5056334757,middle,0,11
authored_by:publication:W1995017064->person:A5033410644,authored_by,publication:W1995017064,person:A5033410644,W1995017064,A5033410644,middle,0,12
authored_by:publication:W1995017064->person:A5057042667,authored_by,publication:W1995017064,person:A5057042667,W1995017064,A5057042667,last,0,13
authored_by:publication:W2001641653->person:A5097852737,authored_by,publication:W2001641653,person:A5097852737,W2001641653,A5097852737,first,1,0
authored_by:publication:W2366536035->person:A5021122229,authored_by,publication:W2366536035,person:A5021122229,W2366536035,A5021122229,first,1,0
authored_by:publication:W2366536035->person:A5052983963,authored_by,publication:W2366536035,person:A5052983963,W2366536035,A5052983963,middle,0,1
authored_by:publication:W2366536035->person:A5014129073,authored_by,publication:W2366536035,person:A5014129073,W2366536035,A5014129073,middle,0,2
authored_by:publication:W2366536035->person:A5052657395,authored_by,publication:W2366536035,person:A5052657395,W2366536035,A5052657395,middle,0,3
authored_by:publication:W2366536035->person:A5111547791,authored_by,publication:W2366536035,person:A5111547791,W2366536035,A5111547791,middle,0,4
authored_by:publication:W2366536035->person:A5072507966,authored_by,publication:W2366536035,person:A5072507966,W2366536035,A5072507966,middle,0,5
authored_by:publication:W2366536035->person:A5103530823,authored_by,publication:W2366536035,person:A5103530823,W2366536035,A5103530823,middle,0,6
authored_by:publication:W2366536035->person:A5111874068,authored_by,publication:W2366536035,person:A5111874068,W2366536035,A5111874068,middle,0,7
authored_by:publication:W2366536035->person:A5017135203,authored_by,publication:W2366536035,person:A5017135203,W2366536035,A5017135203,middle,0,8
authored_by:publication:W2366536035->person:A5071632296,authored_by,publication:W2366536035,person:A5071632296,W2366536035,A5071632296,last,0,9
authored_by:publication:W2052742260->person:A5016965073,authored_by,publication:W2052742260,person:A5016965073,W2052742260,A5016965073,first,1,0
authored_by:publication:W2052742260->person:A5109411364,authored_by,publication:W2052742260,person:A5109411364,W2052742260,A5109411364,last,0,1
authored_by:publication:W2166281097->person:A5007379298,authored_by,publication:W2166281097,person:A5007379298,W2166281097,A5007379298,first,0,0
authored_by:publication:W2166281097->person:A5088498607,authored_by,publication:W2166281097,person:A5088498607,W2166281097,A5088498607,last,1,1
authored_by:publication:W2140918013->person:A5056249088,authored_by,publication:W2140918013,person:A5056249088,W2140918013,A5056249088,first,1,0
authored_by:publication:W2140918013->person:A5056276177,authored_by,publication:W2140918013,person:A5056276177,W2140918013,A5056276177,last,0,1
authored_by:publication:W2108795964->person:A5066540447,authored_by,publication:W2108795964,person:A5066540447,W2108795964,A5066540447,first,1,0
authored_by:publication:W2108795964->person:A5030291124,authored_by,publication:W2108795964,person:A5030291124,W2108795964,A5030291124,last,0,1
authored_by:publication:W2135732933->person:A5040688597,authored_by,publication:W2135732933,person:A5040688597,W2135732933,A5040688597,first,1,0
authored_by:publication:W2135732933->person:A5072778946,authored_by,publication:W2135732933,person:A5072778946,W2135732933,A5072778946,middle,0,1
authored_by:publication:W2135732933->person:A5050837683,authored_by,publication:W2135732933,person:A5050837683,W2135732933,A5050837683,middle,0,2
authored_by:publication:W2135732933->person:A5035781073,authored_by,publication:W2135732933,person:A5035781073,W2135732933,A5035781073,last,0,3
authored_by:publication:W2061438946->person:A5091500375,authored_by,publication:W2061438946,person:A5091500375,W2061438946,A5091500375,first,1,0
authored_by:publication:W2061438946->person:A5071437793,authored_by,publication:W2061438946,person:A5071437793,W2061438946,A5071437793,middle,0,1
authored_by:publication:W2061438946->person:A5063313173,authored_by,publication:W2061438946,person:A5063313173,W2061438946,A5063313173,last,0,2
authored_by:publication:W2061977616->person:A5055251050,authored_by,publication:W2061977616,person:A5055251050,W2061977616,A5055251050,first,1,0
authored_by:publication:W1993663609->person:A5016858660,authored_by,publication:W1993663609,person:A5016858660,W1993663609,A5016858660,first,1,0
authored_by:publication:W1993663609->person:A5051910920,authored_by,publication:W1993663609,person:A5051910920,W1993663609,A5051910920,last,0,1
authored_by:publication:W2069687969->person:A5110449310,authored_by,publication:W2069687969,person:A5110449310,W2069687969,A5110449310,first,1,0
authored_by:publication:W1974097079->person:A5029882914,authored_by,publication:W1974097079,person:A5029882914,W1974097079,A5029882914,first,1,0
authored_by:publication:W2115017507->person:A5074628106,authored_by,publication:W2115017507,person:A5074628106,W2115017507,A5074628106,first,1,0
authored_by:publication:W2115017507->person:A5059027860,authored_by,publication:W2115017507,person:A5059027860,W2115017507,A5059027860,middle,0,1
authored_by:publication:W2115017507->person:A5088503502,authored_by,publication:W2115017507,person:A5088503502,W2115017507,A5088503502,middle,0,2
authored_by:publication:W2115017507->person:A5068688487,authored_by,publication:W2115017507,person:A5068688487,W2115017507,A5068688487,middle,0,3
authored_by:publication:W2115017507->person:A5005099850,authored_by,publication:W2115017507,person:A5005099850,W2115017507,A5005099850,middle,0,4
authored_by:publication:W2115017507->person:A5078760561,authored_by,publication:W2115017507,person:A5078760561,W2115017507,A5078760561,middle,0,5
authored_by:publication:W2115017507->person:A5036841670,authored_by,publication:W2115017507,person:A5036841670,W2115017507,A5036841670,middle,0,6
authored_by:publication:W2115017507->person:A5000644127,authored_by,publication:W2115017507,person:A5000644127,W2115017507,A5000644127,middle,0,7
authored_by:publication:W2115017507->person:A5068971185,authored_by,publication:W2115017507,person:A5068971185,W2115017507,A5068971185,middle,0,8
authored_by:publication:W2115017507->person:A5077632970,authored_by,publication:W2115017507,person:A5077632970,W2115017507,A5077632970,middle,0,9
authored_by:publication:W2115017507->person:A5037912275,authored_by,publication:W2115017507,person:A5037912275,W2115017507,A5037912275,middle,0,10
authored_by:publication:W2115017507->person:A5063630764,authored_by,publication:W2115017507,person:A5063630764,W2115017507,A5063630764,middle,0,11
authored_by:publication:W2115017507->person:A5032450718,authored_by,publication:W2115017507,person:A5032450718,W2115017507,A5032450718,middle,0,12
authored_by:publication:W2115017507->person:A5025870220,authored_by,publication:W2115017507,person:A5025870220,W2115017507,A5025870220,middle,0,13
authored_by:publication:W2115017507->person:A5027031712,authored_by,publication:W2115017507,person:A5027031712,W2115017507,A5027031712,middle,0,14
authored_by:publication:W2115017507->person:A5043913986,authored_by,publication:W2115017507,person:A5043913986,W2115017507,A5043913986,middle,0,15
authored_by:publication:W2115017507->person:A5002754020,authored_by,publication:W2115017507,person:A5002754020,W2115017507,A5002754020,middle,0,16
authored_by:publication:W2115017507->person:A5012170843,authored_by,publication:W2115017507,person:A5012170843,W2115017507,A5012170843,last,0,17
authored_by:publication:W3121131820->person:A5068490503,authored_by,publication:W3121131820,person:A5068490503,W3121131820,A5068490503,first,1,0
authored_by:publication:W2136931384->person:A5058480606,authored_by,publication:W2136931384,person:A5058480606,W2136931384,A5058480606,first,1,0
authored_by:publication:W2136931384->person:A5110382264,authored_by,publication:W2136931384,person:A5110382264,W2136931384,A5110382264,middle,0,1
authored_by:publication:W2136931384->person:A5110023640,authored_by,publication:W2136931384,person:A5110023640,W2136931384,A5110023640,middle,0,2
authored_by:publication:W2136931384->person:A5071266965,authored_by,publication:W2136931384,person:A5071266965,W2136931384,A5071266965,last,0,3
authored_by:publication:W2114004260->person:A5088548433,authored_by,publication:W2114004260,person:A5088548433,W2114004260,A5088548433,first,1,0
authored_by:publication:W2114004260->person:A5052851289,authored_by,publication:W2114004260,person:A5052851289,W2114004260,A5052851289,last,0,1
authored_by:publication:W2256756668->person:A5041071727,authored_by,publication:W2256756668,person:A5041071727,W2256756668,A5041071727,first,1,0
authored_by:publication:W2256756668->person:A5032767751,authored_by,publication:W2256756668,person:A5032767751,W2256756668,A5032767751,last,0,1
authored_by:publication:W1631356911->person:A5068097121,authored_by,publication:W1631356911,person:A5068097121,W1631356911,A5068097121,first,1,0
authored_by:publication:W1631356911->person:A5103046966,authored_by,publication:W1631356911,person:A5103046966,W1631356911,A5103046966,middle,0,1
authored_by:publication:W1631356911->person:A5031023857,authored_by,publication:W1631356911,person:A5031023857,W1631356911,A5031023857,last,0,2
authored_by:publication:W2078206416->person:A5109952461,authored_by,publication:W2078206416,person:A5109952461,W2078206416,A5109952461,first,1,0
authored_by:publication:W2078206416->person:A5032489073,authored_by,publication:W2078206416,person:A5032489073,W2078206416,A5032489073,last,0,1
authored_by:publication:W2120062331->person:A5018694596,authored_by,publication:W2120062331,person:A5018694596,W2120062331,A5018694596,first,1,0
authored_by:publication:W1974085346->person:A5027606126,authored_by,publication:W1974085346,person:A5027606126,W1974085346,A5027606126,first,1,0
authored_by:publication:W1974085346->person:W1974085346-person-1,authored_by,publication:W1974085346,person:W1974085346-person-1,W1974085346,W1974085346-person-1,last,0,1
authored_by:publication:W2056722718->person:A5111445595,authored_by,publication:W2056722718,person:A5111445595,W2056722718,A5111445595,first,1,0
authored_by:publication:W2056722718->person:A5100703985,authored_by,publication:W2056722718,person:A5100703985,W2056722718,A5100703985,last,0,1
authored_by:publication:W2116839388->person:A5049529015,authored_by,publication:W2116839388,person:A5049529015,W2116839388,A5049529015,first,1,0
authored_by:publication:W2116839388->person:A5112456413,authored_by,publication:W2116839388,person:A5112456413,W2116839388,A5112456413,middle,0,1
authored_by:publication:W2116839388->person:A5047835625,authored_by,publication:W2116839388,person:A5047835625,W2116839388,A5047835625,middle,0,2
authored_by:publication:W2116839388->person:A5110858271,authored_by,publication:W2116839388,person:A5110858271,W2116839388,A5110858271,middle,0,3
authored_by:publication:W2116839388->person:A5031499097,authored_by,publication:W2116839388,person:A5031499097,W2116839388,A5031499097,middle,0,4
authored_by:publication:W2116839388->person:A5112481881,authored_by,publication:W2116839388,person:A5112481881,W2116839388,A5112481881,middle,0,5
authored_by:publication:W2116839388->person:A5047435579,authored_by,publication:W2116839388,person:A5047435579,W2116839388,A5047435579,middle,0,6
authored_by:publication:W2116839388->person:A5109569377,authored_by,publication:W2116839388,person:A5109569377,W2116839388,A5109569377,last,0,7
authored_by:publication:W2127951128->person:A5083312029,authored_by,publication:W2127951128,person:A5083312029,W2127951128,A5083312029,first,1,0
authored_by:publication:W2127951128->person:A5064137195,authored_by,publication:W2127951128,person:A5064137195,W2127951128,A5064137195,middle,0,1
authored_by:publication:W2127951128->person:A5054165025,authored_by,publication:W2127951128,person:A5054165025,W2127951128,A5054165025,middle,0,2
authored_by:publication:W2127951128->person:A5000958944,authored_by,publication:W2127951128,person:A5000958944,W2127951128,A5000958944,middle,0,3
authored_by:publication:W2127951128->person:A5059684830,authored_by,publication:W2127951128,person:A5059684830,W2127951128,A5059684830,middle,0,4
authored_by:publication:W2127951128->person:A5052712328,authored_by,publication:W2127951128,person:A5052712328,W2127951128,A5052712328,middle,0,5
authored_by:publication:W2127951128->person:A5030258071,authored_by,publication:W2127951128,person:A5030258071,W2127951128,A5030258071,middle,0,6
authored_by:publication:W2127951128->person:A5010278392,authored_by,publication:W2127951128,person:A5010278392,W2127951128,A5010278392,middle,0,7
authored_by:publication:W2127951128->person:A5100767595,authored_by,publication:W2127951128,person:A5100767595,W2127951128,A5100767595,middle,0,8
authored_by:publication:W2127951128->person:A5081243390,authored_by,publication:W2127951128,person:A5081243390,W2127951128,A5081243390,middle,0,9
authored_by:publication:W2127951128->person:A5010056224,authored_by,publication:W2127951128,person:A5010056224,W2127951128,A5010056224,middle,0,10
authored_by:publication:W2127951128->person:A5042188739,authored_by,publication:W2127951128,person:A5042188739,W2127951128,A5042188739,middle,0,11
authored_by:publication:W2127951128->person:A5110223271,authored_by,publication:W2127951128,person:A5110223271,W2127951128,A5110223271,last,0,12
authored_by:publication:W3123534837->person:A5104047850,authored_by,publication:W3123534837,person:A5104047850,W3123534837,A5104047850,first,1,0
authored_by:publication:W3022339544->person:A5035549347,authored_by,publication:W3022339544,person:A5035549347,W3022339544,A5035549347,first,1,0
authored_by:publication:W1965278510->person:A5087738695,authored_by,publication:W1965278510,person:A5087738695,W1965278510,A5087738695,first,1,0
authored_by:publication:W1965278510->person:A5054656780,authored_by,publication:W1965278510,person:A5054656780,W1965278510,A5054656780,last,0,1
authored_by:publication:W2109469951->person:A5035549347,authored_by,publication:W2109469951,person:A5035549347,W2109469951,A5035549347,first,1,0
authored_by:publication:W2144846366->person:A5086016562,authored_by,publication:W2144846366,person:A5086016562,W2144846366,A5086016562,first,1,0
authored_by:publication:W2144846366->person:A5049983178,authored_by,publication:W2144846366,person:A5049983178,W2144846366,A5049983178,last,0,1
authored_by:publication:W4247665917->person:A5118904555,authored_by,publication:W4247665917,person:A5118904555,W4247665917,A5118904555,first,1,0
authored_by:publication:W4281687410->person:A5000364987,authored_by,publication:W4281687410,person:A5000364987,W4281687410,A5000364987,first,1,0
authored_by:publication:W4242883546->person:A5001390698,authored_by,publication:W4242883546,person:A5001390698,W4242883546,A5001390698,first,1,0
authored_by:publication:W4242883546->person:A5004154542,authored_by,publication:W4242883546,person:A5004154542,W4242883546,A5004154542,last,0,1
authored_by:publication:W2141846678->person:A5001390698,authored_by,publication:W2141846678,person:A5001390698,W2141846678,A5001390698,first,1,0
authored_by:publication:W2141846678->person:A5004154542,authored_by,publication:W2141846678,person:A5004154542,W2141846678,A5004154542,last,0,1
authored_by:publication:W3123282572->person:A5016858660,authored_by,publication:W3123282572,person:A5016858660,W3123282572,A5016858660,first,1,0
authored_by:publication:W3123282572->person:A5051910920,authored_by,publication:W3123282572,person:A5051910920,W3123282572,A5051910920,last,0,1
authored_by:publication:W2073506374->person:A5009215192,authored_by,publication:W2073506374,person:A5009215192,W2073506374,A5009215192,first,1,0
authored_by:publication:W2073506374->person:A5084562655,authored_by,publication:W2073506374,person:A5084562655,W2073506374,A5084562655,middle,0,1
authored_by:publication:W2073506374->person:A5078010687,authored_by,publication:W2073506374,person:A5078010687,W2073506374,A5078010687,last,0,2
authored_by:publication:W2044950274->person:A5097854457,authored_by,publication:W2044950274,person:A5097854457,W2044950274,A5097854457,first,1,0
authored_by:publication:W2044950274->person:A5057584685,authored_by,publication:W2044950274,person:A5057584685,W2044950274,A5057584685,last,0,1
authored_by:publication:W2075435443->person:A5022664477,authored_by,publication:W2075435443,person:A5022664477,W2075435443,A5022664477,first,1,0
authored_by:publication:W2075435443->person:A5107173826,authored_by,publication:W2075435443,person:A5107173826,W2075435443,A5107173826,last,0,1
authored_by:publication:W2165292984->person:A5056910052,authored_by,publication:W2165292984,person:A5056910052,W2165292984,A5056910052,first,1,0
authored_by:publication:W2165292984->person:A5059126202,authored_by,publication:W2165292984,person:A5059126202,W2165292984,A5059126202,last,0,1
authored_by:publication:W2314225431->person:A5076080098,authored_by,publication:W2314225431,person:A5076080098,W2314225431,A5076080098,first,1,0
authored_by:publication:W1856219842->person:W1856219842-person-0,authored_by,publication:W1856219842,person:W1856219842-person-0,W1856219842,W1856219842-person-0,first,1,0
authored_by:publication:W1856219842->person:W1856219842-person-1,authored_by,publication:W1856219842,person:W1856219842-person-1,W1856219842,W1856219842-person-1,middle,0,1
authored_by:publication:W1856219842->person:W1856219842-person-2,authored_by,publication:W1856219842,person:W1856219842-person-2,W1856219842,W1856219842-person-2,middle,0,2
authored_by:publication:W1856219842->person:W1856219842-person-3,authored_by,publication:W1856219842,person:W1856219842-person-3,W1856219842,W1856219842-person-3,last,0,3
authored_by:publication:W4294216491->person:A5070962272,authored_by,publication:W4294216491,person:A5070962272,W4294216491,A5070962272,first,1,0
authored_by:publication:W4294216491->person:A5073693721,authored_by,publication:W4294216491,person:A5073693721,W4294216491,A5073693721,last,0,1
authored_by:publication:W2134812217->person:W2134812217-person-0,authored_by,publication:W2134812217,person:W2134812217-person-0,W2134812217,W2134812217-person-0,first,1,0
authored_by:publication:W4232534952->person:A5113229683,authored_by,publication:W4232534952,person:A5113229683,W4232534952,A5113229683,first,1,0
authored_by:publication:W4232534952->person:A5027468826,authored_by,publication:W4232534952,person:A5027468826,W4232534952,A5027468826,middle,0,1
authored_by:publication:W4232534952->person:A5050964428,authored_by,publication:W4232534952,person:A5050964428,W4232534952,A5050964428,middle,0,2
authored_by:publication:W4232534952->person:A5056734735,authored_by,publication:W4232534952,person:A5056734735,W4232534952,A5056734735,middle,0,3
authored_by:publication:W4232534952->person:A5075336811,authored_by,publication:W4232534952,person:A5075336811,W4232534952,A5075336811,middle,0,4
authored_by:publication:W4232534952->person:A5011919688,authored_by,publication:W4232534952,person:A5011919688,W4232534952,A5011919688,middle,0,5
authored_by:publication:W4232534952->person:A5056017066,authored_by,publication:W4232534952,person:A5056017066,W4232534952,A5056017066,middle,0,6
authored_by:publication:W4232534952->person:A5075922650,authored_by,publication:W4232534952,person:A5075922650,W4232534952,A5075922650,middle,0,7
authored_by:publication:W4232534952->person:A5041746028,authored_by,publication:W4232534952,person:A5041746028,W4232534952,A5041746028,middle,0,8
authored_by:publication:W4232534952->person:A5008911577,authored_by,publication:W4232534952,person:A5008911577,W4232534952,A5008911577,last,0,9
authored_by:publication:W2014669590->person:A5074378026,authored_by,publication:W2014669590,person:A5074378026,W2014669590,A5074378026,first,1,0
authored_by:publication:W2014669590->person:A5072858943,authored_by,publication:W2014669590,person:A5072858943,W2014669590,A5072858943,last,0,1
authored_by:publication:W1983310681->person:A5113449403,authored_by,publication:W1983310681,person:A5113449403,W1983310681,A5113449403,first,1,0
authored_by:publication:W1983310681->person:A5113732540,authored_by,publication:W1983310681,person:A5113732540,W1983310681,A5113732540,middle,0,1
authored_by:publication:W1983310681->person:A5108209336,authored_by,publication:W1983310681,person:A5108209336,W1983310681,A5108209336,last,0,2
authored_by:publication:W2128635872->person:A5047160510,authored_by,publication:W2128635872,person:A5047160510,W2128635872,A5047160510,first,1,0
authored_by:publication:W4293247451->person:A5021181975,authored_by,publication:W4293247451,person:A5021181975,W4293247451,A5021181975,first,1,0
authored_by:publication:W2109606373->person:A5064251359,authored_by,publication:W2109606373,person:A5064251359,W2109606373,A5064251359,first,1,0
authored_by:publication:W2109606373->person:A5108411636,authored_by,publication:W2109606373,person:A5108411636,W2109606373,A5108411636,last,0,1
authored_by:publication:W2009674410->person:A5112135752,authored_by,publication:W2009674410,person:A5112135752,W2009674410,A5112135752,first,1,0
authored_by:publication:W1968834637->person:A5110084601,authored_by,publication:W1968834637,person:A5110084601,W1968834637,A5110084601,first,1,0
authored_by:publication:W1968834637->person:A5032143520,authored_by,publication:W1968834637,person:A5032143520,W1968834637,A5032143520,middle,0,1
authored_by:publication:W1968834637->person:A5018540195,authored_by,publication:W1968834637,person:A5018540195,W1968834637,A5018540195,middle,0,2
authored_by:publication:W1968834637->person:A5050231739,authored_by,publication:W1968834637,person:A5050231739,W1968834637,A5050231739,middle,0,3
authored_by:publication:W1968834637->person:A5109983911,authored_by,publication:W1968834637,person:A5109983911,W1968834637,A5109983911,last,0,4
authored_by:publication:W593898368->person:A5010952523,authored_by,publication:W593898368,person:A5010952523,W593898368,A5010952523,first,1,0
authored_by:publication:W1584697775->person:A5027610285,authored_by,publication:W1584697775,person:A5027610285,W1584697775,A5027610285,first,1,0
authored_by:publication:W2891378911->person:A5074901391,authored_by,publication:W2891378911,person:A5074901391,W2891378911,A5074901391,first,1,0
authored_by:publication:W2891378911->person:A5031902837,authored_by,publication:W2891378911,person:A5031902837,W2891378911,A5031902837,middle,0,1
authored_by:publication:W2891378911->person:A5032497384,authored_by,publication:W2891378911,person:A5032497384,W2891378911,A5032497384,middle,0,2
authored_by:publication:W2891378911->person:A5024431380,authored_by,publication:W2891378911,person:A5024431380,W2891378911,A5024431380,middle,0,3
authored_by:publication:W2891378911->person:A5065487003,authored_by,publication:W2891378911,person:A5065487003,W2891378911,A5065487003,middle,0,4
authored_by:publication:W2891378911->person:A5069537707,authored_by,publication:W2891378911,person:A5069537707,W2891378911,A5069537707,middle,0,5
authored_by:publication:W2891378911->person:A5068353058,authored_by,publication:W2891378911,person:A5068353058,W2891378911,A5068353058,middle,0,6
authored_by:publication:W2891378911->person:A5055760362,authored_by,publication:W2891378911,person:A5055760362,W2891378911,A5055760362,middle,0,7
authored_by:publication:W2891378911->person:A5085699502,authored_by,publication:W2891378911,person:A5085699502,W2891378911,A5085699502,middle,0,8
authored_by:publication:W2891378911->person:A5111619792,authored_by,publication:W2891378911,person:A5111619792,W2891378911,A5111619792,middle,0,9
authored_by:publication:W2891378911->person:A5085697520,authored_by,publication:W2891378911,person:A5085697520,W2891378911,A5085697520,middle,0,10
authored_by:publication:W2891378911->person:A5041615321,authored_by,publication:W2891378911,person:A5041615321,W2891378911,A5041615321,middle,0,11
authored_by:publication:W2891378911->person:A5080252384,authored_by,publication:W2891378911,person:A5080252384,W2891378911,A5080252384,middle,0,12
authored_by:publication:W2891378911->person:A5081964815,authored_by,publication:W2891378911,person:A5081964815,W2891378911,A5081964815,middle,0,13
authored_by:publication:W2891378911->person:A5082927689,authored_by,publication:W2891378911,person:A5082927689,W2891378911,A5082927689,middle,0,14
authored_by:publication:W2891378911->person:A5010229710,authored_by,publication:W2891378911,person:A5010229710,W2891378911,A5010229710,middle,0,15
authored_by:publication:W2891378911->person:A5011923288,authored_by,publication:W2891378911,person:A5011923288,W2891378911,A5011923288,middle,0,16
authored_by:publication:W2891378911->person:A5079953196,authored_by,publication:W2891378911,person:A5079953196,W2891378911,A5079953196,middle,0,17
authored_by:publication:W2891378911->person:A5001327852,authored_by,publication:W2891378911,person:A5001327852,W2891378911,A5001327852,middle,0,18
authored_by:publication:W2891378911->person:A5065626862,authored_by,publication:W2891378911,person:A5065626862,W2891378911,A5065626862,middle,0,19
authored_by:publication:W2891378911->person:A5068524232,authored_by,publication:W2891378911,person:A5068524232,W2891378911,A5068524232,middle,0,20
authored_by:publication:W2891378911->person:A5087076550,authored_by,publication:W2891378911,person:A5087076550,W2891378911,A5087076550,middle,0,21
authored_by:publication:W2891378911->person:A5083088424,authored_by,publication:W2891378911,person:A5083088424,W2891378911,A5083088424,middle,0,22
authored_by:publication:W2891378911->person:A5058378544,authored_by,publication:W2891378911,person:A5058378544,W2891378911,A5058378544,middle,0,23
authored_by:publication:W2891378911->person:A5007855965,authored_by,publication:W2891378911,person:A5007855965,W2891378911,A5007855965,middle,0,24
authored_by:publication:W2891378911->person:A5062080271,authored_by,publication:W2891378911,person:A5062080271,W2891378911,A5062080271,middle,0,25
authored_by:publication:W2891378911->person:A5034889366,authored_by,publication:W2891378911,person:A5034889366,W2891378911,A5034889366,middle,0,26
authored_by:publication:W2891378911->person:A5007761401,authored_by,publication:W2891378911,person:A5007761401,W2891378911,A5007761401,last,0,27
authored_by:publication:W2155965977->person:A5032690087,authored_by,publication:W2155965977,person:A5032690087,W2155965977,A5032690087,first,1,0
authored_by:publication:W2155965977->person:A5111911596,authored_by,publication:W2155965977,person:A5111911596,W2155965977,A5111911596,middle,0,1
authored_by:publication:W2155965977->person:A5101973849,authored_by,publication:W2155965977,person:A5101973849,W2155965977,A5101973849,middle,0,2
authored_by:publication:W2155965977->person:A5100366781,authored_by,publication:W2155965977,person:A5100366781,W2155965977,A5100366781,middle,0,3
authored_by:publication:W2155965977->person:A5103096187,authored_by,publication:W2155965977,person:A5103096187,W2155965977,A5103096187,middle,0,4
authored_by:publication:W2155965977->person:A5016894949,authored_by,publication:W2155965977,person:A5016894949,W2155965977,A5016894949,middle,0,5
authored_by:publication:W2155965977->person:A5109934186,authored_by,publication:W2155965977,person:A5109934186,W2155965977,A5109934186,middle,0,6
authored_by:publication:W2155965977->person:A5044698181,authored_by,publication:W2155965977,person:A5044698181,W2155965977,A5044698181,middle,0,7
authored_by:publication:W2155965977->person:A5030690893,authored_by,publication:W2155965977,person:A5030690893,W2155965977,A5030690893,middle,0,8
authored_by:publication:W2155965977->person:A5016452405,authored_by,publication:W2155965977,person:A5016452405,W2155965977,A5016452405,middle,0,9
authored_by:publication:W2155965977->person:A5047227825,authored_by,publication:W2155965977,person:A5047227825,W2155965977,A5047227825,last,0,10
authored_by:publication:W2005501262->person:A5068353058,authored_by,publication:W2005501262,person:A5068353058,W2005501262,A5068353058,first,1,0
authored_by:publication:W2005501262->person:W2005501262-person-1,authored_by,publication:W2005501262,person:W2005501262-person-1,W2005501262,W2005501262-person-1,middle,0,1
authored_by:publication:W2005501262->person:W2005501262-person-2,authored_by,publication:W2005501262,person:W2005501262-person-2,W2005501262,W2005501262-person-2,middle,0,2
authored_by:publication:W2005501262->person:W2005501262-person-3,authored_by,publication:W2005501262,person:W2005501262-person-3,W2005501262,W2005501262-person-3,middle,0,3
authored_by:publication:W2005501262->person:W2005501262-person-4,authored_by,publication:W2005501262,person:W2005501262-person-4,W2005501262,W2005501262-person-4,last,0,4
authored_by:publication:W2059796825->person:A5054799659,authored_by,publication:W2059796825,person:A5054799659,W2059796825,A5054799659,first,1,0
authored_by:publication:W2059796825->person:A5042962646,authored_by,publication:W2059796825,person:A5042962646,W2059796825,A5042962646,middle,0,1
authored_by:publication:W2059796825->person:A5077161809,authored_by,publication:W2059796825,person:A5077161809,W2059796825,A5077161809,middle,0,2
authored_by:publication:W2059796825->person:A5023436129,authored_by,publication:W2059796825,person:A5023436129,W2059796825,A5023436129,middle,0,3
authored_by:publication:W2059796825->person:A5002375158,authored_by,publication:W2059796825,person:A5002375158,W2059796825,A5002375158,middle,0,4
authored_by:publication:W2059796825->person:A5014844709,authored_by,publication:W2059796825,person:A5014844709,W2059796825,A5014844709,middle,0,5
authored_by:publication:W2059796825->person:W2059796825-person-6,authored_by,publication:W2059796825,person:W2059796825-person-6,W2059796825,W2059796825-person-6,last,0,6
authored_by:publication:W2096998881->person:A5061186336,authored_by,publication:W2096998881,person:A5061186336,W2096998881,A5061186336,first,1,0
authored_by:publication:W2096998881->person:A5063775633,authored_by,publication:W2096998881,person:A5063775633,W2096998881,A5063775633,middle,0,1
authored_by:publication:W2096998881->person:A5110080498,authored_by,publication:W2096998881,person:A5110080498,W2096998881,A5110080498,last,0,2
authored_by:publication:W2111301002->person:A5110342669,authored_by,publication:W2111301002,person:A5110342669,W2111301002,A5110342669,first,1,0
authored_by:publication:W1983649348->person:A5089121489,authored_by,publication:W1983649348,person:A5089121489,W1983649348,A5089121489,first,1,0
authored_by:publication:W2011303397->person:A5109276346,authored_by,publication:W2011303397,person:A5109276346,W2011303397,A5109276346,first,1,0
authored_by:publication:W2130354913->person:A5049045547,authored_by,publication:W2130354913,person:A5049045547,W2130354913,A5049045547,first,1,0
authored_by:publication:W2130354913->person:A5035210768,authored_by,publication:W2130354913,person:A5035210768,W2130354913,A5035210768,middle,0,1
authored_by:publication:W2130354913->person:A5019654671,authored_by,publication:W2130354913,person:A5019654671,W2130354913,A5019654671,last,0,2
authored_by:publication:W2108718991->person:A5062762496,authored_by,publication:W2108718991,person:A5062762496,W2108718991,A5062762496,first,1,0
authored_by:publication:W2108718991->person:A5111530938,authored_by,publication:W2108718991,person:A5111530938,W2108718991,A5111530938,middle,0,1
authored_by:publication:W2108718991->person:A5011688695,authored_by,publication:W2108718991,person:A5011688695,W2108718991,A5011688695,middle,0,2
authored_by:publication:W2108718991->person:A5108506329,authored_by,publication:W2108718991,person:A5108506329,W2108718991,A5108506329,middle,0,3
authored_by:publication:W2108718991->person:A5044355096,authored_by,publication:W2108718991,person:A5044355096,W2108718991,A5044355096,middle,0,4
authored_by:publication:W2108718991->person:A5055917872,authored_by,publication:W2108718991,person:A5055917872,W2108718991,A5055917872,middle,0,5
authored_by:publication:W2108718991->person:A5017853443,authored_by,publication:W2108718991,person:A5017853443,W2108718991,A5017853443,middle,0,6
authored_by:publication:W2108718991->person:A5085359279,authored_by,publication:W2108718991,person:A5085359279,W2108718991,A5085359279,middle,0,7
authored_by:publication:W2108718991->person:A5060754496,authored_by,publication:W2108718991,person:A5060754496,W2108718991,A5060754496,middle,0,8
authored_by:publication:W2108718991->person:A5026220637,authored_by,publication:W2108718991,person:A5026220637,W2108718991,A5026220637,middle,0,9
authored_by:publication:W2108718991->person:A5072982028,authored_by,publication:W2108718991,person:A5072982028,W2108718991,A5072982028,middle,0,10
authored_by:publication:W2108718991->person:A5058558119,authored_by,publication:W2108718991,person:A5058558119,W2108718991,A5058558119,middle,0,11
authored_by:publication:W2108718991->person:A5037209090,authored_by,publication:W2108718991,person:A5037209090,W2108718991,A5037209090,middle,0,12
authored_by:publication:W2108718991->person:A5112877973,authored_by,publication:W2108718991,person:A5112877973,W2108718991,A5112877973,middle,0,13
authored_by:publication:W2108718991->person:A5042231087,authored_by,publication:W2108718991,person:A5042231087,W2108718991,A5042231087,last,0,14
authored_by:publication:W2152885278->person:A5100417364,authored_by,publication:W2152885278,person:A5100417364,W2152885278,A5100417364,first,0,0
authored_by:publication:W2152885278->person:A5040654425,authored_by,publication:W2152885278,person:A5040654425,W2152885278,A5040654425,middle,0,1
authored_by:publication:W2152885278->person:A5041807449,authored_by,publication:W2152885278,person:A5041807449,W2152885278,A5041807449,middle,0,2
authored_by:publication:W2152885278->person:A5104055957,authored_by,publication:W2152885278,person:A5104055957,W2152885278,A5104055957,last,1,3
authored_by:publication:W2089876099->person:A5018563718,authored_by,publication:W2089876099,person:A5018563718,W2089876099,A5018563718,first,1,0
authored_by:publication:W2089876099->person:A5053868357,authored_by,publication:W2089876099,person:A5053868357,W2089876099,A5053868357,last,0,1
authored_by:publication:W2112778345->person:A5074180547,authored_by,publication:W2112778345,person:A5074180547,W2112778345,A5074180547,first,1,0
authored_by:publication:W2006370393->person:A5109290855,authored_by,publication:W2006370393,person:A5109290855,W2006370393,A5109290855,first,1,0
authored_by:publication:W2118826874->person:A5057810294,authored_by,publication:W2118826874,person:A5057810294,W2118826874,A5057810294,first,1,0
authored_by:publication:W2118826874->person:A5109837280,authored_by,publication:W2118826874,person:A5109837280,W2118826874,A5109837280,middle,0,1
authored_by:publication:W2118826874->person:A5091746574,authored_by,publication:W2118826874,person:A5091746574,W2118826874,A5091746574,middle,0,2
authored_by:publication:W2118826874->person:A5111028468,authored_by,publication:W2118826874,person:A5111028468,W2118826874,A5111028468,middle,0,3
authored_by:publication:W2118826874->person:A5027210624,authored_by,publication:W2118826874,person:A5027210624,W2118826874,A5027210624,middle,0,4
authored_by:publication:W2118826874->person:A5050152988,authored_by,publication:W2118826874,person:A5050152988,W2118826874,A5050152988,last,0,5
authored_by:publication:W2067495470->person:A5059319052,authored_by,publication:W2067495470,person:A5059319052,W2067495470,A5059319052,first,1,0
authored_by:publication:W2043705607->person:A5107836452,authored_by,publication:W2043705607,person:A5107836452,W2043705607,A5107836452,first,1,0
authored_by:publication:W2043705607->person:A5049860225,authored_by,publication:W2043705607,person:A5049860225,W2043705607,A5049860225,middle,0,1
authored_by:publication:W2043705607->person:A5050843152,authored_by,publication:W2043705607,person:A5050843152,W2043705607,A5050843152,middle,0,2
authored_by:publication:W2043705607->person:A5078610104,authored_by,publication:W2043705607,person:A5078610104,W2043705607,A5078610104,last,0,3
authored_by:publication:W2152348310->person:A5113665373,authored_by,publication:W2152348310,person:A5113665373,W2152348310,A5113665373,first,1,0
authored_by:publication:W2152348310->person:A5016058561,authored_by,publication:W2152348310,person:A5016058561,W2152348310,A5016058561,middle,0,1
authored_by:publication:W2152348310->person:A5056109933,authored_by,publication:W2152348310,person:A5056109933,W2152348310,A5056109933,middle,0,2
authored_by:publication:W2152348310->person:A5057650486,authored_by,publication:W2152348310,person:A5057650486,W2152348310,A5057650486,middle,0,3
authored_by:publication:W2152348310->person:A5060176647,authored_by,publication:W2152348310,person:A5060176647,W2152348310,A5060176647,middle,0,4
authored_by:publication:W2152348310->person:A5029196051,authored_by,publication:W2152348310,person:A5029196051,W2152348310,A5029196051,middle,0,5
authored_by:publication:W2152348310->person:A5108446594,authored_by,publication:W2152348310,person:A5108446594,W2152348310,A5108446594,middle,0,6
authored_by:publication:W2152348310->person:A5110261421,authored_by,publication:W2152348310,person:A5110261421,W2152348310,A5110261421,middle,0,7
authored_by:publication:W2152348310->person:A5113697433,authored_by,publication:W2152348310,person:A5113697433,W2152348310,A5113697433,middle,0,8
authored_by:publication:W2152348310->person:A5040789268,authored_by,publication:W2152348310,person:A5040789268,W2152348310,A5040789268,middle,0,9
authored_by:publication:W2152348310->person:A5112247165,authored_by,publication:W2152348310,person:A5112247165,W2152348310,A5112247165,middle,0,10
authored_by:publication:W2152348310->person:A5004692457,authored_by,publication:W2152348310,person:A5004692457,W2152348310,A5004692457,middle,0,11
authored_by:publication:W2152348310->person:A5057841798,authored_by,publication:W2152348310,person:A5057841798,W2152348310,A5057841798,middle,0,12
authored_by:publication:W2152348310->person:A5048310567,authored_by,publication:W2152348310,person:A5048310567,W2152348310,A5048310567,middle,0,13
authored_by:publication:W2152348310->person:A5110213768,authored_by,publication:W2152348310,person:A5110213768,W2152348310,A5110213768,middle,0,14
authored_by:publication:W2152348310->person:A5038322725,authored_by,publication:W2152348310,person:A5038322725,W2152348310,A5038322725,middle,0,15
authored_by:publication:W2152348310->person:A5111528130,authored_by,publication:W2152348310,person:A5111528130,W2152348310,A5111528130,middle,0,16
authored_by:publication:W2152348310->person:A5008494496,authored_by,publication:W2152348310,person:A5008494496,W2152348310,A5008494496,last,0,17
authored_by:publication:W1485283179->person:W1485283179-person-0,authored_by,publication:W1485283179,person:W1485283179-person-0,W1485283179,W1485283179-person-0,first,1,0
authored_by:publication:W1914972138->person:A5113855519,authored_by,publication:W1914972138,person:A5113855519,W1914972138,A5113855519,first,1,0
authored_by:publication:W2072500831->person:A5035299523,authored_by,publication:W2072500831,person:A5035299523,W2072500831,A5035299523,first,1,0
authored_by:publication:W2072500831->person:A5041210487,authored_by,publication:W2072500831,person:A5041210487,W2072500831,A5041210487,middle,0,1
authored_by:publication:W2072500831->person:A5000202082,authored_by,publication:W2072500831,person:A5000202082,W2072500831,A5000202082,middle,0,2
authored_by:publication:W2072500831->person:A5073193174,authored_by,publication:W2072500831,person:A5073193174,W2072500831,A5073193174,last,0,3
authored_by:publication:W2038702827->person:A5066213576,authored_by,publication:W2038702827,person:A5066213576,W2038702827,A5066213576,first,1,0
authored_by:publication:W2038702827->person:A5075890029,authored_by,publication:W2038702827,person:A5075890029,W2038702827,A5075890029,last,0,1
authored_by:publication:W2087484885->person:A5035299523,authored_by,publication:W2087484885,person:A5035299523,W2087484885,A5035299523,first,1,0
authored_by:publication:W2087484885->person:A5041210487,authored_by,publication:W2087484885,person:A5041210487,W2087484885,A5041210487,middle,0,1
authored_by:publication:W2087484885->person:A5056263250,authored_by,publication:W2087484885,person:A5056263250,W2087484885,A5056263250,middle,0,2
authored_by:publication:W2087484885->person:A5000202082,authored_by,publication:W2087484885,person:A5000202082,W2087484885,A5000202082,last,0,3
authored_by:publication:W1995031937->person:A5066213576,authored_by,publication:W1995031937,person:A5066213576,W1995031937,A5066213576,first,1,0
authored_by:publication:W1995031937->person:A5075890029,authored_by,publication:W1995031937,person:A5075890029,W1995031937,A5075890029,last,0,1
authored_by:publication:W2212401464->person:A5029232704,authored_by,publication:W2212401464,person:A5029232704,W2212401464,A5029232704,first,1,0
authored_by:publication:W1995875735->person:A5108520736,authored_by,publication:W1995875735,person:A5108520736,W1995875735,A5108520736,first,1,0
authored_by:publication:W4294214983->person:A5024677155,authored_by,publication:W4294214983,person:A5024677155,W4294214983,A5024677155,first,1,0
authored_by:publication:W1513717105->person:A5103364748,authored_by,publication:W1513717105,person:A5103364748,W1513717105,A5103364748,first,1,0
authored_by:publication:W1971048984->person:A5109290855,authored_by,publication:W1971048984,person:A5109290855,W1971048984,A5109290855,first,1,0
authored_by:publication:W1971048984->person:A5014930584,authored_by,publication:W1971048984,person:A5014930584,W1971048984,A5014930584,middle,0,1
authored_by:publication:W1971048984->person:A5053435230,authored_by,publication:W1971048984,person:A5053435230,W1971048984,A5053435230,middle,0,2
authored_by:publication:W1971048984->person:A5111535679,authored_by,publication:W1971048984,person:A5111535679,W1971048984,A5111535679,last,0,3
authored_by:publication:W2060333964->person:A5003565243,authored_by,publication:W2060333964,person:A5003565243,W2060333964,A5003565243,first,1,0
authored_by:publication:W2060333964->person:A5109189964,authored_by,publication:W2060333964,person:A5109189964,W2060333964,A5109189964,middle,0,1
authored_by:publication:W2060333964->person:A5038396804,authored_by,publication:W2060333964,person:A5038396804,W2060333964,A5038396804,middle,0,2
authored_by:publication:W2060333964->person:A5036382303,authored_by,publication:W2060333964,person:A5036382303,W2060333964,A5036382303,last,0,3
authored_by:publication:W2951912016->person:A5002901852,authored_by,publication:W2951912016,person:A5002901852,W2951912016,A5002901852,first,1,0
authored_by:publication:W2951912016->person:A5052814282,authored_by,publication:W2951912016,person:A5052814282,W2951912016,A5052814282,middle,0,1
authored_by:publication:W2951912016->person:A5037446400,authored_by,publication:W2951912016,person:A5037446400,W2951912016,A5037446400,middle,0,2
authored_by:publication:W2951912016->person:A5100755117,authored_by,publication:W2951912016,person:A5100755117,W2951912016,A5100755117,last,0,3
authored_by:publication:W2789843538->person:A5100338825,authored_by,publication:W2789843538,person:A5100338825,W2789843538,A5100338825,first,1,0
authored_by:publication:W2134526812->person:A5022280742,authored_by,publication:W2134526812,person:A5022280742,W2134526812,A5022280742,first,1,0
authored_by:publication:W2134526812->person:A5014255302,authored_by,publication:W2134526812,person:A5014255302,W2134526812,A5014255302,middle,0,1
authored_by:publication:W2134526812->person:A5029601108,authored_by,publication:W2134526812,person:A5029601108,W2134526812,A5029601108,last,0,2
authored_by:publication:W2096093282->person:A5088404965,authored_by,publication:W2096093282,person:A5088404965,W2096093282,A5088404965,first,1,0
authored_by:publication:W2141052558->person:A5025640090,authored_by,publication:W2141052558,person:A5025640090,W2141052558,A5025640090,first,1,0
authored_by:publication:W2131271579->person:A5027039912,authored_by,publication:W2131271579,person:A5027039912,W2131271579,A5027039912,first,1,0
authored_by:publication:W2131271579->person:A5068353394,authored_by,publication:W2131271579,person:A5068353394,W2131271579,A5068353394,middle,0,1
authored_by:publication:W2131271579->person:A5011858960,authored_by,publication:W2131271579,person:A5011858960,W2131271579,A5011858960,last,0,2
authored_by:publication:W2138207763->person:A5022244006,authored_by,publication:W2138207763,person:A5022244006,W2138207763,A5022244006,first,1,0
authored_by:publication:W2138207763->person:A5054704071,authored_by,publication:W2138207763,person:A5054704071,W2138207763,A5054704071,middle,0,1
authored_by:publication:W2138207763->person:A5076240767,authored_by,publication:W2138207763,person:A5076240767,W2138207763,A5076240767,last,0,2
authored_by:publication:W2128880918->person:A5046781938,authored_by,publication:W2128880918,person:A5046781938,W2128880918,A5046781938,first,1,0
authored_by:publication:W2128880918->person:A5022923330,authored_by,publication:W2128880918,person:A5022923330,W2128880918,A5022923330,middle,0,1
authored_by:publication:W2128880918->person:A5033023543,authored_by,publication:W2128880918,person:A5033023543,W2128880918,A5033023543,middle,0,2
authored_by:publication:W2128880918->person:A5056633769,authored_by,publication:W2128880918,person:A5056633769,W2128880918,A5056633769,middle,0,3
authored_by:publication:W2128880918->person:A5112601052,authored_by,publication:W2128880918,person:A5112601052,W2128880918,A5112601052,middle,0,4
authored_by:publication:W2128880918->person:A5076410128,authored_by,publication:W2128880918,person:A5076410128,W2128880918,A5076410128,middle,0,5
authored_by:publication:W2128880918->person:A5033252568,authored_by,publication:W2128880918,person:A5033252568,W2128880918,A5033252568,middle,0,6
authored_by:publication:W2128880918->person:A5110792587,authored_by,publication:W2128880918,person:A5110792587,W2128880918,A5110792587,middle,0,7
authored_by:publication:W2128880918->person:A5003452560,authored_by,publication:W2128880918,person:A5003452560,W2128880918,A5003452560,middle,0,8
authored_by:publication:W2128880918->person:A5042879860,authored_by,publication:W2128880918,person:A5042879860,W2128880918,A5042879860,middle,0,9
authored_by:publication:W2128880918->person:A5031270105,authored_by,publication:W2128880918,person:A5031270105,W2128880918,A5031270105,middle,0,10
authored_by:publication:W2128880918->person:A5078003144,authored_by,publication:W2128880918,person:A5078003144,W2128880918,A5078003144,middle,0,11
authored_by:publication:W2128880918->person:A5020597078,authored_by,publication:W2128880918,person:A5020597078,W2128880918,A5020597078,middle,0,12
authored_by:publication:W2128880918->person:A5079724732,authored_by,publication:W2128880918,person:A5079724732,W2128880918,A5079724732,last,0,13
authored_by:publication:W2169456326->person:A5019977651,authored_by,publication:W2169456326,person:A5019977651,W2169456326,A5019977651,first,1,0
authored_by:publication:W2169456326->person:A5111593857,authored_by,publication:W2169456326,person:A5111593857,W2169456326,A5111593857,middle,0,1
authored_by:publication:W2169456326->person:A5029421561,authored_by,publication:W2169456326,person:A5029421561,W2169456326,A5029421561,middle,0,2
authored_by:publication:W2169456326->person:A5111957142,authored_by,publication:W2169456326,person:A5111957142,W2169456326,A5111957142,middle,0,3
authored_by:publication:W2169456326->person:A5027700148,authored_by,publication:W2169456326,person:A5027700148,W2169456326,A5027700148,middle,0,4
authored_by:publication:W2169456326->person:A5071496329,authored_by,publication:W2169456326,person:A5071496329,W2169456326,A5071496329,middle,0,5
authored_by:publication:W2169456326->person:A5026426674,authored_by,publication:W2169456326,person:A5026426674,W2169456326,A5026426674,middle,0,6
authored_by:publication:W2169456326->person:A5026460408,authored_by,publication:W2169456326,person:A5026460408,W2169456326,A5026460408,middle,0,7
authored_by:publication:W2169456326->person:A5067538373,authored_by,publication:W2169456326,person:A5067538373,W2169456326,A5067538373,last,0,8
authored_by:publication:W2149992227->person:A5038201103,authored_by,publication:W2149992227,person:A5038201103,W2149992227,A5038201103,first,0,0
authored_by:publication:W2149992227->person:A5047245152,authored_by,publication:W2149992227,person:A5047245152,W2149992227,A5047245152,middle,0,1
authored_by:publication:W2149992227->person:A5078559681,authored_by,publication:W2149992227,person:A5078559681,W2149992227,A5078559681,middle,0,2
authored_by:publication:W2149992227->person:A5039983345,authored_by,publication:W2149992227,person:A5039983345,W2149992227,A5039983345,middle,0,3
authored_by:publication:W2149992227->person:A5029475781,authored_by,publication:W2149992227,person:A5029475781,W2149992227,A5029475781,middle,0,4
authored_by:publication:W2149992227->person:A5055476069,authored_by,publication:W2149992227,person:A5055476069,W2149992227,A5055476069,middle,0,5
authored_by:publication:W2149992227->person:A5054867399,authored_by,publication:W2149992227,person:A5054867399,W2149992227,A5054867399,middle,0,6
authored_by:publication:W2149992227->person:A5062526316,authored_by,publication:W2149992227,person:A5062526316,W2149992227,A5062526316,middle,0,7
authored_by:publication:W2149992227->person:A5000369565,authored_by,publication:W2149992227,person:A5000369565,W2149992227,A5000369565,middle,0,8
authored_by:publication:W2149992227->person:A5085914713,authored_by,publication:W2149992227,person:A5085914713,W2149992227,A5085914713,middle,0,9
authored_by:publication:W2149992227->person:A5000481707,authored_by,publication:W2149992227,person:A5000481707,W2149992227,A5000481707,middle,0,10
authored_by:publication:W2149992227->person:A5082040351,authored_by,publication:W2149992227,person:A5082040351,W2149992227,A5082040351,middle,1,11
authored_by:publication:W2149992227->person:W2149992227-person-12,authored_by,publication:W2149992227,person:W2149992227-person-12,W2149992227,W2149992227-person-12,last,0,12
authored_by:publication:W2102619694->person:A5079803961,authored_by,publication:W2102619694,person:A5079803961,W2102619694,A5079803961,first,1,0
authored_by:publication:W2102619694->person:A5026920706,authored_by,publication:W2102619694,person:A5026920706,W2102619694,A5026920706,last,0,1
authored_by:publication:W2124351063->person:A5077667471,authored_by,publication:W2124351063,person:A5077667471,W2124351063,A5077667471,first,1,0
authored_by:publication:W2114104545->person:A5029455059,authored_by,publication:W2114104545,person:A5029455059,W2114104545,A5029455059,first,1,0
authored_by:publication:W2114104545->person:A5034469657,authored_by,publication:W2114104545,person:A5034469657,W2114104545,A5034469657,middle,0,1
authored_by:publication:W2114104545->person:A5054704071,authored_by,publication:W2114104545,person:A5054704071,W2114104545,A5054704071,last,0,2
authored_by:publication:W2154845780->person:A5030402857,authored_by,publication:W2154845780,person:A5030402857,W2154845780,A5030402857,first,1,0
authored_by:publication:W2154845780->person:A5101768262,authored_by,publication:W2154845780,person:A5101768262,W2154845780,A5101768262,last,0,1
authored_by:publication:W2103441770->person:A5100338825,authored_by,publication:W2103441770,person:A5100338825,W2103441770,A5100338825,first,1,0
authored_by:publication:W2103441770->person:A5082040351,authored_by,publication:W2103441770,person:A5082040351,W2103441770,A5082040351,last,0,1
authored_by:publication:W2108234281->person:A5100338825,authored_by,publication:W2108234281,person:A5100338825,W2108234281,A5100338825,first,1,0
authored_by:publication:W2108234281->person:A5054867399,authored_by,publication:W2108234281,person:A5054867399,W2108234281,A5054867399,middle,0,1
authored_by:publication:W2108234281->person:A5090190126,authored_by,publication:W2108234281,person:A5090190126,W2108234281,A5090190126,middle,0,2
authored_by:publication:W2108234281->person:A5057927341,authored_by,publication:W2108234281,person:A5057927341,W2108234281,A5057927341,middle,0,3
authored_by:publication:W2108234281->person:A5088950998,authored_by,publication:W2108234281,person:A5088950998,W2108234281,A5088950998,middle,0,4
authored_by:publication:W2108234281->person:A5090073148,authored_by,publication:W2108234281,person:A5090073148,W2108234281,A5090073148,middle,0,5
authored_by:publication:W2108234281->person:A5000369565,authored_by,publication:W2108234281,person:A5000369565,W2108234281,A5000369565,middle,0,6
authored_by:publication:W2108234281->person:A5078559681,authored_by,publication:W2108234281,person:A5078559681,W2108234281,A5078559681,middle,0,7
authored_by:publication:W2108234281->person:A5082040351,authored_by,publication:W2108234281,person:A5082040351,W2108234281,A5082040351,middle,0,8
authored_by:publication:W2108234281->person:W2108234281-person-9,authored_by,publication:W2108234281,person:W2108234281-person-9,W2108234281,W2108234281-person-9,last,0,9
authored_by:publication:W2137015675->person:A5044561793,authored_by,publication:W2137015675,person:A5044561793,W2137015675,A5044561793,first,1,0
authored_by:publication:W2137015675->person:A5041987677,authored_by,publication:W2137015675,person:A5041987677,W2137015675,A5041987677,middle,0,1
authored_by:publication:W2137015675->person:A5021921687,authored_by,publication:W2137015675,person:A5021921687,W2137015675,A5021921687,middle,0,2
authored_by:publication:W2137015675->person:W2137015675-person-3,authored_by,publication:W2137015675,person:W2137015675-person-3,W2137015675,W2137015675-person-3,middle,0,3
authored_by:publication:W2137015675->person:A5062243310,authored_by,publication:W2137015675,person:A5062243310,W2137015675,A5062243310,middle,0,4
authored_by:publication:W2137015675->person:A5084942657,authored_by,publication:W2137015675,person:A5084942657,W2137015675,A5084942657,middle,0,5
authored_by:publication:W2137015675->person:A5002029117,authored_by,publication:W2137015675,person:A5002029117,W2137015675,A5002029117,middle,0,6
authored_by:publication:W2137015675->person:A5072254414,authored_by,publication:W2137015675,person:A5072254414,W2137015675,A5072254414,middle,0,7
authored_by:publication:W2137015675->person:A5036376802,authored_by,publication:W2137015675,person:A5036376802,W2137015675,A5036376802,middle,0,8
authored_by:publication:W2137015675->person:A5018972787,authored_by,publication:W2137015675,person:A5018972787,W2137015675,A5018972787,middle,0,9
authored_by:publication:W2137015675->person:A5039921905,authored_by,publication:W2137015675,person:A5039921905,W2137015675,A5039921905,middle,0,10
authored_by:publication:W2137015675->person:A5004328524,authored_by,publication:W2137015675,person:A5004328524,W2137015675,A5004328524,middle,0,11
authored_by:publication:W2137015675->person:A5090607558,authored_by,publication:W2137015675,person:A5090607558,W2137015675,A5090607558,last,0,12
authored_by:publication:W2168696662->person:A5025640090,authored_by,publication:W2168696662,person:A5025640090,W2168696662,A5025640090,first,1,0
authored_by:publication:W2146058063->person:A5048208979,authored_by,publication:W2146058063,person:A5048208979,W2146058063,A5048208979,first,1,0
authored_by:publication:W2146058063->person:A5068909032,authored_by,publication:W2146058063,person:A5068909032,W2146058063,A5068909032,last,0,1
authored_by:publication:W2161444534->person:A5068909032,authored_by,publication:W2161444534,person:A5068909032,W2161444534,A5068909032,first,1,0
authored_by:publication:W2161444534->person:A5048208979,authored_by,publication:W2161444534,person:A5048208979,W2161444534,A5048208979,last,0,1
authored_by:publication:W2082928585->person:A5042649313,authored_by,publication:W2082928585,person:A5042649313,W2082928585,A5042649313,first,1,0
authored_by:publication:W2082928585->person:A5046615539,authored_by,publication:W2082928585,person:A5046615539,W2082928585,A5046615539,last,0,1
authored_by:publication:W1964435302->person:A5079054289,authored_by,publication:W1964435302,person:A5079054289,W1964435302,A5079054289,first,1,0
authored_by:publication:W1964435302->person:A5001732927,authored_by,publication:W1964435302,person:A5001732927,W1964435302,A5001732927,last,0,1
authored_by:publication:W2328176404->person:A5071955362,authored_by,publication:W2328176404,person:A5071955362,W2328176404,A5071955362,first,1,0
authored_by:publication:W2328176404->person:A5109209191,authored_by,publication:W2328176404,person:A5109209191,W2328176404,A5109209191,middle,0,1
authored_by:publication:W2328176404->person:A5108455151,authored_by,publication:W2328176404,person:A5108455151,W2328176404,A5108455151,last,0,2
authored_by:publication:W1594031697->person:A5112771077,authored_by,publication:W1594031697,person:A5112771077,W1594031697,A5112771077,first,1,0
authored_by:publication:W1594031697->person:A5039125390,authored_by,publication:W1594031697,person:A5039125390,W1594031697,A5039125390,middle,0,1
authored_by:publication:W1594031697->person:A5020427483,authored_by,publication:W1594031697,person:A5020427483,W1594031697,A5020427483,middle,0,2
authored_by:publication:W1594031697->person:A5068820196,authored_by,publication:W1594031697,person:A5068820196,W1594031697,A5068820196,middle,0,3
authored_by:publication:W1594031697->person:A5002401862,authored_by,publication:W1594031697,person:A5002401862,W1594031697,A5002401862,last,0,4
authored_by:publication:W2141088880->person:A5109908960,authored_by,publication:W2141088880,person:A5109908960,W2141088880,A5109908960,first,1,0
authored_by:publication:W2141088880->person:A5040712204,authored_by,publication:W2141088880,person:A5040712204,W2141088880,A5040712204,last,0,1
authored_by:publication:W2164777277->person:A5052609076,authored_by,publication:W2164777277,person:A5052609076,W2164777277,A5052609076,first,1,0
authored_by:publication:W2164777277->person:A5108081836,authored_by,publication:W2164777277,person:A5108081836,W2164777277,A5108081836,last,0,1
authored_by:publication:W2092713296->person:A5055644402,authored_by,publication:W2092713296,person:A5055644402,W2092713296,A5055644402,first,1,0
authored_by:publication:W2097580026->person:A5076177583,authored_by,publication:W2097580026,person:A5076177583,W2097580026,A5076177583,first,1,0
authored_by:publication:W2097580026->person:A5017831058,authored_by,publication:W2097580026,person:A5017831058,W2097580026,A5017831058,last,0,1
authored_by:publication:W2149860264->person:A5113580399,authored_by,publication:W2149860264,person:A5113580399,W2149860264,A5113580399,first,1,0
authored_by:publication:W2149860264->person:A5000968299,authored_by,publication:W2149860264,person:A5000968299,W2149860264,A5000968299,last,0,1
authored_by:publication:W2150291618->person:A5103599799,authored_by,publication:W2150291618,person:A5103599799,W2150291618,A5103599799,first,1,0
authored_by:publication:W2150291618->person:A5071941451,authored_by,publication:W2150291618,person:A5071941451,W2150291618,A5071941451,last,0,1
authored_by:publication:W2168745915->person:A5035867888,authored_by,publication:W2168745915,person:A5035867888,W2168745915,A5035867888,first,1,0
authored_by:publication:W2168745915->person:A5057711739,authored_by,publication:W2168745915,person:A5057711739,W2168745915,A5057711739,last,0,1
authored_by:publication:W2008708467->person:A5013181401,authored_by,publication:W2008708467,person:A5013181401,W2008708467,A5013181401,first,1,0
authored_by:publication:W2008708467->person:A5010965658,authored_by,publication:W2008708467,person:A5010965658,W2008708467,A5010965658,last,0,1
authored_by:publication:W2159707944->person:A5004945875,authored_by,publication:W2159707944,person:A5004945875,W2159707944,A5004945875,first,0,0
authored_by:publication:W2159707944->person:A5071137998,authored_by,publication:W2159707944,person:A5071137998,W2159707944,A5071137998,middle,0,1
authored_by:publication:W2159707944->person:A5080308005,authored_by,publication:W2159707944,person:A5080308005,W2159707944,A5080308005,last,1,2
authored_by:publication:W1999574084->person:A5100374493,authored_by,publication:W1999574084,person:A5100374493,W1999574084,A5100374493,first,1,0
authored_by:publication:W1999574084->person:A5032698492,authored_by,publication:W1999574084,person:A5032698492,W1999574084,A5032698492,last,0,1
authored_by:publication:W2142678478->person:A5064004959,authored_by,publication:W2142678478,person:A5064004959,W2142678478,A5064004959,first,1,0
authored_by:publication:W2142678478->person:A5022867589,authored_by,publication:W2142678478,person:A5022867589,W2142678478,A5022867589,middle,0,1
authored_by:publication:W2142678478->person:A5058039273,authored_by,publication:W2142678478,person:A5058039273,W2142678478,A5058039273,middle,0,2
authored_by:publication:W2142678478->person:A5103281519,authored_by,publication:W2142678478,person:A5103281519,W2142678478,A5103281519,middle,0,3
authored_by:publication:W2142678478->person:A5021448822,authored_by,publication:W2142678478,person:A5021448822,W2142678478,A5021448822,middle,0,4
authored_by:publication:W2142678478->person:A5035049472,authored_by,publication:W2142678478,person:A5035049472,W2142678478,A5035049472,middle,0,5
authored_by:publication:W2142678478->person:A5064872013,authored_by,publication:W2142678478,person:A5064872013,W2142678478,A5064872013,last,0,6
authored_by:publication:W1966327575->person:A5008135470,authored_by,publication:W1966327575,person:A5008135470,W1966327575,A5008135470,first,1,0
authored_by:publication:W1966327575->person:A5000192581,authored_by,publication:W1966327575,person:A5000192581,W1966327575,A5000192581,last,0,1
authored_by:publication:W3118615836->person:A5089979303,authored_by,publication:W3118615836,person:A5089979303,W3118615836,A5089979303,first,1,0
authored_by:publication:W3118615836->person:A5015844348,authored_by,publication:W3118615836,person:A5015844348,W3118615836,A5015844348,middle,0,1
authored_by:publication:W3118615836->person:A5061726857,authored_by,publication:W3118615836,person:A5061726857,W3118615836,A5061726857,middle,0,2
authored_by:publication:W3118615836->person:A5065028933,authored_by,publication:W3118615836,person:A5065028933,W3118615836,A5065028933,middle,0,3
authored_by:publication:W3118615836->person:A5090700680,authored_by,publication:W3118615836,person:A5090700680,W3118615836,A5090700680,middle,0,4
authored_by:publication:W3118615836->person:A5031204654,authored_by,publication:W3118615836,person:A5031204654,W3118615836,A5031204654,middle,0,5
authored_by:publication:W3118615836->person:A5091561305,authored_by,publication:W3118615836,person:A5091561305,W3118615836,A5091561305,middle,0,6
authored_by:publication:W3118615836->person:A5076572041,authored_by,publication:W3118615836,person:A5076572041,W3118615836,A5076572041,middle,0,7
authored_by:publication:W3118615836->person:A5041615321,authored_by,publication:W3118615836,person:A5041615321,W3118615836,A5041615321,middle,0,8
authored_by:publication:W3118615836->person:A5012486829,authored_by,publication:W3118615836,person:A5012486829,W3118615836,A5012486829,middle,0,9
authored_by:publication:W3118615836->person:A5070442023,authored_by,publication:W3118615836,person:A5070442023,W3118615836,A5070442023,middle,0,10
authored_by:publication:W3118615836->person:A5003504334,authored_by,publication:W3118615836,person:A5003504334,W3118615836,A5003504334,middle,0,11
authored_by:publication:W3118615836->person:A5054403907,authored_by,publication:W3118615836,person:A5054403907,W3118615836,A5054403907,middle,0,12
authored_by:publication:W3118615836->person:A5110728949,authored_by,publication:W3118615836,person:A5110728949,W3118615836,A5110728949,middle,0,13
authored_by:publication:W3118615836->person:A5007813511,authored_by,publication:W3118615836,person:A5007813511,W3118615836,A5007813511,middle,0,14
authored_by:publication:W3118615836->person:A5072760500,authored_by,publication:W3118615836,person:A5072760500,W3118615836,A5072760500,middle,0,15
authored_by:publication:W3118615836->person:A5054045289,authored_by,publication:W3118615836,person:A5054045289,W3118615836,A5054045289,middle,0,16
authored_by:publication:W3118615836->person:A5055917772,authored_by,publication:W3118615836,person:A5055917772,W3118615836,A5055917772,middle,0,17
authored_by:publication:W3118615836->person:A5074391235,authored_by,publication:W3118615836,person:A5074391235,W3118615836,A5074391235,middle,0,18
authored_by:publication:W3118615836->person:A5037094305,authored_by,publication:W3118615836,person:A5037094305,W3118615836,A5037094305,middle,0,19
authored_by:publication:W3118615836->person:A5082927689,authored_by,publication:W3118615836,person:A5082927689,W3118615836,A5082927689,middle,0,20
authored_by:publication:W3118615836->person:A5090183643,authored_by,publication:W3118615836,person:A5090183643,W3118615836,A5090183643,middle,0,21
authored_by:publication:W3118615836->person:A5074901391,authored_by,publication:W3118615836,person:A5074901391,W3118615836,A5074901391,middle,0,22
authored_by:publication:W3118615836->person:A5029006782,authored_by,publication:W3118615836,person:A5029006782,W3118615836,A5029006782,middle,0,23
authored_by:publication:W3118615836->person:A5077388783,authored_by,publication:W3118615836,person:A5077388783,W3118615836,A5077388783,middle,0,24
authored_by:publication:W3118615836->person:A5068353058,authored_by,publication:W3118615836,person:A5068353058,W3118615836,A5068353058,last,0,25
authored_by:publication:W2970684805->person:A5015955757,authored_by,publication:W2970684805,person:A5015955757,W2970684805,A5015955757,first,1,0
authored_by:publication:W2970684805->person:A5016408852,authored_by,publication:W2970684805,person:A5016408852,W2970684805,A5016408852,middle,0,1
authored_by:publication:W2970684805->person:A5089979303,authored_by,publication:W2970684805,person:A5089979303,W2970684805,A5089979303,middle,0,2
authored_by:publication:W2970684805->person:A5045704195,authored_by,publication:W2970684805,person:A5045704195,W2970684805,A5045704195,middle,0,3
authored_by:publication:W2970684805->person:A5055466397,authored_by,publication:W2970684805,person:A5055466397,W2970684805,A5055466397,middle,0,4
authored_by:publication:W2970684805->person:A5065028933,authored_by,publication:W2970684805,person:A5065028933,W2970684805,A5065028933,middle,0,5
authored_by:publication:W2970684805->person:A5065716950,authored_by,publication:W2970684805,person:A5065716950,W2970684805,A5065716950,middle,0,6
authored_by:publication:W2970684805->person:A5032815930,authored_by,publication:W2970684805,person:A5032815930,W2970684805,A5032815930,middle,0,7
authored_by:publication:W2970684805->person:A5070206339,authored_by,publication:W2970684805,person:A5070206339,W2970684805,A5070206339,middle,0,8
authored_by:publication:W2970684805->person:A5007536017,authored_by,publication:W2970684805,person:A5007536017,W2970684805,A5007536017,middle,0,9
authored_by:publication:W2970684805->person:A5030250235,authored_by,publication:W2970684805,person:A5030250235,W2970684805,A5030250235,middle,0,10
authored_by:publication:W2970684805->person:A5084268825,authored_by,publication:W2970684805,person:A5084268825,W2970684805,A5084268825,middle,0,11
authored_by:publication:W2970684805->person:A5049975458,authored_by,publication:W2970684805,person:A5049975458,W2970684805,A5049975458,middle,0,12
authored_by:publication:W2970684805->person:A5110728949,authored_by,publication:W2970684805,person:A5110728949,W2970684805,A5110728949,middle,0,13
authored_by:publication:W2970684805->person:A5054149999,authored_by,publication:W2970684805,person:A5054149999,W2970684805,A5054149999,middle,0,14
authored_by:publication:W2970684805->person:A5038409870,authored_by,publication:W2970684805,person:A5038409870,W2970684805,A5038409870,middle,0,15
authored_by:publication:W2970684805->person:A5066377848,authored_by,publication:W2970684805,person:A5066377848,W2970684805,A5066377848,middle,0,16
authored_by:publication:W2970684805->person:A5064914332,authored_by,publication:W2970684805,person:A5064914332,W2970684805,A5064914332,middle,0,17
authored_by:publication:W2970684805->person:A5072760500,authored_by,publication:W2970684805,person:A5072760500,W2970684805,A5072760500,middle,0,18
authored_by:publication:W2970684805->person:A5041376769,authored_by,publication:W2970684805,person:A5041376769,W2970684805,A5041376769,middle,0,19
authored_by:publication:W2970684805->person:A5049611346,authored_by,publication:W2970684805,person:A5049611346,W2970684805,A5049611346,middle,0,20
authored_by:publication:W2970684805->person:A5057600712,authored_by,publication:W2970684805,person:A5057600712,W2970684805,A5057600712,middle,0,21
authored_by:publication:W2970684805->person:A5034465718,authored_by,publication:W2970684805,person:A5034465718,W2970684805,A5034465718,middle,0,22
authored_by:publication:W2970684805->person:A5082927689,authored_by,publication:W2970684805,person:A5082927689,W2970684805,A5082927689,middle,0,23
authored_by:publication:W2970684805->person:A5022945304,authored_by,publication:W2970684805,person:A5022945304,W2970684805,A5022945304,middle,0,24
authored_by:publication:W2970684805->person:A5058039205,authored_by,publication:W2970684805,person:A5058039205,W2970684805,A5058039205,middle,0,25
authored_by:publication:W2970684805->person:A5077388783,authored_by,publication:W2970684805,person:A5077388783,W2970684805,A5077388783,middle,0,26
authored_by:publication:W2970684805->person:A5031195893,authored_by,publication:W2970684805,person:A5031195893,W2970684805,A5031195893,last,0,27
authored_by:publication:W2531269403->person:A5015955757,authored_by,publication:W2531269403,person:A5015955757,W2531269403,A5015955757,first,1,0
authored_by:publication:W2531269403->person:A5084268825,authored_by,publication:W2531269403,person:A5084268825,W2531269403,A5084268825,middle,0,1
authored_by:publication:W2531269403->person:A5049611346,authored_by,publication:W2531269403,person:A5049611346,W2531269403,A5049611346,middle,0,2
authored_by:publication:W2531269403->person:A5016408852,authored_by,publication:W2531269403,person:A5016408852,W2531269403,A5016408852,middle,0,3
authored_by:publication:W2531269403->person:A5023729007,authored_by,publication:W2531269403,person:A5023729007,W2531269403,A5023729007,middle,0,4
authored_by:publication:W2531269403->person:A5035597551,authored_by,publication:W2531269403,person:A5035597551,W2531269403,A5035597551,middle,0,5
authored_by:publication:W2531269403->person:A5029738421,authored_by,publication:W2531269403,person:A5029738421,W2531269403,A5029738421,middle,0,6
authored_by:publication:W2531269403->person:A5042962646,authored_by,publication:W2531269403,person:A5042962646,W2531269403,A5042962646,middle,0,7
authored_by:publication:W2531269403->person:A5109313491,authored_by,publication:W2531269403,person:A5109313491,W2531269403,A5109313491,middle,0,8
authored_by:publication:W2531269403->person:A5065028933,authored_by,publication:W2531269403,person:A5065028933,W2531269403,A5065028933,middle,0,9
authored_by:publication:W2531269403->person:A5072810129,authored_by,publication:W2531269403,person:A5072810129,W2531269403,A5072810129,middle,0,10
authored_by:publication:W2531269403->person:A5053750539,authored_by,publication:W2531269403,person:A5053750539,W2531269403,A5053750539,middle,0,11
authored_by:publication:W2531269403->person:A5049972945,authored_by,publication:W2531269403,person:A5049972945,W2531269403,A5049972945,middle,0,12
authored_by:publication:W2531269403->person:A5009420648,authored_by,publication:W2531269403,person:A5009420648,W2531269403,A5009420648,middle,0,13
authored_by:publication:W2531269403->person:A5110728949,authored_by,publication:W2531269403,person:A5110728949,W2531269403,A5110728949,middle,0,14
authored_by:publication:W2531269403->person:A5066377848,authored_by,publication:W2531269403,person:A5066377848,W2531269403,A5066377848,middle,0,15
authored_by:publication:W2531269403->person:A5038409870,authored_by,publication:W2531269403,person:A5038409870,W2531269403,A5038409870,middle,0,16
authored_by:publication:W2531269403->person:A5072911500,authored_by,publication:W2531269403,person:A5072911500,W2531269403,A5072911500,middle,0,17
authored_by:publication:W2531269403->person:A5064604634,authored_by,publication:W2531269403,person:A5064604634,W2531269403,A5064604634,middle,0,18
authored_by:publication:W2531269403->person:A5060375617,authored_by,publication:W2531269403,person:A5060375617,W2531269403,A5060375617,middle,0,19
authored_by:publication:W2531269403->person:A5084456614,authored_by,publication:W2531269403,person:A5084456614,W2531269403,A5084456614,middle,0,20
authored_by:publication:W2531269403->person:A5068121257,authored_by,publication:W2531269403,person:A5068121257,W2531269403,A5068121257,middle,0,21
authored_by:publication:W2531269403->person:A5108622069,authored_by,publication:W2531269403,person:A5108622069,W2531269403,A5108622069,middle,0,22
authored_by:publication:W2531269403->person:A5070111795,authored_by,publication:W2531269403,person:A5070111795,W2531269403,A5070111795,middle,0,23
authored_by:publication:W2531269403->person:A5071868716,authored_by,publication:W2531269403,person:A5071868716,W2531269403,A5071868716,middle,0,24
authored_by:publication:W2531269403->person:A5110728734,authored_by,publication:W2531269403,person:A5110728734,W2531269403,A5110728734,middle,0,25
authored_by:publication:W2531269403->person:A5034465718,authored_by,publication:W2531269403,person:A5034465718,W2531269403,A5034465718,middle,0,26
authored_by:publication:W2531269403->person:A5022067453,authored_by,publication:W2531269403,person:A5022067453,W2531269403,A5022067453,middle,0,27
authored_by:publication:W2531269403->person:A5103755094,authored_by,publication:W2531269403,person:A5103755094,W2531269403,A5103755094,middle,0,28
authored_by:publication:W2531269403->person:A5081918217,authored_by,publication:W2531269403,person:A5081918217,W2531269403,A5081918217,middle,0,29
authored_by:publication:W2531269403->person:A5074189299,authored_by,publication:W2531269403,person:A5074189299,W2531269403,A5074189299,middle,0,30
authored_by:publication:W2531269403->person:A5109226276,authored_by,publication:W2531269403,person:A5109226276,W2531269403,A5109226276,middle,0,31
authored_by:publication:W2531269403->person:A5035644440,authored_by,publication:W2531269403,person:A5035644440,W2531269403,A5035644440,middle,0,32
authored_by:publication:W2531269403->person:A5077388783,authored_by,publication:W2531269403,person:A5077388783,W2531269403,A5077388783,middle,0,33
authored_by:publication:W2531269403->person:A5031195893,authored_by,publication:W2531269403,person:A5031195893,W2531269403,A5031195893,last,0,34
authored_by:publication:W2098923148->person:A5031195893,authored_by,publication:W2098923148,person:A5031195893,W2098923148,A5031195893,first,1,0
authored_by:publication:W2098923148->person:A5112320499,authored_by,publication:W2098923148,person:A5112320499,W2098923148,A5112320499,middle,0,1
authored_by:publication:W2098923148->person:A5002375158,authored_by,publication:W2098923148,person:A5002375158,W2098923148,A5002375158,middle,0,2
authored_by:publication:W2098923148->person:A5038409870,authored_by,publication:W2098923148,person:A5038409870,W2098923148,A5038409870,middle,0,3
authored_by:publication:W2098923148->person:A5068353058,authored_by,publication:W2098923148,person:A5068353058,W2098923148,A5068353058,middle,0,4
authored_by:publication:W2098923148->person:A5082652200,authored_by,publication:W2098923148,person:A5082652200,W2098923148,A5082652200,middle,0,5
authored_by:publication:W2098923148->person:A5016408852,authored_by,publication:W2098923148,person:A5016408852,W2098923148,A5016408852,middle,0,6
authored_by:publication:W2098923148->person:A5056315210,authored_by,publication:W2098923148,person:A5056315210,W2098923148,A5056315210,middle,0,7
authored_by:publication:W2098923148->person:A5111619792,authored_by,publication:W2098923148,person:A5111619792,W2098923148,A5111619792,middle,0,8
authored_by:publication:W2098923148->person:A5015955757,authored_by,publication:W2098923148,person:A5015955757,W2098923148,A5015955757,middle,0,9
authored_by:publication:W2098923148->person:W2098923148-person-10,authored_by,publication:W2098923148,person:W2098923148-person-10,W2098923148,W2098923148-person-10,middle,0,10
authored_by:publication:W2098923148->person:W2098923148-person-11,authored_by,publication:W2098923148,person:W2098923148-person-11,W2098923148,W2098923148-person-11,last,0,11
authored_by:publication:W2156098321->person:A5068353058,authored_by,publication:W2156098321,person:A5068353058,W2156098321,A5068353058,first,1,0
authored_by:publication:W2156098321->person:A5113580052,authored_by,publication:W2156098321,person:A5113580052,W2156098321,A5113580052,middle,0,1
authored_by:publication:W2156098321->person:A5076572041,authored_by,publication:W2156098321,person:A5076572041,W2156098321,A5076572041,middle,0,2
authored_by:publication:W2156098321->person:A5042962646,authored_by,publication:W2156098321,person:A5042962646,W2156098321,A5042962646,middle,0,3
authored_by:publication:W2156098321->person:W2156098321-person-4,authored_by,publication:W2156098321,person:W2156098321-person-4,W2156098321,W2156098321-person-4,last,0,4
authored_by:publication:W2134833483->person:A5113580052,authored_by,publication:W2134833483,person:A5113580052,W2134833483,A5113580052,first,1,0
authored_by:publication:W2134833483->person:A5112320499,authored_by,publication:W2134833483,person:A5112320499,W2134833483,A5112320499,middle,0,1
authored_by:publication:W2134833483->person:A5076572041,authored_by,publication:W2134833483,person:A5076572041,W2134833483,A5076572041,middle,0,2
authored_by:publication:W2134833483->person:A5031204654,authored_by,publication:W2134833483,person:A5031204654,W2134833483,A5031204654,middle,0,3
authored_by:publication:W2134833483->person:A5002375158,authored_by,publication:W2134833483,person:A5002375158,W2134833483,A5002375158,middle,0,4
authored_by:publication:W2134833483->person:A5070446713,authored_by,publication:W2134833483,person:A5070446713,W2134833483,A5070446713,middle,0,5
authored_by:publication:W2134833483->person:A5068789733,authored_by,publication:W2134833483,person:A5068789733,W2134833483,A5068789733,middle,0,6
authored_by:publication:W2134833483->person:A5040874215,authored_by,publication:W2134833483,person:A5040874215,W2134833483,A5040874215,middle,0,7
authored_by:publication:W2134833483->person:A5065584931,authored_by,publication:W2134833483,person:A5065584931,W2134833483,A5065584931,middle,0,8
authored_by:publication:W2134833483->person:A5068353058,authored_by,publication:W2134833483,person:A5068353058,W2134833483,A5068353058,last,0,9
authored_by:publication:W2165010366->person:A5031717153,authored_by,publication:W2165010366,person:A5031717153,W2165010366,A5031717153,first,1,0
authored_by:publication:W2165010366->person:A5082652200,authored_by,publication:W2165010366,person:A5082652200,W2165010366,A5082652200,middle,0,1
authored_by:publication:W2165010366->person:A5008584776,authored_by,publication:W2165010366,person:A5008584776,W2165010366,A5008584776,middle,0,2
authored_by:publication:W2165010366->person:A5058128340,authored_by,publication:W2165010366,person:A5058128340,W2165010366,A5058128340,middle,0,3
authored_by:publication:W2165010366->person:A5101485320,authored_by,publication:W2165010366,person:A5101485320,W2165010366,A5101485320,middle,0,4
authored_by:publication:W2165010366->person:A5012215238,authored_by,publication:W2165010366,person:A5012215238,W2165010366,A5012215238,middle,0,5
authored_by:publication:W2165010366->person:A5071868716,authored_by,publication:W2165010366,person:A5071868716,W2165010366,A5071868716,last,0,6
authored_by:publication:W2125435699->person:A5031195893,authored_by,publication:W2125435699,person:A5031195893,W2125435699,A5031195893,first,1,0
authored_by:publication:W2125435699->person:A5007606690,authored_by,publication:W2125435699,person:A5007606690,W2125435699,A5007606690,middle,0,1
authored_by:publication:W2125435699->person:A5009420648,authored_by,publication:W2125435699,person:A5009420648,W2125435699,A5009420648,middle,0,2
authored_by:publication:W2125435699->person:A5042962646,authored_by,publication:W2125435699,person:A5042962646,W2125435699,A5042962646,last,0,3
authored_by:publication:W2104129218->person:A5102810338,authored_by,publication:W2104129218,person:A5102810338,W2104129218,A5102810338,first,1,0
authored_by:publication:W2157823046->person:A5077161809,authored_by,publication:W2157823046,person:A5077161809,W2157823046,A5077161809,first,1,0
authored_by:publication:W2157823046->person:A5013184354,authored_by,publication:W2157823046,person:A5013184354,W2157823046,A5013184354,middle,0,1
authored_by:publication:W2157823046->person:A5103098101,authored_by,publication:W2157823046,person:A5103098101,W2157823046,A5103098101,middle,0,2
authored_by:publication:W2157823046->person:A5025898289,authored_by,publication:W2157823046,person:A5025898289,W2157823046,A5025898289,last,0,3
authored_by:publication:W2106952837->person:A5035834258,authored_by,publication:W2106952837,person:A5035834258,W2106952837,A5035834258,first,1,0
authored_by:publication:W2106952837->person:A5083018976,authored_by,publication:W2106952837,person:A5083018976,W2106952837,A5083018976,middle,0,1
authored_by:publication:W2106952837->person:A5109215616,authored_by,publication:W2106952837,person:A5109215616,W2106952837,A5109215616,middle,0,2
authored_by:publication:W2106952837->person:A5082226580,authored_by,publication:W2106952837,person:A5082226580,W2106952837,A5082226580,middle,0,3
authored_by:publication:W2106952837->person:A5111972371,authored_by,publication:W2106952837,person:A5111972371,W2106952837,A5111972371,last,0,4
authored_by:publication:W2121960517->person:A5009975594,authored_by,publication:W2121960517,person:A5009975594,W2121960517,A5009975594,first,1,0
authored_by:publication:W2560367415->person:A5030131864,authored_by,publication:W2560367415,person:A5030131864,W2560367415,A5030131864,first,1,0
authored_by:publication:W2560367415->person:A5011687402,authored_by,publication:W2560367415,person:A5011687402,W2560367415,A5011687402,middle,0,1
authored_by:publication:W2560367415->person:A5028882183,authored_by,publication:W2560367415,person:A5028882183,W2560367415,A5028882183,middle,0,2
authored_by:publication:W2560367415->person:A5110600183,authored_by,publication:W2560367415,person:A5110600183,W2560367415,A5110600183,middle,0,3
authored_by:publication:W2560367415->person:A5112010242,authored_by,publication:W2560367415,person:A5112010242,W2560367415,A5112010242,middle,0,4
authored_by:publication:W2560367415->person:A5013148496,authored_by,publication:W2560367415,person:A5013148496,W2560367415,A5013148496,middle,0,5
authored_by:publication:W2560367415->person:A5049945196,authored_by,publication:W2560367415,person:A5049945196,W2560367415,A5049945196,last,0,6
authored_by:publication:W2052853635->person:A5111649873,authored_by,publication:W2052853635,person:A5111649873,W2052853635,A5111649873,first,1,0
authored_by:publication:W2052853635->person:A5112790833,authored_by,publication:W2052853635,person:A5112790833,W2052853635,A5112790833,middle,0,1
authored_by:publication:W2052853635->person:A5088596046,authored_by,publication:W2052853635,person:A5088596046,W2052853635,A5088596046,last,0,2
authored_by:publication:W2033952602->person:A5089101943,authored_by,publication:W2033952602,person:A5089101943,W2033952602,A5089101943,first,1,0
authored_by:publication:W2033952602->person:A5043467343,authored_by,publication:W2033952602,person:A5043467343,W2033952602,A5043467343,middle,0,1
authored_by:publication:W2033952602->person:A5027555740,authored_by,publication:W2033952602,person:A5027555740,W2033952602,A5027555740,last,0,2
authored_by:publication:W1995341919->person:A5110509669,authored_by,publication:W1995341919,person:A5110509669,W1995341919,A5110509669,first,1,0
authored_by:publication:W1995341919->person:A5109328597,authored_by,publication:W1995341919,person:A5109328597,W1995341919,A5109328597,last,0,1
authored_by:publication:W2173251738->person:A5062003303,authored_by,publication:W2173251738,person:A5062003303,W2173251738,A5062003303,first,1,0
authored_by:publication:W2173251738->person:A5091037421,authored_by,publication:W2173251738,person:A5091037421,W2173251738,A5091037421,middle,0,1
authored_by:publication:W2173251738->person:A5066828579,authored_by,publication:W2173251738,person:A5066828579,W2173251738,A5066828579,middle,0,2
authored_by:publication:W2173251738->person:A5009132654,authored_by,publication:W2173251738,person:A5009132654,W2173251738,A5009132654,middle,0,3
authored_by:publication:W2173251738->person:A5017613338,authored_by,publication:W2173251738,person:A5017613338,W2173251738,A5017613338,middle,0,4
authored_by:publication:W2173251738->person:A5074987152,authored_by,publication:W2173251738,person:A5074987152,W2173251738,A5074987152,middle,0,5
authored_by:publication:W2173251738->person:A5053811377,authored_by,publication:W2173251738,person:A5053811377,W2173251738,A5053811377,middle,0,6
authored_by:publication:W2173251738->person:A5109971543,authored_by,publication:W2173251738,person:A5109971543,W2173251738,A5109971543,middle,0,7
authored_by:publication:W2173251738->person:A5008015231,authored_by,publication:W2173251738,person:A5008015231,W2173251738,A5008015231,middle,0,8
authored_by:publication:W2173251738->person:A5111746392,authored_by,publication:W2173251738,person:A5111746392,W2173251738,A5111746392,middle,0,9
authored_by:publication:W2173251738->person:A5101736566,authored_by,publication:W2173251738,person:A5101736566,W2173251738,A5101736566,middle,0,10
authored_by:publication:W2173251738->person:A5001184000,authored_by,publication:W2173251738,person:A5001184000,W2173251738,A5001184000,middle,0,11
authored_by:publication:W2173251738->person:A5061520454,authored_by,publication:W2173251738,person:A5061520454,W2173251738,A5061520454,middle,0,12
authored_by:publication:W2173251738->person:A5077093969,authored_by,publication:W2173251738,person:A5077093969,W2173251738,A5077093969,middle,0,13
authored_by:publication:W2173251738->person:A5080490811,authored_by,publication:W2173251738,person:A5080490811,W2173251738,A5080490811,middle,0,14
authored_by:publication:W2173251738->person:A5066428609,authored_by,publication:W2173251738,person:A5066428609,W2173251738,A5066428609,middle,0,15
authored_by:publication:W2173251738->person:A5039440711,authored_by,publication:W2173251738,person:A5039440711,W2173251738,A5039440711,middle,0,16
authored_by:publication:W2173251738->person:A5113311455,authored_by,publication:W2173251738,person:A5113311455,W2173251738,A5113311455,middle,0,17
authored_by:publication:W2173251738->person:A5002363681,authored_by,publication:W2173251738,person:A5002363681,W2173251738,A5002363681,middle,0,18
authored_by:publication:W2173251738->person:A5058412139,authored_by,publication:W2173251738,person:A5058412139,W2173251738,A5058412139,middle,0,19
authored_by:publication:W2173251738->person:A5030942823,authored_by,publication:W2173251738,person:A5030942823,W2173251738,A5030942823,middle,0,20
authored_by:publication:W2173251738->person:A5024874235,authored_by,publication:W2173251738,person:A5024874235,W2173251738,A5024874235,last,0,21
authored_by:publication:W2121001699->person:A5005379209,authored_by,publication:W2121001699,person:A5005379209,W2121001699,A5005379209,first,1,0
authored_by:publication:W2121001699->person:A5002909072,authored_by,publication:W2121001699,person:A5002909072,W2121001699,A5002909072,last,0,1
authored_by:publication:W4393935425->person:A5064215217,authored_by,publication:W4393935425,person:A5064215217,W4393935425,A5064215217,first,1,0
authored_by:publication:W4393935425->person:A5026861762,authored_by,publication:W4393935425,person:A5026861762,W4393935425,A5026861762,middle,0,1
authored_by:publication:W4393935425->person:A5082191284,authored_by,publication:W4393935425,person:A5082191284,W4393935425,A5082191284,middle,0,2
authored_by:publication:W4393935425->person:A5051830072,authored_by,publication:W4393935425,person:A5051830072,W4393935425,A5051830072,middle,0,3
authored_by:publication:W4393935425->person:A5047300895,authored_by,publication:W4393935425,person:A5047300895,W4393935425,A5047300895,middle,0,4
authored_by:publication:W4393935425->person:A5057880586,authored_by,publication:W4393935425,person:A5057880586,W4393935425,A5057880586,middle,0,5
authored_by:publication:W4393935425->person:A5009198168,authored_by,publication:W4393935425,person:A5009198168,W4393935425,A5009198168,last,0,6
authored_by:publication:W4315754639->person:A5047300895,authored_by,publication:W4315754639,person:A5047300895,W4315754639,A5047300895,first,1,0
authored_by:publication:W4315754639->person:A5015181760,authored_by,publication:W4315754639,person:A5015181760,W4315754639,A5015181760,middle,0,1
authored_by:publication:W4315754639->person:A5089336149,authored_by,publication:W4315754639,person:A5089336149,W4315754639,A5089336149,middle,0,2
authored_by:publication:W4315754639->person:A5009198168,authored_by,publication:W4315754639,person:A5009198168,W4315754639,A5009198168,last,0,3
authored_by:publication:W4206841660->person:A5047300895,authored_by,publication:W4206841660,person:A5047300895,W4206841660,A5047300895,first,1,0
authored_by:publication:W4206841660->person:A5015181760,authored_by,publication:W4206841660,person:A5015181760,W4206841660,A5015181760,middle,0,1
authored_by:publication:W4206841660->person:A5086800123,authored_by,publication:W4206841660,person:A5086800123,W4206841660,A5086800123,middle,0,2
authored_by:publication:W4206841660->person:A5009198168,authored_by,publication:W4206841660,person:A5009198168,W4206841660,A5009198168,last,0,3
authored_by:publication:W3119005666->person:A5047300895,authored_by,publication:W3119005666,person:A5047300895,W3119005666,A5047300895,first,1,0
authored_by:publication:W3119005666->person:A5015181760,authored_by,publication:W3119005666,person:A5015181760,W3119005666,A5015181760,middle,0,1
authored_by:publication:W3119005666->person:A5086800123,authored_by,publication:W3119005666,person:A5086800123,W3119005666,A5086800123,middle,0,2
authored_by:publication:W3119005666->person:A5009198168,authored_by,publication:W3119005666,person:A5009198168,W3119005666,A5009198168,last,0,3
authored_by:publication:W3128646645->person:A5082191284,authored_by,publication:W3128646645,person:A5082191284,W3128646645,A5082191284,first,0,0
authored_by:publication:W3128646645->person:A5051830072,authored_by,publication:W3128646645,person:A5051830072,W3128646645,A5051830072,middle,0,1
authored_by:publication:W3128646645->person:A5047300895,authored_by,publication:W3128646645,person:A5047300895,W3128646645,A5047300895,middle,0,2
authored_by:publication:W3128646645->person:A5026861762,authored_by,publication:W3128646645,person:A5026861762,W3128646645,A5026861762,middle,0,3
authored_by:publication:W3128646645->person:A5057880586,authored_by,publication:W3128646645,person:A5057880586,W3128646645,A5057880586,middle,0,4
authored_by:publication:W3128646645->person:A5009198168,authored_by,publication:W3128646645,person:A5009198168,W3128646645,A5009198168,middle,0,5
authored_by:publication:W3128646645->person:A5064215217,authored_by,publication:W3128646645,person:A5064215217,W3128646645,A5064215217,last,1,6
authored_by:publication:W2999417355->person:A5047300895,authored_by,publication:W2999417355,person:A5047300895,W2999417355,A5047300895,first,1,0
authored_by:publication:W2999417355->person:A5015181760,authored_by,publication:W2999417355,person:A5015181760,W2999417355,A5015181760,middle,0,1
authored_by:publication:W2999417355->person:A5009198168,authored_by,publication:W2999417355,person:A5009198168,W2999417355,A5009198168,last,0,2
authored_by:publication:W2911188335->person:A5047300895,authored_by,publication:W2911188335,person:A5047300895,W2911188335,A5047300895,first,1,0
authored_by:publication:W2911188335->person:A5015181760,authored_by,publication:W2911188335,person:A5015181760,W2911188335,A5015181760,middle,0,1
authored_by:publication:W2911188335->person:A5009198168,authored_by,publication:W2911188335,person:A5009198168,W2911188335,A5009198168,last,0,2
authored_by:publication:W2781525129->person:A5047300895,authored_by,publication:W2781525129,person:A5047300895,W2781525129,A5047300895,first,1,0
authored_by:publication:W2781525129->person:A5015181760,authored_by,publication:W2781525129,person:A5015181760,W2781525129,A5015181760,middle,0,1
authored_by:publication:W2781525129->person:A5009198168,authored_by,publication:W2781525129,person:A5009198168,W2781525129,A5009198168,last,0,2
authored_by:publication:W2889646458->person:A5064215217,authored_by,publication:W2889646458,person:A5064215217,W2889646458,A5064215217,first,1,0
authored_by:publication:W2889646458->person:A5051830072,authored_by,publication:W2889646458,person:A5051830072,W2889646458,A5051830072,middle,0,1
authored_by:publication:W2889646458->person:A5057880586,authored_by,publication:W2889646458,person:A5057880586,W2889646458,A5057880586,middle,0,2
authored_by:publication:W2889646458->person:A5047300895,authored_by,publication:W2889646458,person:A5047300895,W2889646458,A5047300895,middle,0,3
authored_by:publication:W2889646458->person:A5110967014,authored_by,publication:W2889646458,person:A5110967014,W2889646458,A5110967014,middle,0,4
authored_by:publication:W2889646458->person:A5009198168,authored_by,publication:W2889646458,person:A5009198168,W2889646458,A5009198168,last,0,5
authored_by:publication:W2272984102->person:A5083719308,authored_by,publication:W2272984102,person:A5083719308,W2272984102,A5083719308,first,1,0
authored_by:publication:W2272984102->person:A5073808064,authored_by,publication:W2272984102,person:A5073808064,W2272984102,A5073808064,middle,0,1
authored_by:publication:W2272984102->person:A5064186655,authored_by,publication:W2272984102,person:A5064186655,W2272984102,A5064186655,middle,0,2
authored_by:publication:W2272984102->person:A5104832272,authored_by,publication:W2272984102,person:A5104832272,W2272984102,A5104832272,middle,0,3
authored_by:publication:W2272984102->person:A5004337669,authored_by,publication:W2272984102,person:A5004337669,W2272984102,A5004337669,middle,0,4
authored_by:publication:W2272984102->person:A5064215217,authored_by,publication:W2272984102,person:A5064215217,W2272984102,A5064215217,middle,0,5
authored_by:publication:W2272984102->person:A5009198168,authored_by,publication:W2272984102,person:A5009198168,W2272984102,A5009198168,middle,0,6
authored_by:publication:W2272984102->person:A5004937788,authored_by,publication:W2272984102,person:A5004937788,W2272984102,A5004937788,middle,0,7
authored_by:publication:W2272984102->person:A5100685161,authored_by,publication:W2272984102,person:A5100685161,W2272984102,A5100685161,last,0,8
authored_by:publication:W2235523093->person:A5047300895,authored_by,publication:W2235523093,person:A5047300895,W2235523093,A5047300895,first,1,0
authored_by:publication:W2235523093->person:A5015181760,authored_by,publication:W2235523093,person:A5015181760,W2235523093,A5015181760,middle,0,1
authored_by:publication:W2235523093->person:A5009198168,authored_by,publication:W2235523093,person:A5009198168,W2235523093,A5009198168,last,0,2
authored_by:publication:W2917837889->person:A5110967014,authored_by,publication:W2917837889,person:A5110967014,W2917837889,A5110967014,first,1,0
authored_by:publication:W2917837889->person:A5064215217,authored_by,publication:W2917837889,person:A5064215217,W2917837889,A5064215217,middle,0,1
authored_by:publication:W2917837889->person:A5047300895,authored_by,publication:W2917837889,person:A5047300895,W2917837889,A5047300895,middle,0,2
authored_by:publication:W2917837889->person:A5051830072,authored_by,publication:W2917837889,person:A5051830072,W2917837889,A5051830072,middle,0,3
authored_by:publication:W2917837889->person:A5003542814,authored_by,publication:W2917837889,person:A5003542814,W2917837889,A5003542814,middle,0,4
authored_by:publication:W2917837889->person:A5009198168,authored_by,publication:W2917837889,person:A5009198168,W2917837889,A5009198168,last,0,5
authored_by:publication:W2106787323->person:A5009198168,authored_by,publication:W2106787323,person:A5009198168,W2106787323,A5009198168,first,1,0
authored_by:publication:W2106787323->person:A5064215217,authored_by,publication:W2106787323,person:A5064215217,W2106787323,A5064215217,middle,0,1
authored_by:publication:W2106787323->person:A5051830072,authored_by,publication:W2106787323,person:A5051830072,W2106787323,A5051830072,middle,0,2
authored_by:publication:W2106787323->person:A5101396776,authored_by,publication:W2106787323,person:A5101396776,W2106787323,A5101396776,middle,0,3
authored_by:publication:W2106787323->person:A5111768129,authored_by,publication:W2106787323,person:A5111768129,W2106787323,A5111768129,last,0,4
authored_by:publication:W2020830322->person:A5060764581,authored_by,publication:W2020830322,person:A5060764581,W2020830322,A5060764581,first,1,0
authored_by:publication:W2020830322->person:A5064215217,authored_by,publication:W2020830322,person:A5064215217,W2020830322,A5064215217,middle,0,1
authored_by:publication:W2020830322->person:A5051830072,authored_by,publication:W2020830322,person:A5051830072,W2020830322,A5051830072,middle,0,2
authored_by:publication:W2020830322->person:A5007892044,authored_by,publication:W2020830322,person:A5007892044,W2020830322,A5007892044,last,0,3
authored_by:publication:W4300009529->person:W4300009529-person-0,authored_by,publication:W4300009529,person:W4300009529-person-0,W4300009529,W4300009529-person-0,first,1,0
authored_by:publication:W2296319761->person:A5011176205,authored_by,publication:W2296319761,person:A5011176205,W2296319761,A5011176205,first,1,0
authored_by:publication:W2296319761->person:A5017990990,authored_by,publication:W2296319761,person:A5017990990,W2296319761,A5017990990,last,0,1
authored_by:publication:W2033819227->person:A5020216442,authored_by,publication:W2033819227,person:A5020216442,W2033819227,A5020216442,first,1,0
authored_by:publication:W2033819227->person:A5057678172,authored_by,publication:W2033819227,person:A5057678172,W2033819227,A5057678172,last,0,1
authored_by:publication:W1666853924->person:A5110893439,authored_by,publication:W1666853924,person:A5110893439,W1666853924,A5110893439,first,1,0
authored_by:publication:W1666853924->person:A5110890858,authored_by,publication:W1666853924,person:A5110890858,W1666853924,A5110890858,middle,0,1
authored_by:publication:W1666853924->person:W1666853924-person-2,authored_by,publication:W1666853924,person:W1666853924-person-2,W1666853924,W1666853924-person-2,middle,0,2
authored_by:publication:W1666853924->person:W1666853924-person-3,authored_by,publication:W1666853924,person:W1666853924-person-3,W1666853924,W1666853924-person-3,middle,0,3
authored_by:publication:W1666853924->person:W1666853924-person-4,authored_by,publication:W1666853924,person:W1666853924-person-4,W1666853924,W1666853924-person-4,middle,0,4
authored_by:publication:W1666853924->person:W1666853924-person-5,authored_by,publication:W1666853924,person:W1666853924-person-5,W1666853924,W1666853924-person-5,middle,0,5
authored_by:publication:W1666853924->person:W1666853924-person-6,authored_by,publication:W1666853924,person:W1666853924-person-6,W1666853924,W1666853924-person-6,middle,0,6
authored_by:publication:W1666853924->person:W1666853924-person-7,authored_by,publication:W1666853924,person:W1666853924-person-7,W1666853924,W1666853924-person-7,middle,0,7
authored_by:publication:W1666853924->person:W1666853924-person-8,authored_by,publication:W1666853924,person:W1666853924-person-8,W1666853924,W1666853924-person-8,last,0,8
authored_by:publication:W4210702550->person:A5018954657,authored_by,publication:W4210702550,person:A5018954657,W4210702550,A5018954657,first,1,0
authored_by:publication:W950821216->person:A5110328496,authored_by,publication:W950821216,person:A5110328496,W950821216,A5110328496,first,1,0
authored_by:publication:W950821216->person:A5013955991,authored_by,publication:W950821216,person:A5013955991,W950821216,A5013955991,last,0,1
authored_by:publication:W4245961435->person:A5061396853,authored_by,publication:W4245961435,person:A5061396853,W4245961435,A5061396853,first,1,0
authored_by:publication:W4245961435->person:A5018954657,authored_by,publication:W4245961435,person:A5018954657,W4245961435,A5018954657,last,0,1
authored_by:publication:W4233654598->person:A5003087402,authored_by,publication:W4233654598,person:A5003087402,W4233654598,A5003087402,first,1,0
authored_by:publication:W4298413470->person:A5111418782,authored_by,publication:W4298413470,person:A5111418782,W4298413470,A5111418782,first,1,0
authored_by:publication:W2133469585->person:A5111995000,authored_by,publication:W2133469585,person:A5111995000,W2133469585,A5111995000,first,1,0
authored_by:publication:W2133469585->person:A5000234995,authored_by,publication:W2133469585,person:A5000234995,W2133469585,A5000234995,last,0,1
authored_by:publication:W4301056702->person:A5035242470,authored_by,publication:W4301056702,person:A5035242470,W4301056702,A5035242470,first,1,0
authored_by:publication:W2118338381->person:A5082814826,authored_by,publication:W2118338381,person:A5082814826,W2118338381,A5082814826,first,1,0
authored_by:publication:W2118338381->person:A5028740204,authored_by,publication:W2118338381,person:A5028740204,W2118338381,A5028740204,last,0,1
authored_by:publication:W2152311269->person:A5089452951,authored_by,publication:W2152311269,person:A5089452951,W2152311269,A5089452951,first,1,0
authored_by:publication:W2152311269->person:A5032047957,authored_by,publication:W2152311269,person:A5032047957,W2152311269,A5032047957,last,0,1
authored_by:publication:W2300552860->person:A5089452951,authored_by,publication:W2300552860,person:A5089452951,W2300552860,A5089452951,first,1,0
authored_by:publication:W2300552860->person:A5032047957,authored_by,publication:W2300552860,person:A5032047957,W2300552860,A5032047957,last,0,1
authored_by:publication:W2038533471->person:A5067673309,authored_by,publication:W2038533471,person:A5067673309,W2038533471,A5067673309,first,1,0
authored_by:publication:W2038533471->person:A5111721341,authored_by,publication:W2038533471,person:A5111721341,W2038533471,A5111721341,middle,0,1
authored_by:publication:W2038533471->person:A5008617550,authored_by,publication:W2038533471,person:A5008617550,W2038533471,A5008617550,last,0,2
authored_by:publication:W1999130958->person:A5080419206,authored_by,publication:W1999130958,person:A5080419206,W1999130958,A5080419206,first,1,0
authored_by:publication:W2149441684->person:A5071787046,authored_by,publication:W2149441684,person:A5071787046,W2149441684,A5071787046,first,1,0
authored_by:publication:W2149441684->person:A5014978419,authored_by,publication:W2149441684,person:A5014978419,W2149441684,A5014978419,middle,0,1
authored_by:publication:W2149441684->person:A5006798669,authored_by,publication:W2149441684,person:A5006798669,W2149441684,A5006798669,middle,0,2
authored_by:publication:W2149441684->person:A5026873890,authored_by,publication:W2149441684,person:A5026873890,W2149441684,A5026873890,middle,0,3
authored_by:publication:W2149441684->person:A5020961360,authored_by,publication:W2149441684,person:A5020961360,W2149441684,A5020961360,middle,0,4
authored_by:publication:W2149441684->person:A5020220136,authored_by,publication:W2149441684,person:A5020220136,W2149441684,A5020220136,middle,0,5
authored_by:publication:W2149441684->person:A5049766408,authored_by,publication:W2149441684,person:A5049766408,W2149441684,A5049766408,middle,0,6
authored_by:publication:W2149441684->person:A5064902745,authored_by,publication:W2149441684,person:A5064902745,W2149441684,A5064902745,middle,0,7
authored_by:publication:W2149441684->person:A5090047444,authored_by,publication:W2149441684,person:A5090047444,W2149441684,A5090047444,middle,0,8
authored_by:publication:W2149441684->person:A5050629872,authored_by,publication:W2149441684,person:A5050629872,W2149441684,A5050629872,middle,0,9
authored_by:publication:W2149441684->person:A5050760316,authored_by,publication:W2149441684,person:A5050760316,W2149441684,A5050760316,middle,0,10
authored_by:publication:W2149441684->person:A5086570651,authored_by,publication:W2149441684,person:A5086570651,W2149441684,A5086570651,middle,0,11
authored_by:publication:W2149441684->person:A5066362880,authored_by,publication:W2149441684,person:A5066362880,W2149441684,A5066362880,middle,0,12
authored_by:publication:W2149441684->person:A5008166270,authored_by,publication:W2149441684,person:A5008166270,W2149441684,A5008166270,middle,0,13
authored_by:publication:W2149441684->person:A5033125884,authored_by,publication:W2149441684,person:A5033125884,W2149441684,A5033125884,last,0,14
authored_by:publication:W3009912996->person:A5019620317,authored_by,publication:W3009912996,person:A5019620317,W3009912996,A5019620317,first,1,0
authored_by:publication:W3009912996->person:A5044441675,authored_by,publication:W3009912996,person:A5044441675,W3009912996,A5044441675,middle,0,1
authored_by:publication:W3009912996->person:A5074494709,authored_by,publication:W3009912996,person:A5074494709,W3009912996,A5074494709,middle,0,2
authored_by:publication:W3009912996->person:A5082143205,authored_by,publication:W3009912996,person:A5082143205,W3009912996,A5082143205,middle,0,3
authored_by:publication:W3009912996->person:A5063536124,authored_by,publication:W3009912996,person:A5063536124,W3009912996,A5063536124,middle,0,4
authored_by:publication:W3009912996->person:A5083074687,authored_by,publication:W3009912996,person:A5083074687,W3009912996,A5083074687,middle,0,5
authored_by:publication:W3009912996->person:A5033152934,authored_by,publication:W3009912996,person:A5033152934,W3009912996,A5033152934,middle,0,6
authored_by:publication:W3009912996->person:A5065412037,authored_by,publication:W3009912996,person:A5065412037,W3009912996,A5065412037,middle,0,7
authored_by:publication:W3009912996->person:A5028405920,authored_by,publication:W3009912996,person:A5028405920,W3009912996,A5028405920,middle,0,8
authored_by:publication:W3009912996->person:A5007303691,authored_by,publication:W3009912996,person:A5007303691,W3009912996,A5007303691,middle,0,9
authored_by:publication:W3009912996->person:A5109246066,authored_by,publication:W3009912996,person:A5109246066,W3009912996,A5109246066,middle,0,10
authored_by:publication:W3009912996->person:A5011461272,authored_by,publication:W3009912996,person:A5011461272,W3009912996,A5011461272,middle,0,11
authored_by:publication:W3009912996->person:A5004595481,authored_by,publication:W3009912996,person:A5004595481,W3009912996,A5004595481,last,0,12
authored_by:publication:W2949177718->person:A5003957777,authored_by,publication:W2949177718,person:A5003957777,W2949177718,A5003957777,first,1,0
authored_by:publication:W2949177718->person:A5042529830,authored_by,publication:W2949177718,person:A5042529830,W2949177718,A5042529830,middle,0,1
authored_by:publication:W2949177718->person:A5078971011,authored_by,publication:W2949177718,person:A5078971011,W2949177718,A5078971011,middle,0,2
authored_by:publication:W2949177718->person:A5072183933,authored_by,publication:W2949177718,person:A5072183933,W2949177718,A5072183933,middle,0,3
authored_by:publication:W2949177718->person:A5045393597,authored_by,publication:W2949177718,person:A5045393597,W2949177718,A5045393597,middle,0,4
authored_by:publication:W2949177718->person:A5065039556,authored_by,publication:W2949177718,person:A5065039556,W2949177718,A5065039556,middle,0,5
authored_by:publication:W2949177718->person:A5014193997,authored_by,publication:W2949177718,person:A5014193997,W2949177718,A5014193997,middle,0,6
authored_by:publication:W2949177718->person:A5084129649,authored_by,publication:W2949177718,person:A5084129649,W2949177718,A5084129649,middle,0,7
authored_by:publication:W2949177718->person:A5039402589,authored_by,publication:W2949177718,person:A5039402589,W2949177718,A5039402589,middle,0,8
authored_by:publication:W2949177718->person:A5058180202,authored_by,publication:W2949177718,person:A5058180202,W2949177718,A5058180202,last,0,9
authored_by:publication:W1997183854->person:A5047039050,authored_by,publication:W1997183854,person:A5047039050,W1997183854,A5047039050,first,1,0
authored_by:publication:W1997183854->person:A5045645746,authored_by,publication:W1997183854,person:A5045645746,W1997183854,A5045645746,middle,0,1
authored_by:publication:W1997183854->person:A5014823035,authored_by,publication:W1997183854,person:A5014823035,W1997183854,A5014823035,middle,0,2
authored_by:publication:W1997183854->person:A5085074627,authored_by,publication:W1997183854,person:A5085074627,W1997183854,A5085074627,middle,0,3
authored_by:publication:W1997183854->person:A5096889554,authored_by,publication:W1997183854,person:A5096889554,W1997183854,A5096889554,middle,0,4
authored_by:publication:W1997183854->person:A5040309991,authored_by,publication:W1997183854,person:A5040309991,W1997183854,A5040309991,middle,0,5
authored_by:publication:W1997183854->person:A5076267910,authored_by,publication:W1997183854,person:A5076267910,W1997183854,A5076267910,middle,0,6
authored_by:publication:W1997183854->person:A5088411429,authored_by,publication:W1997183854,person:A5088411429,W1997183854,A5088411429,middle,0,7
authored_by:publication:W1997183854->person:A5065678849,authored_by,publication:W1997183854,person:A5065678849,W1997183854,A5065678849,middle,0,8
authored_by:publication:W1997183854->person:A5002106907,authored_by,publication:W1997183854,person:A5002106907,W1997183854,A5002106907,middle,0,9
authored_by:publication:W1997183854->person:A5019039663,authored_by,publication:W1997183854,person:A5019039663,W1997183854,A5019039663,middle,0,10
authored_by:publication:W1997183854->person:A5030207693,authored_by,publication:W1997183854,person:A5030207693,W1997183854,A5030207693,last,0,11
authored_by:publication:W2117692326->person:A5007537368,authored_by,publication:W2117692326,person:A5007537368,W2117692326,A5007537368,first,1,0
authored_by:publication:W2117692326->person:A5012557712,authored_by,publication:W2117692326,person:A5012557712,W2117692326,A5012557712,last,0,1
authored_by:publication:W2162674813->person:A5087589263,authored_by,publication:W2162674813,person:A5087589263,W2162674813,A5087589263,first,1,0
authored_by:publication:W2138977668->person:A5101897576,authored_by,publication:W2138977668,person:A5101897576,W2138977668,A5101897576,first,1,0
authored_by:publication:W2138977668->person:A5000507804,authored_by,publication:W2138977668,person:A5000507804,W2138977668,A5000507804,middle,0,1
authored_by:publication:W2138977668->person:A5003332518,authored_by,publication:W2138977668,person:A5003332518,W2138977668,A5003332518,middle,0,2
authored_by:publication:W2138977668->person:A5019583219,authored_by,publication:W2138977668,person:A5019583219,W2138977668,A5019583219,middle,0,3
authored_by:publication:W2138977668->person:A5073683190,authored_by,publication:W2138977668,person:A5073683190,W2138977668,A5073683190,middle,0,4
authored_by:publication:W2138977668->person:A5054168710,authored_by,publication:W2138977668,person:A5054168710,W2138977668,A5054168710,middle,0,5
authored_by:publication:W2138977668->person:A5081862387,authored_by,publication:W2138977668,person:A5081862387,W2138977668,A5081862387,last,0,6
authored_by:publication:W2125987139->person:A5101897576,authored_by,publication:W2125987139,person:A5101897576,W2125987139,A5101897576,first,0,0
authored_by:publication:W2125987139->person:A5081862387,authored_by,publication:W2125987139,person:A5081862387,W2125987139,A5081862387,last,1,1
authored_by:publication:W144423133->person:A5087589263,authored_by,publication:W144423133,person:A5087589263,W144423133,A5087589263,first,1,0
authored_by:publication:W2034269086->person:A5007537368,authored_by,publication:W2034269086,person:A5007537368,W2034269086,A5007537368,first,1,0
authored_by:publication:W2034269086->person:A5012557712,authored_by,publication:W2034269086,person:A5012557712,W2034269086,A5012557712,last,0,1
authored_by:publication:W1523693806->person:A5100340464,authored_by,publication:W1523693806,person:A5100340464,W1523693806,A5100340464,first,1,0
authored_by:publication:W1523693806->person:A5037591628,authored_by,publication:W1523693806,person:A5037591628,W1523693806,A5037591628,middle,0,1
authored_by:publication:W1523693806->person:A5100870199,authored_by,publication:W1523693806,person:A5100870199,W1523693806,A5100870199,middle,0,2
authored_by:publication:W1523693806->person:A5031957363,authored_by,publication:W1523693806,person:A5031957363,W1523693806,A5031957363,middle,0,3
authored_by:publication:W1523693806->person:A5058567619,authored_by,publication:W1523693806,person:A5058567619,W1523693806,A5058567619,last,0,4
authored_by:publication:W2018289835->person:A5081897732,authored_by,publication:W2018289835,person:A5081897732,W2018289835,A5081897732,first,1,0
authored_by:publication:W2018289835->person:A5084346756,authored_by,publication:W2018289835,person:A5084346756,W2018289835,A5084346756,middle,0,1
authored_by:publication:W2018289835->person:A5020229477,authored_by,publication:W2018289835,person:A5020229477,W2018289835,A5020229477,last,0,2
authored_by:publication:W1487127700->person:A5044026747,authored_by,publication:W1487127700,person:A5044026747,W1487127700,A5044026747,first,1,0
authored_by:publication:W1487127700->person:A5100415565,authored_by,publication:W1487127700,person:A5100415565,W1487127700,A5100415565,last,0,1
authored_by:publication:W1997151511->person:A5108354699,authored_by,publication:W1997151511,person:A5108354699,W1997151511,A5108354699,first,1,0
authored_by:publication:W1997151511->person:A5041412476,authored_by,publication:W1997151511,person:A5041412476,W1997151511,A5041412476,middle,0,1
authored_by:publication:W1997151511->person:A5053508480,authored_by,publication:W1997151511,person:A5053508480,W1997151511,A5053508480,last,0,2
authored_by:publication:W2110540540->person:A5078307783,authored_by,publication:W2110540540,person:A5078307783,W2110540540,A5078307783,first,1,0
authored_by:publication:W2110540540->person:A5081871898,authored_by,publication:W2110540540,person:A5081871898,W2110540540,A5081871898,middle,0,1
authored_by:publication:W2110540540->person:A5064690703,authored_by,publication:W2110540540,person:A5064690703,W2110540540,A5064690703,middle,0,2
authored_by:publication:W2110540540->person:A5002499751,authored_by,publication:W2110540540,person:A5002499751,W2110540540,A5002499751,last,0,3
authored_by:publication:W2038767330->person:A5007769955,authored_by,publication:W2038767330,person:A5007769955,W2038767330,A5007769955,first,1,0
authored_by:publication:W2038767330->person:A5058864798,authored_by,publication:W2038767330,person:A5058864798,W2038767330,A5058864798,middle,0,1
authored_by:publication:W2038767330->person:A5028194420,authored_by,publication:W2038767330,person:A5028194420,W2038767330,A5028194420,last,0,2
authored_by:publication:W2140190241->person:A5019539533,authored_by,publication:W2140190241,person:A5019539533,W2140190241,A5019539533,first,1,0
authored_by:publication:W2140190241->person:A5033935560,authored_by,publication:W2140190241,person:A5033935560,W2140190241,A5033935560,last,0,1
authored_by:publication:W2122410182->person:W2122410182-person-0,authored_by,publication:W2122410182,person:W2122410182-person-0,W2122410182,W2122410182-person-0,first,1,0
authored_by:publication:W2122410182->person:W2122410182-person-1,authored_by,publication:W2122410182,person:W2122410182-person-1,W2122410182,W2122410182-person-1,middle,0,1
authored_by:publication:W2122410182->person:W2122410182-person-2,authored_by,publication:W2122410182,person:W2122410182-person-2,W2122410182,W2122410182-person-2,middle,0,2
authored_by:publication:W2122410182->person:W2122410182-person-3,authored_by,publication:W2122410182,person:W2122410182-person-3,W2122410182,W2122410182-person-3,last,0,3
authored_by:publication:W1554663460->person:W1554663460-person-0,authored_by,publication:W1554663460,person:W1554663460-person-0,W1554663460,W1554663460-person-0,first,1,0
authored_by:publication:W2432517183->person:W2432517183-person-0,authored_by,publication:W2432517183,person:W2432517183-person-0,W2432517183,W2432517183-person-0,first,1,0
authored_by:publication:W2432517183->person:W2432517183-person-1,authored_by,publication:W2432517183,person:W2432517183-person-1,W2432517183,W2432517183-person-1,middle,0,1
authored_by:publication:W2432517183->person:W2432517183-person-2,authored_by,publication:W2432517183,person:W2432517183-person-2,W2432517183,W2432517183-person-2,middle,0,2
authored_by:publication:W2432517183->person:W2432517183-person-3,authored_by,publication:W2432517183,person:W2432517183-person-3,W2432517183,W2432517183-person-3,last,0,3
authored_by:publication:W1973948212->person:W1973948212-person-0,authored_by,publication:W1973948212,person:W1973948212-person-0,W1973948212,W1973948212-person-0,first,1,0
authored_by:publication:W1973948212->person:W1973948212-person-1,authored_by,publication:W1973948212,person:W1973948212-person-1,W1973948212,W1973948212-person-1,middle,0,1
authored_by:publication:W1973948212->person:W1973948212-person-2,authored_by,publication:W1973948212,person:W1973948212-person-2,W1973948212,W1973948212-person-2,last,0,2
authored_by:publication:W2153943092->person:W2153943092-person-0,authored_by,publication:W2153943092,person:W2153943092-person-0,W2153943092,W2153943092-person-0,first,1,0
authored_by:publication:W2153943092->person:W2153943092-person-1,authored_by,publication:W2153943092,person:W2153943092-person-1,W2153943092,W2153943092-person-1,last,0,1
authored_by:publication:W2285072859->person:A5097011502,authored_by,publication:W2285072859,person:A5097011502,W2285072859,A5097011502,first,1,0
authored_by:publication:W3199943451->person:A5110437111,authored_by,publication:W3199943451,person:A5110437111,W3199943451,A5110437111,first,1,0
authored_by:publication:W2004778468->person:A5112523816,authored_by,publication:W2004778468,person:A5112523816,W2004778468,A5112523816,first,1,0
authored_by:publication:W1866311589->person:A5009438811,authored_by,publication:W1866311589,person:A5009438811,W1866311589,A5009438811,first,1,0
authored_by:publication:W1866311589->person:A5059521689,authored_by,publication:W1866311589,person:A5059521689,W1866311589,A5059521689,last,0,1
authored_by:publication:W1575147392->person:A5102109904,authored_by,publication:W1575147392,person:A5102109904,W1575147392,A5102109904,first,1,0
authored_by:publication:W2168420558->person:A5043596447,authored_by,publication:W2168420558,person:A5043596447,W2168420558,A5043596447,first,1,0
authored_by:publication:W2168420558->person:A5048071608,authored_by,publication:W2168420558,person:A5048071608,W2168420558,A5048071608,middle,0,1
authored_by:publication:W2168420558->person:A5025552110,authored_by,publication:W2168420558,person:A5025552110,W2168420558,A5025552110,middle,0,2
authored_by:publication:W2168420558->person:A5004924184,authored_by,publication:W2168420558,person:A5004924184,W2168420558,A5004924184,middle,0,3
authored_by:publication:W2168420558->person:A5052898193,authored_by,publication:W2168420558,person:A5052898193,W2168420558,A5052898193,middle,0,4
authored_by:publication:W2168420558->person:A5048562587,authored_by,publication:W2168420558,person:A5048562587,W2168420558,A5048562587,middle,0,5
authored_by:publication:W2168420558->person:A5004474974,authored_by,publication:W2168420558,person:A5004474974,W2168420558,A5004474974,middle,0,6
authored_by:publication:W2168420558->person:A5110679900,authored_by,publication:W2168420558,person:A5110679900,W2168420558,A5110679900,middle,0,7
authored_by:publication:W2168420558->person:A5032653169,authored_by,publication:W2168420558,person:A5032653169,W2168420558,A5032653169,middle,0,8
authored_by:publication:W2168420558->person:A5112455318,authored_by,publication:W2168420558,person:A5112455318,W2168420558,A5112455318,middle,0,9
authored_by:publication:W2168420558->person:A5086580140,authored_by,publication:W2168420558,person:A5086580140,W2168420558,A5086580140,middle,0,10
authored_by:publication:W2168420558->person:A5051507868,authored_by,publication:W2168420558,person:A5051507868,W2168420558,A5051507868,last,0,11
authored_by:publication:W2116404316->person:A5020575969,authored_by,publication:W2116404316,person:A5020575969,W2116404316,A5020575969,first,1,0
authored_by:publication:W2116404316->person:A5104194836,authored_by,publication:W2116404316,person:A5104194836,W2116404316,A5104194836,middle,0,1
authored_by:publication:W2116404316->person:A5114008161,authored_by,publication:W2116404316,person:A5114008161,W2116404316,A5114008161,last,0,2
authored_by:publication:W2163605009->person:A5031152245,authored_by,publication:W2163605009,person:A5031152245,W2163605009,A5031152245,first,1,0
authored_by:publication:W2163605009->person:A5006446297,authored_by,publication:W2163605009,person:A5006446297,W2163605009,A5006446297,middle,0,1
authored_by:publication:W2163605009->person:A5108093963,authored_by,publication:W2163605009,person:A5108093963,W2163605009,A5108093963,last,0,2
authored_by:publication:W2173213060->person:A5043872671,authored_by,publication:W2173213060,person:A5043872671,W2173213060,A5043872671,first,1,0
authored_by:publication:W2173213060->person:A5012998255,authored_by,publication:W2173213060,person:A5012998255,W2173213060,A5012998255,last,0,1
authored_by:publication:W2085261163->person:A5062440435,authored_by,publication:W2085261163,person:A5062440435,W2085261163,A5062440435,first,1,0
authored_by:publication:W2085261163->person:A5019197436,authored_by,publication:W2085261163,person:A5019197436,W2085261163,A5019197436,last,0,1
authored_by:publication:W2007395042->person:A5019751186,authored_by,publication:W2007395042,person:A5019751186,W2007395042,A5019751186,first,1,0
authored_by:publication:W2007395042->person:A5062208820,authored_by,publication:W2007395042,person:A5062208820,W2007395042,A5062208820,last,0,1
authored_by:publication:W2168452204->person:A5044396726,authored_by,publication:W2168452204,person:A5044396726,W2168452204,A5044396726,first,0,0
authored_by:publication:W2168452204->person:A5019149002,authored_by,publication:W2168452204,person:A5019149002,W2168452204,A5019149002,middle,1,1
authored_by:publication:W2168452204->person:A5109880568,authored_by,publication:W2168452204,person:A5109880568,W2168452204,A5109880568,middle,0,2
authored_by:publication:W2168452204->person:W2168452204-person-3,authored_by,publication:W2168452204,person:W2168452204-person-3,W2168452204,W2168452204-person-3,last,0,3
authored_by:publication:W2066636486->person:A5004700865,authored_by,publication:W2066636486,person:A5004700865,W2066636486,A5004700865,first,0,0
authored_by:publication:W2066636486->person:A5115597907,authored_by,publication:W2066636486,person:A5115597907,W2066636486,A5115597907,last,1,1
authored_by:publication:W2107031757->person:W2107031757-person-0,authored_by,publication:W2107031757,person:W2107031757-person-0,W2107031757,W2107031757-person-0,first,1,0
authored_by:publication:W2011301426->person:A5109116024,authored_by,publication:W2011301426,person:A5109116024,W2011301426,A5109116024,first,1,0
authored_by:publication:W2170899200->person:A5001390698,authored_by,publication:W2170899200,person:A5001390698,W2170899200,A5001390698,first,1,0
authored_by:publication:W2170899200->person:A5004154542,authored_by,publication:W2170899200,person:A5004154542,W2170899200,A5004154542,last,0,1
authored_by:publication:W2324392187->person:A5046764771,authored_by,publication:W2324392187,person:A5046764771,W2324392187,A5046764771,first,1,0
authored_by:publication:W2324392187->person:A5091405146,authored_by,publication:W2324392187,person:A5091405146,W2324392187,A5091405146,middle,0,1
authored_by:publication:W2324392187->person:A5112799992,authored_by,publication:W2324392187,person:A5112799992,W2324392187,A5112799992,last,0,2
authored_by:publication:W2000117884->person:A5013949250,authored_by,publication:W2000117884,person:A5013949250,W2000117884,A5013949250,first,1,0
authored_by:publication:W2000117884->person:A5108589982,authored_by,publication:W2000117884,person:A5108589982,W2000117884,A5108589982,middle,0,1
authored_by:publication:W2000117884->person:A5002394578,authored_by,publication:W2000117884,person:A5002394578,W2000117884,A5002394578,last,0,2
authored_by:publication:W2005061283->person:A5051192450,authored_by,publication:W2005061283,person:A5051192450,W2005061283,A5051192450,first,1,0
authored_by:publication:W2005061283->person:A5006360782,authored_by,publication:W2005061283,person:A5006360782,W2005061283,A5006360782,last,0,1
authored_by:publication:W2059334100->person:A5007410239,authored_by,publication:W2059334100,person:A5007410239,W2059334100,A5007410239,first,1,0
authored_by:publication:W2059334100->person:A5047232270,authored_by,publication:W2059334100,person:A5047232270,W2059334100,A5047232270,last,0,1
authored_by:publication:W1550621568->person:A5096747841,authored_by,publication:W1550621568,person:A5096747841,W1550621568,A5096747841,first,1,0
authored_by:publication:W1550621568->person:A5110910530,authored_by,publication:W1550621568,person:A5110910530,W1550621568,A5110910530,last,0,1
authored_by:publication:W1986215651->person:A5040320731,authored_by,publication:W1986215651,person:A5040320731,W1986215651,A5040320731,first,1,0
authored_by:publication:W1986215651->person:A5029049881,authored_by,publication:W1986215651,person:A5029049881,W1986215651,A5029049881,middle,0,1
authored_by:publication:W1986215651->person:A5110209862,authored_by,publication:W1986215651,person:A5110209862,W1986215651,A5110209862,middle,0,2
authored_by:publication:W1986215651->person:A5019081174,authored_by,publication:W1986215651,person:A5019081174,W1986215651,A5019081174,middle,0,3
authored_by:publication:W1986215651->person:A5110050601,authored_by,publication:W1986215651,person:A5110050601,W1986215651,A5110050601,middle,0,4
authored_by:publication:W1986215651->person:A5003271159,authored_by,publication:W1986215651,person:A5003271159,W1986215651,A5003271159,middle,0,5
authored_by:publication:W1986215651->person:A5109039984,authored_by,publication:W1986215651,person:A5109039984,W1986215651,A5109039984,last,0,6
authored_by:publication:W2107328434->person:A5032305781,authored_by,publication:W2107328434,person:A5032305781,W2107328434,A5032305781,first,1,0
authored_by:publication:W2107328434->person:A5107379548,authored_by,publication:W2107328434,person:A5107379548,W2107328434,A5107379548,last,0,1
authored_by:publication:W2025371271->person:A5038322549,authored_by,publication:W2025371271,person:A5038322549,W2025371271,A5038322549,first,1,0
authored_by:publication:W2025371271->person:A5083176335,authored_by,publication:W2025371271,person:A5083176335,W2025371271,A5083176335,middle,0,1
authored_by:publication:W2025371271->person:A5111980735,authored_by,publication:W2025371271,person:A5111980735,W2025371271,A5111980735,middle,0,2
authored_by:publication:W2025371271->person:A5074749952,authored_by,publication:W2025371271,person:A5074749952,W2025371271,A5074749952,middle,0,3
authored_by:publication:W2025371271->person:A5103278389,authored_by,publication:W2025371271,person:A5103278389,W2025371271,A5103278389,middle,0,4
authored_by:publication:W2025371271->person:A5004477857,authored_by,publication:W2025371271,person:A5004477857,W2025371271,A5004477857,middle,0,5
authored_by:publication:W2025371271->person:A5109227733,authored_by,publication:W2025371271,person:A5109227733,W2025371271,A5109227733,middle,0,6
authored_by:publication:W2025371271->person:A5050723566,authored_by,publication:W2025371271,person:A5050723566,W2025371271,A5050723566,middle,0,7
authored_by:publication:W2025371271->person:A5111438783,authored_by,publication:W2025371271,person:A5111438783,W2025371271,A5111438783,middle,0,8
authored_by:publication:W2025371271->person:A5052595717,authored_by,publication:W2025371271,person:A5052595717,W2025371271,A5052595717,last,0,9
authored_by:publication:W2964015378->person:W2964015378-person-0,authored_by,publication:W2964015378,person:W2964015378-person-0,W2964015378,W2964015378-person-0,first,1,0
authored_by:publication:W2964015378->person:W2964015378-person-1,authored_by,publication:W2964015378,person:W2964015378-person-1,W2964015378,W2964015378-person-1,middle,0,1
authored_by:publication:W2964015378->person:W2964015378-person-2,authored_by,publication:W2964015378,person:W2964015378-person-2,W2964015378,W2964015378-person-2,middle,0,2
authored_by:publication:W2964015378->person:W2964015378-person-3,authored_by,publication:W2964015378,person:W2964015378-person-3,W2964015378,W2964015378-person-3,middle,0,3
authored_by:publication:W2964015378->person:W2964015378-person-4,authored_by,publication:W2964015378,person:W2964015378-person-4,W2964015378,W2964015378-person-4,middle,0,4
authored_by:publication:W2964015378->person:W2964015378-person-5,authored_by,publication:W2964015378,person:W2964015378-person-5,W2964015378,W2964015378-person-5,middle,0,5
authored_by:publication:W2964015378->person:W2964015378-person-6,authored_by,publication:W2964015378,person:W2964015378-person-6,W2964015378,W2964015378-person-6,middle,0,6
authored_by:publication:W2964015378->person:W2964015378-person-7,authored_by,publication:W2964015378,person:W2964015378-person-7,W2964015378,W2964015378-person-7,middle,0,7
authored_by:publication:W2964015378->person:W2964015378-person-8,authored_by,publication:W2964015378,person:W2964015378-person-8,W2964015378,W2964015378-person-8,middle,0,8
authored_by:publication:W2964015378->person:W2964015378-person-9,authored_by,publication:W2964015378,person:W2964015378-person-9,W2964015378,W2964015378-person-9,last,0,9
authored_by:publication:W2139212933->person:A5034285513,authored_by,publication:W2139212933,person:A5034285513,W2139212933,A5034285513,first,1,0
authored_by:publication:W2127218421->person:A5003452701,authored_by,publication:W2127218421,person:A5003452701,W2127218421,A5003452701,first,1,0
authored_by:publication:W2148080316->person:A5076671393,authored_by,publication:W2148080316,person:A5076671393,W2148080316,A5076671393,first,1,0
authored_by:publication:W2148080316->person:A5103688270,authored_by,publication:W2148080316,person:A5103688270,W2148080316,A5103688270,middle,0,1
authored_by:publication:W2148080316->person:A5062503784,authored_by,publication:W2148080316,person:A5062503784,W2148080316,A5062503784,last,0,2
authored_by:publication:W2160234571->person:A5011127007,authored_by,publication:W2160234571,person:A5011127007,W2160234571,A5011127007,first,1,0
authored_by:publication:W2160234571->person:A5109876993,authored_by,publication:W2160234571,person:A5109876993,W2160234571,A5109876993,middle,0,1
authored_by:publication:W2160234571->person:A5109988286,authored_by,publication:W2160234571,person:A5109988286,W2160234571,A5109988286,middle,0,2
authored_by:publication:W2160234571->person:A5048895008,authored_by,publication:W2160234571,person:A5048895008,W2160234571,A5048895008,middle,0,3
authored_by:publication:W2160234571->person:A5072282052,authored_by,publication:W2160234571,person:A5072282052,W2160234571,A5072282052,middle,0,4
authored_by:publication:W2160234571->person:A5109731978,authored_by,publication:W2160234571,person:A5109731978,W2160234571,A5109731978,last,0,5
authored_by:publication:W4385245566->person:W4385245566-person-0,authored_by,publication:W4385245566,person:W4385245566-person-0,W4385245566,W4385245566-person-0,first,1,0
authored_by:publication:W4385245566->person:W4385245566-person-1,authored_by,publication:W4385245566,person:W4385245566-person-1,W4385245566,W4385245566-person-1,middle,0,1
authored_by:publication:W4385245566->person:W4385245566-person-2,authored_by,publication:W4385245566,person:W4385245566-person-2,W4385245566,W4385245566-person-2,middle,0,2
authored_by:publication:W4385245566->person:W4385245566-person-3,authored_by,publication:W4385245566,person:W4385245566-person-3,W4385245566,W4385245566-person-3,middle,0,3
authored_by:publication:W4385245566->person:W4385245566-person-4,authored_by,publication:W4385245566,person:W4385245566-person-4,W4385245566,W4385245566-person-4,middle,0,4
authored_by:publication:W4385245566->person:W4385245566-person-5,authored_by,publication:W4385245566,person:W4385245566-person-5,W4385245566,W4385245566-person-5,middle,0,5
authored_by:publication:W4385245566->person:W4385245566-person-6,authored_by,publication:W4385245566,person:W4385245566-person-6,W4385245566,W4385245566-person-6,middle,0,6
authored_by:publication:W4385245566->person:W4385245566-person-7,authored_by,publication:W4385245566,person:W4385245566-person-7,W4385245566,W4385245566-person-7,middle,0,7
authored_by:publication:W4385245566->person:W4385245566-person-8,authored_by,publication:W4385245566,person:W4385245566-person-8,W4385245566,W4385245566-person-8,last,0,8
authored_by:publication:W2964121744->person:W2964121744-person-0,authored_by,publication:W2964121744,person:W2964121744-person-0,W2964121744,W2964121744-person-0,first,1,0
authored_by:publication:W2964121744->person:W2964121744-person-1,authored_by,publication:W2964121744,person:W2964121744-person-1,W2964121744,W2964121744-person-1,last,0,1
authored_by:publication:W2965373594->person:A5019081674,authored_by,publication:W2965373594,person:A5019081674,W2965373594,A5019081674,first,1,0
authored_by:publication:W2965373594->person:A5076248976,authored_by,publication:W2965373594,person:A5076248976,W2965373594,A5076248976,middle,0,1
authored_by:publication:W2965373594->person:W2965373594-person-2,authored_by,publication:W2965373594,person:W2965373594-person-2,W2965373594,W2965373594-person-2,middle,0,2
authored_by:publication:W2965373594->person:A5006191011,authored_by,publication:W2965373594,person:A5006191011,W2965373594,A5006191011,middle,0,3
authored_by:publication:W2965373594->person:A5108202364,authored_by,publication:W2965373594,person:A5108202364,W2965373594,A5108202364,middle,0,4
authored_by:publication:W2965373594->person:A5051064208,authored_by,publication:W2965373594,person:A5051064208,W2965373594,A5051064208,middle,0,5
authored_by:publication:W2965373594->person:A5024311574,authored_by,publication:W2965373594,person:A5024311574,W2965373594,A5024311574,last,0,6
authored_by:publication:W2896457183->person:W2896457183-person-0,authored_by,publication:W2896457183,person:W2896457183-person-0,W2896457183,W2896457183-person-0,first,1,0
authored_by:publication:W2896457183->person:W2896457183-person-1,authored_by,publication:W2896457183,person:W2896457183-person-1,W2896457183,W2896457183-person-1,last,0,1
authored_by:publication:W3165656738->person:W3165656738-person-0,authored_by,publication:W3165656738,person:W3165656738-person-0,W3165656738,W3165656738-person-0,first,1,0
authored_by:publication:W2139416101->person:A5110062251,authored_by,publication:W2139416101,person:A5110062251,W2139416101,A5110062251,first,1,0
authored_by:publication:W2139416101->person:A5088966095,authored_by,publication:W2139416101,person:A5088966095,W2139416101,A5088966095,middle,0,1
authored_by:publication:W2139416101->person:A5084108666,authored_by,publication:W2139416101,person:A5084108666,W2139416101,A5084108666,last,0,2
authored_by:publication:W4229954146->person:A5053050215,authored_by,publication:W4229954146,person:A5053050215,W4229954146,A5053050215,first,1,0
authored_by:publication:W4229954146->person:A5039896953,authored_by,publication:W4229954146,person:A5039896953,W4229954146,A5039896953,last,0,1
authored_by:publication:W2117178635->person:A5113931380,authored_by,publication:W2117178635,person:A5113931380,W2117178635,A5113931380,first,1,0
authored_by:publication:W2117178635->person:A5108774719,authored_by,publication:W2117178635,person:A5108774719,W2117178635,A5108774719,last,0,1
authored_by:publication:W2110603299->person:A5047040699,authored_by,publication:W2110603299,person:A5047040699,W2110603299,A5047040699,first,1,0
authored_by:publication:W2110603299->person:A5110206207,authored_by,publication:W2110603299,person:A5110206207,W2110603299,A5110206207,last,0,1
authored_by:publication:W1979575715->person:A5047040699,authored_by,publication:W1979575715,person:A5047040699,W1979575715,A5047040699,first,1,0
authored_by:publication:W2108818539->person:A5103455390,authored_by,publication:W2108818539,person:A5103455390,W2108818539,A5103455390,first,1,0
authored_by:publication:W3011865677->person:A5111995000,authored_by,publication:W3011865677,person:A5111995000,W3011865677,A5111995000,first,1,0
authored_by:publication:W3011865677->person:A5000234995,authored_by,publication:W3011865677,person:A5000234995,W3011865677,A5000234995,last,0,1
authored_by:publication:W2139122730->person:A5107928200,authored_by,publication:W2139122730,person:A5107928200,W2139122730,A5107928200,first,1,0
authored_by:publication:W2112352537->person:A5108206606,authored_by,publication:W2112352537,person:A5108206606,W2112352537,A5108206606,first,1,0
authored_by:publication:W2178225550->person:A5105834520,authored_by,publication:W2178225550,person:A5105834520,W2178225550,A5105834520,first,1,0
authored_by:publication:W2318680928->person:A5112823798,authored_by,publication:W2318680928,person:A5112823798,W2318680928,A5112823798,first,1,0
authored_by:publication:W2015930340->person:A5048382598,authored_by,publication:W2015930340,person:A5048382598,W2015930340,A5048382598,first,1,0
authored_by:publication:W1736209534->person:A5030084342,authored_by,publication:W1736209534,person:A5030084342,W1736209534,A5030084342,first,1,0
authored_by:publication:W1736209534->person:A5053138941,authored_by,publication:W1736209534,person:A5053138941,W1736209534,A5053138941,last,0,1
authored_by:publication:W2053154970->person:A5013165905,authored_by,publication:W2053154970,person:A5013165905,W2053154970,A5013165905,first,1,0
authored_by:publication:W2140369176->person:A5111444104,authored_by,publication:W2140369176,person:A5111444104,W2140369176,A5111444104,first,1,0
authored_by:publication:W2332086916->person:A5028557596,authored_by,publication:W2332086916,person:A5028557596,W2332086916,A5028557596,first,1,0
authored_by:publication:W2332086916->person:W2332086916-person-1,authored_by,publication:W2332086916,person:W2332086916-person-1,W2332086916,W2332086916-person-1,middle,0,1
authored_by:publication:W2332086916->person:A5039244906,authored_by,publication:W2332086916,person:A5039244906,W2332086916,A5039244906,last,0,2
authored_by:publication:W1570448133->person:A5045934263,authored_by,publication:W1570448133,person:A5045934263,W1570448133,A5045934263,first,1,0
authored_by:publication:W1570448133->person:A5059992863,authored_by,publication:W1570448133,person:A5059992863,W1570448133,A5059992863,middle,0,1
authored_by:publication:W1570448133->person:A5065290010,authored_by,publication:W1570448133,person:A5065290010,W1570448133,A5065290010,last,0,2
authored_by:publication:W2085491458->person:A5086988987,authored_by,publication:W2085491458,person:A5086988987,W2085491458,A5086988987,first,1,0
authored_by:publication:W2115755118->person:A5065086376,authored_by,publication:W2115755118,person:A5065086376,W2115755118,A5065086376,first,1,0
authored_by:publication:W2120644786->person:A5091829898,authored_by,publication:W2120644786,person:A5091829898,W2120644786,A5091829898,first,1,0
authored_by:publication:W2120644786->person:A5083628552,authored_by,publication:W2120644786,person:A5083628552,W2120644786,A5083628552,middle,0,1
authored_by:publication:W2120644786->person:A5100666686,authored_by,publication:W2120644786,person:A5100666686,W2120644786,A5100666686,middle,0,2
authored_by:publication:W2120644786->person:A5103131567,authored_by,publication:W2120644786,person:A5103131567,W2120644786,A5103131567,last,0,3
authored_by:publication:W2163815564->person:W2163815564-person-0,authored_by,publication:W2163815564,person:W2163815564-person-0,W2163815564,W2163815564-person-0,first,1,0
authored_by:publication:W2163815564->person:W2163815564-person-1,authored_by,publication:W2163815564,person:W2163815564-person-1,W2163815564,W2163815564-person-1,last,0,1
authored_by:publication:W2036897871->person:A5088798234,authored_by,publication:W2036897871,person:A5088798234,W2036897871,A5088798234,first,1,0
authored_by:publication:W4392145873->person:W4392145873-person-0,authored_by,publication:W4392145873,person:W4392145873-person-0,W4392145873,W4392145873-person-0,first,1,0
authored_by:publication:W4392145873->person:W4392145873-person-1,authored_by,publication:W4392145873,person:W4392145873-person-1,W4392145873,W4392145873-person-1,middle,0,1
authored_by:publication:W4392145873->person:W4392145873-person-2,authored_by,publication:W4392145873,person:W4392145873-person-2,W4392145873,W4392145873-person-2,middle,0,2
authored_by:publication:W4392145873->person:W4392145873-person-3,authored_by,publication:W4392145873,person:W4392145873-person-3,W4392145873,W4392145873-person-3,middle,0,3
authored_by:publication:W4392145873->person:W4392145873-person-4,authored_by,publication:W4392145873,person:W4392145873-person-4,W4392145873,W4392145873-person-4,middle,0,4
authored_by:publication:W4392145873->person:W4392145873-person-5,authored_by,publication:W4392145873,person:W4392145873-person-5,W4392145873,W4392145873-person-5,middle,0,5
authored_by:publication:W4392145873->person:W4392145873-person-6,authored_by,publication:W4392145873,person:W4392145873-person-6,W4392145873,W4392145873-person-6,middle,0,6
authored_by:publication:W4392145873->person:W4392145873-person-7,authored_by,publication:W4392145873,person:W4392145873-person-7,W4392145873,W4392145873-person-7,last,0,7
authored_by:publication:W75231382->person:A5050027372,authored_by,publication:W75231382,person:A5050027372,W75231382,A5050027372,first,1,0
authored_by:publication:W75231382->person:A5082425702,authored_by,publication:W75231382,person:A5082425702,W75231382,A5082425702,last,0,1
authored_by:publication:W2905811773->person:A5021051472,authored_by,publication:W2905811773,person:A5021051472,W2905811773,A5021051472,first,1,0
authored_by:publication:W2905811773->person:A5064459167,authored_by,publication:W2905811773,person:A5064459167,W2905811773,A5064459167,middle,0,1
authored_by:publication:W2905811773->person:A5053369574,authored_by,publication:W2905811773,person:A5053369574,W2905811773,A5053369574,middle,0,2
authored_by:publication:W2905811773->person:A5087109003,authored_by,publication:W2905811773,person:A5087109003,W2905811773,A5087109003,last,0,3
authored_by:publication:W2019607817->person:A5109832285,authored_by,publication:W2019607817,person:A5109832285,W2019607817,A5109832285,first,1,0
authored_by:publication:W2019607817->person:A5109907671,authored_by,publication:W2019607817,person:A5109907671,W2019607817,A5109907671,middle,0,1
authored_by:publication:W2019607817->person:A5080354461,authored_by,publication:W2019607817,person:A5080354461,W2019607817,A5080354461,middle,0,2
authored_by:publication:W2019607817->person:A5058825770,authored_by,publication:W2019607817,person:A5058825770,W2019607817,A5058825770,middle,0,3
authored_by:publication:W2019607817->person:A5023299002,authored_by,publication:W2019607817,person:A5023299002,W2019607817,A5023299002,middle,0,4
authored_by:publication:W2019607817->person:A5050157175,authored_by,publication:W2019607817,person:A5050157175,W2019607817,A5050157175,middle,0,5
authored_by:publication:W2019607817->person:A5015598221,authored_by,publication:W2019607817,person:A5015598221,W2019607817,A5015598221,middle,0,6
authored_by:publication:W2019607817->person:A5109228194,authored_by,publication:W2019607817,person:A5109228194,W2019607817,A5109228194,middle,0,7
authored_by:publication:W2019607817->person:A5112904642,authored_by,publication:W2019607817,person:A5112904642,W2019607817,A5112904642,middle,0,8
authored_by:publication:W2019607817->person:A5061822229,authored_by,publication:W2019607817,person:A5061822229,W2019607817,A5061822229,middle,0,9
authored_by:publication:W2019607817->person:A5033078993,authored_by,publication:W2019607817,person:A5033078993,W2019607817,A5033078993,middle,0,10
authored_by:publication:W2019607817->person:A5012218905,authored_by,publication:W2019607817,person:A5012218905,W2019607817,A5012218905,middle,0,11
authored_by:publication:W2019607817->person:A5020333045,authored_by,publication:W2019607817,person:A5020333045,W2019607817,A5020333045,middle,0,12
authored_by:publication:W2019607817->person:A5053919588,authored_by,publication:W2019607817,person:A5053919588,W2019607817,A5053919588,middle,0,13
authored_by:publication:W2019607817->person:A5103260191,authored_by,publication:W2019607817,person:A5103260191,W2019607817,A5103260191,middle,0,14
authored_by:publication:W2019607817->person:A5024516181,authored_by,publication:W2019607817,person:A5024516181,W2019607817,A5024516181,last,0,15
authored_by:publication:W2116475791->person:A5080262061,authored_by,publication:W2116475791,person:A5080262061,W2116475791,A5080262061,first,1,0
authored_by:publication:W2076452041->person:A5043185084,authored_by,publication:W2076452041,person:A5043185084,W2076452041,A5043185084,first,1,0
authored_by:publication:W2076452041->person:A5109004846,authored_by,publication:W2076452041,person:A5109004846,W2076452041,A5109004846,middle,0,1
authored_by:publication:W2076452041->person:A5109860375,authored_by,publication:W2076452041,person:A5109860375,W2076452041,A5109860375,last,0,2
authored_by:publication:W2125078269->person:A5090908474,authored_by,publication:W2125078269,person:A5090908474,W2125078269,A5090908474,first,0,0
authored_by:publication:W2125078269->person:A5064881563,authored_by,publication:W2125078269,person:A5064881563,W2125078269,A5064881563,middle,0,1
authored_by:publication:W2125078269->person:A5006490204,authored_by,publication:W2125078269,person:A5006490204,W2125078269,A5006490204,middle,1,2
authored_by:publication:W2125078269->person:A5068924079,authored_by,publication:W2125078269,person:A5068924079,W2125078269,A5068924079,middle,0,3
authored_by:publication:W2125078269->person:A5058532986,authored_by,publication:W2125078269,person:A5058532986,W2125078269,A5058532986,middle,0,4
authored_by:publication:W2125078269->person:A5015115712,authored_by,publication:W2125078269,person:A5015115712,W2125078269,A5015115712,middle,0,5
authored_by:publication:W2125078269->person:A5111812427,authored_by,publication:W2125078269,person:A5111812427,W2125078269,A5111812427,middle,0,6
authored_by:publication:W2125078269->person:A5111705720,authored_by,publication:W2125078269,person:A5111705720,W2125078269,A5111705720,middle,0,7
authored_by:publication:W2125078269->person:A5031539199,authored_by,publication:W2125078269,person:A5031539199,W2125078269,A5031539199,middle,0,8
authored_by:publication:W2125078269->person:A5062546643,authored_by,publication:W2125078269,person:A5062546643,W2125078269,A5062546643,middle,0,9
authored_by:publication:W2125078269->person:A5113699779,authored_by,publication:W2125078269,person:A5113699779,W2125078269,A5113699779,middle,0,10
authored_by:publication:W2125078269->person:A5005301051,authored_by,publication:W2125078269,person:A5005301051,W2125078269,A5005301051,middle,0,11
authored_by:publication:W2125078269->person:A5017266669,authored_by,publication:W2125078269,person:A5017266669,W2125078269,A5017266669,middle,0,12
authored_by:publication:W2125078269->person:A5045810064,authored_by,publication:W2125078269,person:A5045810064,W2125078269,A5045810064,middle,0,13
authored_by:publication:W2125078269->person:A5069972127,authored_by,publication:W2125078269,person:A5069972127,W2125078269,A5069972127,middle,0,14
authored_by:publication:W2125078269->person:A5102985030,authored_by,publication:W2125078269,person:A5102985030,W2125078269,A5102985030,middle,0,15
authored_by:publication:W2125078269->person:A5022656140,authored_by,publication:W2125078269,person:A5022656140,W2125078269,A5022656140,middle,0,16
authored_by:publication:W2125078269->person:A5000913865,authored_by,publication:W2125078269,person:A5000913865,W2125078269,A5000913865,middle,0,17
authored_by:publication:W2125078269->person:A5112098275,authored_by,publication:W2125078269,person:A5112098275,W2125078269,A5112098275,last,0,18
authored_by:publication:W2133766618->person:A5037182479,authored_by,publication:W2133766618,person:A5037182479,W2133766618,A5037182479,first,1,0
authored_by:publication:W2030966943->person:A5110931656,authored_by,publication:W2030966943,person:A5110931656,W2030966943,A5110931656,first,1,0
authored_by:publication:W4254275792->person:A5110931656,authored_by,publication:W4254275792,person:A5110931656,W4254275792,A5110931656,first,1,0
authored_by:publication:W1997476591->person:A5110903563,authored_by,publication:W1997476591,person:A5110903563,W1997476591,A5110903563,first,1,0
authored_by:publication:W1997476591->person:A5038410960,authored_by,publication:W1997476591,person:A5038410960,W1997476591,A5038410960,last,0,1
authored_by:publication:W2038600245->person:A5052677693,authored_by,publication:W2038600245,person:A5052677693,W2038600245,A5052677693,first,1,0
authored_by:publication:W2038600245->person:A5074092725,authored_by,publication:W2038600245,person:A5074092725,W2038600245,A5074092725,last,0,1
authored_by:publication:W3146083582->person:A5054380367,authored_by,publication:W3146083582,person:A5054380367,W3146083582,A5054380367,first,1,0
authored_by:publication:W2129660502->person:A5018956008,authored_by,publication:W2129660502,person:A5018956008,W2129660502,A5018956008,first,1,0
authored_by:publication:W2129660502->person:A5044347523,authored_by,publication:W2129660502,person:A5044347523,W2129660502,A5044347523,middle,0,1
authored_by:publication:W2129660502->person:A5011356886,authored_by,publication:W2129660502,person:A5011356886,W2129660502,A5011356886,last,0,2
authored_by:publication:W4292363360->person:A5011176205,authored_by,publication:W4292363360,person:A5011176205,W4292363360,A5011176205,first,1,0
authored_by:publication:W4292363360->person:W4292363360-person-1,authored_by,publication:W4292363360,person:W4292363360-person-1,W4292363360,W4292363360-person-1,middle,0,1
authored_by:publication:W4292363360->person:W4292363360-person-2,authored_by,publication:W4292363360,person:W4292363360-person-2,W4292363360,W4292363360-person-2,middle,0,2
authored_by:publication:W4292363360->person:W4292363360-person-3,authored_by,publication:W4292363360,person:W4292363360-person-3,W4292363360,W4292363360-person-3,middle,0,3
authored_by:publication:W4292363360->person:W4292363360-person-4,authored_by,publication:W4292363360,person:W4292363360-person-4,W4292363360,W4292363360-person-4,last,0,4
authored_by:publication:W2012991711->person:A5058810725,authored_by,publication:W2012991711,person:A5058810725,W2012991711,A5058810725,first,0,0
authored_by:publication:W2012991711->person:A5062394387,authored_by,publication:W2012991711,person:A5062394387,W2012991711,A5062394387,middle,0,1
authored_by:publication:W2012991711->person:A5023455192,authored_by,publication:W2012991711,person:A5023455192,W2012991711,A5023455192,middle,0,2
authored_by:publication:W2012991711->person:A5004561815,authored_by,publication:W2012991711,person:A5004561815,W2012991711,A5004561815,middle,0,3
authored_by:publication:W2012991711->person:A5088968470,authored_by,publication:W2012991711,person:A5088968470,W2012991711,A5088968470,middle,0,4
authored_by:publication:W2012991711->person:A5081513258,authored_by,publication:W2012991711,person:A5081513258,W2012991711,A5081513258,last,1,5
authored_by:publication:W1980564456->person:A5038199341,authored_by,publication:W1980564456,person:A5038199341,W1980564456,A5038199341,first,1,0
authored_by:publication:W2010094123->person:W2010094123-person-0,authored_by,publication:W2010094123,person:W2010094123-person-0,W2010094123,W2010094123-person-0,first,1,0
authored_by:publication:W2010094123->person:W2010094123-person-1,authored_by,publication:W2010094123,person:W2010094123-person-1,W2010094123,W2010094123-person-1,middle,0,1
authored_by:publication:W2010094123->person:W2010094123-person-2,authored_by,publication:W2010094123,person:W2010094123-person-2,W2010094123,W2010094123-person-2,middle,0,2
authored_by:publication:W2010094123->person:W2010094123-person-3,authored_by,publication:W2010094123,person:W2010094123-person-3,W2010094123,W2010094123-person-3,middle,0,3
authored_by:publication:W2010094123->person:W2010094123-person-4,authored_by,publication:W2010094123,person:W2010094123-person-4,W2010094123,W2010094123-person-4,middle,0,4
authored_by:publication:W2010094123->person:W2010094123-person-5,authored_by,publication:W2010094123,person:W2010094123-person-5,W2010094123,W2010094123-person-5,middle,0,5
authored_by:publication:W2010094123->person:W2010094123-person-6,authored_by,publication:W2010094123,person:W2010094123-person-6,W2010094123,W2010094123-person-6,middle,0,6
authored_by:publication:W2010094123->person:W2010094123-person-7,authored_by,publication:W2010094123,person:W2010094123-person-7,W2010094123,W2010094123-person-7,middle,0,7
authored_by:publication:W2010094123->person:W2010094123-person-8,authored_by,publication:W2010094123,person:W2010094123-person-8,W2010094123,W2010094123-person-8,middle,0,8
authored_by:publication:W2010094123->person:W2010094123-person-9,authored_by,publication:W2010094123,person:W2010094123-person-9,W2010094123,W2010094123-person-9,middle,0,9
authored_by:publication:W2010094123->person:W2010094123-person-10,authored_by,publication:W2010094123,person:W2010094123-person-10,W2010094123,W2010094123-person-10,middle,0,10
authored_by:publication:W2010094123->person:W2010094123-person-11,authored_by,publication:W2010094123,person:W2010094123-person-11,W2010094123,W2010094123-person-11,middle,0,11
authored_by:publication:W2010094123->person:W2010094123-person-12,authored_by,publication:W2010094123,person:W2010094123-person-12,W2010094123,W2010094123-person-12,last,0,12
authored_by:publication:W2098126593->person:A5051388103,authored_by,publication:W2098126593,person:A5051388103,W2098126593,A5051388103,first,1,0
authored_by:publication:W2098126593->person:A5036504609,authored_by,publication:W2098126593,person:A5036504609,W2098126593,A5036504609,middle,0,1
authored_by:publication:W2098126593->person:A5077722090,authored_by,publication:W2098126593,person:A5077722090,W2098126593,A5077722090,last,0,2
authored_by:publication:W2051978340->person:A5109352890,authored_by,publication:W2051978340,person:A5109352890,W2051978340,A5109352890,first,1,0
authored_by:publication:W2051978340->person:A5023488789,authored_by,publication:W2051978340,person:A5023488789,W2051978340,A5023488789,middle,0,1
authored_by:publication:W2051978340->person:A5060138620,authored_by,publication:W2051978340,person:A5060138620,W2051978340,A5060138620,middle,0,2
authored_by:publication:W2051978340->person:A5051040365,authored_by,publication:W2051978340,person:A5051040365,W2051978340,A5051040365,middle,0,3
authored_by:publication:W2051978340->person:A5101858681,authored_by,publication:W2051978340,person:A5101858681,W2051978340,A5101858681,middle,0,4
authored_by:publication:W2051978340->person:A5006908499,authored_by,publication:W2051978340,person:A5006908499,W2051978340,A5006908499,middle,0,5
authored_by:publication:W2051978340->person:A5113656961,authored_by,publication:W2051978340,person:A5113656961,W2051978340,A5113656961,middle,0,6
authored_by:publication:W2051978340->person:A5041071963,authored_by,publication:W2051978340,person:A5041071963,W2051978340,A5041071963,middle,0,7
authored_by:publication:W2051978340->person:A5108794005,authored_by,publication:W2051978340,person:A5108794005,W2051978340,A5108794005,middle,0,8
authored_by:publication:W2051978340->person:A5057599208,authored_by,publication:W2051978340,person:A5057599208,W2051978340,A5057599208,middle,0,9
authored_by:publication:W2051978340->person:A5044060554,authored_by,publication:W2051978340,person:A5044060554,W2051978340,A5044060554,middle,0,10
authored_by:publication:W2051978340->person:A5014144046,authored_by,publication:W2051978340,person:A5014144046,W2051978340,A5014144046,last,0,11
authored_by:publication:W2179438025->person:A5049770701,authored_by,publication:W2179438025,person:A5049770701,W2179438025,A5049770701,first,1,0
authored_by:publication:W2179438025->person:A5029601108,authored_by,publication:W2179438025,person:A5029601108,W2179438025,A5029601108,middle,0,1
authored_by:publication:W2179438025->person:A5022280742,authored_by,publication:W2179438025,person:A5022280742,W2179438025,A5022280742,last,0,2
authored_by:publication:W2133856765->person:A5068576885,authored_by,publication:W2133856765,person:A5068576885,W2133856765,A5068576885,first,1,0
authored_by:publication:W2133856765->person:A5034600868,authored_by,publication:W2133856765,person:A5034600868,W2133856765,A5034600868,middle,0,1
authored_by:publication:W2133856765->person:A5052283192,authored_by,publication:W2133856765,person:A5052283192,W2133856765,A5052283192,middle,0,2
authored_by:publication:W2133856765->person:A5081647956,authored_by,publication:W2133856765,person:A5081647956,W2133856765,A5081647956,middle,0,3
authored_by:publication:W2133856765->person:A5078340083,authored_by,publication:W2133856765,person:A5078340083,W2133856765,A5078340083,middle,0,4
authored_by:publication:W2133856765->person:A5091604970,authored_by,publication:W2133856765,person:A5091604970,W2133856765,A5091604970,middle,0,5
authored_by:publication:W2133856765->person:A5008844345,authored_by,publication:W2133856765,person:A5008844345,W2133856765,A5008844345,last,0,6
authored_by:publication:W2152239989->person:A5022280742,authored_by,publication:W2152239989,person:A5022280742,W2152239989,A5022280742,first,1,0
authored_by:publication:W2152239989->person:A5029601108,authored_by,publication:W2152239989,person:A5029601108,W2152239989,A5029601108,last,0,1
authored_by:publication:W2124985265->person:A5009556658,authored_by,publication:W2124985265,person:A5009556658,W2124985265,A5009556658,first,1,0
authored_by:publication:W2124985265->person:A5016854384,authored_by,publication:W2124985265,person:A5016854384,W2124985265,A5016854384,middle,0,1
authored_by:publication:W2124985265->person:A5064979917,authored_by,publication:W2124985265,person:A5064979917,W2124985265,A5064979917,middle,0,2
authored_by:publication:W2124985265->person:A5010384159,authored_by,publication:W2124985265,person:A5010384159,W2124985265,A5010384159,last,0,3
authored_by:publication:W2171808845->person:A5007650371,authored_by,publication:W2171808845,person:A5007650371,W2171808845,A5007650371,first,0,0
authored_by:publication:W2171808845->person:A5100338122,authored_by,publication:W2171808845,person:A5100338122,W2171808845,A5100338122,middle,0,1
authored_by:publication:W2171808845->person:A5021521447,authored_by,publication:W2171808845,person:A5021521447,W2171808845,A5021521447,middle,0,2
authored_by:publication:W2171808845->person:A5091827744,authored_by,publication:W2171808845,person:A5091827744,W2171808845,A5091827744,middle,0,3
authored_by:publication:W2171808845->person:A5027931169,authored_by,publication:W2171808845,person:A5027931169,W2171808845,A5027931169,middle,0,4
authored_by:publication:W2171808845->person:A5058470461,authored_by,publication:W2171808845,person:A5058470461,W2171808845,A5058470461,middle,0,5
authored_by:publication:W2171808845->person:A5049581540,authored_by,publication:W2171808845,person:A5049581540,W2171808845,A5049581540,middle,0,6
authored_by:publication:W2171808845->person:A5016212527,authored_by,publication:W2171808845,person:A5016212527,W2171808845,A5016212527,middle,0,7
authored_by:publication:W2171808845->person:A5033532061,authored_by,publication:W2171808845,person:A5033532061,W2171808845,A5033532061,middle,0,8
authored_by:publication:W2171808845->person:A5100318082,authored_by,publication:W2171808845,person:A5100318082,W2171808845,A5100318082,middle,1,9
authored_by:publication:W2171808845->person:A5045575546,authored_by,publication:W2171808845,person:A5045575546,W2171808845,A5045575546,last,0,10
authored_by:publication:W1577577364->person:A5086580140,authored_by,publication:W1577577364,person:A5086580140,W1577577364,A5086580140,first,1,0
authored_by:publication:W1577577364->person:A5034282785,authored_by,publication:W1577577364,person:A5034282785,W1577577364,A5034282785,middle,0,1
authored_by:publication:W1577577364->person:A5072598822,authored_by,publication:W1577577364,person:A5072598822,W1577577364,A5072598822,middle,0,2
authored_by:publication:W1577577364->person:A5057368279,authored_by,publication:W1577577364,person:A5057368279,W1577577364,A5057368279,middle,0,3
authored_by:publication:W1577577364->person:A5015213142,authored_by,publication:W1577577364,person:A5015213142,W1577577364,A5015213142,middle,0,4
authored_by:publication:W1577577364->person:A5106426567,authored_by,publication:W1577577364,person:A5106426567,W1577577364,A5106426567,middle,0,5
authored_by:publication:W1577577364->person:A5108489684,authored_by,publication:W1577577364,person:A5108489684,W1577577364,A5108489684,last,0,6
authored_by:publication:W2138522501->person:A5113587209,authored_by,publication:W2138522501,person:A5113587209,W2138522501,A5113587209,first,1,0
authored_by:publication:W2138522501->person:A5016983675,authored_by,publication:W2138522501,person:A5016983675,W2138522501,A5016983675,last,0,1
authored_by:publication:W2167311298->person:A5035950418,authored_by,publication:W2167311298,person:A5035950418,W2167311298,A5035950418,first,1,0
authored_by:publication:W2167311298->person:A5059909558,authored_by,publication:W2167311298,person:A5059909558,W2167311298,A5059909558,middle,0,1
authored_by:publication:W2167311298->person:A5084320362,authored_by,publication:W2167311298,person:A5084320362,W2167311298,A5084320362,middle,0,2
authored_by:publication:W2167311298->person:A5059169253,authored_by,publication:W2167311298,person:A5059169253,W2167311298,A5059169253,middle,0,3
authored_by:publication:W2167311298->person:A5075307649,authored_by,publication:W2167311298,person:A5075307649,W2167311298,A5075307649,middle,0,4
authored_by:publication:W2167311298->person:A5083247761,authored_by,publication:W2167311298,person:A5083247761,W2167311298,A5083247761,middle,0,5
authored_by:publication:W2167311298->person:A5005516164,authored_by,publication:W2167311298,person:A5005516164,W2167311298,A5005516164,middle,0,6
authored_by:publication:W2167311298->person:A5001877044,authored_by,publication:W2167311298,person:A5001877044,W2167311298,A5001877044,middle,0,7
authored_by:publication:W2167311298->person:A5009640664,authored_by,publication:W2167311298,person:A5009640664,W2167311298,A5009640664,last,0,8
authored_by:publication:W2008854521->person:A5047366834,authored_by,publication:W2008854521,person:A5047366834,W2008854521,A5047366834,first,1,0
authored_by:publication:W2008854521->person:A5057877217,authored_by,publication:W2008854521,person:A5057877217,W2008854521,A5057877217,middle,0,1
authored_by:publication:W2008854521->person:A5043520931,authored_by,publication:W2008854521,person:A5043520931,W2008854521,A5043520931,middle,0,2
authored_by:publication:W2008854521->person:A5068408229,authored_by,publication:W2008854521,person:A5068408229,W2008854521,A5068408229,middle,0,3
authored_by:publication:W2008854521->person:A5053956008,authored_by,publication:W2008854521,person:A5053956008,W2008854521,A5053956008,last,0,4
authored_by:publication:W2073775990->person:A5060959562,authored_by,publication:W2073775990,person:A5060959562,W2073775990,A5060959562,first,1,0
authored_by:publication:W2073775990->person:A5009890068,authored_by,publication:W2073775990,person:A5009890068,W2073775990,A5009890068,last,0,1
authored_by:publication:W2153000380->person:A5111444104,authored_by,publication:W2153000380,person:A5111444104,W2153000380,A5111444104,first,1,0
authored_by:publication:W2254735081->person:A5003220133,authored_by,publication:W2254735081,person:A5003220133,W2254735081,A5003220133,first,1,0
authored_by:publication:W2473786944->person:W2473786944-person-0,authored_by,publication:W2473786944,person:W2473786944-person-0,W2473786944,W2473786944-person-0,first,1,0
authored_by:publication:W2149868499->person:A5063609461,authored_by,publication:W2149868499,person:A5063609461,W2149868499,A5063609461,first,1,0
authored_by:publication:W2157300266->person:A5072009257,authored_by,publication:W2157300266,person:A5072009257,W2157300266,A5072009257,first,1,0
authored_by:publication:W2142635246->person:A5113631634,authored_by,publication:W2142635246,person:A5113631634,W2142635246,A5113631634,first,1,0
authored_by:publication:W2126105956->person:A5088394271,authored_by,publication:W2126105956,person:A5088394271,W2126105956,A5088394271,first,1,0
authored_by:publication:W2126105956->person:A5003443596,authored_by,publication:W2126105956,person:A5003443596,W2126105956,A5003443596,middle,0,1
authored_by:publication:W2126105956->person:A5110225207,authored_by,publication:W2126105956,person:A5110225207,W2126105956,A5110225207,middle,0,2
authored_by:publication:W2126105956->person:A5066045362,authored_by,publication:W2126105956,person:A5066045362,W2126105956,A5066045362,last,0,3
authored_by:publication:W2133665775->person:A5100420313,authored_by,publication:W2133665775,person:A5100420313,W2133665775,A5100420313,first,1,0
authored_by:publication:W2133665775->person:A5075463806,authored_by,publication:W2133665775,person:A5075463806,W2133665775,A5075463806,middle,0,1
authored_by:publication:W2133665775->person:A5112664269,authored_by,publication:W2133665775,person:A5112664269,W2133665775,A5112664269,middle,0,2
authored_by:publication:W2133665775->person:A5080476548,authored_by,publication:W2133665775,person:A5080476548,W2133665775,A5080476548,last,0,3
authored_by:publication:W4250955649->person:A5065355421,authored_by,publication:W4250955649,person:A5065355421,W4250955649,A5065355421,first,1,0
authored_by:publication:W2145096794->person:A5072495084,authored_by,publication:W2145096794,person:A5072495084,W2145096794,A5072495084,first,1,0
authored_by:publication:W2145096794->person:A5108137552,authored_by,publication:W2145096794,person:A5108137552,W2145096794,A5108137552,middle,0,1
authored_by:publication:W2145096794->person:A5066728260,authored_by,publication:W2145096794,person:A5066728260,W2145096794,A5066728260,last,0,2
authored_by:publication:W2122111042->person:A5055073921,authored_by,publication:W2122111042,person:A5055073921,W2122111042,A5055073921,first,1,0
authored_by:publication:W2122111042->person:A5091275445,authored_by,publication:W2122111042,person:A5091275445,W2122111042,A5091275445,last,0,1
authored_by:publication:W2165698076->person:A5082984558,authored_by,publication:W2165698076,person:A5082984558,W2165698076,A5082984558,first,1,0
authored_by:publication:W2165698076->person:A5100636286,authored_by,publication:W2165698076,person:A5100636286,W2165698076,A5100636286,last,0,1
authored_by:publication:W2121863487->person:W2121863487-person-0,authored_by,publication:W2121863487,person:W2121863487-person-0,W2121863487,W2121863487-person-0,first,1,0
authored_by:publication:W2121863487->person:W2121863487-person-1,authored_by,publication:W2121863487,person:W2121863487-person-1,W2121863487,W2121863487-person-1,last,0,1
authored_by:publication:W4214717370->person:A5004923102,authored_by,publication:W4214717370,person:A5004923102,W4214717370,A5004923102,first,1,0
authored_by:publication:W4214717370->person:A5113708591,authored_by,publication:W4214717370,person:A5113708591,W4214717370,A5113708591,last,0,1
authored_by:publication:W2412782625->person:A5103273466,authored_by,publication:W2412782625,person:A5103273466,W2412782625,A5103273466,first,1,0
authored_by:publication:W2412782625->person:A5034294456,authored_by,publication:W2412782625,person:A5034294456,W2412782625,A5034294456,middle,0,1
authored_by:publication:W2412782625->person:A5077035803,authored_by,publication:W2412782625,person:A5077035803,W2412782625,A5077035803,middle,0,2
authored_by:publication:W2412782625->person:A5002713363,authored_by,publication:W2412782625,person:A5002713363,W2412782625,A5002713363,middle,0,3
authored_by:publication:W2412782625->person:A5086706224,authored_by,publication:W2412782625,person:A5086706224,W2412782625,A5086706224,last,0,4
authored_by:publication:W639708223->person:A5100824251,authored_by,publication:W639708223,person:A5100824251,W639708223,A5100824251,first,1,0
authored_by:publication:W639708223->person:A5100700361,authored_by,publication:W639708223,person:A5100700361,W639708223,A5100700361,middle,0,1
authored_by:publication:W639708223->person:A5049246408,authored_by,publication:W639708223,person:A5049246408,W639708223,A5049246408,middle,0,2
authored_by:publication:W639708223->person:A5101425421,authored_by,publication:W639708223,person:A5101425421,W639708223,A5101425421,last,0,3
authored_by:publication:W2121947440->person:A5081456949,authored_by,publication:W2121947440,person:A5081456949,W2121947440,A5081456949,first,1,0
authored_by:publication:W2121947440->person:A5001594573,authored_by,publication:W2121947440,person:A5001594573,W2121947440,A5001594573,last,0,1
authored_by:publication:W2049981393->person:A5056369189,authored_by,publication:W2049981393,person:A5056369189,W2049981393,A5056369189,first,1,0
authored_by:publication:W2049981393->person:A5038182313,authored_by,publication:W2049981393,person:A5038182313,W2049981393,A5038182313,last,0,1
authored_by:publication:W2132984323->person:A5065086376,authored_by,publication:W2132984323,person:A5065086376,W2132984323,A5065086376,first,1,0
authored_by:publication:W2145023731->person:A5089723214,authored_by,publication:W2145023731,person:A5089723214,W2145023731,A5089723214,first,1,0
authored_by:publication:W2020999234->person:A5040941243,authored_by,publication:W2020999234,person:A5040941243,W2020999234,A5040941243,first,1,0
authored_by:publication:W2020999234->person:A5013551450,authored_by,publication:W2020999234,person:A5013551450,W2020999234,A5013551450,last,0,1
authored_by:publication:W2019207321->person:A5073451247,authored_by,publication:W2019207321,person:A5073451247,W2019207321,A5073451247,first,1,0
authored_by:publication:W2079325629->person:A5101138074,authored_by,publication:W2079325629,person:A5101138074,W2079325629,A5101138074,first,1,0
authored_by:publication:W2079325629->person:A5036802322,authored_by,publication:W2079325629,person:A5036802322,W2079325629,A5036802322,last,0,1
authored_by:publication:W2133059825->person:A5112431155,authored_by,publication:W2133059825,person:A5112431155,W2133059825,A5112431155,first,1,0
authored_by:publication:W2044465660->person:A5103500270,authored_by,publication:W2044465660,person:A5103500270,W2044465660,A5103500270,first,1,0
authored_by:publication:W2044465660->person:W2044465660-person-1,authored_by,publication:W2044465660,person:W2044465660-person-1,W2044465660,W2044465660-person-1,middle,0,1
authored_by:publication:W2044465660->person:A5044512705,authored_by,publication:W2044465660,person:A5044512705,W2044465660,A5044512705,last,0,2
authored_by:publication:W4211007335->person:A5079071970,authored_by,publication:W4211007335,person:A5079071970,W4211007335,A5079071970,first,1,0
authored_by:publication:W246286872->person:A5102005485,authored_by,publication:W246286872,person:A5102005485,W246286872,A5102005485,first,1,0
authored_by:publication:W246286872->person:A5100939057,authored_by,publication:W246286872,person:A5100939057,W246286872,A5100939057,middle,0,1
authored_by:publication:W246286872->person:A5036176427,authored_by,publication:W246286872,person:A5036176427,W246286872,A5036176427,middle,0,2
authored_by:publication:W246286872->person:A5103111821,authored_by,publication:W246286872,person:A5103111821,W246286872,A5103111821,middle,0,3
authored_by:publication:W246286872->person:A5109932084,authored_by,publication:W246286872,person:A5109932084,W246286872,A5109932084,middle,0,4
authored_by:publication:W246286872->person:A5111512062,authored_by,publication:W246286872,person:A5111512062,W246286872,A5111512062,last,0,5
authored_by:publication:W1797402740->person:A5020627596,authored_by,publication:W1797402740,person:A5020627596,W1797402740,A5020627596,first,1,0
authored_by:publication:W2138664283->person:A5038884690,authored_by,publication:W2138664283,person:A5038884690,W2138664283,A5038884690,first,1,0
authored_by:publication:W2138664283->person:A5074920837,authored_by,publication:W2138664283,person:A5074920837,W2138664283,A5074920837,middle,0,1
authored_by:publication:W2138664283->person:A5038938109,authored_by,publication:W2138664283,person:A5038938109,W2138664283,A5038938109,last,0,2
authored_by:publication:W1757407923->person:A5051830072,authored_by,publication:W1757407923,person:A5051830072,W1757407923,A5051830072,first,1,0
authored_by:publication:W1757407923->person:A5057880586,authored_by,publication:W1757407923,person:A5057880586,W1757407923,A5057880586,middle,0,1
authored_by:publication:W1757407923->person:A5049513467,authored_by,publication:W1757407923,person:A5049513467,W1757407923,A5049513467,middle,0,2
authored_by:publication:W1757407923->person:A5025276497,authored_by,publication:W1757407923,person:A5025276497,W1757407923,A5025276497,middle,0,3
authored_by:publication:W1757407923->person:A5017081649,authored_by,publication:W1757407923,person:A5017081649,W1757407923,A5017081649,middle,0,4
authored_by:publication:W1757407923->person:A5107405263,authored_by,publication:W1757407923,person:A5107405263,W1757407923,A5107405263,middle,0,5
authored_by:publication:W1757407923->person:A5060764581,authored_by,publication:W1757407923,person:A5060764581,W1757407923,A5060764581,middle,0,6
authored_by:publication:W1757407923->person:A5111768129,authored_by,publication:W1757407923,person:A5111768129,W1757407923,A5111768129,middle,0,7
authored_by:publication:W1757407923->person:A5064215217,authored_by,publication:W1757407923,person:A5064215217,W1757407923,A5064215217,last,0,8
authored_by:publication:W1981989535->person:A5051830072,authored_by,publication:W1981989535,person:A5051830072,W1981989535,A5051830072,first,1,0
authored_by:publication:W1981989535->person:A5108093688,authored_by,publication:W1981989535,person:A5108093688,W1981989535,A5108093688,middle,0,1
authored_by:publication:W1981989535->person:A5064215217,authored_by,publication:W1981989535,person:A5064215217,W1981989535,A5064215217,middle,0,2
authored_by:publication:W1981989535->person:A5111768129,authored_by,publication:W1981989535,person:A5111768129,W1981989535,A5111768129,middle,0,3
authored_by:publication:W1981989535->person:A5017081649,authored_by,publication:W1981989535,person:A5017081649,W1981989535,A5017081649,middle,0,4
authored_by:publication:W1981989535->person:A5060764581,authored_by,publication:W1981989535,person:A5060764581,W1981989535,A5060764581,last,0,5
authored_by:publication:W2614464134->person:A5089844972,authored_by,publication:W2614464134,person:A5089844972,W2614464134,A5089844972,first,1,0
authored_by:publication:W2614464134->person:A5044124578,authored_by,publication:W2614464134,person:A5044124578,W2614464134,A5044124578,last,0,1
authored_by:publication:W2112776483->person:A5044124578,authored_by,publication:W2112776483,person:A5044124578,W2112776483,A5044124578,first,1,0
authored_by:publication:W2112776483->person:A5000528278,authored_by,publication:W2112776483,person:A5000528278,W2112776483,A5000528278,middle,0,1
authored_by:publication:W2112776483->person:A5110339164,authored_by,publication:W2112776483,person:A5110339164,W2112776483,A5110339164,middle,0,2
authored_by:publication:W2112776483->person:A5111376905,authored_by,publication:W2112776483,person:A5111376905,W2112776483,A5111376905,middle,0,3
authored_by:publication:W2112776483->person:A5038971318,authored_by,publication:W2112776483,person:A5038971318,W2112776483,A5038971318,last,0,4
authored_by:publication:W2117539524->person:A5022811687,authored_by,publication:W2117539524,person:A5022811687,W2117539524,A5022811687,first,1,0
authored_by:publication:W2117539524->person:A5101542158,authored_by,publication:W2117539524,person:A5101542158,W2117539524,A5101542158,middle,0,1
authored_by:publication:W2117539524->person:A5100627109,authored_by,publication:W2117539524,person:A5100627109,W2117539524,A5100627109,middle,0,2
authored_by:publication:W2117539524->person:A5060909587,authored_by,publication:W2117539524,person:A5060909587,W2117539524,A5060909587,middle,0,3
authored_by:publication:W2117539524->person:A5090158590,authored_by,publication:W2117539524,person:A5090158590,W2117539524,A5090158590,middle,0,4
authored_by:publication:W2117539524->person:A5102331250,authored_by,publication:W2117539524,person:A5102331250,W2117539524,A5102331250,middle,0,5
authored_by:publication:W2117539524->person:A5011349177,authored_by,publication:W2117539524,person:A5011349177,W2117539524,A5011349177,middle,0,6
authored_by:publication:W2117539524->person:A5009290031,authored_by,publication:W2117539524,person:A5009290031,W2117539524,A5009290031,middle,0,7
authored_by:publication:W2117539524->person:A5104110845,authored_by,publication:W2117539524,person:A5104110845,W2117539524,A5104110845,middle,0,8
authored_by:publication:W2117539524->person:A5076189854,authored_by,publication:W2117539524,person:A5076189854,W2117539524,A5076189854,middle,0,9
authored_by:publication:W2117539524->person:A5104361813,authored_by,publication:W2117539524,person:A5104361813,W2117539524,A5104361813,middle,0,10
authored_by:publication:W2117539524->person:A5100450462,authored_by,publication:W2117539524,person:A5100450462,W2117539524,A5100450462,last,0,11
authored_by:publication:W2031489346->person:A5054253972,authored_by,publication:W2031489346,person:A5054253972,W2031489346,A5054253972,first,1,0
authored_by:publication:W2031489346->person:A5001254143,authored_by,publication:W2031489346,person:A5001254143,W2031489346,A5001254143,middle,0,1
authored_by:publication:W2031489346->person:A5080713659,authored_by,publication:W2031489346,person:A5080713659,W2031489346,A5080713659,middle,0,2
authored_by:publication:W2031489346->person:A5052703810,authored_by,publication:W2031489346,person:A5052703810,W2031489346,A5052703810,middle,0,3
authored_by:publication:W2031489346->person:A5057678172,authored_by,publication:W2031489346,person:A5057678172,W2031489346,A5057678172,last,0,4
authored_by:publication:W2151103935->person:A5055202003,authored_by,publication:W2151103935,person:A5055202003,W2151103935,A5055202003,first,1,0
authored_by:publication:W2104095591->person:A5006830648,authored_by,publication:W2104095591,person:A5006830648,W2104095591,A5006830648,first,1,0
authored_by:publication:W2104095591->person:A5007629193,authored_by,publication:W2104095591,person:A5007629193,W2104095591,A5007629193,middle,0,1
authored_by:publication:W2104095591->person:A5034397232,authored_by,publication:W2104095591,person:A5034397232,W2104095591,A5034397232,last,0,2
authored_by:publication:W1513281941->person:A5050747355,authored_by,publication:W1513281941,person:A5050747355,W1513281941,A5050747355,first,1,0
authored_by:publication:W1517701247->person:A5036713900,authored_by,publication:W1517701247,person:A5036713900,W1517701247,A5036713900,first,1,0
authored_by:publication:W1517701247->person:A5083331629,authored_by,publication:W1517701247,person:A5083331629,W1517701247,A5083331629,last,0,1
authored_by:publication:W2390008750->person:A5088428969,authored_by,publication:W2390008750,person:A5088428969,W2390008750,A5088428969,first,1,0
authored_by:publication:W79229537->person:A5027555740,authored_by,publication:W79229537,person:A5027555740,W79229537,A5027555740,first,1,0
authored_by:publication:W79229537->person:A5087243007,authored_by,publication:W79229537,person:A5087243007,W79229537,A5087243007,middle,0,1
authored_by:publication:W79229537->person:A5008904358,authored_by,publication:W79229537,person:A5008904358,W79229537,A5008904358,last,0,2
authored_by:publication:W2000380427->person:A5060754876,authored_by,publication:W2000380427,person:A5060754876,W2000380427,A5060754876,first,1,0
authored_by:publication:W2075950485->person:A5030637056,authored_by,publication:W2075950485,person:A5030637056,W2075950485,A5030637056,first,1,0
authored_by:publication:W2075950485->person:A5039957029,authored_by,publication:W2075950485,person:A5039957029,W2075950485,A5039957029,last,0,1
authored_by:publication:W2004038836->person:A5058365755,authored_by,publication:W2004038836,person:A5058365755,W2004038836,A5058365755,first,1,0
authored_by:publication:W2004038836->person:A5019075743,authored_by,publication:W2004038836,person:A5019075743,W2004038836,A5019075743,last,0,1
authored_by:publication:W3008028633->person:A5012397238,authored_by,publication:W3008028633,person:A5012397238,W3008028633,A5012397238,first,1,0
authored_by:publication:W3008028633->person:A5075384865,authored_by,publication:W3008028633,person:A5075384865,W3008028633,A5075384865,last,0,1
authored_by:publication:W3005079553->person:W3005079553-person-0,authored_by,publication:W3005079553,person:W3005079553-person-0,W3005079553,W3005079553-person-0,first,0,0
authored_by:publication:W3005079553->person:W3005079553-person-1,authored_by,publication:W3005079553,person:W3005079553-person-1,W3005079553,W3005079553-person-1,middle,0,1
authored_by:publication:W3005079553->person:W3005079553-person-2,authored_by,publication:W3005079553,person:W3005079553-person-2,W3005079553,W3005079553-person-2,middle,0,2
authored_by:publication:W3005079553->person:W3005079553-person-3,authored_by,publication:W3005079553,person:W3005079553-person-3,W3005079553,W3005079553-person-3,middle,0,3
authored_by:publication:W3005079553->person:W3005079553-person-4,authored_by,publication:W3005079553,person:W3005079553-person-4,W3005079553,W3005079553-person-4,middle,0,4
authored_by:publication:W3005079553->person:W3005079553-person-5,authored_by,publication:W3005079553,person:W3005079553-person-5,W3005079553,W3005079553-person-5,middle,0,5
authored_by:publication:W3005079553->person:W3005079553-person-6,authored_by,publication:W3005079553,person:W3005079553-person-6,W3005079553,W3005079553-person-6,middle,0,6
authored_by:publication:W3005079553->person:W3005079553-person-7,authored_by,publication:W3005079553,person:W3005079553-person-7,W3005079553,W3005079553-person-7,middle,0,7
authored_by:publication:W3005079553->person:W3005079553-person-8,authored_by,publication:W3005079553,person:W3005079553-person-8,W3005079553,W3005079553-person-8,middle,0,8
authored_by:publication:W3005079553->person:W3005079553-person-9,authored_by,publication:W3005079553,person:W3005079553-person-9,W3005079553,W3005079553-person-9,middle,0,9
authored_by:publication:W3005079553->person:W3005079553-person-10,authored_by,publication:W3005079553,person:W3005079553-person-10,W3005079553,W3005079553-person-10,middle,0,10
authored_by:publication:W3005079553->person:W3005079553-person-11,authored_by,publication:W3005079553,person:W3005079553-person-11,W3005079553,W3005079553-person-11,middle,0,11
authored_by:publication:W3005079553->person:W3005079553-person-12,authored_by,publication:W3005079553,person:W3005079553-person-12,W3005079553,W3005079553-person-12,middle,1,12
authored_by:publication:W3005079553->person:W3005079553-person-13,authored_by,publication:W3005079553,person:W3005079553-person-13,W3005079553,W3005079553-person-13,last,1,13
authored_by:publication:W2280404143->person:A5022102306,authored_by,publication:W2280404143,person:A5022102306,W2280404143,A5022102306,first,0,0
authored_by:publication:W2280404143->person:A5091517222,authored_by,publication:W2280404143,person:A5091517222,W2280404143,A5091517222,middle,1,1
authored_by:publication:W2280404143->person:A5105662495,authored_by,publication:W2280404143,person:A5105662495,W2280404143,A5105662495,middle,0,2
authored_by:publication:W2280404143->person:A5012228981,authored_by,publication:W2280404143,person:A5012228981,W2280404143,A5012228981,middle,0,3
authored_by:publication:W2280404143->person:A5068616089,authored_by,publication:W2280404143,person:A5068616089,W2280404143,A5068616089,middle,0,4
authored_by:publication:W2280404143->person:A5068261184,authored_by,publication:W2280404143,person:A5068261184,W2280404143,A5068261184,middle,0,5
authored_by:publication:W2280404143->person:A5011216396,authored_by,publication:W2280404143,person:A5011216396,W2280404143,A5011216396,middle,0,6
authored_by:publication:W2280404143->person:A5052393113,authored_by,publication:W2280404143,person:A5052393113,W2280404143,A5052393113,middle,0,7
authored_by:publication:W2280404143->person:A5073851208,authored_by,publication:W2280404143,person:A5073851208,W2280404143,A5073851208,middle,0,8
authored_by:publication:W2280404143->person:A5012550644,authored_by,publication:W2280404143,person:A5012550644,W2280404143,A5012550644,middle,0,9
authored_by:publication:W2280404143->person:A5001543982,authored_by,publication:W2280404143,person:A5001543982,W2280404143,A5001543982,middle,0,10
authored_by:publication:W2280404143->person:A5000157972,authored_by,publication:W2280404143,person:A5000157972,W2280404143,A5000157972,middle,0,11
authored_by:publication:W2280404143->person:A5070604004,authored_by,publication:W2280404143,person:A5070604004,W2280404143,A5070604004,middle,0,12
authored_by:publication:W2280404143->person:A5031081653,authored_by,publication:W2280404143,person:A5031081653,W2280404143,A5031081653,middle,0,13
authored_by:publication:W2280404143->person:A5025379878,authored_by,publication:W2280404143,person:A5025379878,W2280404143,A5025379878,middle,0,14
authored_by:publication:W2280404143->person:A5110810503,authored_by,publication:W2280404143,person:A5110810503,W2280404143,A5110810503,middle,0,15
authored_by:publication:W2280404143->person:A5048965254,authored_by,publication:W2280404143,person:A5048965254,W2280404143,A5048965254,middle,0,16
authored_by:publication:W2280404143->person:A5003379719,authored_by,publication:W2280404143,person:A5003379719,W2280404143,A5003379719,middle,0,17
authored_by:publication:W2280404143->person:A5001670387,authored_by,publication:W2280404143,person:A5001670387,W2280404143,A5001670387,last,0,18
authored_by:publication:W4292528167->person:W4292528167-person-0,authored_by,publication:W4292528167,person:W4292528167-person-0,W4292528167,W4292528167-person-0,first,1,0
authored_by:publication:W2156121263->person:A5046336198,authored_by,publication:W2156121263,person:A5046336198,W2156121263,A5046336198,first,1,0
authored_by:publication:W1593442063->person:W1593442063-person-0,authored_by,publication:W1593442063,person:W1593442063-person-0,W1593442063,W1593442063-person-0,first,1,0
authored_by:publication:W4238251256->person:A5060687347,authored_by,publication:W4238251256,person:A5060687347,W4238251256,A5060687347,first,1,0
authored_by:publication:W1979423827->person:A5068936587,authored_by,publication:W1979423827,person:A5068936587,W1979423827,A5068936587,first,1,0
authored_by:publication:W2118310760->person:A5056794714,authored_by,publication:W2118310760,person:A5056794714,W2118310760,A5056794714,first,1,0
authored_by:publication:W2139248078->person:A5109912291,authored_by,publication:W2139248078,person:A5109912291,W2139248078,A5109912291,first,1,0
authored_by:publication:W2139248078->person:A5109228194,authored_by,publication:W2139248078,person:A5109228194,W2139248078,A5109228194,middle,0,1
authored_by:publication:W2139248078->person:A5103081894,authored_by,publication:W2139248078,person:A5103081894,W2139248078,A5103081894,middle,0,2
authored_by:publication:W2139248078->person:A5111555926,authored_by,publication:W2139248078,person:A5111555926,W2139248078,A5111555926,middle,0,3
authored_by:publication:W2139248078->person:A5053919588,authored_by,publication:W2139248078,person:A5053919588,W2139248078,A5053919588,middle,0,4
authored_by:publication:W2139248078->person:A5033078993,authored_by,publication:W2139248078,person:A5033078993,W2139248078,A5033078993,middle,0,5
authored_by:publication:W2139248078->person:A5110112933,authored_by,publication:W2139248078,person:A5110112933,W2139248078,A5110112933,middle,0,6
authored_by:publication:W2139248078->person:A5110081154,authored_by,publication:W2139248078,person:A5110081154,W2139248078,A5110081154,middle,0,7
authored_by:publication:W2139248078->person:A5111586792,authored_by,publication:W2139248078,person:A5111586792,W2139248078,A5111586792,middle,0,8
authored_by:publication:W2139248078->person:A5111938831,authored_by,publication:W2139248078,person:A5111938831,W2139248078,A5111938831,middle,0,9
authored_by:publication:W2139248078->person:A5026019149,authored_by,publication:W2139248078,person:A5026019149,W2139248078,A5026019149,last,0,10
authored_by:publication:W2167571044->person:A5075030358,authored_by,publication:W2167571044,person:A5075030358,W2167571044,A5075030358,first,1,0
authored_by:publication:W2167571044->person:A5053015332,authored_by,publication:W2167571044,person:A5053015332,W2167571044,A5053015332,middle,0,1
authored_by:publication:W2167571044->person:A5044764887,authored_by,publication:W2167571044,person:A5044764887,W2167571044,A5044764887,middle,0,2
authored_by:publication:W2167571044->person:A5031669206,authored_by,publication:W2167571044,person:A5031669206,W2167571044,A5031669206,middle,0,3
authored_by:publication:W2167571044->person:A5112228911,authored_by,publication:W2167571044,person:A5112228911,W2167571044,A5112228911,middle,0,4
authored_by:publication:W2167571044->person:A5039543399,authored_by,publication:W2167571044,person:A5039543399,W2167571044,A5039543399,middle,0,5
authored_by:publication:W2167571044->person:A5063745414,authored_by,publication:W2167571044,person:A5063745414,W2167571044,A5063745414,middle,0,6
authored_by:publication:W2167571044->person:A5068985170,authored_by,publication:W2167571044,person:A5068985170,W2167571044,A5068985170,middle,0,7
authored_by:publication:W2167571044->person:A5108800208,authored_by,publication:W2167571044,person:A5108800208,W2167571044,A5108800208,middle,0,8
authored_by:publication:W2167571044->person:A5110272856,authored_by,publication:W2167571044,person:A5110272856,W2167571044,A5110272856,middle,0,9
authored_by:publication:W2167571044->person:A5080812721,authored_by,publication:W2167571044,person:A5080812721,W2167571044,A5080812721,middle,0,10
authored_by:publication:W2167571044->person:A5110874699,authored_by,publication:W2167571044,person:A5110874699,W2167571044,A5110874699,middle,0,11
authored_by:publication:W2167571044->person:A5112102306,authored_by,publication:W2167571044,person:A5112102306,W2167571044,A5112102306,middle,0,12
authored_by:publication:W2167571044->person:A5000947273,authored_by,publication:W2167571044,person:A5000947273,W2167571044,A5000947273,middle,0,13
authored_by:publication:W2167571044->person:A5015417603,authored_by,publication:W2167571044,person:A5015417603,W2167571044,A5015417603,middle,0,14
authored_by:publication:W2167571044->person:A5002902059,authored_by,publication:W2167571044,person:A5002902059,W2167571044,A5002902059,middle,0,15
authored_by:publication:W2167571044->person:A5062680462,authored_by,publication:W2167571044,person:A5062680462,W2167571044,A5062680462,middle,0,16
authored_by:publication:W2167571044->person:A5064151220,authored_by,publication:W2167571044,person:A5064151220,W2167571044,A5064151220,middle,0,17
authored_by:publication:W2167571044->person:A5010575896,authored_by,publication:W2167571044,person:A5010575896,W2167571044,A5010575896,last,0,18
authored_by:publication:W2798909945->person:A5110003399,authored_by,publication:W2798909945,person:A5110003399,W2798909945,A5110003399,first,1,0
authored_by:publication:W4230354434->person:A5056256738,authored_by,publication:W4230354434,person:A5056256738,W4230354434,A5056256738,first,1,0
authored_by:publication:W4230354434->person:A5110330477,authored_by,publication:W4230354434,person:A5110330477,W4230354434,A5110330477,last,0,1
authored_by:publication:W2067404301->person:A5066440194,authored_by,publication:W2067404301,person:A5066440194,W2067404301,A5066440194,first,1,0
authored_by:publication:W2067404301->person:A5043669176,authored_by,publication:W2067404301,person:A5043669176,W2067404301,A5043669176,last,0,1
authored_by:publication:W1933657216->person:A5050838768,authored_by,publication:W1933657216,person:A5050838768,W1933657216,A5050838768,first,1,0
authored_by:publication:W1933657216->person:A5009424444,authored_by,publication:W1933657216,person:A5009424444,W1933657216,A5009424444,last,0,1
authored_by:publication:W2028056984->person:A5068935061,authored_by,publication:W2028056984,person:A5068935061,W2028056984,A5068935061,first,1,0
authored_by:publication:W2028056984->person:A5109500726,authored_by,publication:W2028056984,person:A5109500726,W2028056984,A5109500726,last,0,1
authored_by:publication:W2059205366->person:A5080530103,authored_by,publication:W2059205366,person:A5080530103,W2059205366,A5080530103,first,1,0
authored_by:publication:W2059205366->person:A5083294467,authored_by,publication:W2059205366,person:A5083294467,W2059205366,A5083294467,middle,0,1
authored_by:publication:W2059205366->person:A5061442960,authored_by,publication:W2059205366,person:A5061442960,W2059205366,A5061442960,middle,0,2
authored_by:publication:W2059205366->person:A5073991542,authored_by,publication:W2059205366,person:A5073991542,W2059205366,A5073991542,middle,0,3
authored_by:publication:W2059205366->person:A5009567659,authored_by,publication:W2059205366,person:A5009567659,W2059205366,A5009567659,last,0,4
authored_by:publication:W2163341755->person:A5103453342,authored_by,publication:W2163341755,person:A5103453342,W2163341755,A5103453342,first,1,0
authored_by:publication:W2163341755->person:A5110342059,authored_by,publication:W2163341755,person:A5110342059,W2163341755,A5110342059,middle,0,1
authored_by:publication:W2163341755->person:A5027915011,authored_by,publication:W2163341755,person:A5027915011,W2163341755,A5027915011,middle,0,2
authored_by:publication:W2163341755->person:A5052155666,authored_by,publication:W2163341755,person:A5052155666,W2163341755,A5052155666,middle,0,3
authored_by:publication:W2163341755->person:A5081403104,authored_by,publication:W2163341755,person:A5081403104,W2163341755,A5081403104,middle,0,4
authored_by:publication:W2163341755->person:A5068323278,authored_by,publication:W2163341755,person:A5068323278,W2163341755,A5068323278,last,0,5
authored_by:publication:W2063334178->person:A5083617813,authored_by,publication:W2063334178,person:A5083617813,W2063334178,A5083617813,first,1,0
authored_by:publication:W2059020082->person:A5083617813,authored_by,publication:W2059020082,person:A5083617813,W2059020082,A5083617813,first,1,0
authored_by:publication:W1986191025->person:A5026919510,authored_by,publication:W1986191025,person:A5026919510,W1986191025,A5026919510,first,1,0
authored_by:publication:W1986191025->person:A5111577938,authored_by,publication:W1986191025,person:A5111577938,W1986191025,A5111577938,middle,0,1
authored_by:publication:W1986191025->person:A5112557768,authored_by,publication:W1986191025,person:A5112557768,W1986191025,A5112557768,middle,0,2
authored_by:publication:W1986191025->person:A5068874280,authored_by,publication:W1986191025,person:A5068874280,W1986191025,A5068874280,last,0,3
authored_by:publication:W2016260972->person:A5109290455,authored_by,publication:W2016260972,person:A5109290455,W2016260972,A5109290455,first,1,0
authored_by:publication:W1966910378->person:A5004307122,authored_by,publication:W1966910378,person:A5004307122,W1966910378,A5004307122,first,1,0
authored_by:publication:W1966910378->person:A5070819732,authored_by,publication:W1966910378,person:A5070819732,W1966910378,A5070819732,middle,0,1
authored_by:publication:W1966910378->person:A5101403147,authored_by,publication:W1966910378,person:A5101403147,W1966910378,A5101403147,last,0,2
authored_by:publication:W2081693079->person:A5023487560,authored_by,publication:W2081693079,person:A5023487560,W2081693079,A5023487560,first,1,0
authored_by:publication:W2081693079->person:A5047190718,authored_by,publication:W2081693079,person:A5047190718,W2081693079,A5047190718,last,0,1
authored_by:publication:W2106096361->person:A5046587712,authored_by,publication:W2106096361,person:A5046587712,W2106096361,A5046587712,first,1,0
authored_by:publication:W2106096361->person:A5021741190,authored_by,publication:W2106096361,person:A5021741190,W2106096361,A5021741190,middle,0,1
authored_by:publication:W2106096361->person:A5022877976,authored_by,publication:W2106096361,person:A5022877976,W2106096361,A5022877976,middle,0,2
authored_by:publication:W2106096361->person:A5081890911,authored_by,publication:W2106096361,person:A5081890911,W2106096361,A5081890911,last,0,3
authored_by:publication:W2148143831->person:A5068157871,authored_by,publication:W2148143831,person:A5068157871,W2148143831,A5068157871,first,1,0
authored_by:publication:W2148143831->person:A5019673624,authored_by,publication:W2148143831,person:A5019673624,W2148143831,A5019673624,middle,0,1
authored_by:publication:W2148143831->person:A5000168449,authored_by,publication:W2148143831,person:A5000168449,W2148143831,A5000168449,middle,0,2
authored_by:publication:W2148143831->person:A5047122075,authored_by,publication:W2148143831,person:A5047122075,W2148143831,A5047122075,last,0,3
authored_by:publication:W2105934661->person:A5011466656,authored_by,publication:W2105934661,person:A5011466656,W2105934661,A5011466656,first,1,0
authored_by:publication:W2141260882->person:A5000162373,authored_by,publication:W2141260882,person:A5000162373,W2141260882,A5000162373,first,1,0
authored_by:publication:W2141260882->person:A5028893728,authored_by,publication:W2141260882,person:A5028893728,W2141260882,A5028893728,middle,0,1
authored_by:publication:W2141260882->person:A5109193097,authored_by,publication:W2141260882,person:A5109193097,W2141260882,A5109193097,last,0,2
authored_by:publication:W1606423922->person:A5021751458,authored_by,publication:W1606423922,person:A5021751458,W1606423922,A5021751458,first,1,0
authored_by:publication:W1581414347->person:A5111475928,authored_by,publication:W1581414347,person:A5111475928,W1581414347,A5111475928,first,1,0
authored_by:publication:W1581414347->person:A5060571853,authored_by,publication:W1581414347,person:A5060571853,W1581414347,A5060571853,middle,0,1
authored_by:publication:W1581414347->person:A5111488266,authored_by,publication:W1581414347,person:A5111488266,W1581414347,A5111488266,last,0,2
authored_by:publication:W1625660792->person:A5052210547,authored_by,publication:W1625660792,person:A5052210547,W1625660792,A5052210547,first,1,0
authored_by:publication:W1625660792->person:A5110179662,authored_by,publication:W1625660792,person:A5110179662,W1625660792,A5110179662,last,0,1
authored_by:publication:W2168526937->person:A5060503589,authored_by,publication:W2168526937,person:A5060503589,W2168526937,A5060503589,first,1,0
authored_by:publication:W2168526937->person:A5109857065,authored_by,publication:W2168526937,person:A5109857065,W2168526937,A5109857065,middle,0,1
authored_by:publication:W2168526937->person:A5037180728,authored_by,publication:W2168526937,person:A5037180728,W2168526937,A5037180728,last,0,2
authored_by:publication:W1775749144->person:A5110127684,authored_by,publication:W1775749144,person:A5110127684,W1775749144,A5110127684,first,1,0
authored_by:publication:W1775749144->person:A5032482932,authored_by,publication:W1775749144,person:A5032482932,W1775749144,A5032482932,middle,0,1
authored_by:publication:W1775749144->person:A5004071084,authored_by,publication:W1775749144,person:A5004071084,W1775749144,A5004071084,middle,0,2
authored_by:publication:W1775749144->person:A5109894513,authored_by,publication:W1775749144,person:A5109894513,W1775749144,A5109894513,last,0,3
authored_by:publication:W1506043065->person:A5111437163,authored_by,publication:W1506043065,person:A5111437163,W1506043065,A5111437163,first,1,0
authored_by:publication:W1506043065->person:A5056960004,authored_by,publication:W1506043065,person:A5056960004,W1506043065,A5056960004,middle,0,1
authored_by:publication:W1506043065->person:A5049425698,authored_by,publication:W1506043065,person:A5049425698,W1506043065,A5049425698,last,0,2
authored_by:publication:W2153435210->person:A5084759735,authored_by,publication:W2153435210,person:A5084759735,W2153435210,A5084759735,first,1,0
authored_by:publication:W2153435210->person:A5082766715,authored_by,publication:W2153435210,person:A5082766715,W2153435210,A5082766715,last,0,1
authored_by:publication:W2944434778->person:A5016939870,authored_by,publication:W2944434778,person:A5016939870,W2944434778,A5016939870,first,1,0
authored_by:publication:W2944434778->person:A5091771382,authored_by,publication:W2944434778,person:A5091771382,W2944434778,A5091771382,middle,0,1
authored_by:publication:W2944434778->person:A5088605588,authored_by,publication:W2944434778,person:A5088605588,W2944434778,A5088605588,middle,0,2
authored_by:publication:W2944434778->person:A5019832012,authored_by,publication:W2944434778,person:A5019832012,W2944434778,A5019832012,middle,0,3
authored_by:publication:W2944434778->person:A5086831577,authored_by,publication:W2944434778,person:A5086831577,W2944434778,A5086831577,middle,0,4
authored_by:publication:W2944434778->person:A5058823353,authored_by,publication:W2944434778,person:A5058823353,W2944434778,A5058823353,middle,0,5
authored_by:publication:W2944434778->person:A5088803813,authored_by,publication:W2944434778,person:A5088803813,W2944434778,A5088803813,middle,0,6
authored_by:publication:W2944434778->person:A5014398074,authored_by,publication:W2944434778,person:A5014398074,W2944434778,A5014398074,middle,0,7
authored_by:publication:W2944434778->person:A5023489769,authored_by,publication:W2944434778,person:A5023489769,W2944434778,A5023489769,middle,0,8
authored_by:publication:W2944434778->person:A5086205928,authored_by,publication:W2944434778,person:A5086205928,W2944434778,A5086205928,middle,0,9
authored_by:publication:W2944434778->person:A5088872453,authored_by,publication:W2944434778,person:A5088872453,W2944434778,A5088872453,last,0,10
authored_by:publication:W2093274439->person:A5016939870,authored_by,publication:W2093274439,person:A5016939870,W2093274439,A5016939870,first,1,0
authored_by:publication:W2093274439->person:A5028916333,authored_by,publication:W2093274439,person:A5028916333,W2093274439,A5028916333,middle,0,1
authored_by:publication:W2093274439->person:A5023564623,authored_by,publication:W2093274439,person:A5023564623,W2093274439,A5023564623,middle,0,2
authored_by:publication:W2093274439->person:A5108345375,authored_by,publication:W2093274439,person:A5108345375,W2093274439,A5108345375,middle,0,3
authored_by:publication:W2093274439->person:A5057407051,authored_by,publication:W2093274439,person:A5057407051,W2093274439,A5057407051,middle,0,4
authored_by:publication:W2093274439->person:A5108689992,authored_by,publication:W2093274439,person:A5108689992,W2093274439,A5108689992,last,0,5
authored_by:publication:W2169821755->person:A5061019231,authored_by,publication:W2169821755,person:A5061019231,W2169821755,A5061019231,first,1,0
authored_by:publication:W2169821755->person:A5079674718,authored_by,publication:W2169821755,person:A5079674718,W2169821755,A5079674718,middle,0,1
authored_by:publication:W2169821755->person:A5103500973,authored_by,publication:W2169821755,person:A5103500973,W2169821755,A5103500973,middle,0,2
authored_by:publication:W2169821755->person:A5103263500,authored_by,publication:W2169821755,person:A5103263500,W2169821755,A5103263500,middle,0,3
authored_by:publication:W2169821755->person:A5002293166,authored_by,publication:W2169821755,person:A5002293166,W2169821755,A5002293166,middle,0,4
authored_by:publication:W2169821755->person:A5082289559,authored_by,publication:W2169821755,person:A5082289559,W2169821755,A5082289559,last,0,5
authored_by:publication:W1966078827->person:A5050108763,authored_by,publication:W1966078827,person:A5050108763,W1966078827,A5050108763,first,1,0
authored_by:publication:W1966078827->person:A5015041475,authored_by,publication:W1966078827,person:A5015041475,W1966078827,A5015041475,middle,0,1
authored_by:publication:W1966078827->person:A5020854808,authored_by,publication:W1966078827,person:A5020854808,W1966078827,A5020854808,middle,0,2
authored_by:publication:W1966078827->person:A5008875190,authored_by,publication:W1966078827,person:A5008875190,W1966078827,A5008875190,last,0,3
authored_by:publication:W2327037637->person:A5022978461,authored_by,publication:W2327037637,person:A5022978461,W2327037637,A5022978461,first,1,0
authored_by:publication:W2327037637->person:A5078472427,authored_by,publication:W2327037637,person:A5078472427,W2327037637,A5078472427,last,0,1
authored_by:publication:W2000445173->person:A5105301983,authored_by,publication:W2000445173,person:A5105301983,W2000445173,A5105301983,first,1,0
authored_by:publication:W2000445173->person:A5041225023,authored_by,publication:W2000445173,person:A5041225023,W2000445173,A5041225023,middle,0,1
authored_by:publication:W2000445173->person:A5111785718,authored_by,publication:W2000445173,person:A5111785718,W2000445173,A5111785718,middle,0,2
authored_by:publication:W2000445173->person:A5103589646,authored_by,publication:W2000445173,person:A5103589646,W2000445173,A5103589646,last,0,3
authored_by:publication:W2468996569->person:A5068353058,authored_by,publication:W2468996569,person:A5068353058,W2468996569,A5068353058,first,1,0
authored_by:publication:W2468996569->person:A5113499690,authored_by,publication:W2468996569,person:A5113499690,W2468996569,A5113499690,middle,0,1
authored_by:publication:W2468996569->person:A5076572041,authored_by,publication:W2468996569,person:A5076572041,W2468996569,A5076572041,middle,0,2
authored_by:publication:W2468996569->person:A5042962646,authored_by,publication:W2468996569,person:A5042962646,W2468996569,A5042962646,last,0,3
authored_by:publication:W4292229870->person:A5054799659,authored_by,publication:W4292229870,person:A5054799659,W4292229870,A5054799659,first,0,0
authored_by:publication:W4292229870->person:A5042962646,authored_by,publication:W4292229870,person:A5042962646,W4292229870,A5042962646,middle,0,1
authored_by:publication:W4292229870->person:A5077161809,authored_by,publication:W4292229870,person:A5077161809,W4292229870,A5077161809,middle,1,2
authored_by:publication:W4292229870->person:A5023436129,authored_by,publication:W4292229870,person:A5023436129,W4292229870,A5023436129,middle,0,3
authored_by:publication:W4292229870->person:A5002375158,authored_by,publication:W4292229870,person:A5002375158,W4292229870,A5002375158,middle,0,4
authored_by:publication:W4292229870->person:A5014844709,authored_by,publication:W4292229870,person:A5014844709,W4292229870,A5014844709,last,0,5
authored_by:publication:W1562208008->person:A5110910530,authored_by,publication:W1562208008,person:A5110910530,W1562208008,A5110910530,first,1,0
authored_by:publication:W1562208008->person:A5019637527,authored_by,publication:W1562208008,person:A5019637527,W1562208008,A5019637527,middle,0,1
authored_by:publication:W1562208008->person:A5020349487,authored_by,publication:W1562208008,person:A5020349487,W1562208008,A5020349487,last,0,2
authored_by:publication:W1987971958->person:A5075121395,authored_by,publication:W1987971958,person:A5075121395,W1987971958,A5075121395,first,1,0
authored_by:publication:W2120902911->person:A5069872108,authored_by,publication:W2120902911,person:A5069872108,W2120902911,A5069872108,first,0,0
authored_by:publication:W2120902911->person:A5057619814,authored_by,publication:W2120902911,person:A5057619814,W2120902911,A5057619814,middle,0,1
authored_by:publication:W2120902911->person:A5024412068,authored_by,publication:W2120902911,person:A5024412068,W2120902911,A5024412068,middle,0,2
authored_by:publication:W2120902911->person:A5030895995,authored_by,publication:W2120902911,person:A5030895995,W2120902911,A5030895995,middle,0,3
authored_by:publication:W2120902911->person:A5066368718,authored_by,publication:W2120902911,person:A5066368718,W2120902911,A5066368718,middle,0,4
authored_by:publication:W2120902911->person:A5045174507,authored_by,publication:W2120902911,person:A5045174507,W2120902911,A5045174507,middle,0,5
authored_by:publication:W2120902911->person:A5066775675,authored_by,publication:W2120902911,person:A5066775675,W2120902911,A5066775675,middle,0,6
authored_by:publication:W2120902911->person:A5045523675,authored_by,publication:W2120902911,person:A5045523675,W2120902911,A5045523675,middle,0,7
authored_by:publication:W2120902911->person:A5015116910,authored_by,publication:W2120902911,person:A5015116910,W2120902911,A5015116910,middle,0,8
authored_by:publication:W2120902911->person:A5020845045,authored_by,publication:W2120902911,person:A5020845045,W2120902911,A5020845045,middle,0,9
authored_by:publication:W2120902911->person:A5077954098,authored_by,publication:W2120902911,person:A5077954098,W2120902911,A5077954098,middle,0,10
authored_by:publication:W2120902911->person:A5069651035,authored_by,publication:W2120902911,person:A5069651035,W2120902911,A5069651035,middle,0,11
authored_by:publication:W2120902911->person:A5076617190,authored_by,publication:W2120902911,person:A5076617190,W2120902911,A5076617190,middle,0,12
authored_by:publication:W2120902911->person:A5077061858,authored_by,publication:W2120902911,person:A5077061858,W2120902911,A5077061858,middle,0,13
authored_by:publication:W2120902911->person:A5012222528,authored_by,publication:W2120902911,person:A5012222528,W2120902911,A5012222528,middle,1,14
authored_by:publication:W2120902911->person:A5027480961,authored_by,publication:W2120902911,person:A5027480961,W2120902911,A5027480961,last,0,15
authored_by:publication:W2096747776->person:A5042863303,authored_by,publication:W2096747776,person:A5042863303,W2096747776,A5042863303,first,1,0
authored_by:publication:W2096747776->person:A5046284587,authored_by,publication:W2096747776,person:A5046284587,W2096747776,A5046284587,middle,0,1
authored_by:publication:W2096747776->person:A5051269849,authored_by,publication:W2096747776,person:A5051269849,W2096747776,A5051269849,last,0,2
authored_by:publication:W2132525235->person:A5069147938,authored_by,publication:W2132525235,person:A5069147938,W2132525235,A5069147938,first,1,0
authored_by:publication:W2132525235->person:A5010589139,authored_by,publication:W2132525235,person:A5010589139,W2132525235,A5010589139,last,0,1
authored_by:publication:W2134967712->person:A5056022653,authored_by,publication:W2134967712,person:A5056022653,W2134967712,A5056022653,first,0,0
authored_by:publication:W2134967712->person:A5058956938,authored_by,publication:W2134967712,person:A5058956938,W2134967712,A5058956938,last,1,1
authored_by:publication:W2105668062->person:A5011245839,authored_by,publication:W2105668062,person:A5011245839,W2105668062,A5011245839,first,0,0
authored_by:publication:W2105668062->person:A5000392051,authored_by,publication:W2105668062,person:A5000392051,W2105668062,A5000392051,middle,0,1
authored_by:publication:W2105668062->person:A5028009074,authored_by,publication:W2105668062,person:A5028009074,W2105668062,A5028009074,middle,0,2
authored_by:publication:W2105668062->person:A5010562544,authored_by,publication:W2105668062,person:A5010562544,W2105668062,A5010562544,middle,0,3
authored_by:publication:W2105668062->person:A5004299489,authored_by,publication:W2105668062,person:A5004299489,W2105668062,A5004299489,middle,0,4
authored_by:publication:W2105668062->person:A5040337866,authored_by,publication:W2105668062,person:A5040337866,W2105668062,A5040337866,middle,0,5
authored_by:publication:W2105668062->person:A5058956938,authored_by,publication:W2105668062,person:A5058956938,W2105668062,A5058956938,last,1,6
authored_by:publication:W2044591029->person:A5042863303,authored_by,publication:W2044591029,person:A5042863303,W2044591029,A5042863303,first,1,0
authored_by:publication:W2171268876->person:A5020854808,authored_by,publication:W2171268876,person:A5020854808,W2171268876,A5020854808,first,0,0
authored_by:publication:W2171268876->person:A5008875190,authored_by,publication:W2171268876,person:A5008875190,W2171268876,A5008875190,middle,0,1
authored_by:publication:W2171268876->person:A5050108763,authored_by,publication:W2171268876,person:A5050108763,W2171268876,A5050108763,middle,0,2
authored_by:publication:W2171268876->person:A5070936021,authored_by,publication:W2171268876,person:A5070936021,W2171268876,A5070936021,middle,0,3
authored_by:publication:W2171268876->person:A5060550957,authored_by,publication:W2171268876,person:A5060550957,W2171268876,A5060550957,middle,0,4
authored_by:publication:W2171268876->person:A5083564020,authored_by,publication:W2171268876,person:A5083564020,W2171268876,A5083564020,last,1,5
authored_by:publication:W2150981663->person:A5056552672,authored_by,publication:W2150981663,person:A5056552672,W2150981663,A5056552672,first,0,0
authored_by:publication:W2150981663->person:A5048838217,authored_by,publication:W2150981663,person:A5048838217,W2150981663,A5048838217,middle,0,1
authored_by:publication:W2150981663->person:A5100391662,authored_by,publication:W2150981663,person:A5100391662,W2150981663,A5100391662,middle,0,2
authored_by:publication:W2150981663->person:A5080510232,authored_by,publication:W2150981663,person:A5080510232,W2150981663,A5080510232,middle,0,3
authored_by:publication:W2150981663->person:A5087810793,authored_by,publication:W2150981663,person:A5087810793,W2150981663,A5087810793,middle,0,4
authored_by:publication:W2150981663->person:A5087861735,authored_by,publication:W2150981663,person:A5087861735,W2150981663,A5087861735,middle,0,5
authored_by:publication:W2150981663->person:A5076283101,authored_by,publication:W2150981663,person:A5076283101,W2150981663,A5076283101,middle,0,6
authored_by:publication:W2150981663->person:A5049797937,authored_by,publication:W2150981663,person:A5049797937,W2150981663,A5049797937,middle,0,7
authored_by:publication:W2150981663->person:A5051465480,authored_by,publication:W2150981663,person:A5051465480,W2150981663,A5051465480,middle,0,8
authored_by:publication:W2150981663->person:A5029996336,authored_by,publication:W2150981663,person:A5029996336,W2150981663,A5029996336,last,1,9
authored_by:publication:W2147993766->person:A5100643054,authored_by,publication:W2147993766,person:A5100643054,W2147993766,A5100643054,first,0,0
authored_by:publication:W2147993766->person:A5090423985,authored_by,publication:W2147993766,person:A5090423985,W2147993766,A5090423985,middle,0,1
authored_by:publication:W2147993766->person:A5113544693,authored_by,publication:W2147993766,person:A5113544693,W2147993766,A5113544693,middle,0,2
authored_by:publication:W2147993766->person:A5112793169,authored_by,publication:W2147993766,person:A5112793169,W2147993766,A5112793169,middle,0,3
authored_by:publication:W2147993766->person:A5014694160,authored_by,publication:W2147993766,person:A5014694160,W2147993766,A5014694160,last,1,4
authored_by:publication:W2132629607->person:A5070528313,authored_by,publication:W2132629607,person:A5070528313,W2132629607,A5070528313,first,0,0
authored_by:publication:W2132629607->person:A5113145311,authored_by,publication:W2132629607,person:A5113145311,W2132629607,A5113145311,middle,0,1
authored_by:publication:W2132629607->person:A5111598904,authored_by,publication:W2132629607,person:A5111598904,W2132629607,A5111598904,middle,0,2
authored_by:publication:W2132629607->person:A5109092982,authored_by,publication:W2132629607,person:A5109092982,W2132629607,A5109092982,middle,0,3
authored_by:publication:W2132629607->person:A5025911938,authored_by,publication:W2132629607,person:A5025911938,W2132629607,A5025911938,middle,0,4
authored_by:publication:W2132629607->person:A5109200358,authored_by,publication:W2132629607,person:A5109200358,W2132629607,A5109200358,middle,0,5
authored_by:publication:W2132629607->person:A5086093811,authored_by,publication:W2132629607,person:A5086093811,W2132629607,A5086093811,last,1,6
authored_by:publication:W2128572087->person:A5050108763,authored_by,publication:W2128572087,person:A5050108763,W2128572087,A5050108763,first,0,0
authored_by:publication:W2128572087->person:A5006958527,authored_by,publication:W2128572087,person:A5006958527,W2128572087,A5006958527,middle,0,1
authored_by:publication:W2128572087->person:A5083564020,authored_by,publication:W2128572087,person:A5083564020,W2128572087,A5083564020,middle,0,2
authored_by:publication:W2128572087->person:A5014222269,authored_by,publication:W2128572087,person:A5014222269,W2128572087,A5014222269,last,1,3
authored_by:publication:W2022950330->person:A5060703811,authored_by,publication:W2022950330,person:A5060703811,W2022950330,A5060703811,first,0,0
authored_by:publication:W2022950330->person:A5045316090,authored_by,publication:W2022950330,person:A5045316090,W2022950330,A5045316090,middle,0,1
authored_by:publication:W2022950330->person:A5030527991,authored_by,publication:W2022950330,person:A5030527991,W2022950330,A5030527991,middle,0,2
authored_by:publication:W2022950330->person:A5077913833,authored_by,publication:W2022950330,person:A5077913833,W2022950330,A5077913833,middle,0,3
authored_by:publication:W2022950330->person:A5010977651,authored_by,publication:W2022950330,person:A5010977651,W2022950330,A5010977651,middle,1,4
authored_by:publication:W2022950330->person:A5053685425,authored_by,publication:W2022950330,person:A5053685425,W2022950330,A5053685425,middle,0,5
authored_by:publication:W2022950330->person:A5040547033,authored_by,publication:W2022950330,person:A5040547033,W2022950330,A5040547033,middle,0,6
authored_by:publication:W2022950330->person:A5072865444,authored_by,publication:W2022950330,person:A5072865444,W2022950330,A5072865444,middle,0,7
authored_by:publication:W2022950330->person:A5001939738,authored_by,publication:W2022950330,person:A5001939738,W2022950330,A5001939738,middle,0,8
authored_by:publication:W2022950330->person:A5043060452,authored_by,publication:W2022950330,person:A5043060452,W2022950330,A5043060452,middle,0,9
authored_by:publication:W2022950330->person:A5081731526,authored_by,publication:W2022950330,person:A5081731526,W2022950330,A5081731526,middle,0,10
authored_by:publication:W2022950330->person:A5074474528,authored_by,publication:W2022950330,person:A5074474528,W2022950330,A5074474528,middle,0,11
authored_by:publication:W2022950330->person:A5082651430,authored_by,publication:W2022950330,person:A5082651430,W2022950330,A5082651430,last,0,12
authored_by:publication:W2019465613->person:A5068520992,authored_by,publication:W2019465613,person:A5068520992,W2019465613,A5068520992,first,1,0
authored_by:publication:W2106140689->person:A5059673789,authored_by,publication:W2106140689,person:A5059673789,W2106140689,A5059673789,first,1,0
authored_by:publication:W2106140689->person:A5034536267,authored_by,publication:W2106140689,person:A5034536267,W2106140689,A5034536267,middle,0,1
authored_by:publication:W2106140689->person:A5083564020,authored_by,publication:W2106140689,person:A5083564020,W2106140689,A5083564020,last,0,2
authored_by:publication:W1988790447->person:A5072341135,authored_by,publication:W1988790447,person:A5072341135,W1988790447,A5072341135,first,1,0
authored_by:publication:W1988790447->person:A5084108666,authored_by,publication:W1988790447,person:A5084108666,W1988790447,A5084108666,last,0,1
authored_by:publication:W1985749074->person:A5009029178,authored_by,publication:W1985749074,person:A5009029178,W1985749074,A5009029178,first,1,0
authored_by:publication:W1985749074->person:A5015041288,authored_by,publication:W1985749074,person:A5015041288,W1985749074,A5015041288,last,0,1
authored_by:publication:W1997087247->person:A5109877645,authored_by,publication:W1997087247,person:A5109877645,W1997087247,A5109877645,first,1,0
authored_by:publication:W1997087247->person:A5114376371,authored_by,publication:W1997087247,person:A5114376371,W1997087247,A5114376371,middle,0,1
authored_by:publication:W1997087247->person:A5114258143,authored_by,publication:W1997087247,person:A5114258143,W1997087247,A5114258143,last,0,2
authored_by:publication:W3121403162->person:A5089998471,authored_by,publication:W3121403162,person:A5089998471,W3121403162,A5089998471,first,1,0
authored_by:publication:W3121403162->person:A5107790695,authored_by,publication:W3121403162,person:A5107790695,W3121403162,A5107790695,last,0,1
authored_by:publication:W2035554302->person:A5114113233,authored_by,publication:W2035554302,person:A5114113233,W2035554302,A5114113233,first,1,0
authored_by:publication:W2035554302->person:A5026185670,authored_by,publication:W2035554302,person:A5026185670,W2035554302,A5026185670,last,0,1
authored_by:publication:W1999996900->person:A5102799463,authored_by,publication:W1999996900,person:A5102799463,W1999996900,A5102799463,first,1,0
authored_by:publication:W2153562738->person:A5033404536,authored_by,publication:W2153562738,person:A5033404536,W2153562738,A5033404536,first,1,0
authored_by:publication:W2123036062->person:A5081960116,authored_by,publication:W2123036062,person:A5081960116,W2123036062,A5081960116,first,1,0
authored_by:publication:W1663973292->person:W1663973292-person-0,authored_by,publication:W1663973292,person:W1663973292-person-0,W1663973292,W1663973292-person-0,first,1,0
authored_by:publication:W2120357670->person:A5064411709,authored_by,publication:W2120357670,person:A5064411709,W2120357670,A5064411709,first,1,0
authored_by:publication:W1995834279->person:A5091820687,authored_by,publication:W1995834279,person:A5091820687,W1995834279,A5091820687,first,1,0
authored_by:publication:W1995834279->person:A5041631912,authored_by,publication:W1995834279,person:A5041631912,W1995834279,A5041631912,last,0,1
authored_by:publication:W3124114405->person:A5015461877,authored_by,publication:W3124114405,person:A5015461877,W3124114405,A5015461877,first,1,0
authored_by:publication:W3124114405->person:A5042899303,authored_by,publication:W3124114405,person:A5042899303,W3124114405,A5042899303,last,0,1
authored_by:publication:W2752617332->person:A5068490503,authored_by,publication:W2752617332,person:A5068490503,W2752617332,A5068490503,first,1,0
authored_by:publication:W2752617332->person:A5000102021,authored_by,publication:W2752617332,person:A5000102021,W2752617332,A5000102021,last,0,1
authored_by:publication:W2132322340->person:A5049860225,authored_by,publication:W2132322340,person:A5049860225,W2132322340,A5049860225,first,1,0
authored_by:publication:W2132322340->person:A5107836452,authored_by,publication:W2132322340,person:A5107836452,W2132322340,A5107836452,middle,0,1
authored_by:publication:W2132322340->person:A5050843152,authored_by,publication:W2132322340,person:A5050843152,W2132322340,A5050843152,last,0,2
authored_by:publication:W1595159159->person:A5043882095,authored_by,publication:W1595159159,person:A5043882095,W1595159159,A5043882095,first,1,0
authored_by:publication:W1595159159->person:A5036754351,authored_by,publication:W1595159159,person:A5036754351,W1595159159,A5036754351,last,0,1
authored_by:publication:W1996299251->person:A5019172558,authored_by,publication:W1996299251,person:A5019172558,W1996299251,A5019172558,first,1,0
authored_by:publication:W1996299251->person:A5032214993,authored_by,publication:W1996299251,person:A5032214993,W1996299251,A5032214993,middle,0,1
authored_by:publication:W1996299251->person:A5110082402,authored_by,publication:W1996299251,person:A5110082402,W1996299251,A5110082402,last,0,2
authored_by:publication:W2033904036->person:A5111898702,authored_by,publication:W2033904036,person:A5111898702,W2033904036,A5111898702,first,1,0
authored_by:publication:W2033904036->person:A5110091356,authored_by,publication:W2033904036,person:A5110091356,W2033904036,A5110091356,last,0,1
authored_by:publication:W2114918609->person:A5078753422,authored_by,publication:W2114918609,person:A5078753422,W2114918609,A5078753422,first,1,0
authored_by:publication:W2099471712->person:W2099471712-person-0,authored_by,publication:W2099471712,person:W2099471712-person-0,W2099471712,W2099471712-person-0,first,1,0
authored_by:publication:W2187089797->person:A5109065097,authored_by,publication:W2187089797,person:A5109065097,W2187089797,A5109065097,first,1,0
authored_by:publication:W2187089797->person:A5108093963,authored_by,publication:W2187089797,person:A5108093963,W2187089797,A5108093963,last,0,1
authored_by:publication:W1880262756->person:A5070920982,authored_by,publication:W1880262756,person:A5070920982,W1880262756,A5070920982,first,1,0
authored_by:publication:W1880262756->person:A5112456378,authored_by,publication:W1880262756,person:A5112456378,W1880262756,A5112456378,middle,0,1
authored_by:publication:W1880262756->person:A5049812527,authored_by,publication:W1880262756,person:A5049812527,W1880262756,A5049812527,last,0,2
authored_by:publication:W3124536214->person:A5055251050,authored_by,publication:W3124536214,person:A5055251050,W3124536214,A5055251050,first,1,0
authored_by:publication:W2150238850->person:A5046587712,authored_by,publication:W2150238850,person:A5046587712,W2150238850,A5046587712,first,1,0
authored_by:publication:W2150238850->person:A5046984207,authored_by,publication:W2150238850,person:A5046984207,W2150238850,A5046984207,last,0,1
authored_by:publication:W2137247419->person:A5103406769,authored_by,publication:W2137247419,person:A5103406769,W2137247419,A5103406769,first,1,0
authored_by:publication:W2137247419->person:A5079887059,authored_by,publication:W2137247419,person:A5079887059,W2137247419,A5079887059,last,0,1
authored_by:publication:W2013386523->person:A5109082953,authored_by,publication:W2013386523,person:A5109082953,W2013386523,A5109082953,first,1,0
authored_by:publication:W2013386523->person:A5009368676,authored_by,publication:W2013386523,person:A5009368676,W2013386523,A5009368676,last,0,1
authored_by:publication:W2026368098->person:A5108603030,authored_by,publication:W2026368098,person:A5108603030,W2026368098,A5108603030,first,1,0
authored_by:publication:W2026368098->person:A5002771076,authored_by,publication:W2026368098,person:A5002771076,W2026368098,A5002771076,middle,0,1
authored_by:publication:W2026368098->person:A5032115040,authored_by,publication:W2026368098,person:A5032115040,W2026368098,A5032115040,last,0,2
authored_by:publication:W3022607203->person:A5005196060,authored_by,publication:W3022607203,person:A5005196060,W3022607203,A5005196060,first,1,0
authored_by:publication:W3022607203->person:A5108589982,authored_by,publication:W3022607203,person:A5108589982,W3022607203,A5108589982,middle,0,1
authored_by:publication:W3022607203->person:A5002394578,authored_by,publication:W3022607203,person:A5002394578,W3022607203,A5002394578,last,0,2
authored_by:publication:W4235678817->person:A5047556013,authored_by,publication:W4235678817,person:A5047556013,W4235678817,A5047556013,first,1,0
authored_by:publication:W4235678817->person:A5020344688,authored_by,publication:W4235678817,person:A5020344688,W4235678817,A5020344688,last,0,1
authored_by:publication:W1987258130->person:A5047556013,authored_by,publication:W1987258130,person:A5047556013,W1987258130,A5047556013,first,1,0
authored_by:publication:W1987258130->person:A5020344688,authored_by,publication:W1987258130,person:A5020344688,W1987258130,A5020344688,last,0,1
authored_by:publication:W2313953460->person:A5029259188,authored_by,publication:W2313953460,person:A5029259188,W2313953460,A5029259188,first,1,0
authored_by:publication:W2313953460->person:A5112669993,authored_by,publication:W2313953460,person:A5112669993,W2313953460,A5112669993,middle,0,1
authored_by:publication:W2313953460->person:A5019659765,authored_by,publication:W2313953460,person:A5019659765,W2313953460,A5019659765,last,0,2
authored_by:publication:W2086933933->person:A5041086433,authored_by,publication:W2086933933,person:A5041086433,W2086933933,A5041086433,first,1,0
authored_by:publication:W2086933933->person:A5014023359,authored_by,publication:W2086933933,person:A5014023359,W2086933933,A5014023359,last,0,1
authored_by:publication:W2055043387->person:A5015061000,authored_by,publication:W2055043387,person:A5015061000,W2055043387,A5015061000,first,1,0
authored_by:publication:W2055043387->person:A5019579037,authored_by,publication:W2055043387,person:A5019579037,W2055043387,A5019579037,middle,0,1
authored_by:publication:W2055043387->person:A5051340059,authored_by,publication:W2055043387,person:A5051340059,W2055043387,A5051340059,middle,0,2
authored_by:publication:W2055043387->person:A5068657716,authored_by,publication:W2055043387,person:A5068657716,W2055043387,A5068657716,middle,0,3
authored_by:publication:W2055043387->person:A5056652131,authored_by,publication:W2055043387,person:A5056652131,W2055043387,A5056652131,last,0,4
authored_by:publication:W1975304761->person:A5053987808,authored_by,publication:W1975304761,person:A5053987808,W1975304761,A5053987808,first,1,0
authored_by:publication:W1975304761->person:A5109558515,authored_by,publication:W1975304761,person:A5109558515,W1975304761,A5109558515,last,0,1
authored_by:publication:W2063450941->person:A5114256131,authored_by,publication:W2063450941,person:A5114256131,W2063450941,A5114256131,first,1,0
authored_by:publication:W2065461553->person:A5090728150,authored_by,publication:W2065461553,person:A5090728150,W2065461553,A5090728150,first,1,0
authored_by:publication:W2029667189->person:A5006129599,authored_by,publication:W2029667189,person:A5006129599,W2029667189,A5006129599,first,0,0
authored_by:publication:W2029667189->person:A5015421859,authored_by,publication:W2029667189,person:A5015421859,W2029667189,A5015421859,middle,0,1
authored_by:publication:W2029667189->person:A5029996336,authored_by,publication:W2029667189,person:A5029996336,W2029667189,A5029996336,last,1,2
authored_by:publication:W4234347480->person:A5073299189,authored_by,publication:W4234347480,person:A5073299189,W4234347480,A5073299189,first,1,0
authored_by:publication:W4234347480->person:A5070488664,authored_by,publication:W4234347480,person:A5070488664,W4234347480,A5070488664,last,0,1
authored_by:publication:W2114613490->person:A5112445766,authored_by,publication:W2114613490,person:A5112445766,W2114613490,A5112445766,first,1,0
authored_by:publication:W2128495200->person:A5083504756,authored_by,publication:W2128495200,person:A5083504756,W2128495200,A5083504756,first,1,0
authored_by:publication:W2128495200->person:A5053345339,authored_by,publication:W2128495200,person:A5053345339,W2128495200,A5053345339,last,0,1
authored_by:publication:W4292994367->person:A5059605501,authored_by,publication:W4292994367,person:A5059605501,W4292994367,A5059605501,first,1,0
authored_by:publication:W4292994367->person:A5013831444,authored_by,publication:W4292994367,person:A5013831444,W4292994367,A5013831444,middle,0,1
authored_by:publication:W4292994367->person:A5034983879,authored_by,publication:W4292994367,person:A5034983879,W4292994367,A5034983879,last,0,2
authored_by:publication:W2148905283->person:A5057408392,authored_by,publication:W2148905283,person:A5057408392,W2148905283,A5057408392,first,1,0
authored_by:publication:W2148905283->person:W2148905283-person-1,authored_by,publication:W2148905283,person:W2148905283-person-1,W2148905283,W2148905283-person-1,middle,0,1
authored_by:publication:W2148905283->person:A5034983879,authored_by,publication:W2148905283,person:A5034983879,W2148905283,A5034983879,last,0,2
authored_by:publication:W1971440513->person:A5077619229,authored_by,publication:W1971440513,person:A5077619229,W1971440513,A5077619229,first,1,0
authored_by:publication:W1971440513->person:A5076830952,authored_by,publication:W1971440513,person:A5076830952,W1971440513,A5076830952,last,0,1
authored_by:publication:W4292811746->person:A5077619229,authored_by,publication:W4292811746,person:A5077619229,W4292811746,A5077619229,first,1,0
authored_by:publication:W4292811746->person:A5076830952,authored_by,publication:W4292811746,person:A5076830952,W4292811746,A5076830952,last,0,1
authored_by:publication:W2149628368->person:A5030498541,authored_by,publication:W2149628368,person:A5030498541,W2149628368,A5030498541,first,1,0
authored_by:publication:W2120145199->person:A5022822719,authored_by,publication:W2120145199,person:A5022822719,W2120145199,A5022822719,first,1,0
authored_by:publication:W2120145199->person:A5016865358,authored_by,publication:W2120145199,person:A5016865358,W2120145199,A5016865358,middle,0,1
authored_by:publication:W2120145199->person:A5007613136,authored_by,publication:W2120145199,person:A5007613136,W2120145199,A5007613136,middle,0,2
authored_by:publication:W2120145199->person:A5001480237,authored_by,publication:W2120145199,person:A5001480237,W2120145199,A5001480237,middle,0,3
authored_by:publication:W2120145199->person:A5007841515,authored_by,publication:W2120145199,person:A5007841515,W2120145199,A5007841515,middle,0,4
authored_by:publication:W2120145199->person:A5029838099,authored_by,publication:W2120145199,person:A5029838099,W2120145199,A5029838099,middle,0,5
authored_by:publication:W2120145199->person:A5006123131,authored_by,publication:W2120145199,person:A5006123131,W2120145199,A5006123131,middle,0,6
authored_by:publication:W2120145199->person:A5019659358,authored_by,publication:W2120145199,person:A5019659358,W2120145199,A5019659358,middle,0,7
authored_by:publication:W2120145199->person:A5003673940,authored_by,publication:W2120145199,person:A5003673940,W2120145199,A5003673940,middle,0,8
authored_by:publication:W2120145199->person:A5086157705,authored_by,publication:W2120145199,person:A5086157705,W2120145199,A5086157705,middle,0,9
authored_by:publication:W2120145199->person:A5024485922,authored_by,publication:W2120145199,person:A5024485922,W2120145199,A5024485922,middle,0,10
authored_by:publication:W2120145199->person:A5030313940,authored_by,publication:W2120145199,person:A5030313940,W2120145199,A5030313940,middle,0,11
authored_by:publication:W2120145199->person:A5001539080,authored_by,publication:W2120145199,person:A5001539080,W2120145199,A5001539080,middle,0,12
authored_by:publication:W2120145199->person:A5076721992,authored_by,publication:W2120145199,person:A5076721992,W2120145199,A5076721992,middle,0,13
authored_by:publication:W2120145199->person:A5029822603,authored_by,publication:W2120145199,person:A5029822603,W2120145199,A5029822603,middle,0,14
authored_by:publication:W2120145199->person:A5049468136,authored_by,publication:W2120145199,person:A5049468136,W2120145199,A5049468136,middle,0,15
authored_by:publication:W2120145199->person:A5087078143,authored_by,publication:W2120145199,person:A5087078143,W2120145199,A5087078143,middle,0,16
authored_by:publication:W2120145199->person:A5016251946,authored_by,publication:W2120145199,person:A5016251946,W2120145199,A5016251946,middle,0,17
authored_by:publication:W2120145199->person:A5016696647,authored_by,publication:W2120145199,person:A5016696647,W2120145199,A5016696647,middle,0,18
authored_by:publication:W2120145199->person:A5016390582,authored_by,publication:W2120145199,person:A5016390582,W2120145199,A5016390582,middle,0,19
authored_by:publication:W2120145199->person:A5005167296,authored_by,publication:W2120145199,person:A5005167296,W2120145199,A5005167296,middle,0,20
authored_by:publication:W2120145199->person:A5072105192,authored_by,publication:W2120145199,person:A5072105192,W2120145199,A5072105192,middle,0,21
authored_by:publication:W2120145199->person:A5090166730,authored_by,publication:W2120145199,person:A5090166730,W2120145199,A5090166730,middle,0,22
authored_by:publication:W2120145199->person:A5039348366,authored_by,publication:W2120145199,person:A5039348366,W2120145199,A5039348366,middle,0,23
authored_by:publication:W2120145199->person:A5033544377,authored_by,publication:W2120145199,person:A5033544377,W2120145199,A5033544377,middle,0,24
authored_by:publication:W2120145199->person:A5008894911,authored_by,publication:W2120145199,person:A5008894911,W2120145199,A5008894911,middle,0,25
authored_by:publication:W2120145199->person:A5042147507,authored_by,publication:W2120145199,person:A5042147507,W2120145199,A5042147507,middle,0,26
authored_by:publication:W2120145199->person:A5068192508,authored_by,publication:W2120145199,person:A5068192508,W2120145199,A5068192508,middle,0,27
authored_by:publication:W2120145199->person:A5084048014,authored_by,publication:W2120145199,person:A5084048014,W2120145199,A5084048014,middle,0,28
authored_by:publication:W2120145199->person:A5026989187,authored_by,publication:W2120145199,person:A5026989187,W2120145199,A5026989187,middle,0,29
authored_by:publication:W2120145199->person:A5082490820,authored_by,publication:W2120145199,person:A5082490820,W2120145199,A5082490820,middle,0,30
authored_by:publication:W2120145199->person:A5026985550,authored_by,publication:W2120145199,person:A5026985550,W2120145199,A5026985550,middle,0,31
authored_by:publication:W2120145199->person:A5020910604,authored_by,publication:W2120145199,person:A5020910604,W2120145199,A5020910604,last,0,32
authored_by:publication:W2568476927->person:A5085765784,authored_by,publication:W2568476927,person:A5085765784,W2568476927,A5085765784,first,1,0
authored_by:publication:W2568476927->person:A5113667820,authored_by,publication:W2568476927,person:A5113667820,W2568476927,A5113667820,last,0,1
authored_by:publication:W3121759882->person:A5112526522,authored_by,publication:W3121759882,person:A5112526522,W3121759882,A5112526522,first,1,0
authored_by:publication:W3121759882->person:A5042883925,authored_by,publication:W3121759882,person:A5042883925,W3121759882,A5042883925,middle,0,1
authored_by:publication:W3121759882->person:A5110890240,authored_by,publication:W3121759882,person:A5110890240,W3121759882,A5110890240,middle,0,2
authored_by:publication:W3121759882->person:A5042883498,authored_by,publication:W3121759882,person:A5042883498,W3121759882,A5042883498,last,0,3
authored_by:publication:W2162484441->person:A5048969969,authored_by,publication:W2162484441,person:A5048969969,W2162484441,A5048969969,first,1,0
authored_by:publication:W2168605160->person:A5048969969,authored_by,publication:W2168605160,person:A5048969969,W2168605160,A5048969969,first,1,0
authored_by:publication:W2077791698->person:A5027078567,authored_by,publication:W2077791698,person:A5027078567,W2077791698,A5027078567,first,1,0
authored_by:publication:W2077791698->person:A5080649765,authored_by,publication:W2077791698,person:A5080649765,W2077791698,A5080649765,last,0,1
authored_by:publication:W1847168837->person:A5111919977,authored_by,publication:W1847168837,person:A5111919977,W1847168837,A5111919977,first,1,0
authored_by:publication:W1847168837->person:A5065212941,authored_by,publication:W1847168837,person:A5065212941,W1847168837,A5065212941,middle,0,1
authored_by:publication:W1847168837->person:A5103269584,authored_by,publication:W1847168837,person:A5103269584,W1847168837,A5103269584,last,0,2
authored_by:publication:W2131681506->person:A5073875709,authored_by,publication:W2131681506,person:A5073875709,W2131681506,A5073875709,first,1,0
authored_by:publication:W2131681506->person:A5046943453,authored_by,publication:W2131681506,person:A5046943453,W2131681506,A5046943453,middle,0,1
authored_by:publication:W2131681506->person:A5034372799,authored_by,publication:W2131681506,person:A5034372799,W2131681506,A5034372799,middle,0,2
authored_by:publication:W2131681506->person:A5043749084,authored_by,publication:W2131681506,person:A5043749084,W2131681506,A5043749084,last,0,3
authored_by:publication:W2774486220->person:A5070348662,authored_by,publication:W2774486220,person:A5070348662,W2774486220,A5070348662,first,1,0
authored_by:publication:W2774486220->person:A5069382830,authored_by,publication:W2774486220,person:A5069382830,W2774486220,A5069382830,middle,0,1
authored_by:publication:W2774486220->person:A5086458689,authored_by,publication:W2774486220,person:A5086458689,W2774486220,A5086458689,last,0,2
authored_by:publication:W1951724000->person:A5018754372,authored_by,publication:W1951724000,person:A5018754372,W1951724000,A5018754372,first,1,0
authored_by:publication:W1951724000->person:A5041484206,authored_by,publication:W1951724000,person:A5041484206,W1951724000,A5041484206,middle,0,1
authored_by:publication:W1951724000->person:A5021063042,authored_by,publication:W1951724000,person:A5021063042,W1951724000,A5021063042,middle,0,2
authored_by:publication:W1951724000->person:A5043596018,authored_by,publication:W1951724000,person:A5043596018,W1951724000,A5043596018,last,0,3
authored_by:publication:W1913957972->person:A5009556605,authored_by,publication:W1913957972,person:A5009556605,W1913957972,A5009556605,first,1,0
authored_by:publication:W2139168999->person:A5082230764,authored_by,publication:W2139168999,person:A5082230764,W2139168999,A5082230764,first,1,0
authored_by:publication:W4294541781->person:A5020427483,authored_by,publication:W4294541781,person:A5020427483,W4294541781,A5020427483,first,1,0
authored_by:publication:W4294541781->person:A5045744709,authored_by,publication:W4294541781,person:A5045744709,W4294541781,A5045744709,middle,0,1
authored_by:publication:W4294541781->person:A5027340494,authored_by,publication:W4294541781,person:A5027340494,W4294541781,A5027340494,last,0,2
authored_by:publication:W2070227796->person:A5079355119,authored_by,publication:W2070227796,person:A5079355119,W2070227796,A5079355119,first,1,0
authored_by:publication:W2070227796->person:A5031793291,authored_by,publication:W2070227796,person:A5031793291,W2070227796,A5031793291,last,0,1
authored_by:publication:W2105846236->person:A5008753312,authored_by,publication:W2105846236,person:A5008753312,W2105846236,A5008753312,first,0,0
authored_by:publication:W2105846236->person:A5087109003,authored_by,publication:W2105846236,person:A5087109003,W2105846236,A5087109003,middle,0,1
authored_by:publication:W2105846236->person:A5053369574,authored_by,publication:W2105846236,person:A5053369574,W2105846236,A5053369574,last,1,2
authored_by:publication:W4243667233->person:A5068331895,authored_by,publication:W4243667233,person:A5068331895,W4243667233,A5068331895,first,1,0
authored_by:publication:W4243667233->person:A5025102458,authored_by,publication:W4243667233,person:A5025102458,W4243667233,A5025102458,last,0,1
authored_by:publication:W2118016181->person:A5068331895,authored_by,publication:W2118016181,person:A5068331895,W2118016181,A5068331895,first,1,0
authored_by:publication:W2118016181->person:A5025102458,authored_by,publication:W2118016181,person:A5025102458,W2118016181,A5025102458,last,0,1
authored_by:publication:W2057327293->person:A5083492946,authored_by,publication:W2057327293,person:A5083492946,W2057327293,A5083492946,first,1,0
authored_by:publication:W2057327293->person:A5113642302,authored_by,publication:W2057327293,person:A5113642302,W2057327293,A5113642302,middle,0,1
authored_by:publication:W2057327293->person:A5110148822,authored_by,publication:W2057327293,person:A5110148822,W2057327293,A5110148822,middle,0,2
authored_by:publication:W2057327293->person:A5030322278,authored_by,publication:W2057327293,person:A5030322278,W2057327293,A5030322278,last,0,3
authored_by:publication:W4233194460->person:A5050603933,authored_by,publication:W4233194460,person:A5050603933,W4233194460,A5050603933,first,1,0
authored_by:publication:W4233194460->person:A5056321634,authored_by,publication:W4233194460,person:A5056321634,W4233194460,A5056321634,last,0,1
authored_by:publication:W2314659927->person:A5112712466,authored_by,publication:W2314659927,person:A5112712466,W2314659927,A5112712466,first,1,0
authored_by:publication:W2011254969->person:A5074378485,authored_by,publication:W2011254969,person:A5074378485,W2011254969,A5074378485,first,1,0
authored_by:publication:W2011254969->person:A5036797016,authored_by,publication:W2011254969,person:A5036797016,W2011254969,A5036797016,middle,0,1
authored_by:publication:W2011254969->person:A5034295195,authored_by,publication:W2011254969,person:A5034295195,W2011254969,A5034295195,last,0,2
authored_by:publication:W1986113254->person:A5112358123,authored_by,publication:W1986113254,person:A5112358123,W1986113254,A5112358123,first,1,0
authored_by:publication:W2165758561->person:A5014481998,authored_by,publication:W2165758561,person:A5014481998,W2165758561,A5014481998,first,1,0
authored_by:publication:W2165758561->person:A5086171406,authored_by,publication:W2165758561,person:A5086171406,W2165758561,A5086171406,middle,0,1
authored_by:publication:W2165758561->person:A5060672403,authored_by,publication:W2165758561,person:A5060672403,W2165758561,A5060672403,middle,0,2
authored_by:publication:W2165758561->person:A5110326819,authored_by,publication:W2165758561,person:A5110326819,W2165758561,A5110326819,middle,0,3
authored_by:publication:W2165758561->person:A5077733825,authored_by,publication:W2165758561,person:A5077733825,W2165758561,A5077733825,middle,0,4
authored_by:publication:W2165758561->person:A5009807425,authored_by,publication:W2165758561,person:A5009807425,W2165758561,A5009807425,middle,0,5
authored_by:publication:W2165758561->person:A5060487287,authored_by,publication:W2165758561,person:A5060487287,W2165758561,A5060487287,middle,0,6
authored_by:publication:W2165758561->person:A5088503502,authored_by,publication:W2165758561,person:A5088503502,W2165758561,A5088503502,last,0,7
authored_by:publication:W2124624517->person:A5049765310,authored_by,publication:W2124624517,person:A5049765310,W2124624517,A5049765310,first,1,0
authored_by:publication:W2124624517->person:A5036761815,authored_by,publication:W2124624517,person:A5036761815,W2124624517,A5036761815,middle,0,1
authored_by:publication:W2124624517->person:A5021369527,authored_by,publication:W2124624517,person:A5021369527,W2124624517,A5021369527,middle,0,2
authored_by:publication:W2124624517->person:A5072402610,authored_by,publication:W2124624517,person:A5072402610,W2124624517,A5072402610,middle,0,3
authored_by:publication:W2124624517->person:A5059264529,authored_by,publication:W2124624517,person:A5059264529,W2124624517,A5059264529,middle,0,4
authored_by:publication:W2124624517->person:A5087626806,authored_by,publication:W2124624517,person:A5087626806,W2124624517,A5087626806,middle,0,5
authored_by:publication:W2124624517->person:A5020932112,authored_by,publication:W2124624517,person:A5020932112,W2124624517,A5020932112,middle,0,6
authored_by:publication:W2124624517->person:A5112319973,authored_by,publication:W2124624517,person:A5112319973,W2124624517,A5112319973,middle,0,7
authored_by:publication:W2124624517->person:A5065829841,authored_by,publication:W2124624517,person:A5065829841,W2124624517,A5065829841,middle,0,8
authored_by:publication:W2124624517->person:A5048024665,authored_by,publication:W2124624517,person:A5048024665,W2124624517,A5048024665,middle,0,9
authored_by:publication:W2124624517->person:A5034995895,authored_by,publication:W2124624517,person:A5034995895,W2124624517,A5034995895,middle,0,10
authored_by:publication:W2124624517->person:A5045975461,authored_by,publication:W2124624517,person:A5045975461,W2124624517,A5045975461,middle,0,11
authored_by:publication:W2124624517->person:A5016136470,authored_by,publication:W2124624517,person:A5016136470,W2124624517,A5016136470,middle,0,12
authored_by:publication:W2124624517->person:A5022195731,authored_by,publication:W2124624517,person:A5022195731,W2124624517,A5022195731,middle,0,13
authored_by:publication:W2124624517->person:A5043014936,authored_by,publication:W2124624517,person:A5043014936,W2124624517,A5043014936,middle,0,14
authored_by:publication:W2124624517->person:A5012681318,authored_by,publication:W2124624517,person:A5012681318,W2124624517,A5012681318,middle,0,15
authored_by:publication:W2124624517->person:A5000844027,authored_by,publication:W2124624517,person:A5000844027,W2124624517,A5000844027,middle,0,16
authored_by:publication:W2124624517->person:A5016878366,authored_by,publication:W2124624517,person:A5016878366,W2124624517,A5016878366,last,0,17
authored_by:publication:W2044758663->person:A5085859597,authored_by,publication:W2044758663,person:A5085859597,W2044758663,A5085859597,first,1,0
authored_by:publication:W2044758663->person:A5072262441,authored_by,publication:W2044758663,person:A5072262441,W2044758663,A5072262441,middle,0,1
authored_by:publication:W2044758663->person:A5071941451,authored_by,publication:W2044758663,person:A5071941451,W2044758663,A5071941451,last,0,2
authored_by:publication:W2037124948->person:A5031050247,authored_by,publication:W2037124948,person:A5031050247,W2037124948,A5031050247,first,1,0
authored_by:publication:W2037124948->person:A5102808166,authored_by,publication:W2037124948,person:A5102808166,W2037124948,A5102808166,last,0,1
authored_by:publication:W3085162807->person:A5110272628,authored_by,publication:W3085162807,person:A5110272628,W3085162807,A5110272628,first,1,0
authored_by:publication:W3085162807->person:A5039125390,authored_by,publication:W3085162807,person:A5039125390,W3085162807,A5039125390,middle,0,1
authored_by:publication:W3085162807->person:A5020427483,authored_by,publication:W3085162807,person:A5020427483,W3085162807,A5020427483,middle,0,2
authored_by:publication:W3085162807->person:A5068820196,authored_by,publication:W3085162807,person:A5068820196,W3085162807,A5068820196,middle,0,3
authored_by:publication:W3085162807->person:A5066074267,authored_by,publication:W3085162807,person:A5066074267,W3085162807,A5066074267,last,0,4
authored_by:publication:W2319410825->person:A5110948969,authored_by,publication:W2319410825,person:A5110948969,W2319410825,A5110948969,first,1,0
authored_by:publication:W2319410825->person:A5063500932,authored_by,publication:W2319410825,person:A5063500932,W2319410825,A5063500932,middle,0,1
authored_by:publication:W2319410825->person:A5079042094,authored_by,publication:W2319410825,person:A5079042094,W2319410825,A5079042094,last,0,2
authored_by:publication:W2153222072->person:A5084197978,authored_by,publication:W2153222072,person:A5084197978,W2153222072,A5084197978,first,1,0
authored_by:publication:W2153222072->person:A5048106610,authored_by,publication:W2153222072,person:A5048106610,W2153222072,A5048106610,last,0,1
authored_by:publication:W1667165204->person:A5039409255,authored_by,publication:W1667165204,person:A5039409255,W1667165204,A5039409255,first,1,0
authored_by:publication:W1667165204->person:A5062523968,authored_by,publication:W1667165204,person:A5062523968,W1667165204,A5062523968,last,0,1
authored_by:publication:W1975994995->person:A5112523012,authored_by,publication:W1975994995,person:A5112523012,W1975994995,A5112523012,first,1,0
authored_by:publication:W1975994995->person:A5053114801,authored_by,publication:W1975994995,person:A5053114801,W1975994995,A5053114801,last,0,1
authored_by:publication:W2016381774->person:A5026517767,authored_by,publication:W2016381774,person:A5026517767,W2016381774,A5026517767,first,1,0
authored_by:publication:W4293241248->person:A5113535594,authored_by,publication:W4293241248,person:A5113535594,W4293241248,A5113535594,first,1,0
authored_by:publication:W4293241248->person:A5103404782,authored_by,publication:W4293241248,person:A5103404782,W4293241248,A5103404782,last,0,1
authored_by:publication:W2141394518->person:A5108799790,authored_by,publication:W2141394518,person:A5108799790,W2141394518,A5108799790,first,1,0
authored_by:publication:W2730193802->person:A5080716647,authored_by,publication:W2730193802,person:A5080716647,W2730193802,A5080716647,first,1,0
authored_by:publication:W2752885492->person:A5003354242,authored_by,publication:W2752885492,person:A5003354242,W2752885492,A5003354242,first,1,0
authored_by:publication:W2752885492->person:A5047460493,authored_by,publication:W2752885492,person:A5047460493,W2752885492,A5047460493,middle,0,1
authored_by:publication:W2752885492->person:A5027618658,authored_by,publication:W2752885492,person:A5027618658,W2752885492,A5027618658,middle,0,2
authored_by:publication:W2752885492->person:A5051087399,authored_by,publication:W2752885492,person:A5051087399,W2752885492,A5051087399,last,0,3
authored_by:publication:W3015634246->person:A5045572462,authored_by,publication:W3015634246,person:A5045572462,W3015634246,A5045572462,first,1,0
authored_by:publication:W3015634246->person:A5113386915,authored_by,publication:W3015634246,person:A5113386915,W3015634246,A5113386915,middle,0,1
authored_by:publication:W3015634246->person:A5108567967,authored_by,publication:W3015634246,person:A5108567967,W3015634246,A5108567967,last,0,2
authored_by:publication:W2162180338->person:A5103872562,authored_by,publication:W2162180338,person:A5103872562,W2162180338,A5103872562,first,1,0
authored_by:publication:W2122825543->person:A5079252402,authored_by,publication:W2122825543,person:A5079252402,W2122825543,A5079252402,first,1,0
authored_by:publication:W2122825543->person:A5045744709,authored_by,publication:W2122825543,person:A5045744709,W2122825543,A5045744709,last,0,1
authored_by:publication:W2135046866->person:A5027340494,authored_by,publication:W2135046866,person:A5027340494,W2135046866,A5027340494,first,1,0
authored_by:publication:W2110065044->person:A5062207756,authored_by,publication:W2110065044,person:A5062207756,W2110065044,A5062207756,first,1,0
authored_by:publication:W2110065044->person:A5111786816,authored_by,publication:W2110065044,person:A5111786816,W2110065044,A5111786816,last,0,1
authored_by:publication:W2049633694->person:A5008304919,authored_by,publication:W2049633694,person:A5008304919,W2049633694,A5008304919,first,1,0
authored_by:publication:W2049633694->person:A5107384928,authored_by,publication:W2049633694,person:A5107384928,W2049633694,A5107384928,middle,0,1
authored_by:publication:W2049633694->person:A5071941451,authored_by,publication:W2049633694,person:A5071941451,W2049633694,A5071941451,last,0,2
authored_by:publication:W3147894994->person:A5035999579,authored_by,publication:W3147894994,person:A5035999579,W3147894994,A5035999579,first,1,0
authored_by:publication:W2087070363->person:A5020961712,authored_by,publication:W2087070363,person:A5020961712,W2087070363,A5020961712,first,1,0
authored_by:publication:W2063792498->person:A5053628685,authored_by,publication:W2063792498,person:A5053628685,W2063792498,A5053628685,first,1,0
authored_by:publication:W2009435671->person:A5000736765,authored_by,publication:W2009435671,person:A5000736765,W2009435671,A5000736765,first,1,0
authored_by:publication:W2009435671->person:A5109108037,authored_by,publication:W2009435671,person:A5109108037,W2009435671,A5109108037,middle,0,1
authored_by:publication:W2009435671->person:A5101944629,authored_by,publication:W2009435671,person:A5101944629,W2009435671,A5101944629,last,0,2
authored_by:publication:W2607031541->person:A5085065665,authored_by,publication:W2607031541,person:A5085065665,W2607031541,A5085065665,first,1,0
authored_by:publication:W2607031541->person:A5052830069,authored_by,publication:W2607031541,person:A5052830069,W2607031541,A5052830069,middle,0,1
authored_by:publication:W2607031541->person:A5112282250,authored_by,publication:W2607031541,person:A5112282250,W2607031541,A5112282250,middle,0,2
authored_by:publication:W2607031541->person:A5002395686,authored_by,publication:W2607031541,person:A5002395686,W2607031541,A5002395686,middle,0,3
authored_by:publication:W2607031541->person:A5030779759,authored_by,publication:W2607031541,person:A5030779759,W2607031541,A5030779759,middle,0,4
authored_by:publication:W2607031541->person:A5082875930,authored_by,publication:W2607031541,person:A5082875930,W2607031541,A5082875930,last,0,5
authored_by:publication:W2289205268->person:A5102811817,authored_by,publication:W2289205268,person:A5102811817,W2289205268,A5102811817,first,1,0
authored_by:publication:W2175723801->person:A5033832195,authored_by,publication:W2175723801,person:A5033832195,W2175723801,A5033832195,first,1,0
authored_by:publication:W2175723801->person:A5003087402,authored_by,publication:W2175723801,person:A5003087402,W2175723801,A5003087402,last,0,1
authored_by:publication:W2884585870->person:A5050850544,authored_by,publication:W2884585870,person:A5050850544,W2884585870,A5050850544,first,1,0
authored_by:publication:W2884585870->person:A5100721990,authored_by,publication:W2884585870,person:A5100721990,W2884585870,A5100721990,middle,0,1
authored_by:publication:W2884585870->person:A5044267273,authored_by,publication:W2884585870,person:A5044267273,W2884585870,A5044267273,middle,0,2
authored_by:publication:W2884585870->person:A5012455275,authored_by,publication:W2884585870,person:A5012455275,W2884585870,A5012455275,last,0,3
authored_by:publication:W2193145675->person:W2193145675-person-0,authored_by,publication:W2193145675,person:W2193145675-person-0,W2193145675,W2193145675-person-0,first,1,0
authored_by:publication:W2193145675->person:W2193145675-person-1,authored_by,publication:W2193145675,person:W2193145675-person-1,W2193145675,W2193145675-person-1,middle,0,1
authored_by:publication:W2193145675->person:W2193145675-person-2,authored_by,publication:W2193145675,person:W2193145675-person-2,W2193145675,W2193145675-person-2,middle,0,2
authored_by:publication:W2193145675->person:W2193145675-person-3,authored_by,publication:W2193145675,person:W2193145675-person-3,W2193145675,W2193145675-person-3,middle,0,3
authored_by:publication:W2193145675->person:W2193145675-person-4,authored_by,publication:W2193145675,person:W2193145675-person-4,W2193145675,W2193145675-person-4,middle,0,4
authored_by:publication:W2193145675->person:W2193145675-person-5,authored_by,publication:W2193145675,person:W2193145675-person-5,W2193145675,W2193145675-person-5,middle,0,5
authored_by:publication:W2193145675->person:W2193145675-person-6,authored_by,publication:W2193145675,person:W2193145675-person-6,W2193145675,W2193145675-person-6,last,0,6
authored_by:publication:W1901129140->person:A5045981348,authored_by,publication:W1901129140,person:A5045981348,W1901129140,A5045981348,first,1,0
authored_by:publication:W1901129140->person:A5041583196,authored_by,publication:W1901129140,person:A5041583196,W1901129140,A5041583196,middle,0,1
authored_by:publication:W1901129140->person:A5070290355,authored_by,publication:W1901129140,person:A5070290355,W1901129140,A5070290355,last,0,2
authored_by:publication:W1861492603->person:A5052768778,authored_by,publication:W1861492603,person:A5052768778,W1861492603,A5052768778,first,1,0
authored_by:publication:W1861492603->person:A5001371942,authored_by,publication:W1861492603,person:A5001371942,W1861492603,A5001371942,middle,0,1
authored_by:publication:W1861492603->person:A5018609918,authored_by,publication:W1861492603,person:A5018609918,W1861492603,A5018609918,middle,0,2
authored_by:publication:W1861492603->person:A5016775802,authored_by,publication:W1861492603,person:A5016775802,W1861492603,A5016775802,middle,0,3
authored_by:publication:W1861492603->person:A5026825380,authored_by,publication:W1861492603,person:A5026825380,W1861492603,A5026825380,middle,0,4
authored_by:publication:W1861492603->person:A5004353237,authored_by,publication:W1861492603,person:A5004353237,W1861492603,A5004353237,middle,0,5
authored_by:publication:W1861492603->person:A5057866698,authored_by,publication:W1861492603,person:A5057866698,W1861492603,A5057866698,middle,0,6
authored_by:publication:W1861492603->person:A5058450549,authored_by,publication:W1861492603,person:A5058450549,W1861492603,A5058450549,last,0,7
authored_by:publication:W3021722416->person:A5109052943,authored_by,publication:W3021722416,person:A5109052943,W3021722416,A5109052943,first,1,0
authored_by:publication:W2065853716->person:A5013359153,authored_by,publication:W2065853716,person:A5013359153,W2065853716,A5013359153,first,0,0
authored_by:publication:W2065853716->person:A5046279079,authored_by,publication:W2065853716,person:A5046279079,W2065853716,A5046279079,middle,0,1
authored_by:publication:W2065853716->person:A5027380724,authored_by,publication:W2065853716,person:A5027380724,W2065853716,A5027380724,last,1,2
authored_by:publication:W1966114254->person:W1966114254-person-0,authored_by,publication:W1966114254,person:W1966114254-person-0,W1966114254,W1966114254-person-0,first,1,0
authored_by:publication:W1966114254->person:W1966114254-person-1,authored_by,publication:W1966114254,person:W1966114254-person-1,W1966114254,W1966114254-person-1,last,0,1
authored_by:publication:W2118882740->person:W2118882740-person-0,authored_by,publication:W2118882740,person:W2118882740-person-0,W2118882740,W2118882740-person-0,first,1,0
authored_by:publication:W2911964244->person:A5039125390,authored_by,publication:W2911964244,person:A5039125390,W2911964244,A5039125390,first,1,0
authored_by:publication:W2912934387->person:A5039125390,authored_by,publication:W2912934387,person:A5039125390,W2912934387,A5039125390,first,1,0
authored_by:publication:W4212883601->person:A5039125390,authored_by,publication:W4212883601,person:A5039125390,W4212883601,A5039125390,first,1,0
authored_by:publication:W4239510810->person:A5013243115,authored_by,publication:W4239510810,person:A5013243115,W4239510810,A5013243115,first,1,0
authored_by:publication:W4239510810->person:A5062753972,authored_by,publication:W4239510810,person:A5062753972,W4239510810,A5062753972,last,0,1
authored_by:publication:W2119821739->person:A5013243115,authored_by,publication:W2119821739,person:A5013243115,W2119821739,A5013243115,first,1,0
authored_by:publication:W2119821739->person:A5062753972,authored_by,publication:W2119821739,person:A5062753972,W2119821739,A5062753972,last,0,1
authored_by:publication:W2116199508->person:A5098505189,authored_by,publication:W2116199508,person:A5098505189,W2116199508,A5098505189,first,1,0
authored_by:publication:W2116199508->person:A5061396853,authored_by,publication:W2116199508,person:A5061396853,W2116199508,A5061396853,middle,0,1
authored_by:publication:W2116199508->person:A5018954657,authored_by,publication:W2116199508,person:A5018954657,W2116199508,A5018954657,last,0,2
authored_by:publication:W2168569455->person:A5010981460,authored_by,publication:W2168569455,person:A5010981460,W2168569455,A5010981460,first,1,0
authored_by:publication:W2168569455->person:A5103061328,authored_by,publication:W2168569455,person:A5103061328,W2168569455,A5103061328,last,0,1
authored_by:publication:W2033943395->person:A5103061328,authored_by,publication:W2033943395,person:A5103061328,W2033943395,A5103061328,first,1,0
authored_by:publication:W2033943395->person:A5068331895,authored_by,publication:W2033943395,person:A5068331895,W2033943395,A5068331895,middle,0,1
authored_by:publication:W2033943395->person:A5031899616,authored_by,publication:W2033943395,person:A5031899616,W2033943395,A5031899616,last,0,2
authored_by:publication:W2129763896->person:A5046472405,authored_by,publication:W2129763896,person:A5046472405,W2129763896,A5046472405,first,1,0
authored_by:publication:W2129763896->person:A5043185084,authored_by,publication:W2129763896,person:A5043185084,W2129763896,A5043185084,middle,0,1
authored_by:publication:W2129763896->person:A5109004846,authored_by,publication:W2129763896,person:A5109004846,W2129763896,A5109004846,last,0,2
authored_by:publication:W4300223101->person:A5043273569,authored_by,publication:W4300223101,person:A5043273569,W4300223101,A5043273569,first,1,0
authored_by:publication:W4300223101->person:A5053484459,authored_by,publication:W4300223101,person:A5053484459,W4300223101,A5053484459,middle,0,1
authored_by:publication:W4300223101->person:A5078393948,authored_by,publication:W4300223101,person:A5078393948,W4300223101,A5078393948,last,0,2
authored_by:publication:W1989314580->person:A5032652391,authored_by,publication:W1989314580,person:A5032652391,W1989314580,A5032652391,first,1,0
authored_by:publication:W2172151487->person:A5108111290,authored_by,publication:W2172151487,person:A5108111290,W2172151487,A5108111290,first,1,0
authored_by:publication:W2172151487->person:A5086907959,authored_by,publication:W2172151487,person:A5086907959,W2172151487,A5086907959,middle,0,1
authored_by:publication:W2172151487->person:A5103406763,authored_by,publication:W2172151487,person:A5103406763,W2172151487,A5103406763,last,0,2
authored_by:publication:W4292806894->person:A5108111290,authored_by,publication:W4292806894,person:A5108111290,W4292806894,A5108111290,first,1,0
authored_by:publication:W4292806894->person:A5005053706,authored_by,publication:W4292806894,person:A5005053706,W4292806894,A5005053706,last,0,1
authored_by:publication:W2612891587->person:A5035644440,authored_by,publication:W2612891587,person:A5035644440,W2612891587,A5035644440,first,1,0
authored_by:publication:W3120740533->person:A5011959718,authored_by,publication:W3120740533,person:A5011959718,W3120740533,A5011959718,first,1,0
authored_by:publication:W255996521->person:A5090802246,authored_by,publication:W255996521,person:A5090802246,W255996521,A5090802246,first,1,0
authored_by:publication:W1573234480->person:A5067146589,authored_by,publication:W1573234480,person:A5067146589,W1573234480,A5067146589,first,1,0
authored_by:publication:W1573234480->person:A5078043800,authored_by,publication:W1573234480,person:A5078043800,W1573234480,A5078043800,last,0,1
authored_by:publication:W1590154464->person:A5015613005,authored_by,publication:W1590154464,person:A5015613005,W1590154464,A5015613005,first,1,0
authored_by:publication:W3089485186->person:A5021550583,authored_by,publication:W3089485186,person:A5021550583,W3089485186,A5021550583,first,1,0
authored_by:publication:W2888190061->person:A5110910530,authored_by,publication:W2888190061,person:A5110910530,W2888190061,A5110910530,first,1,0
authored_by:publication:W2135943618->person:A5027610285,authored_by,publication:W2135943618,person:A5027610285,W2135943618,A5027610285,first,1,0
authored_by:publication:W2171129594->person:A5107863366,authored_by,publication:W2171129594,person:A5107863366,W2171129594,A5107863366,first,1,0
authored_by:publication:W2171129594->person:A5064421389,authored_by,publication:W2171129594,person:A5064421389,W2171129594,A5064421389,middle,0,1
authored_by:publication:W2171129594->person:W2171129594-person-2,authored_by,publication:W2171129594,person:W2171129594-person-2,W2171129594,W2171129594-person-2,middle,0,2
authored_by:publication:W2171129594->person:A5074615066,authored_by,publication:W2171129594,person:A5074615066,W2171129594,A5074615066,middle,0,3
authored_by:publication:W2171129594->person:A5103449635,authored_by,publication:W2171129594,person:A5103449635,W2171129594,A5103449635,middle,0,4
authored_by:publication:W2171129594->person:A5059637641,authored_by,publication:W2171129594,person:A5059637641,W2171129594,A5059637641,middle,0,5
authored_by:publication:W2171129594->person:A5089136645,authored_by,publication:W2171129594,person:A5089136645,W2171129594,A5089136645,middle,0,6
authored_by:publication:W2171129594->person:A5064338533,authored_by,publication:W2171129594,person:A5064338533,W2171129594,A5064338533,middle,0,7
authored_by:publication:W2171129594->person:A5057096952,authored_by,publication:W2171129594,person:A5057096952,W2171129594,A5057096952,middle,0,8
authored_by:publication:W2171129594->person:A5059632818,authored_by,publication:W2171129594,person:A5059632818,W2171129594,A5059632818,middle,0,9
authored_by:publication:W2171129594->person:A5040233371,authored_by,publication:W2171129594,person:A5040233371,W2171129594,A5040233371,last,0,10
authored_by:publication:W2004008756->person:A5106923285,authored_by,publication:W2004008756,person:A5106923285,W2004008756,A5106923285,first,1,0
authored_by:publication:W2107277218->person:A5055590197,authored_by,publication:W2107277218,person:A5055590197,W2107277218,A5055590197,first,1,0
authored_by:publication:W2107277218->person:A5001854674,authored_by,publication:W2107277218,person:A5001854674,W2107277218,A5001854674,last,0,1
authored_by:publication:W1559903407->person:A5088548433,authored_by,publication:W1559903407,person:A5088548433,W1559903407,A5088548433,first,1,0
authored_by:publication:W1559903407->person:A5053411159,authored_by,publication:W1559903407,person:A5053411159,W1559903407,A5053411159,middle,0,1
authored_by:publication:W1559903407->person:A5045447641,authored_by,publication:W1559903407,person:A5045447641,W1559903407,A5045447641,last,0,2
authored_by:publication:W1539796472->person:A5063625875,authored_by,publication:W1539796472,person:A5063625875,W1539796472,A5063625875,first,1,0
authored_by:publication:W1539796472->person:A5006511805,authored_by,publication:W1539796472,person:A5006511805,W1539796472,A5006511805,last,0,1
authored_by:publication:W191793640->person:A5062831035,authored_by,publication:W191793640,person:A5062831035,W191793640,A5062831035,first,1,0
authored_by:publication:W1977825494->person:A5028706697,authored_by,publication:W1977825494,person:A5028706697,W1977825494,A5028706697,first,1,0
authored_by:publication:W1977825494->person:A5064614811,authored_by,publication:W1977825494,person:A5064614811,W1977825494,A5064614811,last,0,1
authored_by:publication:W2100379340->person:A5109844665,authored_by,publication:W2100379340,person:A5109844665,W2100379340,A5109844665,first,1,0
authored_by:publication:W2100379340->person:A5101467028,authored_by,publication:W2100379340,person:A5101467028,W2100379340,A5101467028,middle,0,1
authored_by:publication:W2100379340->person:W2100379340-person-2,authored_by,publication:W2100379340,person:W2100379340-person-2,W2100379340,W2100379340-person-2,middle,0,2
authored_by:publication:W2100379340->person:W2100379340-person-3,authored_by,publication:W2100379340,person:W2100379340-person-3,W2100379340,W2100379340-person-3,last,0,3
authored_by:publication:W1791587663->person:A5103061328,authored_by,publication:W1791587663,person:A5103061328,W1791587663,A5103061328,first,1,0
authored_by:publication:W2047968138->person:A5045015029,authored_by,publication:W2047968138,person:A5045015029,W2047968138,A5045015029,first,1,0
authored_by:publication:W2056330418->person:A5034709604,authored_by,publication:W2056330418,person:A5034709604,W2056330418,A5034709604,first,1,0
authored_by:publication:W2056330418->person:A5080473804,authored_by,publication:W2056330418,person:A5080473804,W2056330418,A5080473804,last,0,1
authored_by:publication:W2329223578->person:A5015340283,authored_by,publication:W2329223578,person:A5015340283,W2329223578,A5015340283,first,1,0
authored_by:publication:W2329223578->person:A5108589982,authored_by,publication:W2329223578,person:A5108589982,W2329223578,A5108589982,middle,0,1
authored_by:publication:W2329223578->person:A5002394578,authored_by,publication:W2329223578,person:A5002394578,W2329223578,A5002394578,last,0,2
authored_by:publication:W4251751280->person:A5007823743,authored_by,publication:W4251751280,person:A5007823743,W4251751280,A5007823743,first,0,0
authored_by:publication:W4251751280->person:A5067791761,authored_by,publication:W4251751280,person:A5067791761,W4251751280,A5067791761,middle,0,1
authored_by:publication:W4251751280->person:A5100680948,authored_by,publication:W4251751280,person:A5100680948,W4251751280,A5100680948,last,1,2
authored_by:publication:W3005235420->person:A5019880902,authored_by,publication:W3005235420,person:A5019880902,W3005235420,A5019880902,first,1,0
authored_by:publication:W3005235420->person:A5008754104,authored_by,publication:W3005235420,person:A5008754104,W3005235420,A5008754104,middle,0,1
authored_by:publication:W3005235420->person:A5068432987,authored_by,publication:W3005235420,person:A5068432987,W3005235420,A5068432987,middle,0,2
authored_by:publication:W3005235420->person:A5034699583,authored_by,publication:W3005235420,person:A5034699583,W3005235420,A5034699583,middle,0,3
authored_by:publication:W3005235420->person:A5072977706,authored_by,publication:W3005235420,person:A5072977706,W3005235420,A5072977706,middle,0,4
authored_by:publication:W3005235420->person:A5085983122,authored_by,publication:W3005235420,person:A5085983122,W3005235420,A5085983122,middle,0,5
authored_by:publication:W3005235420->person:A5037983874,authored_by,publication:W3005235420,person:A5037983874,W3005235420,A5037983874,last,0,6
authored_by:publication:W2799524357->person:A5100680948,authored_by,publication:W2799524357,person:A5100680948,W2799524357,A5100680948,first,0,0
authored_by:publication:W2799524357->person:A5067791761,authored_by,publication:W2799524357,person:A5067791761,W2799524357,A5067791761,middle,0,1
authored_by:publication:W2799524357->person:A5103055442,authored_by,publication:W2799524357,person:A5103055442,W2799524357,A5103055442,middle,0,2
authored_by:publication:W2799524357->person:A5041551178,authored_by,publication:W2799524357,person:A5041551178,W2799524357,A5041551178,middle,0,3
authored_by:publication:W2799524357->person:A5007823743,authored_by,publication:W2799524357,person:A5007823743,W2799524357,A5007823743,last,1,4
authored_by:publication:W2311203695->person:A5100680948,authored_by,publication:W2311203695,person:A5100680948,W2311203695,A5100680948,first,1,0
authored_by:publication:W2311203695->person:A5067791761,authored_by,publication:W2311203695,person:A5067791761,W2311203695,A5067791761,middle,0,1
authored_by:publication:W2311203695->person:A5007823743,authored_by,publication:W2311203695,person:A5007823743,W2311203695,A5007823743,last,0,2
authored_by:publication:W2111647009->person:A5110523329,authored_by,publication:W2111647009,person:A5110523329,W2111647009,A5110523329,first,0,0
authored_by:publication:W2111647009->person:A5008754104,authored_by,publication:W2111647009,person:A5008754104,W2111647009,A5008754104,middle,0,1
authored_by:publication:W2111647009->person:A5085983122,authored_by,publication:W2111647009,person:A5085983122,W2111647009,A5085983122,middle,0,2
authored_by:publication:W2111647009->person:A5019880902,authored_by,publication:W2111647009,person:A5019880902,W2111647009,A5019880902,last,1,3
authored_by:publication:W2160378127->person:A5064063992,authored_by,publication:W2160378127,person:A5064063992,W2160378127,A5064063992,first,1,0
authored_by:publication:W2160378127->person:A5003461562,authored_by,publication:W2160378127,person:A5003461562,W2160378127,A5003461562,last,0,1
authored_by:publication:W2152207030->person:A5007823743,authored_by,publication:W2152207030,person:A5007823743,W2152207030,A5007823743,first,0,0
authored_by:publication:W2152207030->person:A5067791761,authored_by,publication:W2152207030,person:A5067791761,W2152207030,A5067791761,middle,0,1
authored_by:publication:W2152207030->person:A5028632294,authored_by,publication:W2152207030,person:A5028632294,W2152207030,A5028632294,middle,0,2
authored_by:publication:W2152207030->person:A5111452408,authored_by,publication:W2152207030,person:A5111452408,W2152207030,A5111452408,middle,0,3
authored_by:publication:W2152207030->person:A5100680948,authored_by,publication:W2152207030,person:A5100680948,W2152207030,A5100680948,last,1,4
authored_by:publication:W2132632499->person:A5007823743,authored_by,publication:W2132632499,person:A5007823743,W2132632499,A5007823743,first,0,0
authored_by:publication:W2132632499->person:A5050197338,authored_by,publication:W2132632499,person:A5050197338,W2132632499,A5050197338,middle,0,1
authored_by:publication:W2132632499->person:A5110852504,authored_by,publication:W2132632499,person:A5110852504,W2132632499,A5110852504,middle,0,2
authored_by:publication:W2132632499->person:A5067791761,authored_by,publication:W2132632499,person:A5067791761,W2132632499,A5067791761,middle,0,3
authored_by:publication:W2132632499->person:A5109177049,authored_by,publication:W2132632499,person:A5109177049,W2132632499,A5109177049,middle,0,4
authored_by:publication:W2132632499->person:A5100680948,authored_by,publication:W2132632499,person:A5100680948,W2132632499,A5100680948,last,1,5
authored_by:publication:W2125121305->person:A5007823743,authored_by,publication:W2125121305,person:A5007823743,W2125121305,A5007823743,first,1,0
authored_by:publication:W2125121305->person:A5043599202,authored_by,publication:W2125121305,person:A5043599202,W2125121305,A5043599202,middle,0,1
authored_by:publication:W2125121305->person:A5109177049,authored_by,publication:W2125121305,person:A5109177049,W2125121305,A5109177049,middle,0,2
authored_by:publication:W2125121305->person:A5100680948,authored_by,publication:W2125121305,person:A5100680948,W2125121305,A5100680948,last,0,3
authored_by:publication:W2097706568->person:A5052941366,authored_by,publication:W2097706568,person:A5052941366,W2097706568,A5052941366,first,1,0
authored_by:publication:W2097706568->person:A5109177049,authored_by,publication:W2097706568,person:A5109177049,W2097706568,A5109177049,last,0,1
authored_by:publication:W2161339576->person:A5090787049,authored_by,publication:W2161339576,person:A5090787049,W2161339576,A5090787049,first,0,0
authored_by:publication:W2161339576->person:A5049599323,authored_by,publication:W2161339576,person:A5049599323,W2161339576,A5049599323,middle,0,1
authored_by:publication:W2161339576->person:A5024304834,authored_by,publication:W2161339576,person:A5024304834,W2161339576,A5024304834,last,1,2
authored_by:publication:W2004444667->person:A5073802325,authored_by,publication:W2004444667,person:A5073802325,W2004444667,A5073802325,first,1,0
authored_by:publication:W2004444667->person:A5102836099,authored_by,publication:W2004444667,person:A5102836099,W2004444667,A5102836099,last,0,1
authored_by:publication:W1990074132->person:A5024870825,authored_by,publication:W1990074132,person:A5024870825,W1990074132,A5024870825,first,1,0
authored_by:publication:W1990074132->person:A5078137898,authored_by,publication:W1990074132,person:A5078137898,W1990074132,A5078137898,last,0,1
authored_by:publication:W2148941593->person:A5007897986,authored_by,publication:W2148941593,person:A5007897986,W2148941593,A5007897986,first,1,0
authored_by:publication:W2148941593->person:A5036170744,authored_by,publication:W2148941593,person:A5036170744,W2148941593,A5036170744,last,0,1
authored_by:publication:W2127322768->person:A5037909083,authored_by,publication:W2127322768,person:A5037909083,W2127322768,A5037909083,first,1,0
authored_by:publication:W2127322768->person:A5036376802,authored_by,publication:W2127322768,person:A5036376802,W2127322768,A5036376802,middle,0,1
authored_by:publication:W2127322768->person:A5006434469,authored_by,publication:W2127322768,person:A5006434469,W2127322768,A5006434469,middle,0,2
authored_by:publication:W2127322768->person:A5004328524,authored_by,publication:W2127322768,person:A5004328524,W2127322768,A5004328524,middle,0,3
authored_by:publication:W2127322768->person:A5059033237,authored_by,publication:W2127322768,person:A5059033237,W2127322768,A5059033237,middle,0,4
authored_by:publication:W2127322768->person:A5101583301,authored_by,publication:W2127322768,person:A5101583301,W2127322768,A5101583301,middle,0,5
authored_by:publication:W2127322768->person:A5018972787,authored_by,publication:W2127322768,person:A5018972787,W2127322768,A5018972787,middle,0,6
authored_by:publication:W2127322768->person:A5084942657,authored_by,publication:W2127322768,person:A5084942657,W2127322768,A5084942657,middle,0,7
authored_by:publication:W2127322768->person:A5040165643,authored_by,publication:W2127322768,person:A5040165643,W2127322768,A5040165643,middle,0,8
authored_by:publication:W2127322768->person:A5010030898,authored_by,publication:W2127322768,person:A5010030898,W2127322768,A5010030898,middle,0,9
authored_by:publication:W2127322768->person:A5039921905,authored_by,publication:W2127322768,person:A5039921905,W2127322768,A5039921905,middle,0,10
authored_by:publication:W2127322768->person:A5090607558,authored_by,publication:W2127322768,person:A5090607558,W2127322768,A5090607558,last,0,11
authored_by:publication:W2955504961->person:A5096278320,authored_by,publication:W2955504961,person:A5096278320,W2955504961,A5096278320,first,1,0
authored_by:publication:W3177828909->person:A5059179935,authored_by,publication:W3177828909,person:A5059179935,W3177828909,A5059179935,first,1,0
authored_by:publication:W3177828909->person:W3177828909-person-1,authored_by,publication:W3177828909,person:W3177828909-person-1,W3177828909,W3177828909-person-1,middle,0,1
authored_by:publication:W3177828909->person:A5062883663,authored_by,publication:W3177828909,person:A5062883663,W3177828909,A5062883663,middle,0,2
authored_by:publication:W3177828909->person:A5101569668,authored_by,publication:W3177828909,person:A5101569668,W3177828909,A5101569668,middle,0,3
authored_by:publication:W3177828909->person:A5004531184,authored_by,publication:W3177828909,person:A5004531184,W3177828909,A5004531184,middle,0,4
authored_by:publication:W3177828909->person:A5045981348,authored_by,publication:W3177828909,person:A5045981348,W3177828909,A5045981348,middle,0,5
authored_by:publication:W3177828909->person:A5079389977,authored_by,publication:W3177828909,person:A5079389977,W3177828909,A5079389977,middle,0,6
authored_by:publication:W3177828909->person:A5113989875,authored_by,publication:W3177828909,person:A5113989875,W3177828909,A5113989875,middle,0,7
authored_by:publication:W3177828909->person:A5009567462,authored_by,publication:W3177828909,person:A5009567462,W3177828909,A5009567462,middle,0,8
authored_by:publication:W3177828909->person:A5030626083,authored_by,publication:W3177828909,person:A5030626083,W3177828909,A5030626083,middle,0,9
authored_by:publication:W3177828909->person:A5027154958,authored_by,publication:W3177828909,person:A5027154958,W3177828909,A5027154958,middle,0,10
authored_by:publication:W3177828909->person:A5067459456,authored_by,publication:W3177828909,person:A5067459456,W3177828909,A5067459456,middle,0,11
authored_by:publication:W3177828909->person:A5054576402,authored_by,publication:W3177828909,person:A5054576402,W3177828909,A5054576402,middle,0,12
authored_by:publication:W3177828909->person:A5079907259,authored_by,publication:W3177828909,person:A5079907259,W3177828909,A5079907259,middle,0,13
authored_by:publication:W3177828909->person:A5085902321,authored_by,publication:W3177828909,person:A5085902321,W3177828909,A5085902321,middle,0,14
authored_by:publication:W3177828909->person:A5088601308,authored_by,publication:W3177828909,person:A5088601308,W3177828909,A5088601308,middle,0,15
authored_by:publication:W3177828909->person:A5051623730,authored_by,publication:W3177828909,person:A5051623730,W3177828909,A5051623730,middle,0,16
authored_by:publication:W3177828909->person:A5019154965,authored_by,publication:W3177828909,person:A5019154965,W3177828909,A5019154965,middle,0,17
authored_by:publication:W3177828909->person:A5088186812,authored_by,publication:W3177828909,person:A5088186812,W3177828909,A5088186812,middle,0,18
authored_by:publication:W3177828909->person:A5051168505,authored_by,publication:W3177828909,person:A5051168505,W3177828909,A5051168505,middle,0,19
authored_by:publication:W3177828909->person:A5050109164,authored_by,publication:W3177828909,person:A5050109164,W3177828909,A5050109164,middle,0,20
authored_by:publication:W3177828909->person:A5009240058,authored_by,publication:W3177828909,person:A5009240058,W3177828909,A5009240058,middle,0,21
authored_by:publication:W3177828909->person:A5046346579,authored_by,publication:W3177828909,person:A5046346579,W3177828909,A5046346579,middle,0,22
authored_by:publication:W3177828909->person:A5101599399,authored_by,publication:W3177828909,person:A5101599399,W3177828909,A5101599399,middle,0,23
authored_by:publication:W3177828909->person:A5019985343,authored_by,publication:W3177828909,person:A5019985343,W3177828909,A5019985343,middle,0,24
authored_by:publication:W3177828909->person:A5034531389,authored_by,publication:W3177828909,person:A5034531389,W3177828909,A5034531389,middle,0,25
authored_by:publication:W3177828909->person:A5041605654,authored_by,publication:W3177828909,person:A5041605654,W3177828909,A5041605654,middle,0,26
authored_by:publication:W3177828909->person:A5063529978,authored_by,publication:W3177828909,person:A5063529978,W3177828909,A5063529978,middle,0,27
authored_by:publication:W3177828909->person:A5091771290,authored_by,publication:W3177828909,person:A5091771290,W3177828909,A5091771290,middle,0,28
authored_by:publication:W3177828909->person:A5003562101,authored_by,publication:W3177828909,person:A5003562101,W3177828909,A5003562101,middle,0,29
authored_by:publication:W3177828909->person:A5079708487,authored_by,publication:W3177828909,person:A5079708487,W3177828909,A5079708487,middle,0,30
authored_by:publication:W3177828909->person:A5090341705,authored_by,publication:W3177828909,person:A5090341705,W3177828909,A5090341705,middle,0,31
authored_by:publication:W3177828909->person:A5013834379,authored_by,publication:W3177828909,person:A5013834379,W3177828909,A5013834379,middle,0,32
authored_by:publication:W3177828909->person:A5005349213,authored_by,publication:W3177828909,person:A5005349213,W3177828909,A5005349213,last,0,33
authored_by:publication:W3004280078->person:A5083165835,authored_by,publication:W3004280078,person:A5083165835,W3004280078,A5083165835,first,1,0
authored_by:publication:W3004280078->person:A5039460637,authored_by,publication:W3004280078,person:A5039460637,W3004280078,A5039460637,middle,0,1
authored_by:publication:W3004280078->person:A5002787853,authored_by,publication:W3004280078,person:A5002787853,W3004280078,A5002787853,middle,0,2
authored_by:publication:W3004280078->person:A5103013886,authored_by,publication:W3004280078,person:A5103013886,W3004280078,A5103013886,middle,0,3
authored_by:publication:W3004280078->person:A5100767849,authored_by,publication:W3004280078,person:A5100767849,W3004280078,A5100767849,middle,0,4
authored_by:publication:W3004280078->person:A5100622062,authored_by,publication:W3004280078,person:A5100622062,W3004280078,A5100622062,middle,0,5
authored_by:publication:W3004280078->person:A5102379144,authored_by,publication:W3004280078,person:A5102379144,W3004280078,A5102379144,middle,0,6
authored_by:publication:W3004280078->person:A5060118564,authored_by,publication:W3004280078,person:A5060118564,W3004280078,A5060118564,middle,0,7
authored_by:publication:W3004280078->person:A5100356466,authored_by,publication:W3004280078,person:A5100356466,W3004280078,A5100356466,middle,0,8
authored_by:publication:W3004280078->person:A5101094927,authored_by,publication:W3004280078,person:A5101094927,W3004280078,A5101094927,middle,0,9
authored_by:publication:W3004280078->person:A5017187601,authored_by,publication:W3004280078,person:A5017187601,W3004280078,A5017187601,middle,0,10
authored_by:publication:W3004280078->person:A5100394807,authored_by,publication:W3004280078,person:A5100394807,W3004280078,A5100394807,middle,0,11
authored_by:publication:W3004280078->person:A5077234479,authored_by,publication:W3004280078,person:A5077234479,W3004280078,A5077234479,middle,0,12
authored_by:publication:W3004280078->person:A5018411180,authored_by,publication:W3004280078,person:A5018411180,W3004280078,A5018411180,middle,0,13
authored_by:publication:W3004280078->person:A5050578152,authored_by,publication:W3004280078,person:A5050578152,W3004280078,A5050578152,middle,0,14
authored_by:publication:W3004280078->person:A5029219116,authored_by,publication:W3004280078,person:A5029219116,W3004280078,A5029219116,middle,0,15
authored_by:publication:W3004280078->person:A5100383015,authored_by,publication:W3004280078,person:A5100383015,W3004280078,A5100383015,middle,0,16
authored_by:publication:W3004280078->person:A5101077869,authored_by,publication:W3004280078,person:A5101077869,W3004280078,A5101077869,middle,0,17
authored_by:publication:W3004280078->person:A5101507174,authored_by,publication:W3004280078,person:A5101507174,W3004280078,A5101507174,middle,0,18
authored_by:publication:W3004280078->person:A5102343941,authored_by,publication:W3004280078,person:A5102343941,W3004280078,A5102343941,middle,0,19
authored_by:publication:W3004280078->person:A5100647548,authored_by,publication:W3004280078,person:A5100647548,W3004280078,A5100647548,middle,0,20
authored_by:publication:W3004280078->person:A5029583070,authored_by,publication:W3004280078,person:A5029583070,W3004280078,A5029583070,middle,0,21
authored_by:publication:W3004280078->person:A5110191677,authored_by,publication:W3004280078,person:A5110191677,W3004280078,A5110191677,middle,0,22
authored_by:publication:W3004280078->person:A5100409376,authored_by,publication:W3004280078,person:A5100409376,W3004280078,A5100409376,middle,0,23
authored_by:publication:W3004280078->person:A5012216290,authored_by,publication:W3004280078,person:A5012216290,W3004280078,A5012216290,middle,0,24
authored_by:publication:W3004280078->person:A5112582604,authored_by,publication:W3004280078,person:A5112582604,W3004280078,A5112582604,middle,0,25
authored_by:publication:W3004280078->person:A5027156402,authored_by,publication:W3004280078,person:A5027156402,W3004280078,A5027156402,middle,0,26
authored_by:publication:W3004280078->person:A5111259036,authored_by,publication:W3004280078,person:A5111259036,W3004280078,A5111259036,middle,0,27
authored_by:publication:W3004280078->person:A5100689158,authored_by,publication:W3004280078,person:A5100689158,W3004280078,A5100689158,last,0,28
authored_by:publication:W3035965352->person:W3035965352-person-0,authored_by,publication:W3035965352,person:W3035965352-person-0,W3035965352,W3035965352-person-0,first,1,0
authored_by:publication:W3035965352->person:W3035965352-person-1,authored_by,publication:W3035965352,person:W3035965352-person-1,W3035965352,W3035965352-person-1,middle,0,1
authored_by:publication:W3035965352->person:W3035965352-person-2,authored_by,publication:W3035965352,person:W3035965352-person-2,W3035965352,W3035965352-person-2,middle,0,2
authored_by:publication:W3035965352->person:W3035965352-person-3,authored_by,publication:W3035965352,person:W3035965352-person-3,W3035965352,W3035965352-person-3,middle,0,3
authored_by:publication:W3035965352->person:W3035965352-person-4,authored_by,publication:W3035965352,person:W3035965352-person-4,W3035965352,W3035965352-person-4,middle,0,4
authored_by:publication:W3035965352->person:W3035965352-person-5,authored_by,publication:W3035965352,person:W3035965352-person-5,W3035965352,W3035965352-person-5,middle,0,5
authored_by:publication:W3035965352->person:W3035965352-person-6,authored_by,publication:W3035965352,person:W3035965352-person-6,W3035965352,W3035965352-person-6,middle,0,6
authored_by:publication:W3035965352->person:W3035965352-person-7,authored_by,publication:W3035965352,person:W3035965352-person-7,W3035965352,W3035965352-person-7,middle,0,7
authored_by:publication:W3035965352->person:W3035965352-person-8,authored_by,publication:W3035965352,person:W3035965352-person-8,W3035965352,W3035965352-person-8,middle,0,8
authored_by:publication:W3035965352->person:W3035965352-person-9,authored_by,publication:W3035965352,person:W3035965352-person-9,W3035965352,W3035965352-person-9,middle,0,9
authored_by:publication:W3035965352->person:W3035965352-person-10,authored_by,publication:W3035965352,person:W3035965352-person-10,W3035965352,W3035965352-person-10,middle,0,10
authored_by:publication:W3035965352->person:W3035965352-person-11,authored_by,publication:W3035965352,person:W3035965352-person-11,W3035965352,W3035965352-person-11,middle,0,11
authored_by:publication:W3035965352->person:W3035965352-person-12,authored_by,publication:W3035965352,person:W3035965352-person-12,W3035965352,W3035965352-person-12,middle,0,12
authored_by:publication:W3035965352->person:W3035965352-person-13,authored_by,publication:W3035965352,person:W3035965352-person-13,W3035965352,W3035965352-person-13,middle,0,13
authored_by:publication:W3035965352->person:W3035965352-person-14,authored_by,publication:W3035965352,person:W3035965352-person-14,W3035965352,W3035965352-person-14,middle,0,14
authored_by:publication:W3035965352->person:W3035965352-person-15,authored_by,publication:W3035965352,person:W3035965352-person-15,W3035965352,W3035965352-person-15,middle,0,15
authored_by:publication:W3035965352->person:W3035965352-person-16,authored_by,publication:W3035965352,person:W3035965352-person-16,W3035965352,W3035965352-person-16,middle,0,16
authored_by:publication:W3035965352->person:W3035965352-person-17,authored_by,publication:W3035965352,person:W3035965352-person-17,W3035965352,W3035965352-person-17,middle,0,17
authored_by:publication:W3035965352->person:W3035965352-person-18,authored_by,publication:W3035965352,person:W3035965352-person-18,W3035965352,W3035965352-person-18,middle,0,18
authored_by:publication:W3035965352->person:W3035965352-person-19,authored_by,publication:W3035965352,person:W3035965352-person-19,W3035965352,W3035965352-person-19,middle,0,19
authored_by:publication:W3035965352->person:W3035965352-person-20,authored_by,publication:W3035965352,person:W3035965352-person-20,W3035965352,W3035965352-person-20,middle,0,20
authored_by:publication:W3035965352->person:W3035965352-person-21,authored_by,publication:W3035965352,person:W3035965352-person-21,W3035965352,W3035965352-person-21,middle,0,21
authored_by:publication:W3035965352->person:W3035965352-person-22,authored_by,publication:W3035965352,person:W3035965352-person-22,W3035965352,W3035965352-person-22,middle,0,22
authored_by:publication:W3035965352->person:W3035965352-person-23,authored_by,publication:W3035965352,person:W3035965352-person-23,W3035965352,W3035965352-person-23,middle,0,23
authored_by:publication:W3035965352->person:W3035965352-person-24,authored_by,publication:W3035965352,person:W3035965352-person-24,W3035965352,W3035965352-person-24,middle,0,24
authored_by:publication:W3035965352->person:W3035965352-person-25,authored_by,publication:W3035965352,person:W3035965352-person-25,W3035965352,W3035965352-person-25,last,0,25
authored_by:publication:W2257979135->person:A5091771290,authored_by,publication:W2257979135,person:A5091771290,W2257979135,A5091771290,first,1,0
authored_by:publication:W2257979135->person:A5006011042,authored_by,publication:W2257979135,person:A5006011042,W2257979135,A5006011042,middle,0,1
authored_by:publication:W2257979135->person:A5054711904,authored_by,publication:W2257979135,person:A5054711904,W2257979135,A5054711904,middle,0,2
authored_by:publication:W2257979135->person:A5009305837,authored_by,publication:W2257979135,person:A5009305837,W2257979135,A5009305837,middle,0,3
authored_by:publication:W2257979135->person:A5053301405,authored_by,publication:W2257979135,person:A5053301405,W2257979135,A5053301405,middle,0,4
authored_by:publication:W2257979135->person:A5025210358,authored_by,publication:W2257979135,person:A5025210358,W2257979135,A5025210358,middle,0,5
authored_by:publication:W2257979135->person:A5080518618,authored_by,publication:W2257979135,person:A5080518618,W2257979135,A5080518618,middle,0,6
authored_by:publication:W2257979135->person:A5021217383,authored_by,publication:W2257979135,person:A5021217383,W2257979135,A5021217383,middle,0,7
authored_by:publication:W2257979135->person:A5008968626,authored_by,publication:W2257979135,person:A5008968626,W2257979135,A5008968626,middle,0,8
authored_by:publication:W2257979135->person:A5049659586,authored_by,publication:W2257979135,person:A5049659586,W2257979135,A5049659586,middle,0,9
authored_by:publication:W2257979135->person:A5034960578,authored_by,publication:W2257979135,person:A5034960578,W2257979135,A5034960578,middle,0,10
authored_by:publication:W2257979135->person:A5077188995,authored_by,publication:W2257979135,person:A5077188995,W2257979135,A5077188995,middle,0,11
authored_by:publication:W2257979135->person:A5058201889,authored_by,publication:W2257979135,person:A5058201889,W2257979135,A5058201889,middle,0,12
authored_by:publication:W2257979135->person:A5059729571,authored_by,publication:W2257979135,person:A5059729571,W2257979135,A5059729571,middle,0,13
authored_by:publication:W2257979135->person:A5006446297,authored_by,publication:W2257979135,person:A5006446297,W2257979135,A5006446297,middle,0,14
authored_by:publication:W2257979135->person:A5066294254,authored_by,publication:W2257979135,person:A5066294254,W2257979135,A5066294254,middle,0,15
authored_by:publication:W2257979135->person:A5059103439,authored_by,publication:W2257979135,person:A5059103439,W2257979135,A5059103439,middle,0,16
authored_by:publication:W2257979135->person:A5090341705,authored_by,publication:W2257979135,person:A5090341705,W2257979135,A5090341705,middle,0,17
authored_by:publication:W2257979135->person:A5051619646,authored_by,publication:W2257979135,person:A5051619646,W2257979135,A5051619646,middle,0,18
authored_by:publication:W2257979135->person:A5005349213,authored_by,publication:W2257979135,person:A5005349213,W2257979135,A5005349213,last,0,19
authored_by:publication:W2104549677->person:W2104549677-person-0,authored_by,publication:W2104549677,person:W2104549677-person-0,W2104549677,W2104549677-person-0,first,0,0
authored_by:publication:W2104549677->person:W2104549677-person-1,authored_by,publication:W2104549677,person:W2104549677-person-1,W2104549677,W2104549677-person-1,middle,1,1
authored_by:publication:W2104549677->person:W2104549677-person-2,authored_by,publication:W2104549677,person:W2104549677-person-2,W2104549677,W2104549677-person-2,middle,0,2
authored_by:publication:W2104549677->person:W2104549677-person-3,authored_by,publication:W2104549677,person:W2104549677-person-3,W2104549677,W2104549677-person-3,middle,0,3
authored_by:publication:W2104549677->person:A5082040351,authored_by,publication:W2104549677,person:A5082040351,W2104549677,A5082040351,middle,1,4
authored_by:publication:W2104549677->person:W2104549677-person-5,authored_by,publication:W2104549677,person:W2104549677-person-5,W2104549677,W2104549677-person-5,middle,0,5
authored_by:publication:W2104549677->person:W2104549677-person-6,authored_by,publication:W2104549677,person:W2104549677-person-6,W2104549677,W2104549677-person-6,middle,0,6
authored_by:publication:W2104549677->person:W2104549677-person-7,authored_by,publication:W2104549677,person:W2104549677-person-7,W2104549677,W2104549677-person-7,middle,0,7
authored_by:publication:W2104549677->person:W2104549677-person-8,authored_by,publication:W2104549677,person:W2104549677-person-8,W2104549677,W2104549677-person-8,middle,0,8
authored_by:publication:W2104549677->person:A5077722090,authored_by,publication:W2104549677,person:A5077722090,W2104549677,A5077722090,middle,0,9
authored_by:publication:W2104549677->person:W2104549677-person-10,authored_by,publication:W2104549677,person:W2104549677-person-10,W2104549677,W2104549677-person-10,middle,0,10
authored_by:publication:W2104549677->person:A5006816272,authored_by,publication:W2104549677,person:A5006816272,W2104549677,A5006816272,middle,0,11
authored_by:publication:W2104549677->person:W2104549677-person-12,authored_by,publication:W2104549677,person:W2104549677-person-12,W2104549677,W2104549677-person-12,middle,0,12
authored_by:publication:W2104549677->person:W2104549677-person-13,authored_by,publication:W2104549677,person:W2104549677-person-13,W2104549677,W2104549677-person-13,middle,0,13
authored_by:publication:W2104549677->person:A5107829546,authored_by,publication:W2104549677,person:A5107829546,W2104549677,A5107829546,middle,0,14
authored_by:publication:W2104549677->person:A5068997042,authored_by,publication:W2104549677,person:A5068997042,W2104549677,A5068997042,middle,0,15
authored_by:publication:W2104549677->person:W2104549677-person-16,authored_by,publication:W2104549677,person:W2104549677-person-16,W2104549677,W2104549677-person-16,middle,0,16
authored_by:publication:W2104549677->person:A5071136927,authored_by,publication:W2104549677,person:A5071136927,W2104549677,A5071136927,middle,0,17
authored_by:publication:W2104549677->person:A5020748592,authored_by,publication:W2104549677,person:A5020748592,W2104549677,A5020748592,middle,0,18
authored_by:publication:W2104549677->person:A5100716198,authored_by,publication:W2104549677,person:A5100716198,W2104549677,A5100716198,middle,0,19
authored_by:publication:W2104549677->person:A5019720850,authored_by,publication:W2104549677,person:A5019720850,W2104549677,A5019720850,middle,0,20
authored_by:publication:W2104549677->person:A5054642128,authored_by,publication:W2104549677,person:A5054642128,W2104549677,A5054642128,middle,0,21
authored_by:publication:W2104549677->person:A5000369565,authored_by,publication:W2104549677,person:A5000369565,W2104549677,A5000369565,middle,0,22
authored_by:publication:W2104549677->person:W2104549677-person-23,authored_by,publication:W2104549677,person:W2104549677-person-23,W2104549677,W2104549677-person-23,middle,0,23
authored_by:publication:W2104549677->person:A5107596584,authored_by,publication:W2104549677,person:A5107596584,W2104549677,A5107596584,middle,0,24
authored_by:publication:W2104549677->person:A5078218837,authored_by,publication:W2104549677,person:A5078218837,W2104549677,A5078218837,middle,0,25
authored_by:publication:W2104549677->person:W2104549677-person-26,authored_by,publication:W2104549677,person:W2104549677-person-26,W2104549677,W2104549677-person-26,middle,0,26
authored_by:publication:W2104549677->person:W2104549677-person-27,authored_by,publication:W2104549677,person:W2104549677-person-27,W2104549677,W2104549677-person-27,middle,0,27
authored_by:publication:W2104549677->person:A5014714324,authored_by,publication:W2104549677,person:A5014714324,W2104549677,A5014714324,middle,0,28
authored_by:publication:W2104549677->person:W2104549677-person-29,authored_by,publication:W2104549677,person:W2104549677-person-29,W2104549677,W2104549677-person-29,middle,0,29
authored_by:publication:W2104549677->person:W2104549677-person-30,authored_by,publication:W2104549677,person:W2104549677-person-30,W2104549677,W2104549677-person-30,middle,0,30
authored_by:publication:W2104549677->person:A5044048476,authored_by,publication:W2104549677,person:A5044048476,W2104549677,A5044048476,middle,0,31
authored_by:publication:W2104549677->person:A5050577909,authored_by,publication:W2104549677,person:A5050577909,W2104549677,A5050577909,middle,0,32
authored_by:publication:W2104549677->person:A5088473119,authored_by,publication:W2104549677,person:A5088473119,W2104549677,A5088473119,middle,0,33
authored_by:publication:W2104549677->person:A5034973328,authored_by,publication:W2104549677,person:A5034973328,W2104549677,A5034973328,middle,0,34
authored_by:publication:W2104549677->person:A5110259138,authored_by,publication:W2104549677,person:A5110259138,W2104549677,A5110259138,middle,0,35
authored_by:publication:W2104549677->person:A5100716198,authored_by,publication:W2104549677,person:A5100716198,W2104549677,A5100716198,middle,0,36
authored_by:publication:W2104549677->person:A5037749785,authored_by,publication:W2104549677,person:A5037749785,W2104549677,A5037749785,middle,0,37
authored_by:publication:W2104549677->person:W2104549677-person-38,authored_by,publication:W2104549677,person:W2104549677-person-38,W2104549677,W2104549677-person-38,middle,0,38
authored_by:publication:W2104549677->person:A5100559157,authored_by,publication:W2104549677,person:A5100559157,W2104549677,A5100559157,middle,0,39
authored_by:publication:W2104549677->person:W2104549677-person-40,authored_by,publication:W2104549677,person:W2104549677-person-40,W2104549677,W2104549677-person-40,middle,0,40
authored_by:publication:W2104549677->person:W2104549677-person-41,authored_by,publication:W2104549677,person:W2104549677-person-41,W2104549677,W2104549677-person-41,middle,0,41
authored_by:publication:W2104549677->person:A5077722217,authored_by,publication:W2104549677,person:A5077722217,W2104549677,A5077722217,middle,0,42
authored_by:publication:W2104549677->person:A5058327122,authored_by,publication:W2104549677,person:A5058327122,W2104549677,A5058327122,middle,0,43
authored_by:publication:W2104549677->person:A5052083635,authored_by,publication:W2104549677,person:A5052083635,W2104549677,A5052083635,middle,0,44
authored_by:publication:W2104549677->person:A5009510775,authored_by,publication:W2104549677,person:A5009510775,W2104549677,A5009510775,middle,0,45
authored_by:publication:W2104549677->person:A5016529100,authored_by,publication:W2104549677,person:A5016529100,W2104549677,A5016529100,middle,0,46
authored_by:publication:W2104549677->person:A5031168904,authored_by,publication:W2104549677,person:A5031168904,W2104549677,A5031168904,middle,0,47
authored_by:publication:W2104549677->person:W2104549677-person-48,authored_by,publication:W2104549677,person:W2104549677-person-48,W2104549677,W2104549677-person-48,middle,0,48
authored_by:publication:W2104549677->person:A5024331115,authored_by,publication:W2104549677,person:A5024331115,W2104549677,A5024331115,middle,0,49
authored_by:publication:W2104549677->person:A5100368556,authored_by,publication:W2104549677,person:A5100368556,W2104549677,A5100368556,middle,0,50
authored_by:publication:W2104549677->person:A5032136842,authored_by,publication:W2104549677,person:A5032136842,W2104549677,A5032136842,middle,0,51
authored_by:publication:W2104549677->person:W2104549677-person-52,authored_by,publication:W2104549677,person:W2104549677-person-52,W2104549677,W2104549677-person-52,middle,0,52
authored_by:publication:W2104549677->person:A5050221114,authored_by,publication:W2104549677,person:A5050221114,W2104549677,A5050221114,middle,0,53
authored_by:publication:W2104549677->person:A5100441085,authored_by,publication:W2104549677,person:A5100441085,W2104549677,A5100441085,middle,0,54
authored_by:publication:W2104549677->person:A5090998485,authored_by,publication:W2104549677,person:A5090998485,W2104549677,A5090998485,middle,0,55
authored_by:publication:W2104549677->person:A5073827104,authored_by,publication:W2104549677,person:A5073827104,W2104549677,A5073827104,middle,0,56
authored_by:publication:W2104549677->person:A5004406489,authored_by,publication:W2104549677,person:A5004406489,W2104549677,A5004406489,middle,0,57
authored_by:publication:W2104549677->person:A5003334032,authored_by,publication:W2104549677,person:A5003334032,W2104549677,A5003334032,middle,0,58
authored_by:publication:W2104549677->person:A5065676200,authored_by,publication:W2104549677,person:A5065676200,W2104549677,A5065676200,middle,0,59
authored_by:publication:W2104549677->person:A5020221893,authored_by,publication:W2104549677,person:A5020221893,W2104549677,A5020221893,middle,0,60
authored_by:publication:W2104549677->person:W2104549677-person-61,authored_by,publication:W2104549677,person:W2104549677-person-61,W2104549677,W2104549677-person-61,middle,0,61
authored_by:publication:W2104549677->person:A5100451926,authored_by,publication:W2104549677,person:A5100451926,W2104549677,A5100451926,middle,0,62
authored_by:publication:W2104549677->person:A5079060255,authored_by,publication:W2104549677,person:A5079060255,W2104549677,A5079060255,middle,0,63
authored_by:publication:W2104549677->person:A5100386756,authored_by,publication:W2104549677,person:A5100386756,W2104549677,A5100386756,middle,0,64
authored_by:publication:W2104549677->person:A5100709477,authored_by,publication:W2104549677,person:A5100709477,W2104549677,A5100709477,middle,0,65
authored_by:publication:W2104549677->person:A5062237479,authored_by,publication:W2104549677,person:A5062237479,W2104549677,A5062237479,middle,0,66
authored_by:publication:W2104549677->person:A5065200226,authored_by,publication:W2104549677,person:A5065200226,W2104549677,A5065200226,middle,0,67
authored_by:publication:W2104549677->person:W2104549677-person-68,authored_by,publication:W2104549677,person:W2104549677-person-68,W2104549677,W2104549677-person-68,middle,0,68
authored_by:publication:W2104549677->person:A5020748592,authored_by,publication:W2104549677,person:A5020748592,W2104549677,A5020748592,middle,0,69
authored_by:publication:W2104549677->person:W2104549677-person-70,authored_by,publication:W2104549677,person:W2104549677-person-70,W2104549677,W2104549677-person-70,middle,0,70
authored_by:publication:W2104549677->person:A5108378152,authored_by,publication:W2104549677,person:A5108378152,W2104549677,A5108378152,middle,0,71
authored_by:publication:W2104549677->person:A5101581051,authored_by,publication:W2104549677,person:A5101581051,W2104549677,A5101581051,middle,0,72
authored_by:publication:W2104549677->person:A5010180174,authored_by,publication:W2104549677,person:A5010180174,W2104549677,A5010180174,middle,0,73
authored_by:publication:W2104549677->person:A5059315543,authored_by,publication:W2104549677,person:A5059315543,W2104549677,A5059315543,middle,0,74
authored_by:publication:W2104549677->person:A5002408945,authored_by,publication:W2104549677,person:A5002408945,W2104549677,A5002408945,middle,0,75
authored_by:publication:W2104549677->person:A5053179789,authored_by,publication:W2104549677,person:A5053179789,W2104549677,A5053179789,middle,0,76
authored_by:publication:W2104549677->person:W2104549677-person-77,authored_by,publication:W2104549677,person:W2104549677-person-77,W2104549677,W2104549677-person-77,middle,0,77
authored_by:publication:W2104549677->person:A5071626276,authored_by,publication:W2104549677,person:A5071626276,W2104549677,A5071626276,middle,0,78
authored_by:publication:W2104549677->person:W2104549677-person-79,authored_by,publication:W2104549677,person:W2104549677-person-79,W2104549677,W2104549677-person-79,middle,0,79
authored_by:publication:W2104549677->person:A5078770916,authored_by,publication:W2104549677,person:A5078770916,W2104549677,A5078770916,middle,0,80
authored_by:publication:W2104549677->person:A5044085246,authored_by,publication:W2104549677,person:A5044085246,W2104549677,A5044085246,middle,0,81
authored_by:publication:W2104549677->person:A5050467747,authored_by,publication:W2104549677,person:A5050467747,W2104549677,A5050467747,middle,0,82
authored_by:publication:W2104549677->person:A5015292353,authored_by,publication:W2104549677,person:A5015292353,W2104549677,A5015292353,middle,0,83
authored_by:publication:W2104549677->person:A5034321074,authored_by,publication:W2104549677,person:A5034321074,W2104549677,A5034321074,middle,0,84
authored_by:publication:W2104549677->person:A5052502792,authored_by,publication:W2104549677,person:A5052502792,W2104549677,A5052502792,middle,0,85
authored_by:publication:W2104549677->person:A5034697550,authored_by,publication:W2104549677,person:A5034697550,W2104549677,A5034697550,middle,0,86
authored_by:publication:W2104549677->person:A5111889793,authored_by,publication:W2104549677,person:A5111889793,W2104549677,A5111889793,middle,0,87
authored_by:publication:W2104549677->person:A5003523155,authored_by,publication:W2104549677,person:A5003523155,W2104549677,A5003523155,middle,0,88
authored_by:publication:W2104549677->person:W2104549677-person-89,authored_by,publication:W2104549677,person:W2104549677-person-89,W2104549677,W2104549677-person-89,middle,0,89
authored_by:publication:W2104549677->person:A5065726505,authored_by,publication:W2104549677,person:A5065726505,W2104549677,A5065726505,middle,0,90
authored_by:publication:W2104549677->person:A5040090561,authored_by,publication:W2104549677,person:A5040090561,W2104549677,A5040090561,middle,0,91
authored_by:publication:W2104549677->person:A5004687813,authored_by,publication:W2104549677,person:A5004687813,W2104549677,A5004687813,middle,0,92
authored_by:publication:W2104549677->person:A5042311778,authored_by,publication:W2104549677,person:A5042311778,W2104549677,A5042311778,middle,0,93
authored_by:publication:W2104549677->person:W2104549677-person-94,authored_by,publication:W2104549677,person:W2104549677-person-94,W2104549677,W2104549677-person-94,middle,0,94
authored_by:publication:W2104549677->person:W2104549677-person-95,authored_by,publication:W2104549677,person:W2104549677-person-95,W2104549677,W2104549677-person-95,middle,0,95
authored_by:publication:W2104549677->person:W2104549677-person-96,authored_by,publication:W2104549677,person:W2104549677-person-96,W2104549677,W2104549677-person-96,middle,0,96
authored_by:publication:W2104549677->person:A5113658176,authored_by,publication:W2104549677,person:A5113658176,W2104549677,A5113658176,middle,0,97
authored_by:publication:W2104549677->person:W2104549677-person-98,authored_by,publication:W2104549677,person:W2104549677-person-98,W2104549677,W2104549677-person-98,middle,0,98
authored_by:publication:W2104549677->person:A5039537064,authored_by,publication:W2104549677,person:A5039537064,W2104549677,A5039537064,middle,0,99
authored_by:publication:W2919115771->person:A5001226970,authored_by,publication:W2919115771,person:A5001226970,W2919115771,A5001226970,first,1,0
authored_by:publication:W2919115771->person:A5086198262,authored_by,publication:W2919115771,person:A5086198262,W2919115771,A5086198262,middle,0,1
authored_by:publication:W2919115771->person:A5108093963,authored_by,publication:W2919115771,person:A5108093963,W2919115771,A5108093963,last,0,2
authored_by:publication:W2145339207->person:A5008904142,authored_by,publication:W2145339207,person:A5008904142,W2145339207,A5008904142,first,1,0
authored_by:publication:W2145339207->person:A5090341705,authored_by,publication:W2145339207,person:A5090341705,W2145339207,A5090341705,middle,0,1
authored_by:publication:W2145339207->person:A5091771290,authored_by,publication:W2145339207,person:A5091771290,W2145339207,A5091771290,middle,0,2
authored_by:publication:W2145339207->person:A5101742327,authored_by,publication:W2145339207,person:A5101742327,W2145339207,A5101742327,middle,0,3
authored_by:publication:W2145339207->person:A5060709021,authored_by,publication:W2145339207,person:A5060709021,W2145339207,A5060709021,middle,0,4
authored_by:publication:W2145339207->person:A5001087292,authored_by,publication:W2145339207,person:A5001087292,W2145339207,A5001087292,middle,0,5
authored_by:publication:W2145339207->person:A5043473089,authored_by,publication:W2145339207,person:A5043473089,W2145339207,A5043473089,middle,0,6
authored_by:publication:W2145339207->person:A5041323275,authored_by,publication:W2145339207,person:A5041323275,W2145339207,A5041323275,middle,0,7
authored_by:publication:W2145339207->person:A5032865587,authored_by,publication:W2145339207,person:A5032865587,W2145339207,A5032865587,middle,0,8
authored_by:publication:W2145339207->person:A5016618355,authored_by,publication:W2145339207,person:A5016618355,W2145339207,A5016618355,middle,0,9
authored_by:publication:W2145339207->person:A5050109164,authored_by,publication:W2145339207,person:A5050109164,W2145339207,A5050109164,middle,0,10
authored_by:publication:W2145339207->person:A5018388854,authored_by,publication:W2145339207,person:A5018388854,W2145339207,A5018388854,middle,0,11
authored_by:publication:W2145339207->person:A5012250683,authored_by,publication:W2145339207,person:A5012250683,W2145339207,A5012250683,middle,0,12
authored_by:publication:W2145339207->person:A5021217383,authored_by,publication:W2145339207,person:A5021217383,W2145339207,A5021217383,middle,0,13
authored_by:publication:W2145339207->person:A5048371195,authored_by,publication:W2145339207,person:A5048371195,W2145339207,A5048371195,middle,0,14
authored_by:publication:W2145339207->person:A5048551460,authored_by,publication:W2145339207,person:A5048551460,W2145339207,A5048551460,middle,0,15
authored_by:publication:W2145339207->person:A5053990531,authored_by,publication:W2145339207,person:A5053990531,W2145339207,A5053990531,middle,0,16
authored_by:publication:W2145339207->person:A5008987732,authored_by,publication:W2145339207,person:A5008987732,W2145339207,A5008987732,middle,0,17
authored_by:publication:W2145339207->person:A5005349213,authored_by,publication:W2145339207,person:A5005349213,W2145339207,A5005349213,last,0,18
authored_by:publication:W2259938310->person:A5035037595,authored_by,publication:W2259938310,person:A5035037595,W2259938310,A5035037595,first,1,0
authored_by:publication:W2006318126->person:A5055227491,authored_by,publication:W2006318126,person:A5055227491,W2006318126,A5055227491,first,1,0
authored_by:publication:W2006318126->person:A5110244260,authored_by,publication:W2006318126,person:A5110244260,W2006318126,A5110244260,last,0,1
authored_by:publication:W2125284466->person:A5072248970,authored_by,publication:W2125284466,person:A5072248970,W2125284466,A5072248970,first,1,0
authored_by:publication:W2125284466->person:A5058357018,authored_by,publication:W2125284466,person:A5058357018,W2125284466,A5058357018,middle,0,1
authored_by:publication:W2125284466->person:A5088527376,authored_by,publication:W2125284466,person:A5088527376,W2125284466,A5088527376,middle,0,2
authored_by:publication:W2125284466->person:A5024028137,authored_by,publication:W2125284466,person:A5024028137,W2125284466,A5024028137,middle,0,3
authored_by:publication:W2125284466->person:A5076142044,authored_by,publication:W2125284466,person:A5076142044,W2125284466,A5076142044,middle,0,4
authored_by:publication:W2125284466->person:A5076577191,authored_by,publication:W2125284466,person:A5076577191,W2125284466,A5076577191,middle,0,5
authored_by:publication:W2125284466->person:A5072442751,authored_by,publication:W2125284466,person:A5072442751,W2125284466,A5072442751,middle,0,6
authored_by:publication:W2125284466->person:A5001198014,authored_by,publication:W2125284466,person:A5001198014,W2125284466,A5001198014,last,0,7
authored_by:publication:W2168909179->person:A5108140420,authored_by,publication:W2168909179,person:A5108140420,W2168909179,A5108140420,first,1,0
authored_by:publication:W2168909179->person:A5091229340,authored_by,publication:W2168909179,person:A5091229340,W2168909179,A5091229340,middle,0,1
authored_by:publication:W2168909179->person:A5021669455,authored_by,publication:W2168909179,person:A5021669455,W2168909179,A5021669455,middle,0,2
authored_by:publication:W2168909179->person:A5049581540,authored_by,publication:W2168909179,person:A5049581540,W2168909179,A5049581540,middle,0,3
authored_by:publication:W2168909179->person:A5038698652,authored_by,publication:W2168909179,person:A5038698652,W2168909179,A5038698652,middle,0,4
authored_by:publication:W2168909179->person:A5089295208,authored_by,publication:W2168909179,person:A5089295208,W2168909179,A5089295208,middle,0,5
authored_by:publication:W2168909179->person:A5080184036,authored_by,publication:W2168909179,person:A5080184036,W2168909179,A5080184036,middle,0,6
authored_by:publication:W2168909179->person:A5066338056,authored_by,publication:W2168909179,person:A5066338056,W2168909179,A5066338056,middle,0,7
authored_by:publication:W2168909179->person:A5058847615,authored_by,publication:W2168909179,person:A5058847615,W2168909179,A5058847615,middle,0,8
authored_by:publication:W2168909179->person:A5006631993,authored_by,publication:W2168909179,person:A5006631993,W2168909179,A5006631993,middle,0,9
authored_by:publication:W2168909179->person:A5111904241,authored_by,publication:W2168909179,person:A5111904241,W2168909179,A5111904241,middle,0,10
authored_by:publication:W2168909179->person:A5001383727,authored_by,publication:W2168909179,person:A5001383727,W2168909179,A5001383727,middle,0,11
authored_by:publication:W2168909179->person:A5010992080,authored_by,publication:W2168909179,person:A5010992080,W2168909179,A5010992080,middle,0,12
authored_by:publication:W2168909179->person:A5039655262,authored_by,publication:W2168909179,person:A5039655262,W2168909179,A5039655262,middle,0,13
authored_by:publication:W2168909179->person:A5088982920,authored_by,publication:W2168909179,person:A5088982920,W2168909179,A5088982920,middle,0,14
authored_by:publication:W2168909179->person:A5079561126,authored_by,publication:W2168909179,person:A5079561126,W2168909179,A5079561126,middle,0,15
authored_by:publication:W2168909179->person:A5040260262,authored_by,publication:W2168909179,person:A5040260262,W2168909179,A5040260262,middle,0,16
authored_by:publication:W2168909179->person:A5045625713,authored_by,publication:W2168909179,person:A5045625713,W2168909179,A5045625713,middle,0,17
authored_by:publication:W2168909179->person:A5048963768,authored_by,publication:W2168909179,person:A5048963768,W2168909179,A5048963768,middle,0,18
authored_by:publication:W2168909179->person:A5023416939,authored_by,publication:W2168909179,person:A5023416939,W2168909179,A5023416939,middle,0,19
authored_by:publication:W2168909179->person:A5087297252,authored_by,publication:W2168909179,person:A5087297252,W2168909179,A5087297252,middle,0,20
authored_by:publication:W2168909179->person:A5077622597,authored_by,publication:W2168909179,person:A5077622597,W2168909179,A5077622597,middle,0,21
authored_by:publication:W2168909179->person:A5029081403,authored_by,publication:W2168909179,person:A5029081403,W2168909179,A5029081403,middle,0,22
authored_by:publication:W2168909179->person:A5109400070,authored_by,publication:W2168909179,person:A5109400070,W2168909179,A5109400070,middle,0,23
authored_by:publication:W2168909179->person:A5025514420,authored_by,publication:W2168909179,person:A5025514420,W2168909179,A5025514420,middle,0,24
authored_by:publication:W2168909179->person:A5108778543,authored_by,publication:W2168909179,person:A5108778543,W2168909179,A5108778543,middle,0,25
authored_by:publication:W2168909179->person:A5001820478,authored_by,publication:W2168909179,person:A5001820478,W2168909179,A5001820478,middle,0,26
authored_by:publication:W2168909179->person:A5043077854,authored_by,publication:W2168909179,person:A5043077854,W2168909179,A5043077854,middle,0,27
authored_by:publication:W2168909179->person:A5034317303,authored_by,publication:W2168909179,person:A5034317303,W2168909179,A5034317303,middle,0,28
authored_by:publication:W2168909179->person:A5080618346,authored_by,publication:W2168909179,person:A5080618346,W2168909179,A5080618346,middle,0,29
authored_by:publication:W2168909179->person:A5090716657,authored_by,publication:W2168909179,person:A5090716657,W2168909179,A5090716657,middle,0,30
authored_by:publication:W2168909179->person:A5071769479,authored_by,publication:W2168909179,person:A5071769479,W2168909179,A5071769479,middle,0,31
authored_by:publication:W2168909179->person:A5109532899,authored_by,publication:W2168909179,person:A5109532899,W2168909179,A5109532899,middle,0,32
authored_by:publication:W2168909179->person:A5010677873,authored_by,publication:W2168909179,person:A5010677873,W2168909179,A5010677873,middle,0,33
authored_by:publication:W2168909179->person:A5107841318,authored_by,publication:W2168909179,person:A5107841318,W2168909179,A5107841318,middle,0,34
authored_by:publication:W2168909179->person:A5018043809,authored_by,publication:W2168909179,person:A5018043809,W2168909179,A5018043809,middle,0,35
authored_by:publication:W2168909179->person:A5110225175,authored_by,publication:W2168909179,person:A5110225175,W2168909179,A5110225175,middle,0,36
authored_by:publication:W2168909179->person:A5017588786,authored_by,publication:W2168909179,person:A5017588786,W2168909179,A5017588786,middle,0,37
authored_by:publication:W2168909179->person:A5109214093,authored_by,publication:W2168909179,person:A5109214093,W2168909179,A5109214093,middle,0,38
authored_by:publication:W2168909179->person:A5111898752,authored_by,publication:W2168909179,person:A5111898752,W2168909179,A5111898752,middle,0,39
authored_by:publication:W2168909179->person:A5048041187,authored_by,publication:W2168909179,person:A5048041187,W2168909179,A5048041187,middle,0,40
authored_by:publication:W2168909179->person:A5102094687,authored_by,publication:W2168909179,person:A5102094687,W2168909179,A5102094687,middle,0,41
authored_by:publication:W2168909179->person:A5110225174,authored_by,publication:W2168909179,person:A5110225174,W2168909179,A5110225174,middle,0,42
authored_by:publication:W2168909179->person:A5022965952,authored_by,publication:W2168909179,person:A5022965952,W2168909179,A5022965952,middle,0,43
authored_by:publication:W2168909179->person:A5082712082,authored_by,publication:W2168909179,person:A5082712082,W2168909179,A5082712082,middle,0,44
authored_by:publication:W2168909179->person:A5082633816,authored_by,publication:W2168909179,person:A5082633816,W2168909179,A5082633816,middle,0,45
authored_by:publication:W2168909179->person:A5012080038,authored_by,publication:W2168909179,person:A5012080038,W2168909179,A5012080038,middle,0,46
authored_by:publication:W2168909179->person:A5082040351,authored_by,publication:W2168909179,person:A5082040351,W2168909179,A5082040351,middle,0,47
authored_by:publication:W2168909179->person:A5050511926,authored_by,publication:W2168909179,person:A5050511926,W2168909179,A5050511926,middle,0,48
authored_by:publication:W2168909179->person:A5006835973,authored_by,publication:W2168909179,person:A5006835973,W2168909179,A5006835973,middle,0,49
authored_by:publication:W2168909179->person:A5004078699,authored_by,publication:W2168909179,person:A5004078699,W2168909179,A5004078699,middle,0,50
authored_by:publication:W2168909179->person:A5007549481,authored_by,publication:W2168909179,person:A5007549481,W2168909179,A5007549481,middle,0,51
authored_by:publication:W2168909179->person:A5035692364,authored_by,publication:W2168909179,person:A5035692364,W2168909179,A5035692364,middle,0,52
authored_by:publication:W2168909179->person:A5102019094,authored_by,publication:W2168909179,person:A5102019094,W2168909179,A5102019094,middle,0,53
authored_by:publication:W2168909179->person:A5103897730,authored_by,publication:W2168909179,person:A5103897730,W2168909179,A5103897730,middle,0,54
authored_by:publication:W2168909179->person:A5041308386,authored_by,publication:W2168909179,person:A5041308386,W2168909179,A5041308386,middle,0,55
authored_by:publication:W2168909179->person:A5081044991,authored_by,publication:W2168909179,person:A5081044991,W2168909179,A5081044991,middle,0,56
authored_by:publication:W2168909179->person:A5104349268,authored_by,publication:W2168909179,person:A5104349268,W2168909179,A5104349268,middle,0,57
authored_by:publication:W2168909179->person:A5007133493,authored_by,publication:W2168909179,person:A5007133493,W2168909179,A5007133493,middle,0,58
authored_by:publication:W2168909179->person:A5002456982,authored_by,publication:W2168909179,person:A5002456982,W2168909179,A5002456982,middle,0,59
authored_by:publication:W2168909179->person:A5072393754,authored_by,publication:W2168909179,person:A5072393754,W2168909179,A5072393754,middle,0,60
authored_by:publication:W2168909179->person:A5052194762,authored_by,publication:W2168909179,person:A5052194762,W2168909179,A5052194762,middle,0,61
authored_by:publication:W2168909179->person:A5043582447,authored_by,publication:W2168909179,person:A5043582447,W2168909179,A5043582447,middle,0,62
authored_by:publication:W2168909179->person:A5104275873,authored_by,publication:W2168909179,person:A5104275873,W2168909179,A5104275873,middle,0,63
authored_by:publication:W2168909179->person:A5044012216,authored_by,publication:W2168909179,person:A5044012216,W2168909179,A5044012216,middle,0,64
authored_by:publication:W2168909179->person:A5023083359,authored_by,publication:W2168909179,person:A5023083359,W2168909179,A5023083359,middle,0,65
authored_by:publication:W2168909179->person:A5074206499,authored_by,publication:W2168909179,person:A5074206499,W2168909179,A5074206499,middle,1,66
authored_by:publication:W2168909179->person:A5105786443,authored_by,publication:W2168909179,person:A5105786443,W2168909179,A5105786443,middle,0,67
authored_by:publication:W2168909179->person:A5106316839,authored_by,publication:W2168909179,person:A5106316839,W2168909179,A5106316839,middle,0,68
authored_by:publication:W2168909179->person:A5047690257,authored_by,publication:W2168909179,person:A5047690257,W2168909179,A5047690257,middle,0,69
authored_by:publication:W2168909179->person:A5070061359,authored_by,publication:W2168909179,person:A5070061359,W2168909179,A5070061359,middle,0,70
authored_by:publication:W2168909179->person:A5054642128,authored_by,publication:W2168909179,person:A5054642128,W2168909179,A5054642128,middle,0,71
authored_by:publication:W2168909179->person:A5108080792,authored_by,publication:W2168909179,person:A5108080792,W2168909179,A5108080792,middle,0,72
authored_by:publication:W2168909179->person:A5023572924,authored_by,publication:W2168909179,person:A5023572924,W2168909179,A5023572924,middle,0,73
authored_by:publication:W2168909179->person:A5002017954,authored_by,publication:W2168909179,person:A5002017954,W2168909179,A5002017954,middle,0,74
authored_by:publication:W2168909179->person:A5019579037,authored_by,publication:W2168909179,person:A5019579037,W2168909179,A5019579037,middle,0,75
authored_by:publication:W2168909179->person:A5050119930,authored_by,publication:W2168909179,person:A5050119930,W2168909179,A5050119930,middle,0,76
authored_by:publication:W2168909179->person:A5033154286,authored_by,publication:W2168909179,person:A5033154286,W2168909179,A5033154286,middle,0,77
authored_by:publication:W2168909179->person:A5041520404,authored_by,publication:W2168909179,person:A5041520404,W2168909179,A5041520404,middle,0,78
authored_by:publication:W2168909179->person:A5034614889,authored_by,publication:W2168909179,person:A5034614889,W2168909179,A5034614889,middle,0,79
authored_by:publication:W2168909179->person:A5025839359,authored_by,publication:W2168909179,person:A5025839359,W2168909179,A5025839359,middle,0,80
authored_by:publication:W2168909179->person:A5069466922,authored_by,publication:W2168909179,person:A5069466922,W2168909179,A5069466922,middle,0,81
authored_by:publication:W2168909179->person:A5102746555,authored_by,publication:W2168909179,person:A5102746555,W2168909179,A5102746555,middle,0,82
authored_by:publication:W2168909179->person:A5061026009,authored_by,publication:W2168909179,person:A5061026009,W2168909179,A5061026009,middle,0,83
authored_by:publication:W2168909179->person:A5071858954,authored_by,publication:W2168909179,person:A5071858954,W2168909179,A5071858954,middle,0,84
authored_by:publication:W2168909179->person:A5006986395,authored_by,publication:W2168909179,person:A5006986395,W2168909179,A5006986395,middle,0,85
authored_by:publication:W2168909179->person:A5081176388,authored_by,publication:W2168909179,person:A5081176388,W2168909179,A5081176388,middle,0,86
authored_by:publication:W2168909179->person:A5018212413,authored_by,publication:W2168909179,person:A5018212413,W2168909179,A5018212413,middle,0,87
authored_by:publication:W2168909179->person:A5082519222,authored_by,publication:W2168909179,person:A5082519222,W2168909179,A5082519222,middle,0,88
authored_by:publication:W2168909179->person:A5020071768,authored_by,publication:W2168909179,person:A5020071768,W2168909179,A5020071768,middle,0,89
authored_by:publication:W2168909179->person:A5108082201,authored_by,publication:W2168909179,person:A5108082201,W2168909179,A5108082201,middle,0,90
authored_by:publication:W2168909179->person:A5022255729,authored_by,publication:W2168909179,person:A5022255729,W2168909179,A5022255729,middle,0,91
authored_by:publication:W2168909179->person:A5110462789,authored_by,publication:W2168909179,person:A5110462789,W2168909179,A5110462789,middle,0,92
authored_by:publication:W2168909179->person:A5010297697,authored_by,publication:W2168909179,person:A5010297697,W2168909179,A5010297697,middle,0,93
authored_by:publication:W2168909179->person:A5021042434,authored_by,publication:W2168909179,person:A5021042434,W2168909179,A5021042434,middle,0,94
authored_by:publication:W2168909179->person:A5105408392,authored_by,publication:W2168909179,person:A5105408392,W2168909179,A5105408392,middle,0,95
authored_by:publication:W2168909179->person:A5106716980,authored_by,publication:W2168909179,person:A5106716980,W2168909179,A5106716980,middle,0,96
authored_by:publication:W2168909179->person:A5071062782,authored_by,publication:W2168909179,person:A5071062782,W2168909179,A5071062782,middle,0,97
authored_by:publication:W2168909179->person:A5034994000,authored_by,publication:W2168909179,person:A5034994000,W2168909179,A5034994000,middle,0,98
authored_by:publication:W2168909179->person:A5109158404,authored_by,publication:W2168909179,person:A5109158404,W2168909179,A5109158404,middle,0,99
authored_by:publication:W1949231392->person:A5111563280,authored_by,publication:W1949231392,person:A5111563280,W1949231392,A5111563280,first,1,0
authored_by:publication:W1949231392->person:A5055227491,authored_by,publication:W1949231392,person:A5055227491,W1949231392,A5055227491,last,0,1
authored_by:publication:W2162348455->person:A5109070857,authored_by,publication:W2162348455,person:A5109070857,W2162348455,A5109070857,first,1,0
authored_by:publication:W2162348455->person:A5030139784,authored_by,publication:W2162348455,person:A5030139784,W2162348455,A5030139784,middle,0,1
authored_by:publication:W2162348455->person:A5032949045,authored_by,publication:W2162348455,person:A5032949045,W2162348455,A5032949045,middle,0,2
authored_by:publication:W2162348455->person:A5114911266,authored_by,publication:W2162348455,person:A5114911266,W2162348455,A5114911266,middle,0,3
authored_by:publication:W2162348455->person:A5003153552,authored_by,publication:W2162348455,person:A5003153552,W2162348455,A5003153552,last,0,4
authored_by:publication:W2097255042->person:A5062498736,authored_by,publication:W2097255042,person:A5062498736,W2097255042,A5062498736,first,1,0
authored_by:publication:W2097255042->person:A5052676245,authored_by,publication:W2097255042,person:A5052676245,W2097255042,A5052676245,middle,0,1
authored_by:publication:W2097255042->person:A5068063822,authored_by,publication:W2097255042,person:A5068063822,W2097255042,A5068063822,middle,0,2
authored_by:publication:W2097255042->person:A5023048831,authored_by,publication:W2097255042,person:A5023048831,W2097255042,A5023048831,middle,0,3
authored_by:publication:W2097255042->person:A5017044520,authored_by,publication:W2097255042,person:A5017044520,W2097255042,A5017044520,middle,0,4
authored_by:publication:W2097255042->person:A5087718708,authored_by,publication:W2097255042,person:A5087718708,W2097255042,A5087718708,middle,0,5
authored_by:publication:W2097255042->person:A5008936074,authored_by,publication:W2097255042,person:A5008936074,W2097255042,A5008936074,middle,0,6
authored_by:publication:W2097255042->person:A5109308016,authored_by,publication:W2097255042,person:A5109308016,W2097255042,A5109308016,middle,0,7
authored_by:publication:W2097255042->person:A5010451213,authored_by,publication:W2097255042,person:A5010451213,W2097255042,A5010451213,middle,0,8
authored_by:publication:W2097255042->person:A5068445062,authored_by,publication:W2097255042,person:A5068445062,W2097255042,A5068445062,middle,0,9
authored_by:publication:W2097255042->person:A5016467945,authored_by,publication:W2097255042,person:A5016467945,W2097255042,A5016467945,middle,0,10
authored_by:publication:W2097255042->person:A5086953586,authored_by,publication:W2097255042,person:A5086953586,W2097255042,A5086953586,middle,0,11
authored_by:publication:W2097255042->person:A5021314151,authored_by,publication:W2097255042,person:A5021314151,W2097255042,A5021314151,middle,0,12
authored_by:publication:W2097255042->person:A5078993134,authored_by,publication:W2097255042,person:A5078993134,W2097255042,A5078993134,middle,0,13
authored_by:publication:W2097255042->person:A5035837487,authored_by,publication:W2097255042,person:A5035837487,W2097255042,A5035837487,middle,0,14
authored_by:publication:W2097255042->person:A5083875677,authored_by,publication:W2097255042,person:A5083875677,W2097255042,A5083875677,middle,0,15
authored_by:publication:W2097255042->person:A5065906655,authored_by,publication:W2097255042,person:A5065906655,W2097255042,A5065906655,middle,0,16
authored_by:publication:W2097255042->person:A5077542898,authored_by,publication:W2097255042,person:A5077542898,W2097255042,A5077542898,last,0,17
authored_by:publication:W2112090702->person:A5000679279,authored_by,publication:W2112090702,person:A5000679279,W2112090702,A5000679279,first,1,0
authored_by:publication:W2112090702->person:A5029418921,authored_by,publication:W2112090702,person:A5029418921,W2112090702,A5029418921,last,0,1
authored_by:publication:W2746485780->person:A5091724650,authored_by,publication:W2746485780,person:A5091724650,W2746485780,A5091724650,first,1,0
authored_by:publication:W2746485780->person:A5002260826,authored_by,publication:W2746485780,person:A5002260826,W2746485780,A5002260826,middle,0,1
authored_by:publication:W2746485780->person:A5086038630,authored_by,publication:W2746485780,person:A5086038630,W2746485780,A5086038630,middle,0,2
authored_by:publication:W2746485780->person:A5024881899,authored_by,publication:W2746485780,person:A5024881899,W2746485780,A5024881899,middle,0,3
authored_by:publication:W2746485780->person:A5080683619,authored_by,publication:W2746485780,person:A5080683619,W2746485780,A5080683619,middle,0,4
authored_by:publication:W2746485780->person:A5030681852,authored_by,publication:W2746485780,person:A5030681852,W2746485780,A5030681852,middle,0,5
authored_by:publication:W2746485780->person:A5075209458,authored_by,publication:W2746485780,person:A5075209458,W2746485780,A5075209458,middle,0,6
authored_by:publication:W2746485780->person:A5033867997,authored_by,publication:W2746485780,person:A5033867997,W2746485780,A5033867997,middle,0,7
authored_by:publication:W2746485780->person:A5108290426,authored_by,publication:W2746485780,person:A5108290426,W2746485780,A5108290426,middle,0,8
authored_by:publication:W2746485780->person:A5081565412,authored_by,publication:W2746485780,person:A5081565412,W2746485780,A5081565412,middle,0,9
authored_by:publication:W2746485780->person:A5109886075,authored_by,publication:W2746485780,person:A5109886075,W2746485780,A5109886075,middle,0,10
authored_by:publication:W2746485780->person:A5017913101,authored_by,publication:W2746485780,person:A5017913101,W2746485780,A5017913101,middle,0,11
authored_by:publication:W2746485780->person:A5089420094,authored_by,publication:W2746485780,person:A5089420094,W2746485780,A5089420094,last,0,12
authored_by:publication:W2042602209->person:A5015401603,authored_by,publication:W2042602209,person:A5015401603,W2042602209,A5015401603,first,1,0
authored_by:publication:W2042602209->person:A5040774720,authored_by,publication:W2042602209,person:A5040774720,W2042602209,A5040774720,middle,0,1
authored_by:publication:W2042602209->person:A5053242305,authored_by,publication:W2042602209,person:A5053242305,W2042602209,A5053242305,middle,0,2
authored_by:publication:W2042602209->person:A5109920665,authored_by,publication:W2042602209,person:A5109920665,W2042602209,A5109920665,middle,0,3
authored_by:publication:W2042602209->person:A5035957651,authored_by,publication:W2042602209,person:A5035957651,W2042602209,A5035957651,last,0,4
authored_by:publication:W1980216394->person:A5074738502,authored_by,publication:W1980216394,person:A5074738502,W1980216394,A5074738502,first,1,0
authored_by:publication:W1980216394->person:A5109160404,authored_by,publication:W1980216394,person:A5109160404,W1980216394,A5109160404,last,0,1
authored_by:publication:W2018858346->person:A5079749826,authored_by,publication:W2018858346,person:A5079749826,W2018858346,A5079749826,first,1,0
authored_by:publication:W1498436455->person:A5048240638,authored_by,publication:W1498436455,person:A5048240638,W1498436455,A5048240638,first,1,0
authored_by:publication:W1498436455->person:A5108093963,authored_by,publication:W1498436455,person:A5108093963,W1498436455,A5108093963,middle,0,1
authored_by:publication:W1498436455->person:A5112059424,authored_by,publication:W1498436455,person:A5112059424,W1498436455,A5112059424,last,0,2
authored_by:publication:W11476871->person:A5050518847,authored_by,publication:W11476871,person:A5050518847,W11476871,A5050518847,first,1,0
authored_by:publication:W11476871->person:A5087000600,authored_by,publication:W11476871,person:A5087000600,W11476871,A5087000600,middle,0,1
authored_by:publication:W11476871->person:A5103526070,authored_by,publication:W11476871,person:A5103526070,W11476871,A5103526070,middle,0,2
authored_by:publication:W11476871->person:A5050630131,authored_by,publication:W11476871,person:A5050630131,W11476871,A5050630131,middle,0,3
authored_by:publication:W11476871->person:A5015746014,authored_by,publication:W11476871,person:A5015746014,W11476871,A5015746014,last,0,4
authored_by:publication:W2030522563->person:A5040482719,authored_by,publication:W2030522563,person:A5040482719,W2030522563,A5040482719,first,1,0
authored_by:publication:W2030522563->person:A5108412595,authored_by,publication:W2030522563,person:A5108412595,W2030522563,A5108412595,last,0,1
authored_by:publication:W2042492216->person:A5110769784,authored_by,publication:W2042492216,person:A5110769784,W2042492216,A5110769784,first,1,0
authored_by:publication:W2042492216->person:A5112072892,authored_by,publication:W2042492216,person:A5112072892,W2042492216,A5112072892,last,0,1
authored_by:publication:W2100837269->person:A5030122660,authored_by,publication:W2100837269,person:A5030122660,W2100837269,A5030122660,first,1,0
authored_by:publication:W2963276645->person:A5014309302,authored_by,publication:W2963276645,person:A5014309302,W2963276645,A5014309302,first,1,0
authored_by:publication:W2963276645->person:A5045260328,authored_by,publication:W2963276645,person:A5045260328,W2963276645,A5045260328,middle,0,1
authored_by:publication:W2963276645->person:A5044141437,authored_by,publication:W2963276645,person:A5044141437,W2963276645,A5044141437,middle,0,2
authored_by:publication:W2963276645->person:A5000165682,authored_by,publication:W2963276645,person:A5000165682,W2963276645,A5000165682,middle,0,3
authored_by:publication:W2963276645->person:A5012823292,authored_by,publication:W2963276645,person:A5012823292,W2963276645,A5012823292,middle,0,4
authored_by:publication:W2963276645->person:A5058766687,authored_by,publication:W2963276645,person:A5058766687,W2963276645,A5058766687,middle,0,5
authored_by:publication:W2963276645->person:A5013626144,authored_by,publication:W2963276645,person:A5013626144,W2963276645,A5013626144,middle,0,6
authored_by:publication:W2963276645->person:A5091119492,authored_by,publication:W2963276645,person:A5091119492,W2963276645,A5091119492,middle,0,7
authored_by:publication:W2963276645->person:A5058914957,authored_by,publication:W2963276645,person:A5058914957,W2963276645,A5058914957,middle,0,8
authored_by:publication:W2963276645->person:A5023870348,authored_by,publication:W2963276645,person:A5023870348,W2963276645,A5023870348,middle,0,9
authored_by:publication:W2963276645->person:A5100630907,authored_by,publication:W2963276645,person:A5100630907,W2963276645,A5100630907,middle,0,10
authored_by:publication:W2963276645->person:A5068812632,authored_by,publication:W2963276645,person:A5068812632,W2963276645,A5068812632,middle,0,11
authored_by:publication:W2963276645->person:A5066967353,authored_by,publication:W2963276645,person:A5066967353,W2963276645,A5066967353,middle,0,12
authored_by:publication:W2963276645->person:A5051319454,authored_by,publication:W2963276645,person:A5051319454,W2963276645,A5051319454,middle,0,13
authored_by:publication:W2963276645->person:A5000856048,authored_by,publication:W2963276645,person:A5000856048,W2963276645,A5000856048,middle,0,14
authored_by:publication:W2963276645->person:A5036229691,authored_by,publication:W2963276645,person:A5036229691,W2963276645,A5036229691,middle,0,15
authored_by:publication:W2963276645->person:A5027561072,authored_by,publication:W2963276645,person:A5027561072,W2963276645,A5027561072,middle,0,16
authored_by:publication:W2963276645->person:A5012057261,authored_by,publication:W2963276645,person:A5012057261,W2963276645,A5012057261,middle,0,17
authored_by:publication:W2963276645->person:A5104274724,authored_by,publication:W2963276645,person:A5104274724,W2963276645,A5104274724,middle,0,18
authored_by:publication:W2963276645->person:A5012356079,authored_by,publication:W2963276645,person:A5012356079,W2963276645,A5012356079,middle,0,19
authored_by:publication:W2963276645->person:A5063348766,authored_by,publication:W2963276645,person:A5063348766,W2963276645,A5063348766,middle,0,20
authored_by:publication:W2963276645->person:A5004117093,authored_by,publication:W2963276645,person:A5004117093,W2963276645,A5004117093,middle,0,21
authored_by:publication:W2963276645->person:A5082720301,authored_by,publication:W2963276645,person:A5082720301,W2963276645,A5082720301,middle,0,22
authored_by:publication:W2963276645->person:A5001579116,authored_by,publication:W2963276645,person:A5001579116,W2963276645,A5001579116,middle,0,23
authored_by:publication:W2963276645->person:A5021434656,authored_by,publication:W2963276645,person:A5021434656,W2963276645,A5021434656,middle,0,24
authored_by:publication:W2963276645->person:A5078594398,authored_by,publication:W2963276645,person:A5078594398,W2963276645,A5078594398,middle,0,25
authored_by:publication:W2963276645->person:A5081796051,authored_by,publication:W2963276645,person:A5081796051,W2963276645,A5081796051,middle,0,26
authored_by:publication:W2963276645->person:A5010086188,authored_by,publication:W2963276645,person:A5010086188,W2963276645,A5010086188,middle,0,27
authored_by:publication:W2963276645->person:A5049341324,authored_by,publication:W2963276645,person:A5049341324,W2963276645,A5049341324,middle,0,28
authored_by:publication:W2963276645->person:A5023589584,authored_by,publication:W2963276645,person:A5023589584,W2963276645,A5023589584,middle,0,29
authored_by:publication:W2963276645->person:A5032648643,authored_by,publication:W2963276645,person:A5032648643,W2963276645,A5032648643,middle,0,30
authored_by:publication:W2963276645->person:A5064118261,authored_by,publication:W2963276645,person:A5064118261,W2963276645,A5064118261,middle,0,31
authored_by:publication:W2963276645->person:A5037837504,authored_by,publication:W2963276645,person:A5037837504,W2963276645,A5037837504,middle,0,32
authored_by:publication:W2963276645->person:A5101532298,authored_by,publication:W2963276645,person:A5101532298,W2963276645,A5101532298,middle,0,33
authored_by:publication:W2963276645->person:A5000991724,authored_by,publication:W2963276645,person:A5000991724,W2963276645,A5000991724,middle,0,34
authored_by:publication:W2963276645->person:A5021380321,authored_by,publication:W2963276645,person:A5021380321,W2963276645,A5021380321,middle,0,35
authored_by:publication:W2963276645->person:A5063135788,authored_by,publication:W2963276645,person:A5063135788,W2963276645,A5063135788,middle,0,36
authored_by:publication:W2963276645->person:A5003674456,authored_by,publication:W2963276645,person:A5003674456,W2963276645,A5003674456,middle,0,37
authored_by:publication:W2963276645->person:A5072721379,authored_by,publication:W2963276645,person:A5072721379,W2963276645,A5072721379,middle,0,38
authored_by:publication:W2963276645->person:A5008844345,authored_by,publication:W2963276645,person:A5008844345,W2963276645,A5008844345,middle,0,39
authored_by:publication:W2963276645->person:A5091335490,authored_by,publication:W2963276645,person:A5091335490,W2963276645,A5091335490,middle,0,40
authored_by:publication:W2963276645->person:A5065650315,authored_by,publication:W2963276645,person:A5065650315,W2963276645,A5065650315,middle,0,41
authored_by:publication:W2963276645->person:A5084397587,authored_by,publication:W2963276645,person:A5084397587,W2963276645,A5084397587,middle,0,42
authored_by:publication:W2963276645->person:A5066665482,authored_by,publication:W2963276645,person:A5066665482,W2963276645,A5066665482,middle,0,43
authored_by:publication:W2963276645->person:A5069233200,authored_by,publication:W2963276645,person:A5069233200,W2963276645,A5069233200,middle,0,44
authored_by:publication:W2963276645->person:A5024849145,authored_by,publication:W2963276645,person:A5024849145,W2963276645,A5024849145,middle,0,45
authored_by:publication:W2963276645->person:A5043637496,authored_by,publication:W2963276645,person:A5043637496,W2963276645,A5043637496,middle,0,46
authored_by:publication:W2963276645->person:A5045601734,authored_by,publication:W2963276645,person:A5045601734,W2963276645,A5045601734,middle,0,47
authored_by:publication:W2963276645->person:A5049973896,authored_by,publication:W2963276645,person:A5049973896,W2963276645,A5049973896,middle,0,48
authored_by:publication:W2963276645->person:A5082358375,authored_by,publication:W2963276645,person:A5082358375,W2963276645,A5082358375,middle,0,49
authored_by:publication:W2963276645->person:A5046633037,authored_by,publication:W2963276645,person:A5046633037,W2963276645,A5046633037,middle,0,50
authored_by:publication:W2963276645->person:A5084827722,authored_by,publication:W2963276645,person:A5084827722,W2963276645,A5084827722,middle,0,51
authored_by:publication:W2963276645->person:A5089511913,authored_by,publication:W2963276645,person:A5089511913,W2963276645,A5089511913,middle,0,52
authored_by:publication:W2963276645->person:A5061354858,authored_by,publication:W2963276645,person:A5061354858,W2963276645,A5061354858,middle,0,53
authored_by:publication:W2963276645->person:A5003368129,authored_by,publication:W2963276645,person:A5003368129,W2963276645,A5003368129,middle,0,54
authored_by:publication:W2963276645->person:A5066589732,authored_by,publication:W2963276645,person:A5066589732,W2963276645,A5066589732,middle,0,55
authored_by:publication:W2963276645->person:A5100765918,authored_by,publication:W2963276645,person:A5100765918,W2963276645,A5100765918,middle,0,56
authored_by:publication:W2963276645->person:A5047818038,authored_by,publication:W2963276645,person:A5047818038,W2963276645,A5047818038,middle,0,57
authored_by:publication:W2963276645->person:A5086938254,authored_by,publication:W2963276645,person:A5086938254,W2963276645,A5086938254,middle,0,58
authored_by:publication:W2963276645->person:A5090166556,authored_by,publication:W2963276645,person:A5090166556,W2963276645,A5090166556,middle,0,59
authored_by:publication:W2963276645->person:A5009540046,authored_by,publication:W2963276645,person:A5009540046,W2963276645,A5009540046,middle,0,60
authored_by:publication:W2963276645->person:A5022081563,authored_by,publication:W2963276645,person:A5022081563,W2963276645,A5022081563,middle,0,61
authored_by:publication:W2963276645->person:A5022461817,authored_by,publication:W2963276645,person:A5022461817,W2963276645,A5022461817,middle,0,62
authored_by:publication:W2963276645->person:A5055202207,authored_by,publication:W2963276645,person:A5055202207,W2963276645,A5055202207,middle,0,63
authored_by:publication:W2963276645->person:A5011189475,authored_by,publication:W2963276645,person:A5011189475,W2963276645,A5011189475,middle,0,64
authored_by:publication:W2963276645->person:A5081142594,authored_by,publication:W2963276645,person:A5081142594,W2963276645,A5081142594,middle,0,65
authored_by:publication:W2963276645->person:A5091486856,authored_by,publication:W2963276645,person:A5091486856,W2963276645,A5091486856,middle,0,66
authored_by:publication:W2963276645->person:A5039009666,authored_by,publication:W2963276645,person:A5039009666,W2963276645,A5039009666,middle,0,67
authored_by:publication:W2963276645->person:A5015750563,authored_by,publication:W2963276645,person:A5015750563,W2963276645,A5015750563,middle,0,68
authored_by:publication:W2963276645->person:A5007031983,authored_by,publication:W2963276645,person:A5007031983,W2963276645,A5007031983,middle,0,69
authored_by:publication:W2963276645->person:A5081815233,authored_by,publication:W2963276645,person:A5081815233,W2963276645,A5081815233,middle,0,70
authored_by:publication:W2963276645->person:A5090259722,authored_by,publication:W2963276645,person:A5090259722,W2963276645,A5090259722,middle,0,71
authored_by:publication:W2963276645->person:A5019273406,authored_by,publication:W2963276645,person:A5019273406,W2963276645,A5019273406,middle,0,72
authored_by:publication:W2963276645->person:A5017863068,authored_by,publication:W2963276645,person:A5017863068,W2963276645,A5017863068,middle,0,73
authored_by:publication:W2963276645->person:A5012059205,authored_by,publication:W2963276645,person:A5012059205,W2963276645,A5012059205,middle,0,74
authored_by:publication:W2963276645->person:A5034532474,authored_by,publication:W2963276645,person:A5034532474,W2963276645,A5034532474,middle,0,75
authored_by:publication:W2963276645->person:A5003436229,authored_by,publication:W2963276645,person:A5003436229,W2963276645,A5003436229,middle,0,76
authored_by:publication:W2963276645->person:A5009625579,authored_by,publication:W2963276645,person:A5009625579,W2963276645,A5009625579,middle,0,77
authored_by:publication:W2963276645->person:A5085522942,authored_by,publication:W2963276645,person:A5085522942,W2963276645,A5085522942,middle,0,78
authored_by:publication:W2963276645->person:A5028011279,authored_by,publication:W2963276645,person:A5028011279,W2963276645,A5028011279,middle,0,79
authored_by:publication:W2963276645->person:A5068955749,authored_by,publication:W2963276645,person:A5068955749,W2963276645,A5068955749,middle,0,80
authored_by:publication:W2963276645->person:A5068576885,authored_by,publication:W2963276645,person:A5068576885,W2963276645,A5068576885,middle,0,81
authored_by:publication:W2963276645->person:A5033941906,authored_by,publication:W2963276645,person:A5033941906,W2963276645,A5033941906,middle,0,82
authored_by:publication:W2963276645->person:A5073261976,authored_by,publication:W2963276645,person:A5073261976,W2963276645,A5073261976,middle,0,83
authored_by:publication:W2963276645->person:A5084125220,authored_by,publication:W2963276645,person:A5084125220,W2963276645,A5084125220,middle,0,84
authored_by:publication:W2963276645->person:A5007034049,authored_by,publication:W2963276645,person:A5007034049,W2963276645,A5007034049,middle,0,85
authored_by:publication:W2963276645->person:A5045792442,authored_by,publication:W2963276645,person:A5045792442,W2963276645,A5045792442,middle,0,86
authored_by:publication:W2963276645->person:A5005856984,authored_by,publication:W2963276645,person:A5005856984,W2963276645,A5005856984,middle,0,87
authored_by:publication:W2963276645->person:A5010836192,authored_by,publication:W2963276645,person:A5010836192,W2963276645,A5010836192,middle,0,88
authored_by:publication:W2963276645->person:A5058418462,authored_by,publication:W2963276645,person:A5058418462,W2963276645,A5058418462,middle,0,89
authored_by:publication:W2963276645->person:W2963276645-person-90,authored_by,publication:W2963276645,person:W2963276645-person-90,W2963276645,W2963276645-person-90,middle,0,90
authored_by:publication:W2963276645->person:A5060283036,authored_by,publication:W2963276645,person:A5060283036,W2963276645,A5060283036,middle,0,91
authored_by:publication:W2963276645->person:A5079232459,authored_by,publication:W2963276645,person:A5079232459,W2963276645,A5079232459,middle,0,92
authored_by:publication:W2963276645->person:A5003179870,authored_by,publication:W2963276645,person:A5003179870,W2963276645,A5003179870,middle,0,93
authored_by:publication:W2963276645->person:A5075156076,authored_by,publication:W2963276645,person:A5075156076,W2963276645,A5075156076,middle,0,94
authored_by:publication:W2963276645->person:A5086305028,authored_by,publication:W2963276645,person:A5086305028,W2963276645,A5086305028,middle,0,95
authored_by:publication:W2963276645->person:A5024143614,authored_by,publication:W2963276645,person:A5024143614,W2963276645,A5024143614,middle,0,96
authored_by:publication:W2963276645->person:A5080956415,authored_by,publication:W2963276645,person:A5080956415,W2963276645,A5080956415,middle,0,97
authored_by:publication:W2963276645->person:A5072785379,authored_by,publication:W2963276645,person:A5072785379,W2963276645,A5072785379,middle,0,98
authored_by:publication:W2963276645->person:A5025148058,authored_by,publication:W2963276645,person:A5025148058,W2963276645,A5025148058,middle,0,99
authored_by:publication:W2126419817->person:A5063303706,authored_by,publication:W2126419817,person:A5063303706,W2126419817,A5063303706,first,1,0
authored_by:publication:W2126419817->person:A5019458580,authored_by,publication:W2126419817,person:A5019458580,W2126419817,A5019458580,middle,0,1
authored_by:publication:W2126419817->person:A5013265313,authored_by,publication:W2126419817,person:A5013265313,W2126419817,A5013265313,middle,0,2
authored_by:publication:W2126419817->person:A5024425176,authored_by,publication:W2126419817,person:A5024425176,W2126419817,A5024425176,middle,0,3
authored_by:publication:W2126419817->person:A5048267912,authored_by,publication:W2126419817,person:A5048267912,W2126419817,A5048267912,middle,0,4
authored_by:publication:W2126419817->person:A5048280875,authored_by,publication:W2126419817,person:A5048280875,W2126419817,A5048280875,middle,0,5
authored_by:publication:W2126419817->person:A5080948604,authored_by,publication:W2126419817,person:A5080948604,W2126419817,A5080948604,middle,0,6
authored_by:publication:W2126419817->person:W2126419817-person-7,authored_by,publication:W2126419817,person:W2126419817-person-7,W2126419817,W2126419817-person-7,middle,0,7
authored_by:publication:W2126419817->person:A5070853960,authored_by,publication:W2126419817,person:A5070853960,W2126419817,A5070853960,middle,0,8
authored_by:publication:W2126419817->person:A5101506692,authored_by,publication:W2126419817,person:A5101506692,W2126419817,A5101506692,middle,0,9
authored_by:publication:W2126419817->person:A5100718751,authored_by,publication:W2126419817,person:A5100718751,W2126419817,A5100718751,middle,0,10
authored_by:publication:W2126419817->person:A5111906486,authored_by,publication:W2126419817,person:A5111906486,W2126419817,A5111906486,middle,0,11
authored_by:publication:W2126419817->person:A5048859270,authored_by,publication:W2126419817,person:A5048859270,W2126419817,A5048859270,middle,0,12
authored_by:publication:W2126419817->person:A5109465150,authored_by,publication:W2126419817,person:A5109465150,W2126419817,A5109465150,middle,0,13
authored_by:publication:W2126419817->person:A5004708181,authored_by,publication:W2126419817,person:A5004708181,W2126419817,A5004708181,middle,0,14
authored_by:publication:W2126419817->person:A5101410245,authored_by,publication:W2126419817,person:A5101410245,W2126419817,A5101410245,middle,0,15
authored_by:publication:W2126419817->person:A5021669455,authored_by,publication:W2126419817,person:A5021669455,W2126419817,A5021669455,middle,0,16
authored_by:publication:W2126419817->person:A5049581540,authored_by,publication:W2126419817,person:A5049581540,W2126419817,A5049581540,middle,0,17
authored_by:publication:W2126419817->person:A5007985109,authored_by,publication:W2126419817,person:A5007985109,W2126419817,A5007985109,middle,0,18
authored_by:publication:W2126419817->person:A5076999649,authored_by,publication:W2126419817,person:A5076999649,W2126419817,A5076999649,middle,0,19
authored_by:publication:W2126419817->person:A5004067604,authored_by,publication:W2126419817,person:A5004067604,W2126419817,A5004067604,last,0,20
authored_by:publication:W2021341670->person:A5014218807,authored_by,publication:W2021341670,person:A5014218807,W2021341670,A5014218807,first,1,0
authored_by:publication:W2021341670->person:A5033125816,authored_by,publication:W2021341670,person:A5033125816,W2021341670,A5033125816,middle,0,1
authored_by:publication:W2021341670->person:A5078967801,authored_by,publication:W2021341670,person:A5078967801,W2021341670,A5078967801,middle,0,2
authored_by:publication:W2021341670->person:A5052599603,authored_by,publication:W2021341670,person:A5052599603,W2021341670,A5052599603,middle,0,3
authored_by:publication:W2021341670->person:A5020748592,authored_by,publication:W2021341670,person:A5020748592,W2021341670,A5020748592,middle,0,4
authored_by:publication:W2021341670->person:A5001392592,authored_by,publication:W2021341670,person:A5001392592,W2021341670,A5001392592,middle,0,5
authored_by:publication:W2021341670->person:A5077622597,authored_by,publication:W2021341670,person:A5077622597,W2021341670,A5077622597,last,0,6
authored_by:publication:W2141458291->person:A5016854384,authored_by,publication:W2141458291,person:A5016854384,W2141458291,A5016854384,first,1,0
authored_by:publication:W2141458291->person:A5101518313,authored_by,publication:W2141458291,person:A5101518313,W2141458291,A5101518313,middle,0,1
authored_by:publication:W2141458291->person:A5069088537,authored_by,publication:W2141458291,person:A5069088537,W2141458291,A5069088537,middle,0,2
authored_by:publication:W2141458291->person:A5074895828,authored_by,publication:W2141458291,person:A5074895828,W2141458291,A5074895828,middle,0,3
authored_by:publication:W2141458291->person:A5009489348,authored_by,publication:W2141458291,person:A5009489348,W2141458291,A5009489348,middle,0,4
authored_by:publication:W2141458291->person:A5053676578,authored_by,publication:W2141458291,person:A5053676578,W2141458291,A5053676578,middle,0,5
authored_by:publication:W2141458291->person:A5010384159,authored_by,publication:W2141458291,person:A5010384159,W2141458291,A5010384159,middle,0,6
authored_by:publication:W2141458291->person:A5056820199,authored_by,publication:W2141458291,person:A5056820199,W2141458291,A5056820199,middle,0,7
authored_by:publication:W2141458291->person:A5020008219,authored_by,publication:W2141458291,person:A5020008219,W2141458291,A5020008219,last,0,8
authored_by:publication:W2080752012->person:A5108375431,authored_by,publication:W2080752012,person:A5108375431,W2080752012,A5108375431,first,1,0
authored_by:publication:W2080752012->person:A5090940750,authored_by,publication:W2080752012,person:A5090940750,W2080752012,A5090940750,last,0,1
authored_by:publication:W2103017472->person:A5069887963,authored_by,publication:W2103017472,person:A5069887963,W2103017472,A5069887963,first,1,0
authored_by:publication:W2103017472->person:A5113321696,authored_by,publication:W2103017472,person:A5113321696,W2103017472,A5113321696,middle,0,1
authored_by:publication:W2103017472->person:A5016349593,authored_by,publication:W2103017472,person:A5016349593,W2103017472,A5016349593,middle,0,2
authored_by:publication:W2103017472->person:A5077542898,authored_by,publication:W2103017472,person:A5077542898,W2103017472,A5077542898,middle,0,3
authored_by:publication:W2103017472->person:A5064832872,authored_by,publication:W2103017472,person:A5064832872,W2103017472,A5064832872,middle,0,4
authored_by:publication:W2103017472->person:A5058567429,authored_by,publication:W2103017472,person:A5058567429,W2103017472,A5058567429,middle,0,5
authored_by:publication:W2103017472->person:A5064334598,authored_by,publication:W2103017472,person:A5064334598,W2103017472,A5064334598,middle,0,6
authored_by:publication:W2103017472->person:A5037884529,authored_by,publication:W2103017472,person:A5037884529,W2103017472,A5037884529,middle,0,7
authored_by:publication:W2103017472->person:A5079846682,authored_by,publication:W2103017472,person:A5079846682,W2103017472,A5079846682,middle,0,8
authored_by:publication:W2103017472->person:A5006382524,authored_by,publication:W2103017472,person:A5006382524,W2103017472,A5006382524,middle,0,9
authored_by:publication:W2103017472->person:A5024953209,authored_by,publication:W2103017472,person:A5024953209,W2103017472,A5024953209,middle,0,10
authored_by:publication:W2103017472->person:A5029292423,authored_by,publication:W2103017472,person:A5029292423,W2103017472,A5029292423,middle,0,11
authored_by:publication:W2103017472->person:A5033504917,authored_by,publication:W2103017472,person:A5033504917,W2103017472,A5033504917,middle,0,12
authored_by:publication:W2103017472->person:A5032714338,authored_by,publication:W2103017472,person:A5032714338,W2103017472,A5032714338,middle,0,13
authored_by:publication:W2103017472->person:A5105780503,authored_by,publication:W2103017472,person:A5105780503,W2103017472,A5105780503,middle,0,14
authored_by:publication:W2103017472->person:A5016799598,authored_by,publication:W2103017472,person:A5016799598,W2103017472,A5016799598,middle,0,15
authored_by:publication:W2103017472->person:A5062064598,authored_by,publication:W2103017472,person:A5062064598,W2103017472,A5062064598,middle,0,16
authored_by:publication:W2103017472->person:A5070528752,authored_by,publication:W2103017472,person:A5070528752,W2103017472,A5070528752,middle,0,17
authored_by:publication:W2103017472->person:A5086255792,authored_by,publication:W2103017472,person:A5086255792,W2103017472,A5086255792,middle,0,18
authored_by:publication:W2103017472->person:A5058333700,authored_by,publication:W2103017472,person:A5058333700,W2103017472,A5058333700,last,0,19
authored_by:publication:W2053328406->person:A5016144644,authored_by,publication:W2053328406,person:A5016144644,W2053328406,A5016144644,first,1,0
authored_by:publication:W2053328406->person:A5035467559,authored_by,publication:W2053328406,person:A5035467559,W2053328406,A5035467559,last,0,1
authored_by:publication:W2014935324->person:A5058357018,authored_by,publication:W2014935324,person:A5058357018,W2014935324,A5058357018,first,1,0
authored_by:publication:W2014935324->person:A5072248970,authored_by,publication:W2014935324,person:A5072248970,W2014935324,A5072248970,last,0,1
authored_by:publication:W3003257820->person:W3003257820-person-0,authored_by,publication:W3003257820,person:W3003257820-person-0,W3003257820,W3003257820-person-0,first,1,0
authored_by:publication:W3003257820->person:W3003257820-person-1,authored_by,publication:W3003257820,person:W3003257820-person-1,W3003257820,W3003257820-person-1,middle,0,1
authored_by:publication:W3003257820->person:W3003257820-person-2,authored_by,publication:W3003257820,person:W3003257820-person-2,W3003257820,W3003257820-person-2,middle,0,2
authored_by:publication:W3003257820->person:W3003257820-person-3,authored_by,publication:W3003257820,person:W3003257820-person-3,W3003257820,W3003257820-person-3,middle,0,3
authored_by:publication:W3003257820->person:W3003257820-person-4,authored_by,publication:W3003257820,person:W3003257820-person-4,W3003257820,W3003257820-person-4,middle,0,4
authored_by:publication:W3003257820->person:W3003257820-person-5,authored_by,publication:W3003257820,person:W3003257820-person-5,W3003257820,W3003257820-person-5,middle,0,5
authored_by:publication:W3003257820->person:W3003257820-person-6,authored_by,publication:W3003257820,person:W3003257820-person-6,W3003257820,W3003257820-person-6,middle,0,6
authored_by:publication:W3003257820->person:W3003257820-person-7,authored_by,publication:W3003257820,person:W3003257820-person-7,W3003257820,W3003257820-person-7,middle,0,7
authored_by:publication:W3003257820->person:W3003257820-person-8,authored_by,publication:W3003257820,person:W3003257820-person-8,W3003257820,W3003257820-person-8,middle,0,8
authored_by:publication:W3003257820->person:W3003257820-person-9,authored_by,publication:W3003257820,person:W3003257820-person-9,W3003257820,W3003257820-person-9,middle,0,9
authored_by:publication:W3003257820->person:W3003257820-person-10,authored_by,publication:W3003257820,person:W3003257820-person-10,W3003257820,W3003257820-person-10,middle,0,10
authored_by:publication:W3003257820->person:W3003257820-person-11,authored_by,publication:W3003257820,person:W3003257820-person-11,W3003257820,W3003257820-person-11,middle,0,11
authored_by:publication:W3003257820->person:W3003257820-person-12,authored_by,publication:W3003257820,person:W3003257820-person-12,W3003257820,W3003257820-person-12,middle,0,12
authored_by:publication:W3003257820->person:W3003257820-person-13,authored_by,publication:W3003257820,person:W3003257820-person-13,W3003257820,W3003257820-person-13,middle,0,13
authored_by:publication:W3003257820->person:W3003257820-person-14,authored_by,publication:W3003257820,person:W3003257820-person-14,W3003257820,W3003257820-person-14,middle,0,14
authored_by:publication:W3003257820->person:W3003257820-person-15,authored_by,publication:W3003257820,person:W3003257820-person-15,W3003257820,W3003257820-person-15,middle,0,15
authored_by:publication:W3003257820->person:W3003257820-person-16,authored_by,publication:W3003257820,person:W3003257820-person-16,W3003257820,W3003257820-person-16,middle,0,16
authored_by:publication:W3003257820->person:W3003257820-person-17,authored_by,publication:W3003257820,person:W3003257820-person-17,W3003257820,W3003257820-person-17,middle,0,17
authored_by:publication:W3003257820->person:W3003257820-person-18,authored_by,publication:W3003257820,person:W3003257820-person-18,W3003257820,W3003257820-person-18,middle,0,18
authored_by:publication:W3003257820->person:W3003257820-person-19,authored_by,publication:W3003257820,person:W3003257820-person-19,W3003257820,W3003257820-person-19,middle,0,19
authored_by:publication:W3003257820->person:W3003257820-person-20,authored_by,publication:W3003257820,person:W3003257820-person-20,W3003257820,W3003257820-person-20,middle,0,20
authored_by:publication:W3003257820->person:W3003257820-person-21,authored_by,publication:W3003257820,person:W3003257820-person-21,W3003257820,W3003257820-person-21,middle,0,21
authored_by:publication:W3003257820->person:W3003257820-person-22,authored_by,publication:W3003257820,person:W3003257820-person-22,W3003257820,W3003257820-person-22,middle,0,22
authored_by:publication:W3003257820->person:W3003257820-person-23,authored_by,publication:W3003257820,person:W3003257820-person-23,W3003257820,W3003257820-person-23,middle,0,23
authored_by:publication:W3003257820->person:W3003257820-person-24,authored_by,publication:W3003257820,person:W3003257820-person-24,W3003257820,W3003257820-person-24,middle,0,24
authored_by:publication:W3003257820->person:W3003257820-person-25,authored_by,publication:W3003257820,person:W3003257820-person-25,W3003257820,W3003257820-person-25,middle,0,25
authored_by:publication:W3003257820->person:W3003257820-person-26,authored_by,publication:W3003257820,person:W3003257820-person-26,W3003257820,W3003257820-person-26,middle,0,26
authored_by:publication:W3003257820->person:W3003257820-person-27,authored_by,publication:W3003257820,person:W3003257820-person-27,W3003257820,W3003257820-person-27,middle,0,27
authored_by:publication:W3003257820->person:W3003257820-person-28,authored_by,publication:W3003257820,person:W3003257820-person-28,W3003257820,W3003257820-person-28,middle,0,28
authored_by:publication:W3003257820->person:W3003257820-person-29,authored_by,publication:W3003257820,person:W3003257820-person-29,W3003257820,W3003257820-person-29,middle,0,29
authored_by:publication:W3003257820->person:W3003257820-person-30,authored_by,publication:W3003257820,person:W3003257820-person-30,W3003257820,W3003257820-person-30,middle,0,30
authored_by:publication:W3003257820->person:W3003257820-person-31,authored_by,publication:W3003257820,person:W3003257820-person-31,W3003257820,W3003257820-person-31,middle,0,31
authored_by:publication:W3003257820->person:W3003257820-person-32,authored_by,publication:W3003257820,person:W3003257820-person-32,W3003257820,W3003257820-person-32,middle,0,32
authored_by:publication:W3003257820->person:W3003257820-person-33,authored_by,publication:W3003257820,person:W3003257820-person-33,W3003257820,W3003257820-person-33,middle,0,33
authored_by:publication:W3003257820->person:W3003257820-person-34,authored_by,publication:W3003257820,person:W3003257820-person-34,W3003257820,W3003257820-person-34,middle,0,34
authored_by:publication:W3003257820->person:W3003257820-person-35,authored_by,publication:W3003257820,person:W3003257820-person-35,W3003257820,W3003257820-person-35,middle,0,35
authored_by:publication:W3003257820->person:W3003257820-person-36,authored_by,publication:W3003257820,person:W3003257820-person-36,W3003257820,W3003257820-person-36,middle,0,36
authored_by:publication:W3003257820->person:W3003257820-person-37,authored_by,publication:W3003257820,person:W3003257820-person-37,W3003257820,W3003257820-person-37,middle,0,37
authored_by:publication:W3003257820->person:W3003257820-person-38,authored_by,publication:W3003257820,person:W3003257820-person-38,W3003257820,W3003257820-person-38,middle,0,38
authored_by:publication:W3003257820->person:W3003257820-person-39,authored_by,publication:W3003257820,person:W3003257820-person-39,W3003257820,W3003257820-person-39,middle,0,39
authored_by:publication:W3003257820->person:W3003257820-person-40,authored_by,publication:W3003257820,person:W3003257820-person-40,W3003257820,W3003257820-person-40,middle,0,40
authored_by:publication:W3003257820->person:W3003257820-person-41,authored_by,publication:W3003257820,person:W3003257820-person-41,W3003257820,W3003257820-person-41,middle,0,41
authored_by:publication:W3003257820->person:W3003257820-person-42,authored_by,publication:W3003257820,person:W3003257820-person-42,W3003257820,W3003257820-person-42,middle,0,42
authored_by:publication:W3003257820->person:W3003257820-person-43,authored_by,publication:W3003257820,person:W3003257820-person-43,W3003257820,W3003257820-person-43,middle,0,43
authored_by:publication:W3003257820->person:W3003257820-person-44,authored_by,publication:W3003257820,person:W3003257820-person-44,W3003257820,W3003257820-person-44,middle,0,44
authored_by:publication:W3003257820->person:W3003257820-person-45,authored_by,publication:W3003257820,person:W3003257820-person-45,W3003257820,W3003257820-person-45,middle,0,45
authored_by:publication:W3003257820->person:W3003257820-person-46,authored_by,publication:W3003257820,person:W3003257820-person-46,W3003257820,W3003257820-person-46,middle,0,46
authored_by:publication:W3003257820->person:W3003257820-person-47,authored_by,publication:W3003257820,person:W3003257820-person-47,W3003257820,W3003257820-person-47,middle,0,47
authored_by:publication:W3003257820->person:W3003257820-person-48,authored_by,publication:W3003257820,person:W3003257820-person-48,W3003257820,W3003257820-person-48,middle,0,48
authored_by:publication:W3003257820->person:W3003257820-person-49,authored_by,publication:W3003257820,person:W3003257820-person-49,W3003257820,W3003257820-person-49,middle,0,49
authored_by:publication:W3003257820->person:W3003257820-person-50,authored_by,publication:W3003257820,person:W3003257820-person-50,W3003257820,W3003257820-person-50,middle,0,50
authored_by:publication:W3003257820->person:W3003257820-person-51,authored_by,publication:W3003257820,person:W3003257820-person-51,W3003257820,W3003257820-person-51,middle,0,51
authored_by:publication:W3003257820->person:W3003257820-person-52,authored_by,publication:W3003257820,person:W3003257820-person-52,W3003257820,W3003257820-person-52,middle,0,52
authored_by:publication:W3003257820->person:W3003257820-person-53,authored_by,publication:W3003257820,person:W3003257820-person-53,W3003257820,W3003257820-person-53,middle,0,53
authored_by:publication:W3003257820->person:W3003257820-person-54,authored_by,publication:W3003257820,person:W3003257820-person-54,W3003257820,W3003257820-person-54,middle,0,54
authored_by:publication:W3003257820->person:W3003257820-person-55,authored_by,publication:W3003257820,person:W3003257820-person-55,W3003257820,W3003257820-person-55,middle,0,55
authored_by:publication:W3003257820->person:W3003257820-person-56,authored_by,publication:W3003257820,person:W3003257820-person-56,W3003257820,W3003257820-person-56,middle,0,56
authored_by:publication:W3003257820->person:W3003257820-person-57,authored_by,publication:W3003257820,person:W3003257820-person-57,W3003257820,W3003257820-person-57,middle,0,57
authored_by:publication:W3003257820->person:W3003257820-person-58,authored_by,publication:W3003257820,person:W3003257820-person-58,W3003257820,W3003257820-person-58,middle,0,58
authored_by:publication:W3003257820->person:W3003257820-person-59,authored_by,publication:W3003257820,person:W3003257820-person-59,W3003257820,W3003257820-person-59,middle,0,59
authored_by:publication:W3003257820->person:W3003257820-person-60,authored_by,publication:W3003257820,person:W3003257820-person-60,W3003257820,W3003257820-person-60,middle,0,60
authored_by:publication:W3003257820->person:W3003257820-person-61,authored_by,publication:W3003257820,person:W3003257820-person-61,W3003257820,W3003257820-person-61,middle,0,61
authored_by:publication:W3003257820->person:W3003257820-person-62,authored_by,publication:W3003257820,person:W3003257820-person-62,W3003257820,W3003257820-person-62,middle,0,62
authored_by:publication:W3003257820->person:W3003257820-person-63,authored_by,publication:W3003257820,person:W3003257820-person-63,W3003257820,W3003257820-person-63,middle,0,63
authored_by:publication:W3003257820->person:W3003257820-person-64,authored_by,publication:W3003257820,person:W3003257820-person-64,W3003257820,W3003257820-person-64,middle,0,64
authored_by:publication:W3003257820->person:W3003257820-person-65,authored_by,publication:W3003257820,person:W3003257820-person-65,W3003257820,W3003257820-person-65,middle,0,65
authored_by:publication:W3003257820->person:W3003257820-person-66,authored_by,publication:W3003257820,person:W3003257820-person-66,W3003257820,W3003257820-person-66,middle,0,66
authored_by:publication:W3003257820->person:W3003257820-person-67,authored_by,publication:W3003257820,person:W3003257820-person-67,W3003257820,W3003257820-person-67,middle,0,67
authored_by:publication:W3003257820->person:W3003257820-person-68,authored_by,publication:W3003257820,person:W3003257820-person-68,W3003257820,W3003257820-person-68,middle,0,68
authored_by:publication:W3003257820->person:W3003257820-person-69,authored_by,publication:W3003257820,person:W3003257820-person-69,W3003257820,W3003257820-person-69,middle,0,69
authored_by:publication:W3003257820->person:W3003257820-person-70,authored_by,publication:W3003257820,person:W3003257820-person-70,W3003257820,W3003257820-person-70,middle,0,70
authored_by:publication:W3003257820->person:W3003257820-person-71,authored_by,publication:W3003257820,person:W3003257820-person-71,W3003257820,W3003257820-person-71,middle,0,71
authored_by:publication:W3003257820->person:W3003257820-person-72,authored_by,publication:W3003257820,person:W3003257820-person-72,W3003257820,W3003257820-person-72,middle,0,72
authored_by:publication:W3003257820->person:W3003257820-person-73,authored_by,publication:W3003257820,person:W3003257820-person-73,W3003257820,W3003257820-person-73,middle,0,73
authored_by:publication:W3003257820->person:W3003257820-person-74,authored_by,publication:W3003257820,person:W3003257820-person-74,W3003257820,W3003257820-person-74,middle,0,74
authored_by:publication:W3003257820->person:W3003257820-person-75,authored_by,publication:W3003257820,person:W3003257820-person-75,W3003257820,W3003257820-person-75,middle,0,75
authored_by:publication:W3003257820->person:W3003257820-person-76,authored_by,publication:W3003257820,person:W3003257820-person-76,W3003257820,W3003257820-person-76,middle,0,76
authored_by:publication:W3003257820->person:W3003257820-person-77,authored_by,publication:W3003257820,person:W3003257820-person-77,W3003257820,W3003257820-person-77,middle,0,77
authored_by:publication:W3003257820->person:W3003257820-person-78,authored_by,publication:W3003257820,person:W3003257820-person-78,W3003257820,W3003257820-person-78,middle,0,78
authored_by:publication:W3003257820->person:W3003257820-person-79,authored_by,publication:W3003257820,person:W3003257820-person-79,W3003257820,W3003257820-person-79,middle,0,79
authored_by:publication:W3003257820->person:W3003257820-person-80,authored_by,publication:W3003257820,person:W3003257820-person-80,W3003257820,W3003257820-person-80,middle,0,80
authored_by:publication:W3003257820->person:W3003257820-person-81,authored_by,publication:W3003257820,person:W3003257820-person-81,W3003257820,W3003257820-person-81,middle,0,81
authored_by:publication:W3003257820->person:W3003257820-person-82,authored_by,publication:W3003257820,person:W3003257820-person-82,W3003257820,W3003257820-person-82,middle,0,82
authored_by:publication:W3003257820->person:W3003257820-person-83,authored_by,publication:W3003257820,person:W3003257820-person-83,W3003257820,W3003257820-person-83,middle,0,83
authored_by:publication:W3003257820->person:W3003257820-person-84,authored_by,publication:W3003257820,person:W3003257820-person-84,W3003257820,W3003257820-person-84,middle,0,84
authored_by:publication:W3003257820->person:W3003257820-person-85,authored_by,publication:W3003257820,person:W3003257820-person-85,W3003257820,W3003257820-person-85,middle,0,85
authored_by:publication:W3003257820->person:W3003257820-person-86,authored_by,publication:W3003257820,person:W3003257820-person-86,W3003257820,W3003257820-person-86,middle,0,86
authored_by:publication:W3003257820->person:W3003257820-person-87,authored_by,publication:W3003257820,person:W3003257820-person-87,W3003257820,W3003257820-person-87,middle,0,87
authored_by:publication:W3003257820->person:W3003257820-person-88,authored_by,publication:W3003257820,person:W3003257820-person-88,W3003257820,W3003257820-person-88,middle,0,88
authored_by:publication:W3003257820->person:W3003257820-person-89,authored_by,publication:W3003257820,person:W3003257820-person-89,W3003257820,W3003257820-person-89,middle,0,89
authored_by:publication:W3003257820->person:W3003257820-person-90,authored_by,publication:W3003257820,person:W3003257820-person-90,W3003257820,W3003257820-person-90,middle,0,90
authored_by:publication:W3003257820->person:W3003257820-person-91,authored_by,publication:W3003257820,person:W3003257820-person-91,W3003257820,W3003257820-person-91,middle,0,91
authored_by:publication:W3003257820->person:W3003257820-person-92,authored_by,publication:W3003257820,person:W3003257820-person-92,W3003257820,W3003257820-person-92,middle,0,92
authored_by:publication:W3003257820->person:W3003257820-person-93,authored_by,publication:W3003257820,person:W3003257820-person-93,W3003257820,W3003257820-person-93,middle,0,93
authored_by:publication:W3003257820->person:W3003257820-person-94,authored_by,publication:W3003257820,person:W3003257820-person-94,W3003257820,W3003257820-person-94,middle,0,94
authored_by:publication:W3003257820->person:W3003257820-person-95,authored_by,publication:W3003257820,person:W3003257820-person-95,W3003257820,W3003257820-person-95,middle,0,95
authored_by:publication:W3003257820->person:W3003257820-person-96,authored_by,publication:W3003257820,person:W3003257820-person-96,W3003257820,W3003257820-person-96,middle,0,96
authored_by:publication:W3003257820->person:W3003257820-person-97,authored_by,publication:W3003257820,person:W3003257820-person-97,W3003257820,W3003257820-person-97,middle,0,97
authored_by:publication:W3003257820->person:W3003257820-person-98,authored_by,publication:W3003257820,person:W3003257820-person-98,W3003257820,W3003257820-person-98,middle,0,98
authored_by:publication:W3003257820->person:W3003257820-person-99,authored_by,publication:W3003257820,person:W3003257820-person-99,W3003257820,W3003257820-person-99,middle,0,99
authored_by:publication:W2614081736->person:A5004613714,authored_by,publication:W2614081736,person:A5004613714,W2614081736,A5004613714,first,1,0
authored_by:publication:W2614081736->person:A5019880902,authored_by,publication:W2614081736,person:A5019880902,W2614081736,A5019880902,middle,0,1
authored_by:publication:W2614081736->person:A5091416583,authored_by,publication:W2614081736,person:A5091416583,W2614081736,A5091416583,middle,0,2
authored_by:publication:W2614081736->person:A5085983122,authored_by,publication:W2614081736,person:A5085983122,W2614081736,A5085983122,middle,0,3
authored_by:publication:W2614081736->person:A5023435254,authored_by,publication:W2614081736,person:A5023435254,W2614081736,A5023435254,last,0,4
authored_by:publication:W2401404581->person:A5027561072,authored_by,publication:W2401404581,person:A5027561072,W2401404581,A5027561072,first,1,0
authored_by:publication:W2401404581->person:A5050867199,authored_by,publication:W2401404581,person:A5050867199,W2401404581,A5050867199,middle,0,1
authored_by:publication:W2401404581->person:A5053271325,authored_by,publication:W2401404581,person:A5053271325,W2401404581,A5053271325,middle,0,2
authored_by:publication:W2401404581->person:A5109270097,authored_by,publication:W2401404581,person:A5109270097,W2401404581,A5109270097,middle,0,3
authored_by:publication:W2401404581->person:A5013259998,authored_by,publication:W2401404581,person:A5013259998,W2401404581,A5013259998,middle,0,4
authored_by:publication:W2401404581->person:A5003674456,authored_by,publication:W2401404581,person:A5003674456,W2401404581,A5003674456,last,0,5
authored_by:publication:W2102278945->person:A5029419214,authored_by,publication:W2102278945,person:A5029419214,W2102278945,A5029419214,first,1,0
authored_by:publication:W2102278945->person:A5009556658,authored_by,publication:W2102278945,person:A5009556658,W2102278945,A5009556658,middle,0,1
authored_by:publication:W2102278945->person:A5010384159,authored_by,publication:W2102278945,person:A5010384159,W2102278945,A5010384159,last,0,2
authored_by:publication:W2088833470->person:A5077667471,authored_by,publication:W2088833470,person:A5077667471,W2088833470,A5077667471,first,1,0
authored_by:publication:W2170551349->person:A5009556658,authored_by,publication:W2170551349,person:A5009556658,W2170551349,A5009556658,first,1,0
authored_by:publication:W2170551349->person:A5010384159,authored_by,publication:W2170551349,person:A5010384159,W2170551349,A5010384159,last,0,1
authored_by:publication:W2167279371->person:A5050085853,authored_by,publication:W2167279371,person:A5050085853,W2167279371,A5050085853,first,1,0
authored_by:publication:W2167279371->person:A5021284069,authored_by,publication:W2167279371,person:A5021284069,W2167279371,A5021284069,middle,0,1
authored_by:publication:W2167279371->person:A5005279299,authored_by,publication:W2167279371,person:A5005279299,W2167279371,A5005279299,middle,0,2
authored_by:publication:W2167279371->person:A5055757900,authored_by,publication:W2167279371,person:A5055757900,W2167279371,A5055757900,middle,0,3
authored_by:publication:W2167279371->person:A5024201884,authored_by,publication:W2167279371,person:A5024201884,W2167279371,A5024201884,middle,0,4
authored_by:publication:W2167279371->person:A5081122949,authored_by,publication:W2167279371,person:A5081122949,W2167279371,A5081122949,middle,0,5
authored_by:publication:W2167279371->person:A5036369136,authored_by,publication:W2167279371,person:A5036369136,W2167279371,A5036369136,middle,0,6
authored_by:publication:W2167279371->person:A5078540488,authored_by,publication:W2167279371,person:A5078540488,W2167279371,A5078540488,middle,0,7
authored_by:publication:W2167279371->person:A5024381551,authored_by,publication:W2167279371,person:A5024381551,W2167279371,A5024381551,middle,0,8
authored_by:publication:W2167279371->person:A5003321899,authored_by,publication:W2167279371,person:A5003321899,W2167279371,A5003321899,middle,0,9
authored_by:publication:W2167279371->person:A5068316606,authored_by,publication:W2167279371,person:A5068316606,W2167279371,A5068316606,middle,0,10
authored_by:publication:W2167279371->person:A5065589000,authored_by,publication:W2167279371,person:A5065589000,W2167279371,A5065589000,middle,0,11
authored_by:publication:W2167279371->person:A5023873563,authored_by,publication:W2167279371,person:A5023873563,W2167279371,A5023873563,middle,0,12
authored_by:publication:W2167279371->person:A5010413374,authored_by,publication:W2167279371,person:A5010413374,W2167279371,A5010413374,middle,0,13
authored_by:publication:W2167279371->person:A5042671050,authored_by,publication:W2167279371,person:A5042671050,W2167279371,A5042671050,middle,0,14
authored_by:publication:W2167279371->person:A5042603640,authored_by,publication:W2167279371,person:A5042603640,W2167279371,A5042603640,last,0,15
authored_by:publication:W1969042907->person:A5087352477,authored_by,publication:W1969042907,person:A5087352477,W1969042907,A5087352477,first,1,0
authored_by:publication:W1969042907->person:A5049011209,authored_by,publication:W1969042907,person:A5049011209,W1969042907,A5049011209,middle,0,1
authored_by:publication:W1969042907->person:A5070686724,authored_by,publication:W1969042907,person:A5070686724,W1969042907,A5070686724,middle,0,2
authored_by:publication:W1969042907->person:A5042649313,authored_by,publication:W1969042907,person:A5042649313,W1969042907,A5042649313,last,0,3
authored_by:publication:W2099540110->person:A5111881458,authored_by,publication:W2099540110,person:A5111881458,W2099540110,A5111881458,first,1,0
authored_by:publication:W2099540110->person:A5052725140,authored_by,publication:W2099540110,person:A5052725140,W2099540110,A5052725140,middle,0,1
authored_by:publication:W2099540110->person:A5010413374,authored_by,publication:W2099540110,person:A5010413374,W2099540110,A5010413374,last,0,2
authored_by:publication:W2072970694->person:A5038626201,authored_by,publication:W2072970694,person:A5038626201,W2072970694,A5038626201,first,1,0
authored_by:publication:W2072970694->person:A5058269883,authored_by,publication:W2072970694,person:A5058269883,W2072970694,A5058269883,middle,0,1
authored_by:publication:W2072970694->person:A5060535917,authored_by,publication:W2072970694,person:A5060535917,W2072970694,A5060535917,middle,0,2
authored_by:publication:W2072970694->person:A5066967353,authored_by,publication:W2072970694,person:A5066967353,W2072970694,A5066967353,middle,0,3
authored_by:publication:W2072970694->person:A5016535188,authored_by,publication:W2072970694,person:A5016535188,W2072970694,A5016535188,middle,0,4
authored_by:publication:W2072970694->person:A5068609634,authored_by,publication:W2072970694,person:A5068609634,W2072970694,A5068609634,middle,0,5
authored_by:publication:W2072970694->person:A5090803123,authored_by,publication:W2072970694,person:A5090803123,W2072970694,A5090803123,middle,0,6
authored_by:publication:W2072970694->person:A5002676856,authored_by,publication:W2072970694,person:A5002676856,W2072970694,A5002676856,middle,0,7
authored_by:publication:W2072970694->person:A5056352168,authored_by,publication:W2072970694,person:A5056352168,W2072970694,A5056352168,middle,0,8
authored_by:publication:W2072970694->person:A5063884903,authored_by,publication:W2072970694,person:A5063884903,W2072970694,A5063884903,middle,0,9
authored_by:publication:W2072970694->person:A5091335490,authored_by,publication:W2072970694,person:A5091335490,W2072970694,A5091335490,middle,0,10
authored_by:publication:W2072970694->person:A5049973896,authored_by,publication:W2072970694,person:A5049973896,W2072970694,A5049973896,middle,0,11
authored_by:publication:W2072970694->person:A5082358375,authored_by,publication:W2072970694,person:A5082358375,W2072970694,A5082358375,middle,0,12
authored_by:publication:W2072970694->person:A5056719307,authored_by,publication:W2072970694,person:A5056719307,W2072970694,A5056719307,middle,0,13
authored_by:publication:W2072970694->person:A5066589732,authored_by,publication:W2072970694,person:A5066589732,W2072970694,A5066589732,middle,0,14
authored_by:publication:W2072970694->person:A5086938254,authored_by,publication:W2072970694,person:A5086938254,W2072970694,A5086938254,middle,0,15
authored_by:publication:W2072970694->person:A5022461817,authored_by,publication:W2072970694,person:A5022461817,W2072970694,A5022461817,middle,0,16
authored_by:publication:W2072970694->person:A5081824427,authored_by,publication:W2072970694,person:A5081824427,W2072970694,A5081824427,middle,0,17
authored_by:publication:W2072970694->person:A5058228910,authored_by,publication:W2072970694,person:A5058228910,W2072970694,A5058228910,middle,0,18
authored_by:publication:W2072970694->person:A5112342016,authored_by,publication:W2072970694,person:A5112342016,W2072970694,A5112342016,middle,0,19
authored_by:publication:W2072970694->person:A5038465847,authored_by,publication:W2072970694,person:A5038465847,W2072970694,A5038465847,middle,0,20
authored_by:publication:W2072970694->person:A5079232459,authored_by,publication:W2072970694,person:A5079232459,W2072970694,A5079232459,middle,0,21
authored_by:publication:W2072970694->person:A5084222883,authored_by,publication:W2072970694,person:A5084222883,W2072970694,A5084222883,middle,0,22
authored_by:publication:W2072970694->person:A5079552180,authored_by,publication:W2072970694,person:A5079552180,W2072970694,A5079552180,middle,0,23
authored_by:publication:W2072970694->person:A5038876085,authored_by,publication:W2072970694,person:A5038876085,W2072970694,A5038876085,middle,0,24
authored_by:publication:W2072970694->person:A5037261939,authored_by,publication:W2072970694,person:A5037261939,W2072970694,A5037261939,middle,0,25
authored_by:publication:W2072970694->person:A5033881627,authored_by,publication:W2072970694,person:A5033881627,W2072970694,A5033881627,last,0,26
authored_by:publication:W2115786064->person:A5022376808,authored_by,publication:W2115786064,person:A5022376808,W2115786064,A5022376808,first,1,0
authored_by:publication:W2115786064->person:A5067220816,authored_by,publication:W2115786064,person:A5067220816,W2115786064,A5067220816,middle,0,1
authored_by:publication:W2115786064->person:A5026176713,authored_by,publication:W2115786064,person:A5026176713,W2115786064,A5026176713,middle,0,2
authored_by:publication:W2115786064->person:A5030331900,authored_by,publication:W2115786064,person:A5030331900,W2115786064,A5030331900,middle,0,3
authored_by:publication:W2115786064->person:A5041330438,authored_by,publication:W2115786064,person:A5041330438,W2115786064,A5041330438,last,0,4
authored_by:publication:W2114570899->person:A5001854674,authored_by,publication:W2114570899,person:A5001854674,W2114570899,A5001854674,first,1,0
authored_by:publication:W2114570899->person:A5055590197,authored_by,publication:W2114570899,person:A5055590197,W2114570899,A5055590197,last,0,1
authored_by:publication:W2158217645->person:A5023278037,authored_by,publication:W2158217645,person:A5023278037,W2158217645,A5023278037,first,1,0
authored_by:publication:W2158217645->person:A5070432400,authored_by,publication:W2158217645,person:A5070432400,W2158217645,A5070432400,middle,0,1
authored_by:publication:W2158217645->person:A5085875110,authored_by,publication:W2158217645,person:A5085875110,W2158217645,A5085875110,last,0,2
authored_by:publication:W2588681363->person:A5076787674,authored_by,publication:W2588681363,person:A5076787674,W2588681363,A5076787674,first,1,0
authored_by:publication:W2588681363->person:A5101621486,authored_by,publication:W2588681363,person:A5101621486,W2588681363,A5101621486,middle,0,1
authored_by:publication:W2588681363->person:A5066162583,authored_by,publication:W2588681363,person:A5066162583,W2588681363,A5066162583,middle,0,2
authored_by:publication:W2588681363->person:A5057325863,authored_by,publication:W2588681363,person:A5057325863,W2588681363,A5057325863,middle,0,3
authored_by:publication:W2588681363->person:A5078408795,authored_by,publication:W2588681363,person:A5078408795,W2588681363,A5078408795,middle,0,4
authored_by:publication:W2588681363->person:A5101587265,authored_by,publication:W2588681363,person:A5101587265,W2588681363,A5101587265,middle,0,5
authored_by:publication:W2588681363->person:A5100458374,authored_by,publication:W2588681363,person:A5100458374,W2588681363,A5100458374,last,0,6
authored_by:publication:W2136922672->person:A5108093963,authored_by,publication:W2136922672,person:A5108093963,W2136922672,A5108093963,first,1,0
authored_by:publication:W2136922672->person:A5052435039,authored_by,publication:W2136922672,person:A5052435039,W2136922672,A5052435039,middle,0,1
authored_by:publication:W2136922672->person:A5003271205,authored_by,publication:W2136922672,person:A5003271205,W2136922672,A5003271205,last,0,2
authored_by:publication:W2064675550->person:A5053148274,authored_by,publication:W2064675550,person:A5053148274,W2064675550,A5053148274,first,1,0
authored_by:publication:W2064675550->person:A5071172037,authored_by,publication:W2064675550,person:A5071172037,W2064675550,A5071172037,last,0,1
authored_by:publication:W2076063813->person:A5071172037,authored_by,publication:W2076063813,person:A5071172037,W2076063813,A5071172037,first,1,0
authored_by:publication:W2137983211->person:A5078334892,authored_by,publication:W2137983211,person:A5078334892,W2137983211,A5078334892,first,0,0
authored_by:publication:W2137983211->person:A5085804894,authored_by,publication:W2137983211,person:A5085804894,W2137983211,A5085804894,middle,0,1
authored_by:publication:W2137983211->person:A5103455390,authored_by,publication:W2137983211,person:A5103455390,W2137983211,A5103455390,last,1,2
authored_by:publication:W1981276685->person:A5090721600,authored_by,publication:W1981276685,person:A5090721600,W1981276685,A5090721600,first,1,0
authored_by:publication:W1981276685->person:A5076161610,authored_by,publication:W1981276685,person:A5076161610,W1981276685,A5076161610,last,0,1
authored_by:publication:W2058046532->person:A5111752493,authored_by,publication:W2058046532,person:A5111752493,W2058046532,A5111752493,first,1,0
authored_by:publication:W2058046532->person:A5038278091,authored_by,publication:W2058046532,person:A5038278091,W2058046532,A5038278091,middle,0,1
authored_by:publication:W2058046532->person:A5004628558,authored_by,publication:W2058046532,person:A5004628558,W2058046532,A5004628558,middle,0,2
authored_by:publication:W2058046532->person:A5066230939,authored_by,publication:W2058046532,person:A5066230939,W2058046532,A5066230939,middle,0,3
authored_by:publication:W2058046532->person:A5051457645,authored_by,publication:W2058046532,person:A5051457645,W2058046532,A5051457645,middle,0,4
authored_by:publication:W2058046532->person:A5049498403,authored_by,publication:W2058046532,person:A5049498403,W2058046532,A5049498403,middle,0,5
authored_by:publication:W2058046532->person:A5040742305,authored_by,publication:W2058046532,person:A5040742305,W2058046532,A5040742305,middle,0,6
authored_by:publication:W2058046532->person:A5020023263,authored_by,publication:W2058046532,person:A5020023263,W2058046532,A5020023263,last,0,7
authored_by:publication:W2156220037->person:A5074628106,authored_by,publication:W2156220037,person:A5074628106,W2156220037,A5074628106,first,1,0
authored_by:publication:W2156220037->person:A5110843805,authored_by,publication:W2156220037,person:A5110843805,W2156220037,A5110843805,middle,0,1
authored_by:publication:W2156220037->person:A5111864214,authored_by,publication:W2156220037,person:A5111864214,W2156220037,A5111864214,middle,0,2
authored_by:publication:W2156220037->person:A5037028051,authored_by,publication:W2156220037,person:A5037028051,W2156220037,A5037028051,middle,0,3
authored_by:publication:W2156220037->person:A5103415629,authored_by,publication:W2156220037,person:A5103415629,W2156220037,A5103415629,middle,0,4
authored_by:publication:W2156220037->person:A5042905021,authored_by,publication:W2156220037,person:A5042905021,W2156220037,A5042905021,last,0,5
authored_by:publication:W249845531->person:A5084703314,authored_by,publication:W249845531,person:A5084703314,W249845531,A5084703314,first,1,0
authored_by:publication:W2136022845->person:A5056349538,authored_by,publication:W2136022845,person:A5056349538,W2136022845,A5056349538,first,1,0
authored_by:publication:W3001897055->person:A5112999757,authored_by,publication:W3001897055,person:A5112999757,W3001897055,A5112999757,first,1,0
authored_by:publication:W3001897055->person:A5043631759,authored_by,publication:W3001897055,person:A5043631759,W3001897055,A5043631759,middle,0,1
authored_by:publication:W3001897055->person:A5057178901,authored_by,publication:W3001897055,person:A5057178901,W3001897055,A5057178901,middle,0,2
authored_by:publication:W3001897055->person:A5101925685,authored_by,publication:W3001897055,person:A5101925685,W3001897055,A5101925685,middle,0,3
authored_by:publication:W3001897055->person:A5072820962,authored_by,publication:W3001897055,person:A5072820962,W3001897055,A5072820962,middle,0,4
authored_by:publication:W3001897055->person:A5031203283,authored_by,publication:W3001897055,person:A5031203283,W3001897055,A5031203283,middle,0,5
authored_by:publication:W3001897055->person:A5079882302,authored_by,publication:W3001897055,person:A5079882302,W3001897055,A5079882302,middle,0,6
authored_by:publication:W3001897055->person:A5063481153,authored_by,publication:W3001897055,person:A5063481153,W3001897055,A5063481153,middle,0,7
authored_by:publication:W3001897055->person:A5079289072,authored_by,publication:W3001897055,person:A5079289072,W3001897055,A5079289072,middle,0,8
authored_by:publication:W3001897055->person:A5112492347,authored_by,publication:W3001897055,person:A5112492347,W3001897055,A5112492347,middle,0,9
authored_by:publication:W3001897055->person:A5045195522,authored_by,publication:W3001897055,person:A5045195522,W3001897055,A5045195522,middle,0,10
authored_by:publication:W3001897055->person:A5109113291,authored_by,publication:W3001897055,person:A5109113291,W3001897055,A5109113291,middle,0,11
authored_by:publication:W3001897055->person:A5078433604,authored_by,publication:W3001897055,person:A5078433604,W3001897055,A5078433604,middle,0,12
authored_by:publication:W3001897055->person:A5101759768,authored_by,publication:W3001897055,person:A5101759768,W3001897055,A5101759768,middle,0,13
authored_by:publication:W3001897055->person:A5102005952,authored_by,publication:W3001897055,person:A5102005952,W3001897055,A5102005952,middle,0,14
authored_by:publication:W3001897055->person:A5042900498,authored_by,publication:W3001897055,person:A5042900498,W3001897055,A5042900498,middle,0,15
authored_by:publication:W3001897055->person:A5015873777,authored_by,publication:W3001897055,person:A5015873777,W3001897055,A5015873777,middle,0,16
authored_by:publication:W3001897055->person:A5053933911,authored_by,publication:W3001897055,person:A5053933911,W3001897055,A5053933911,last,0,17
authored_by:publication:W3008827533->person:A5101633572,authored_by,publication:W3008827533,person:A5101633572,W3008827533,A5101633572,first,1,0
authored_by:publication:W3008827533->person:A5034117843,authored_by,publication:W3008827533,person:A5034117843,W3008827533,A5034117843,middle,0,1
authored_by:publication:W3008827533->person:A5100523570,authored_by,publication:W3008827533,person:A5100523570,W3008827533,A5100523570,middle,0,2
authored_by:publication:W3008827533->person:A5031255136,authored_by,publication:W3008827533,person:A5031255136,W3008827533,A5031255136,middle,0,3
authored_by:publication:W3008827533->person:A5101506716,authored_by,publication:W3008827533,person:A5101506716,W3008827533,A5101506716,middle,0,4
authored_by:publication:W3008827533->person:A5100751322,authored_by,publication:W3008827533,person:A5100751322,W3008827533,A5100751322,middle,0,5
authored_by:publication:W3008827533->person:A5100349482,authored_by,publication:W3008827533,person:A5100349482,W3008827533,A5100349482,middle,0,6
authored_by:publication:W3008827533->person:A5022408293,authored_by,publication:W3008827533,person:A5022408293,W3008827533,A5022408293,middle,0,7
authored_by:publication:W3008827533->person:A5110843713,authored_by,publication:W3008827533,person:A5110843713,W3008827533,A5110843713,middle,0,8
authored_by:publication:W3008827533->person:A5089024033,authored_by,publication:W3008827533,person:A5089024033,W3008827533,A5089024033,middle,0,9
authored_by:publication:W3008827533->person:A5012294390,authored_by,publication:W3008827533,person:A5012294390,W3008827533,A5012294390,middle,0,10
authored_by:publication:W3008827533->person:A5057422995,authored_by,publication:W3008827533,person:A5057422995,W3008827533,A5057422995,middle,0,11
authored_by:publication:W3008827533->person:A5065458315,authored_by,publication:W3008827533,person:A5065458315,W3008827533,A5065458315,middle,0,12
authored_by:publication:W3008827533->person:A5074675036,authored_by,publication:W3008827533,person:A5074675036,W3008827533,A5074675036,middle,0,13
authored_by:publication:W3008827533->person:A5061008437,authored_by,publication:W3008827533,person:A5061008437,W3008827533,A5061008437,middle,0,14
authored_by:publication:W3008827533->person:A5103136145,authored_by,publication:W3008827533,person:A5103136145,W3008827533,A5103136145,middle,0,15
authored_by:publication:W3008827533->person:A5100453619,authored_by,publication:W3008827533,person:A5100453619,W3008827533,A5100453619,middle,0,16
authored_by:publication:W3008827533->person:A5012491543,authored_by,publication:W3008827533,person:A5012491543,W3008827533,A5012491543,middle,0,17
authored_by:publication:W3008827533->person:A5101520726,authored_by,publication:W3008827533,person:A5101520726,W3008827533,A5101520726,middle,0,18
authored_by:publication:W3008827533->person:A5101728447,authored_by,publication:W3008827533,person:A5101728447,W3008827533,A5101728447,middle,0,19
authored_by:publication:W3008827533->person:A5112505276,authored_by,publication:W3008827533,person:A5112505276,W3008827533,A5112505276,middle,0,20
authored_by:publication:W3008827533->person:A5087858925,authored_by,publication:W3008827533,person:A5087858925,W3008827533,A5087858925,middle,0,21
authored_by:publication:W3008827533->person:A5109466473,authored_by,publication:W3008827533,person:A5109466473,W3008827533,A5109466473,middle,0,22
authored_by:publication:W3008827533->person:A5100751018,authored_by,publication:W3008827533,person:A5100751018,W3008827533,A5100751018,middle,0,23
authored_by:publication:W3008827533->person:A5008676917,authored_by,publication:W3008827533,person:A5008676917,W3008827533,A5008676917,middle,0,24
authored_by:publication:W3008827533->person:A5102707681,authored_by,publication:W3008827533,person:A5102707681,W3008827533,A5102707681,middle,0,25
authored_by:publication:W3008827533->person:A5100416329,authored_by,publication:W3008827533,person:A5100416329,W3008827533,A5100416329,middle,0,26
authored_by:publication:W3008827533->person:A5100707507,authored_by,publication:W3008827533,person:A5100707507,W3008827533,A5100707507,middle,0,27
authored_by:publication:W3008827533->person:A5101887888,authored_by,publication:W3008827533,person:A5101887888,W3008827533,A5101887888,middle,0,28
authored_by:publication:W3008827533->person:A5113360709,authored_by,publication:W3008827533,person:A5113360709,W3008827533,A5113360709,middle,0,29
authored_by:publication:W3008827533->person:A5100438769,authored_by,publication:W3008827533,person:A5100438769,W3008827533,A5100438769,middle,0,30
authored_by:publication:W3008827533->person:A5110448998,authored_by,publication:W3008827533,person:A5110448998,W3008827533,A5110448998,middle,0,31
authored_by:publication:W3008827533->person:A5032532898,authored_by,publication:W3008827533,person:A5032532898,W3008827533,A5032532898,middle,0,32
authored_by:publication:W3008827533->person:A5067095480,authored_by,publication:W3008827533,person:A5067095480,W3008827533,A5067095480,middle,0,33
authored_by:publication:W3008827533->person:A5018142228,authored_by,publication:W3008827533,person:A5018142228,W3008827533,A5018142228,middle,0,34
authored_by:publication:W3008827533->person:A5110669068,authored_by,publication:W3008827533,person:A5110669068,W3008827533,A5110669068,middle,0,35
authored_by:publication:W3008827533->person:A5101475024,authored_by,publication:W3008827533,person:A5101475024,W3008827533,A5101475024,last,0,36
authored_by:publication:W3003668884->person:A5100426166,authored_by,publication:W3003668884,person:A5100426166,W3003668884,A5100426166,first,1,0
authored_by:publication:W3003668884->person:A5112245971,authored_by,publication:W3003668884,person:A5112245971,W3003668884,A5112245971,middle,0,1
authored_by:publication:W3003668884->person:A5011439848,authored_by,publication:W3003668884,person:A5011439848,W3003668884,A5011439848,middle,0,2
authored_by:publication:W3003668884->person:A5100668249,authored_by,publication:W3003668884,person:A5100668249,W3003668884,A5100668249,middle,0,3
authored_by:publication:W3003668884->person:A5101714940,authored_by,publication:W3003668884,person:A5101714940,W3003668884,A5101714940,middle,0,4
authored_by:publication:W3003668884->person:A5030155090,authored_by,publication:W3003668884,person:A5030155090,W3003668884,A5030155090,middle,0,5
authored_by:publication:W3003668884->person:A5112645115,authored_by,publication:W3003668884,person:A5112645115,W3003668884,A5112645115,middle,0,6
authored_by:publication:W3003668884->person:A5029917806,authored_by,publication:W3003668884,person:A5029917806,W3003668884,A5029917806,middle,0,7
authored_by:publication:W3003668884->person:A5068660339,authored_by,publication:W3003668884,person:A5068660339,W3003668884,A5068660339,middle,0,8
authored_by:publication:W3003668884->person:A5057572365,authored_by,publication:W3003668884,person:A5057572365,W3003668884,A5057572365,middle,0,9
authored_by:publication:W3003668884->person:A5042728044,authored_by,publication:W3003668884,person:A5042728044,W3003668884,A5042728044,middle,0,10
authored_by:publication:W3003668884->person:A5110760432,authored_by,publication:W3003668884,person:A5110760432,W3003668884,A5110760432,middle,0,11
authored_by:publication:W3003668884->person:A5101874184,authored_by,publication:W3003668884,person:A5101874184,W3003668884,A5101874184,middle,0,12
authored_by:publication:W3003668884->person:A5100323172,authored_by,publication:W3003668884,person:A5100323172,W3003668884,A5100323172,middle,0,13
authored_by:publication:W3003668884->person:A5100340176,authored_by,publication:W3003668884,person:A5100340176,W3003668884,A5100340176,middle,0,14
authored_by:publication:W3003668884->person:A5100380730,authored_by,publication:W3003668884,person:A5100380730,W3003668884,A5100380730,middle,0,15
authored_by:publication:W3003668884->person:A5113745163,authored_by,publication:W3003668884,person:A5113745163,W3003668884,A5113745163,middle,0,16
authored_by:publication:W3003668884->person:A5101626696,authored_by,publication:W3003668884,person:A5101626696,W3003668884,A5101626696,middle,0,17
authored_by:publication:W3003668884->person:A5100658156,authored_by,publication:W3003668884,person:A5100658156,W3003668884,A5100658156,middle,0,18
authored_by:publication:W3003668884->person:A5101109502,authored_by,publication:W3003668884,person:A5101109502,W3003668884,A5101109502,middle,0,19
authored_by:publication:W3003668884->person:A5042452119,authored_by,publication:W3003668884,person:A5042452119,W3003668884,A5042452119,middle,0,20
authored_by:publication:W3003668884->person:A5074584778,authored_by,publication:W3003668884,person:A5074584778,W3003668884,A5074584778,middle,0,21
authored_by:publication:W3003668884->person:A5111759101,authored_by,publication:W3003668884,person:A5111759101,W3003668884,A5111759101,middle,0,22
authored_by:publication:W3003668884->person:A5086654710,authored_by,publication:W3003668884,person:A5086654710,W3003668884,A5086654710,middle,0,23
authored_by:publication:W3003668884->person:A5110798721,authored_by,publication:W3003668884,person:A5110798721,W3003668884,A5110798721,middle,0,24
authored_by:publication:W3003668884->person:A5028153158,authored_by,publication:W3003668884,person:A5028153158,W3003668884,A5028153158,middle,0,25
authored_by:publication:W3003668884->person:A5100387631,authored_by,publication:W3003668884,person:A5100387631,W3003668884,A5100387631,middle,0,26
authored_by:publication:W3003668884->person:A5004095744,authored_by,publication:W3003668884,person:A5004095744,W3003668884,A5004095744,middle,0,27
authored_by:publication:W3003668884->person:A5100390838,authored_by,publication:W3003668884,person:A5100390838,W3003668884,A5100390838,middle,0,28
authored_by:publication:W3003668884->person:A5067385781,authored_by,publication:W3003668884,person:A5067385781,W3003668884,A5067385781,middle,0,29
authored_by:publication:W3003668884->person:A5100319229,authored_by,publication:W3003668884,person:A5100319229,W3003668884,A5100319229,middle,0,30
authored_by:publication:W3003668884->person:A5113050265,authored_by,publication:W3003668884,person:A5113050265,W3003668884,A5113050265,middle,0,31
authored_by:publication:W3003668884->person:A5100397719,authored_by,publication:W3003668884,person:A5100397719,W3003668884,A5100397719,middle,0,32
authored_by:publication:W3003668884->person:A5086287153,authored_by,publication:W3003668884,person:A5086287153,W3003668884,A5086287153,middle,0,33
authored_by:publication:W3003668884->person:A5035157608,authored_by,publication:W3003668884,person:A5035157608,W3003668884,A5035157608,middle,0,34
authored_by:publication:W3003668884->person:A5081253261,authored_by,publication:W3003668884,person:A5081253261,W3003668884,A5081253261,middle,0,35
authored_by:publication:W3003668884->person:A5100430703,authored_by,publication:W3003668884,person:A5100430703,W3003668884,A5100430703,middle,0,36
authored_by:publication:W3003668884->person:A5082784333,authored_by,publication:W3003668884,person:A5082784333,W3003668884,A5082784333,middle,0,37
authored_by:publication:W3003668884->person:A5033703745,authored_by,publication:W3003668884,person:A5033703745,W3003668884,A5033703745,middle,0,38
authored_by:publication:W3003668884->person:A5068852445,authored_by,publication:W3003668884,person:A5068852445,W3003668884,A5068852445,middle,0,39
authored_by:publication:W3003668884->person:A5015873777,authored_by,publication:W3003668884,person:A5015873777,W3003668884,A5015873777,middle,0,40
authored_by:publication:W3003668884->person:A5074151633,authored_by,publication:W3003668884,person:A5074151633,W3003668884,A5074151633,middle,0,41
authored_by:publication:W3003668884->person:A5072820962,authored_by,publication:W3003668884,person:A5072820962,W3003668884,A5072820962,middle,0,42
authored_by:publication:W3003668884->person:A5032186734,authored_by,publication:W3003668884,person:A5032186734,W3003668884,A5032186734,middle,0,43
authored_by:publication:W3003668884->person:A5100866265,authored_by,publication:W3003668884,person:A5100866265,W3003668884,A5100866265,last,0,44
authored_by:publication:W2096287682->person:A5053052330,authored_by,publication:W2096287682,person:A5053052330,W2096287682,A5053052330,first,1,0
authored_by:publication:W2096287682->person:A5006549117,authored_by,publication:W2096287682,person:A5006549117,W2096287682,A5006549117,middle,0,1
authored_by:publication:W2096287682->person:A5010891460,authored_by,publication:W2096287682,person:A5010891460,W2096287682,A5010891460,middle,0,2
authored_by:publication:W2096287682->person:A5017177249,authored_by,publication:W2096287682,person:A5017177249,W2096287682,A5017177249,middle,0,3
authored_by:publication:W2096287682->person:A5110436793,authored_by,publication:W2096287682,person:A5110436793,W2096287682,A5110436793,middle,0,4
authored_by:publication:W2096287682->person:A5056837393,authored_by,publication:W2096287682,person:A5056837393,W2096287682,A5056837393,middle,0,5
authored_by:publication:W2096287682->person:A5113618510,authored_by,publication:W2096287682,person:A5113618510,W2096287682,A5113618510,middle,0,6
authored_by:publication:W2096287682->person:A5087336206,authored_by,publication:W2096287682,person:A5087336206,W2096287682,A5087336206,middle,0,7
authored_by:publication:W2096287682->person:A5053746026,authored_by,publication:W2096287682,person:A5053746026,W2096287682,A5053746026,middle,0,8
authored_by:publication:W2096287682->person:A5108105228,authored_by,publication:W2096287682,person:A5108105228,W2096287682,A5108105228,middle,0,9
authored_by:publication:W2096287682->person:A5059335443,authored_by,publication:W2096287682,person:A5059335443,W2096287682,A5059335443,middle,0,10
authored_by:publication:W2096287682->person:A5108417601,authored_by,publication:W2096287682,person:A5108417601,W2096287682,A5108417601,middle,0,11
authored_by:publication:W2096287682->person:A5007347096,authored_by,publication:W2096287682,person:A5007347096,W2096287682,A5007347096,middle,0,12
authored_by:publication:W2096287682->person:A5038129366,authored_by,publication:W2096287682,person:A5038129366,W2096287682,A5038129366,middle,0,13
authored_by:publication:W2096287682->person:A5014218178,authored_by,publication:W2096287682,person:A5014218178,W2096287682,A5014218178,middle,0,14
authored_by:publication:W2096287682->person:A5103260191,authored_by,publication:W2096287682,person:A5103260191,W2096287682,A5103260191,middle,0,15
authored_by:publication:W2096287682->person:A5058982388,authored_by,publication:W2096287682,person:A5058982388,W2096287682,A5058982388,middle,0,16
authored_by:publication:W2096287682->person:A5103081894,authored_by,publication:W2096287682,person:A5103081894,W2096287682,A5103081894,middle,0,17
authored_by:publication:W2096287682->person:A5110046289,authored_by,publication:W2096287682,person:A5110046289,W2096287682,A5110046289,last,0,18
authored_by:publication:W2158822657->person:W2158822657-person-0,authored_by,publication:W2158822657,person:W2158822657-person-0,W2158822657,W2158822657-person-0,first,1,0
authored_by:publication:W2324841714->person:A5114252790,authored_by,publication:W2324841714,person:A5114252790,W2324841714,A5114252790,first,1,0
authored_by:publication:W2769264260->person:W2769264260-person-0,authored_by,publication:W2769264260,person:W2769264260-person-0,W2769264260,W2769264260-person-0,first,1,0
authored_by:publication:W2128158076->person:A5019950553,authored_by,publication:W2128158076,person:A5019950553,W2128158076,A5019950553,first,0,0
authored_by:publication:W2128158076->person:A5102846098,authored_by,publication:W2128158076,person:A5102846098,W2128158076,A5102846098,middle,1,1
authored_by:publication:W2128158076->person:A5009376065,authored_by,publication:W2128158076,person:A5009376065,W2128158076,A5009376065,middle,0,2
authored_by:publication:W2128158076->person:A5056196917,authored_by,publication:W2128158076,person:A5056196917,W2128158076,A5056196917,middle,0,3
authored_by:publication:W2128158076->person:A5075976624,authored_by,publication:W2128158076,person:A5075976624,W2128158076,A5075976624,middle,0,4
authored_by:publication:W2128158076->person:A5053120153,authored_by,publication:W2128158076,person:A5053120153,W2128158076,A5053120153,middle,0,5
authored_by:publication:W2128158076->person:A5033010033,authored_by,publication:W2128158076,person:A5033010033,W2128158076,A5033010033,middle,0,6
authored_by:publication:W2128158076->person:A5107828331,authored_by,publication:W2128158076,person:A5107828331,W2128158076,A5107828331,middle,0,7
authored_by:publication:W2128158076->person:A5115739212,authored_by,publication:W2128158076,person:A5115739212,W2128158076,A5115739212,middle,0,8
authored_by:publication:W2128158076->person:A5005804616,authored_by,publication:W2128158076,person:A5005804616,W2128158076,A5005804616,middle,0,9
authored_by:publication:W2128158076->person:A5022678642,authored_by,publication:W2128158076,person:A5022678642,W2128158076,A5022678642,middle,0,10
authored_by:publication:W2128158076->person:A5081230172,authored_by,publication:W2128158076,person:A5081230172,W2128158076,A5081230172,middle,0,11
authored_by:publication:W2128158076->person:A5107827189,authored_by,publication:W2128158076,person:A5107827189,W2128158076,A5107827189,middle,0,12
authored_by:publication:W2128158076->person:A5083421767,authored_by,publication:W2128158076,person:A5083421767,W2128158076,A5083421767,middle,0,13
authored_by:publication:W2128158076->person:A5070967626,authored_by,publication:W2128158076,person:A5070967626,W2128158076,A5070967626,middle,0,14
authored_by:publication:W2128158076->person:A5106852621,authored_by,publication:W2128158076,person:A5106852621,W2128158076,A5106852621,middle,0,15
authored_by:publication:W2128158076->person:A5047187911,authored_by,publication:W2128158076,person:A5047187911,W2128158076,A5047187911,middle,0,16
authored_by:publication:W2128158076->person:A5088076311,authored_by,publication:W2128158076,person:A5088076311,W2128158076,A5088076311,middle,0,17
authored_by:publication:W2128158076->person:A5064659367,authored_by,publication:W2128158076,person:A5064659367,W2128158076,A5064659367,middle,0,18
authored_by:publication:W2128158076->person:A5070983794,authored_by,publication:W2128158076,person:A5070983794,W2128158076,A5070983794,middle,0,19
authored_by:publication:W2128158076->person:A5053210927,authored_by,publication:W2128158076,person:A5053210927,W2128158076,A5053210927,middle,0,20
authored_by:publication:W2128158076->person:A5048080465,authored_by,publication:W2128158076,person:A5048080465,W2128158076,A5048080465,middle,0,21
authored_by:publication:W2128158076->person:A5106497523,authored_by,publication:W2128158076,person:A5106497523,W2128158076,A5106497523,middle,0,22
authored_by:publication:W2128158076->person:A5078458268,authored_by,publication:W2128158076,person:A5078458268,W2128158076,A5078458268,middle,0,23
authored_by:publication:W2128158076->person:A5042826568,authored_by,publication:W2128158076,person:A5042826568,W2128158076,A5042826568,middle,0,24
authored_by:publication:W2128158076->person:A5055698218,authored_by,publication:W2128158076,person:A5055698218,W2128158076,A5055698218,middle,0,25
authored_by:publication:W2128158076->person:A5090259574,authored_by,publication:W2128158076,person:A5090259574,W2128158076,A5090259574,middle,0,26
authored_by:publication:W2128158076->person:A5110889177,authored_by,publication:W2128158076,person:A5110889177,W2128158076,A5110889177,middle,0,27
authored_by:publication:W2128158076->person:A5113580301,authored_by,publication:W2128158076,person:A5113580301,W2128158076,A5113580301,middle,0,28
authored_by:publication:W2128158076->person:A5075676762,authored_by,publication:W2128158076,person:A5075676762,W2128158076,A5075676762,middle,0,29
authored_by:publication:W2128158076->person:A5041391948,authored_by,publication:W2128158076,person:A5041391948,W2128158076,A5041391948,middle,0,30
authored_by:publication:W2128158076->person:A5107940813,authored_by,publication:W2128158076,person:A5107940813,W2128158076,A5107940813,middle,0,31
authored_by:publication:W2128158076->person:A5082722135,authored_by,publication:W2128158076,person:A5082722135,W2128158076,A5082722135,middle,0,32
authored_by:publication:W2128158076->person:A5110677852,authored_by,publication:W2128158076,person:A5110677852,W2128158076,A5110677852,middle,0,33
authored_by:publication:W2128158076->person:A5082956608,authored_by,publication:W2128158076,person:A5082956608,W2128158076,A5082956608,middle,0,34
authored_by:publication:W2128158076->person:A5065656286,authored_by,publication:W2128158076,person:A5065656286,W2128158076,A5065656286,middle,0,35
authored_by:publication:W2128158076->person:A5042555850,authored_by,publication:W2128158076,person:A5042555850,W2128158076,A5042555850,middle,0,36
authored_by:publication:W2128158076->person:A5107832560,authored_by,publication:W2128158076,person:A5107832560,W2128158076,A5107832560,middle,0,37
authored_by:publication:W2128158076->person:A5084748758,authored_by,publication:W2128158076,person:A5084748758,W2128158076,A5084748758,middle,0,38
authored_by:publication:W2128158076->person:A5029352096,authored_by,publication:W2128158076,person:A5029352096,W2128158076,A5029352096,middle,0,39
authored_by:publication:W2128158076->person:A5061297345,authored_by,publication:W2128158076,person:A5061297345,W2128158076,A5061297345,middle,0,40
authored_by:publication:W2128158076->person:A5090050350,authored_by,publication:W2128158076,person:A5090050350,W2128158076,A5090050350,middle,0,41
authored_by:publication:W2128158076->person:A5071795042,authored_by,publication:W2128158076,person:A5071795042,W2128158076,A5071795042,middle,0,42
authored_by:publication:W2128158076->person:A5068840916,authored_by,publication:W2128158076,person:A5068840916,W2128158076,A5068840916,middle,0,43
authored_by:publication:W2128158076->person:A5003526591,authored_by,publication:W2128158076,person:A5003526591,W2128158076,A5003526591,middle,0,44
authored_by:publication:W2128158076->person:A5088185191,authored_by,publication:W2128158076,person:A5088185191,W2128158076,A5088185191,middle,0,45
authored_by:publication:W2128158076->person:A5108236754,authored_by,publication:W2128158076,person:A5108236754,W2128158076,A5108236754,middle,0,46
authored_by:publication:W2128158076->person:A5003870645,authored_by,publication:W2128158076,person:A5003870645,W2128158076,A5003870645,middle,0,47
authored_by:publication:W2128158076->person:A5103229841,authored_by,publication:W2128158076,person:A5103229841,W2128158076,A5103229841,middle,0,48
authored_by:publication:W2128158076->person:A5114072579,authored_by,publication:W2128158076,person:A5114072579,W2128158076,A5114072579,middle,0,49
authored_by:publication:W2128158076->person:A5011037729,authored_by,publication:W2128158076,person:A5011037729,W2128158076,A5011037729,middle,0,50
authored_by:publication:W2128158076->person:A5107843783,authored_by,publication:W2128158076,person:A5107843783,W2128158076,A5107843783,middle,0,51
authored_by:publication:W2128158076->person:A5002338136,authored_by,publication:W2128158076,person:A5002338136,W2128158076,A5002338136,middle,0,52
authored_by:publication:W2128158076->person:A5011661664,authored_by,publication:W2128158076,person:A5011661664,W2128158076,A5011661664,middle,0,53
authored_by:publication:W2128158076->person:A5113519078,authored_by,publication:W2128158076,person:A5113519078,W2128158076,A5113519078,middle,0,54
authored_by:publication:W2128158076->person:A5090298420,authored_by,publication:W2128158076,person:A5090298420,W2128158076,A5090298420,middle,0,55
authored_by:publication:W2128158076->person:A5076966537,authored_by,publication:W2128158076,person:A5076966537,W2128158076,A5076966537,middle,0,56
authored_by:publication:W2128158076->person:A5073456299,authored_by,publication:W2128158076,person:A5073456299,W2128158076,A5073456299,middle,0,57
authored_by:publication:W2128158076->person:A5045151954,authored_by,publication:W2128158076,person:A5045151954,W2128158076,A5045151954,middle,0,58
authored_by:publication:W2128158076->person:A5061511981,authored_by,publication:W2128158076,person:A5061511981,W2128158076,A5061511981,middle,0,59
authored_by:publication:W2128158076->person:A5048930001,authored_by,publication:W2128158076,person:A5048930001,W2128158076,A5048930001,middle,0,60
authored_by:publication:W2128158076->person:A5107918505,authored_by,publication:W2128158076,person:A5107918505,W2128158076,A5107918505,middle,0,61
authored_by:publication:W2128158076->person:A5089483250,authored_by,publication:W2128158076,person:A5089483250,W2128158076,A5089483250,middle,0,62
authored_by:publication:W2128158076->person:A5105362085,authored_by,publication:W2128158076,person:A5105362085,W2128158076,A5105362085,middle,0,63
authored_by:publication:W2128158076->person:A5064860139,authored_by,publication:W2128158076,person:A5064860139,W2128158076,A5064860139,middle,0,64
authored_by:publication:W2128158076->person:A5084828559,authored_by,publication:W2128158076,person:A5084828559,W2128158076,A5084828559,middle,0,65
authored_by:publication:W2128158076->person:A5107772402,authored_by,publication:W2128158076,person:A5107772402,W2128158076,A5107772402,middle,0,66
authored_by:publication:W2128158076->person:A5111928723,authored_by,publication:W2128158076,person:A5111928723,W2128158076,A5111928723,middle,0,67
authored_by:publication:W2128158076->person:A5108619990,authored_by,publication:W2128158076,person:A5108619990,W2128158076,A5108619990,middle,0,68
authored_by:publication:W2128158076->person:A5024184734,authored_by,publication:W2128158076,person:A5024184734,W2128158076,A5024184734,middle,0,69
authored_by:publication:W2128158076->person:A5042998619,authored_by,publication:W2128158076,person:A5042998619,W2128158076,A5042998619,middle,0,70
authored_by:publication:W2128158076->person:A5107840434,authored_by,publication:W2128158076,person:A5107840434,W2128158076,A5107840434,middle,0,71
authored_by:publication:W2128158076->person:A5100626378,authored_by,publication:W2128158076,person:A5100626378,W2128158076,A5100626378,middle,0,72
authored_by:publication:W2128158076->person:A5056306774,authored_by,publication:W2128158076,person:A5056306774,W2128158076,A5056306774,middle,0,73
authored_by:publication:W2128158076->person:A5108421497,authored_by,publication:W2128158076,person:A5108421497,W2128158076,A5108421497,middle,0,74
authored_by:publication:W2128158076->person:A5016000066,authored_by,publication:W2128158076,person:A5016000066,W2128158076,A5016000066,middle,0,75
authored_by:publication:W2128158076->person:A5005226913,authored_by,publication:W2128158076,person:A5005226913,W2128158076,A5005226913,middle,0,76
authored_by:publication:W2128158076->person:A5017980758,authored_by,publication:W2128158076,person:A5017980758,W2128158076,A5017980758,middle,0,77
authored_by:publication:W2128158076->person:A5107867044,authored_by,publication:W2128158076,person:A5107867044,W2128158076,A5107867044,middle,0,78
authored_by:publication:W2128158076->person:A5002373101,authored_by,publication:W2128158076,person:A5002373101,W2128158076,A5002373101,middle,0,79
authored_by:publication:W2128158076->person:A5111928724,authored_by,publication:W2128158076,person:A5111928724,W2128158076,A5111928724,middle,0,80
authored_by:publication:W2128158076->person:A5072309854,authored_by,publication:W2128158076,person:A5072309854,W2128158076,A5072309854,middle,0,81
authored_by:publication:W2128158076->person:A5005520215,authored_by,publication:W2128158076,person:A5005520215,W2128158076,A5005520215,middle,0,82
authored_by:publication:W2128158076->person:A5103452590,authored_by,publication:W2128158076,person:A5103452590,W2128158076,A5103452590,middle,0,83
authored_by:publication:W2128158076->person:A5067494586,authored_by,publication:W2128158076,person:A5067494586,W2128158076,A5067494586,middle,0,84
authored_by:publication:W2128158076->person:A5051757056,authored_by,publication:W2128158076,person:A5051757056,W2128158076,A5051757056,middle,0,85
authored_by:publication:W2128158076->person:A5107196229,authored_by,publication:W2128158076,person:A5107196229,W2128158076,A5107196229,middle,0,86
authored_by:publication:W2128158076->person:A5027568671,authored_by,publication:W2128158076,person:A5027568671,W2128158076,A5027568671,middle,0,87
authored_by:publication:W2128158076->person:A5066906042,authored_by,publication:W2128158076,person:A5066906042,W2128158076,A5066906042,middle,0,88
authored_by:publication:W2128158076->person:A5018730722,authored_by,publication:W2128158076,person:A5018730722,W2128158076,A5018730722,middle,0,89
authored_by:publication:W2128158076->person:A5083386713,authored_by,publication:W2128158076,person:A5083386713,W2128158076,A5083386713,middle,0,90
authored_by:publication:W2128158076->person:A5000517206,authored_by,publication:W2128158076,person:A5000517206,W2128158076,A5000517206,middle,0,91
authored_by:publication:W2128158076->person:A5105412462,authored_by,publication:W2128158076,person:A5105412462,W2128158076,A5105412462,middle,0,92
authored_by:publication:W2128158076->person:A5110789229,authored_by,publication:W2128158076,person:A5110789229,W2128158076,A5110789229,middle,0,93
authored_by:publication:W2128158076->person:A5006490364,authored_by,publication:W2128158076,person:A5006490364,W2128158076,A5006490364,middle,0,94
authored_by:publication:W2128158076->person:A5017137825,authored_by,publication:W2128158076,person:A5017137825,W2128158076,A5017137825,middle,0,95
authored_by:publication:W2128158076->person:A5078790563,authored_by,publication:W2128158076,person:A5078790563,W2128158076,A5078790563,middle,0,96
authored_by:publication:W2128158076->person:A5110018707,authored_by,publication:W2128158076,person:A5110018707,W2128158076,A5110018707,middle,0,97
authored_by:publication:W2128158076->person:A5079066306,authored_by,publication:W2128158076,person:A5079066306,W2128158076,A5079066306,middle,0,98
authored_by:publication:W2128158076->person:A5111822195,authored_by,publication:W2128158076,person:A5111822195,W2128158076,A5111822195,middle,0,99
authored_by:publication:W2900569176->person:A5061581536,authored_by,publication:W2900569176,person:A5061581536,W2900569176,A5061581536,first,0,0
authored_by:publication:W2900569176->person:A5010825633,authored_by,publication:W2900569176,person:A5010825633,W2900569176,A5010825633,middle,0,1
authored_by:publication:W2900569176->person:A5064443056,authored_by,publication:W2900569176,person:A5064443056,W2900569176,A5064443056,middle,0,2
authored_by:publication:W2900569176->person:A5006363776,authored_by,publication:W2900569176,person:A5006363776,W2900569176,A5006363776,middle,0,3
authored_by:publication:W2900569176->person:A5106122722,authored_by,publication:W2900569176,person:A5106122722,W2900569176,A5106122722,middle,0,4
authored_by:publication:W2900569176->person:A5050318013,authored_by,publication:W2900569176,person:A5050318013,W2900569176,A5050318013,middle,0,5
authored_by:publication:W2900569176->person:A5072338334,authored_by,publication:W2900569176,person:A5072338334,W2900569176,A5072338334,middle,0,6
authored_by:publication:W2900569176->person:A5103353640,authored_by,publication:W2900569176,person:A5103353640,W2900569176,A5103353640,middle,0,7
authored_by:publication:W2900569176->person:A5054399637,authored_by,publication:W2900569176,person:A5054399637,W2900569176,A5054399637,middle,0,8
authored_by:publication:W2900569176->person:A5074309419,authored_by,publication:W2900569176,person:A5074309419,W2900569176,A5074309419,middle,1,9
authored_by:publication:W2900569176->person:A5005772961,authored_by,publication:W2900569176,person:A5005772961,W2900569176,A5005772961,middle,1,10
authored_by:publication:W2900569176->person:A5000334281,authored_by,publication:W2900569176,person:A5000334281,W2900569176,A5000334281,last,1,11
authored_by:publication:W2146512944->person:A5015434839,authored_by,publication:W2146512944,person:A5015434839,W2146512944,A5015434839,first,0,0
authored_by:publication:W2146512944->person:A5027183726,authored_by,publication:W2146512944,person:A5027183726,W2146512944,A5027183726,middle,0,1
authored_by:publication:W2146512944->person:A5101454129,authored_by,publication:W2146512944,person:A5101454129,W2146512944,A5101454129,middle,0,2
authored_by:publication:W2146512944->person:A5102946135,authored_by,publication:W2146512944,person:A5102946135,W2146512944,A5102946135,middle,0,3
authored_by:publication:W2146512944->person:A5006353479,authored_by,publication:W2146512944,person:A5006353479,W2146512944,A5006353479,middle,0,4
authored_by:publication:W2146512944->person:A5076240767,authored_by,publication:W2146512944,person:A5076240767,W2146512944,A5076240767,middle,0,5
authored_by:publication:W2146512944->person:A5054704071,authored_by,publication:W2146512944,person:A5054704071,W2146512944,A5054704071,last,1,6
authored_by:publication:W2034285706->person:A5079683358,authored_by,publication:W2034285706,person:A5079683358,W2034285706,A5079683358,first,1,0
authored_by:publication:W2034285706->person:A5003436229,authored_by,publication:W2034285706,person:A5003436229,W2034285706,A5003436229,middle,0,1
authored_by:publication:W2034285706->person:A5091885910,authored_by,publication:W2034285706,person:A5091885910,W2034285706,A5091885910,middle,0,2
authored_by:publication:W2034285706->person:A5040236033,authored_by,publication:W2034285706,person:A5040236033,W2034285706,A5040236033,middle,0,3
authored_by:publication:W2034285706->person:A5056910945,authored_by,publication:W2034285706,person:A5056910945,W2034285706,A5056910945,middle,0,4
authored_by:publication:W2034285706->person:A5073935114,authored_by,publication:W2034285706,person:A5073935114,W2034285706,A5073935114,middle,0,5
authored_by:publication:W2034285706->person:A5040031141,authored_by,publication:W2034285706,person:A5040031141,W2034285706,A5040031141,middle,0,6
authored_by:publication:W2034285706->person:A5091470163,authored_by,publication:W2034285706,person:A5091470163,W2034285706,A5091470163,last,0,7
authored_by:publication:W2132926880->person:A5077667471,authored_by,publication:W2132926880,person:A5077667471,W2132926880,A5077667471,first,1,0
authored_by:publication:W2127774996->person:A5064063992,authored_by,publication:W2127774996,person:A5064063992,W2127774996,A5064063992,first,1,0
authored_by:publication:W2108244474->person:A5032653169,authored_by,publication:W2108244474,person:A5032653169,W2108244474,A5032653169,first,1,0
authored_by:publication:W4294216483->person:A5058022821,authored_by,publication:W4294216483,person:A5058022821,W4294216483,A5058022821,first,1,0
authored_by:publication:W2130479394->person:A5071896859,authored_by,publication:W2130479394,person:A5071896859,W2130479394,A5071896859,first,1,0
authored_by:publication:W2159482845->person:A5006518349,authored_by,publication:W2159482845,person:A5006518349,W2159482845,A5006518349,first,0,0
authored_by:publication:W2159482845->person:A5102872908,authored_by,publication:W2159482845,person:A5102872908,W2159482845,A5102872908,middle,0,1
authored_by:publication:W2159482845->person:A5111977275,authored_by,publication:W2159482845,person:A5111977275,W2159482845,A5111977275,middle,0,2
authored_by:publication:W2159482845->person:A5027636639,authored_by,publication:W2159482845,person:A5027636639,W2159482845,A5027636639,middle,0,3
authored_by:publication:W2159482845->person:A5079934306,authored_by,publication:W2159482845,person:A5079934306,W2159482845,A5079934306,middle,0,4
authored_by:publication:W2159482845->person:A5058022821,authored_by,publication:W2159482845,person:A5058022821,W2159482845,A5058022821,last,1,5
authored_by:publication:W2158714788->person:A5015061000,authored_by,publication:W2158714788,person:A5015061000,W2158714788,A5015061000,first,1,0
authored_by:publication:W2097382368->person:A5039921905,authored_by,publication:W2097382368,person:A5039921905,W2097382368,A5039921905,first,1,0
authored_by:publication:W2106882534->person:A5039921905,authored_by,publication:W2106882534,person:A5039921905,W2106882534,A5039921905,first,1,0
authored_by:publication:W2106882534->person:A5090607558,authored_by,publication:W2106882534,person:A5090607558,W2106882534,A5090607558,middle,0,1
authored_by:publication:W2106882534->person:A5004328524,authored_by,publication:W2106882534,person:A5004328524,W2106882534,A5004328524,last,0,2
authored_by:publication:W2118094114->person:A5112837268,authored_by,publication:W2118094114,person:A5112837268,W2118094114,A5112837268,first,1,0
authored_by:publication:W2118094114->person:A5051025823,authored_by,publication:W2118094114,person:A5051025823,W2118094114,A5051025823,middle,0,1
authored_by:publication:W2118094114->person:A5064346520,authored_by,publication:W2118094114,person:A5064346520,W2118094114,A5064346520,last,0,2
authored_by:publication:W1483247593->person:A5103822389,authored_by,publication:W1483247593,person:A5103822389,W1483247593,A5103822389,first,1,0
authored_by:publication:W2169528473->person:A5059624154,authored_by,publication:W2169528473,person:A5059624154,W2169528473,A5059624154,first,1,0
authored_by:publication:W2122328334->person:A5022725575,authored_by,publication:W2122328334,person:A5022725575,W2122328334,A5022725575,first,1,0
authored_by:publication:W2122328334->person:A5053818126,authored_by,publication:W2122328334,person:A5053818126,W2122328334,A5053818126,last,0,1
authored_by:publication:W2146691185->person:A5044483808,authored_by,publication:W2146691185,person:A5044483808,W2146691185,A5044483808,first,1,0
authored_by:publication:W2146691185->person:A5108677812,authored_by,publication:W2146691185,person:A5108677812,W2146691185,A5108677812,middle,0,1
authored_by:publication:W2146691185->person:A5028138468,authored_by,publication:W2146691185,person:A5028138468,W2146691185,A5028138468,last,0,2
authored_by:publication:W2398350456->person:A5055491450,authored_by,publication:W2398350456,person:A5055491450,W2398350456,A5055491450,first,1,0
authored_by:publication:W2398350456->person:A5063158693,authored_by,publication:W2398350456,person:A5063158693,W2398350456,A5063158693,last,0,1
authored_by:publication:W2035618305->person:A5027320896,authored_by,publication:W2035618305,person:A5027320896,W2035618305,A5027320896,first,0,0
authored_by:publication:W2035618305->person:A5018109589,authored_by,publication:W2035618305,person:A5018109589,W2035618305,A5018109589,middle,0,1
authored_by:publication:W2035618305->person:A5101869812,authored_by,publication:W2035618305,person:A5101869812,W2035618305,A5101869812,middle,0,2
authored_by:publication:W2035618305->person:A5100646656,authored_by,publication:W2035618305,person:A5100646656,W2035618305,A5100646656,last,1,3
authored_by:publication:W2132454116->person:A5037302894,authored_by,publication:W2132454116,person:A5037302894,W2132454116,A5037302894,first,1,0
authored_by:publication:W2164284962->person:A5108337915,authored_by,publication:W2164284962,person:A5108337915,W2164284962,A5108337915,first,1,0
authored_by:publication:W2099697766->person:A5038084567,authored_by,publication:W2099697766,person:A5038084567,W2099697766,A5038084567,first,1,0
authored_by:publication:W3196369884->person:A5072219728,authored_by,publication:W3196369884,person:A5072219728,W3196369884,A5072219728,first,1,0
authored_by:publication:W2121393013->person:A5074824731,authored_by,publication:W2121393013,person:A5074824731,W2121393013,A5074824731,first,1,0
authored_by:publication:W2121393013->person:A5111374375,authored_by,publication:W2121393013,person:A5111374375,W2121393013,A5111374375,last,0,1
authored_by:publication:W2183707334->person:A5039190318,authored_by,publication:W2183707334,person:A5039190318,W2183707334,A5039190318,first,1,0
authored_by:publication:W2183707334->person:A5057413819,authored_by,publication:W2183707334,person:A5057413819,W2183707334,A5057413819,middle,0,1
authored_by:publication:W2183707334->person:A5033773211,authored_by,publication:W2183707334,person:A5033773211,W2183707334,A5033773211,last,0,2
authored_by:publication:W1781458262->person:A5111487468,authored_by,publication:W1781458262,person:A5111487468,W1781458262,A5111487468,first,1,0
authored_by:publication:W2158698691->person:A5039764415,authored_by,publication:W2158698691,person:A5039764415,W2158698691,A5039764415,first,1,0
authored_by:publication:W2101157755->person:A5060838905,authored_by,publication:W2101157755,person:A5060838905,W2101157755,A5060838905,first,1,0
authored_by:publication:W2009667219->person:A5008093964,authored_by,publication:W2009667219,person:A5008093964,W2009667219,A5008093964,first,1,0
authored_by:publication:W2009667219->person:A5028004517,authored_by,publication:W2009667219,person:A5028004517,W2009667219,A5028004517,middle,0,1
authored_by:publication:W2009667219->person:A5027089376,authored_by,publication:W2009667219,person:A5027089376,W2009667219,A5027089376,middle,0,2
authored_by:publication:W2009667219->person:A5054049925,authored_by,publication:W2009667219,person:A5054049925,W2009667219,A5054049925,middle,0,3
authored_by:publication:W2009667219->person:A5051541998,authored_by,publication:W2009667219,person:A5051541998,W2009667219,A5051541998,last,0,4
authored_by:publication:W2567289819->person:A5097863766,authored_by,publication:W2567289819,person:A5097863766,W2567289819,A5097863766,first,1,0
authored_by:publication:W1988091937->person:A5020738851,authored_by,publication:W1988091937,person:A5020738851,W1988091937,A5020738851,first,1,0
authored_by:publication:W1988091937->person:A5035042552,authored_by,publication:W1988091937,person:A5035042552,W1988091937,A5035042552,last,0,1
authored_by:publication:W2230728100->person:A5015070406,authored_by,publication:W2230728100,person:A5015070406,W2230728100,A5015070406,first,1,0
authored_by:publication:W2230728100->person:A5083898018,authored_by,publication:W2230728100,person:A5083898018,W2230728100,A5083898018,last,0,1
authored_by:publication:W1986407511->person:A5083138872,authored_by,publication:W1986407511,person:A5083138872,W1986407511,A5083138872,first,1,0
authored_by:publication:W1986407511->person:A5084379194,authored_by,publication:W1986407511,person:A5084379194,W1986407511,A5084379194,middle,0,1
authored_by:publication:W1986407511->person:A5110106506,authored_by,publication:W1986407511,person:A5110106506,W1986407511,A5110106506,last,0,2
authored_by:publication:W1981368803->person:A5014987686,authored_by,publication:W1981368803,person:A5014987686,W1981368803,A5014987686,first,1,0
authored_by:publication:W1981368803->person:A5082307304,authored_by,publication:W1981368803,person:A5082307304,W1981368803,A5082307304,middle,0,1
authored_by:publication:W1981368803->person:A5053648717,authored_by,publication:W1981368803,person:A5053648717,W1981368803,A5053648717,last,0,2
authored_by:publication:W2086957099->person:A5015077264,authored_by,publication:W2086957099,person:A5015077264,W2086957099,A5015077264,first,1,0
authored_by:publication:W1991794210->person:A5073258256,authored_by,publication:W1991794210,person:A5073258256,W1991794210,A5073258256,first,1,0
authored_by:publication:W1979544533->person:A5019751186,authored_by,publication:W1979544533,person:A5019751186,W1979544533,A5019751186,first,1,0
authored_by:publication:W1979544533->person:A5063903403,authored_by,publication:W1979544533,person:A5063903403,W1979544533,A5063903403,last,0,1
authored_by:publication:W2083222334->person:A5019751186,authored_by,publication:W2083222334,person:A5019751186,W2083222334,A5019751186,first,1,0
authored_by:publication:W2083222334->person:A5062208820,authored_by,publication:W2083222334,person:A5062208820,W2083222334,A5062208820,last,0,1
authored_by:publication:W2087698390->person:A5019751186,authored_by,publication:W2087698390,person:A5019751186,W2087698390,A5019751186,first,1,0
authored_by:publication:W2087698390->person:A5111532035,authored_by,publication:W2087698390,person:A5111532035,W2087698390,A5111532035,last,0,1
authored_by:publication:W1970127494->person:A5030965628,authored_by,publication:W1970127494,person:A5030965628,W1970127494,A5030965628,first,1,0
authored_by:publication:W2079105963->person:A5019751186,authored_by,publication:W2079105963,person:A5019751186,W2079105963,A5019751186,first,1,0
authored_by:publication:W2079105963->person:A5111532035,authored_by,publication:W2079105963,person:A5111532035,W2079105963,A5111532035,last,0,1
authored_by:publication:W1998866028->person:A5014987686,authored_by,publication:W1998866028,person:A5014987686,W1998866028,A5014987686,first,1,0
authored_by:publication:W1998866028->person:A5060276863,authored_by,publication:W1998866028,person:A5060276863,W1998866028,A5060276863,middle,0,1
authored_by:publication:W1998866028->person:A5067673309,authored_by,publication:W1998866028,person:A5067673309,W1998866028,A5067673309,middle,0,2
authored_by:publication:W1998866028->person:A5020941997,authored_by,publication:W1998866028,person:A5020941997,W1998866028,A5020941997,middle,0,3
authored_by:publication:W1998866028->person:A5067593473,authored_by,publication:W1998866028,person:A5067593473,W1998866028,A5067593473,middle,0,4
authored_by:publication:W1998866028->person:A5037189706,authored_by,publication:W1998866028,person:A5037189706,W1998866028,A5037189706,middle,0,5
authored_by:publication:W1998866028->person:A5033943944,authored_by,publication:W1998866028,person:A5033943944,W1998866028,A5033943944,last,0,6
authored_by:publication:W2049079467->person:A5014987686,authored_by,publication:W2049079467,person:A5014987686,W2049079467,A5014987686,first,1,0
authored_by:publication:W2049079467->person:A5036860312,authored_by,publication:W2049079467,person:A5036860312,W2049079467,A5036860312,last,0,1
authored_by:publication:W3206606417->person:A5014987686,authored_by,publication:W3206606417,person:A5014987686,W3206606417,A5014987686,first,1,0
authored_by:publication:W3206606417->person:A5060276863,authored_by,publication:W3206606417,person:A5060276863,W3206606417,A5060276863,middle,0,1
authored_by:publication:W3206606417->person:A5067673309,authored_by,publication:W3206606417,person:A5067673309,W3206606417,A5067673309,middle,0,2
authored_by:publication:W3206606417->person:A5020941997,authored_by,publication:W3206606417,person:A5020941997,W3206606417,A5020941997,middle,0,3
authored_by:publication:W3206606417->person:A5067593473,authored_by,publication:W3206606417,person:A5067593473,W3206606417,A5067593473,middle,0,4
authored_by:publication:W3206606417->person:A5023765609,authored_by,publication:W3206606417,person:A5023765609,W3206606417,A5023765609,middle,0,5
authored_by:publication:W3206606417->person:A5033943944,authored_by,publication:W3206606417,person:A5033943944,W3206606417,A5033943944,last,0,6
authored_by:publication:W2045596260->person:A5070202325,authored_by,publication:W2045596260,person:A5070202325,W2045596260,A5070202325,first,1,0
authored_by:publication:W2045596260->person:A5060196156,authored_by,publication:W2045596260,person:A5060196156,W2045596260,A5060196156,last,0,1
authored_by:publication:W2087585288->person:A5000393220,authored_by,publication:W2087585288,person:A5000393220,W2087585288,A5000393220,first,1,0
authored_by:publication:W2023271753->person:A5049788468,authored_by,publication:W2023271753,person:A5049788468,W2023271753,A5049788468,first,1,0
authored_by:publication:W2023271753->person:A5019365851,authored_by,publication:W2023271753,person:A5019365851,W2023271753,A5019365851,middle,0,1
authored_by:publication:W2023271753->person:A5009013437,authored_by,publication:W2023271753,person:A5009013437,W2023271753,A5009013437,last,0,2
authored_by:publication:W2030687437->person:A5014987686,authored_by,publication:W2030687437,person:A5014987686,W2030687437,A5014987686,first,1,0
authored_by:publication:W2052637367->person:A5014987686,authored_by,publication:W2052637367,person:A5014987686,W2052637367,A5014987686,first,1,0
authored_by:publication:W2052637367->person:A5007886751,authored_by,publication:W2052637367,person:A5007886751,W2052637367,A5007886751,last,0,1
authored_by:publication:W2036113194->person:A5082036603,authored_by,publication:W2036113194,person:A5082036603,W2036113194,A5082036603,first,1,0
authored_by:publication:W2036113194->person:A5042828879,authored_by,publication:W2036113194,person:A5042828879,W2036113194,A5042828879,last,0,1
authored_by:publication:W2083926174->person:A5046745038,authored_by,publication:W2083926174,person:A5046745038,W2083926174,A5046745038,first,1,0
authored_by:publication:W2083926174->person:A5080304823,authored_by,publication:W2083926174,person:A5080304823,W2083926174,A5080304823,last,0,1
authored_by:publication:W2753533763->person:A5102738088,authored_by,publication:W2753533763,person:A5102738088,W2753533763,A5102738088,first,1,0
authored_by:publication:W2753533763->person:A5109867375,authored_by,publication:W2753533763,person:A5109867375,W2753533763,A5109867375,last,0,1
authored_by:publication:W2024556021->person:A5053356367,authored_by,publication:W2024556021,person:A5053356367,W2024556021,A5053356367,first,1,0
authored_by:publication:W2024556021->person:A5014796220,authored_by,publication:W2024556021,person:A5014796220,W2024556021,A5014796220,last,0,1
authored_by:publication:W2028823348->person:A5113780239,authored_by,publication:W2028823348,person:A5113780239,W2028823348,A5113780239,first,1,0
authored_by:publication:W2028823348->person:A5068381373,authored_by,publication:W2028823348,person:A5068381373,W2028823348,A5068381373,middle,0,1
authored_by:publication:W2028823348->person:A5073097332,authored_by,publication:W2028823348,person:A5073097332,W2028823348,A5073097332,last,0,2
authored_by:publication:W1974907033->person:A5049187779,authored_by,publication:W1974907033,person:A5049187779,W1974907033,A5049187779,first,1,0
authored_by:publication:W3038568908->person:A5039600762,authored_by,publication:W3038568908,person:A5039600762,W3038568908,A5039600762,first,1,0
authored_by:publication:W3038568908->person:W3038568908-person-1,authored_by,publication:W3038568908,person:W3038568908-person-1,W3038568908,W3038568908-person-1,last,0,1
authored_by:publication:W4294215472->person:A5068353058,authored_by,publication:W4294215472,person:A5068353058,W4294215472,A5068353058,first,1,0
authored_by:publication:W4294215472->person:A5113499690,authored_by,publication:W4294215472,person:A5113499690,W4294215472,A5113499690,middle,0,1
authored_by:publication:W4294215472->person:A5076572041,authored_by,publication:W4294215472,person:A5076572041,W4294215472,A5076572041,middle,0,2
authored_by:publication:W4294215472->person:A5042962646,authored_by,publication:W4294215472,person:A5042962646,W4294215472,A5042962646,middle,0,3
authored_by:publication:W4294215472->person:W4294215472-person-4,authored_by,publication:W4294215472,person:W4294215472-person-4,W4294215472,W4294215472-person-4,last,0,4
authored_by:publication:W3022903699->person:A5113499690,authored_by,publication:W3022903699,person:A5113499690,W3022903699,A5113499690,first,1,0
authored_by:publication:W3022903699->person:A5042962646,authored_by,publication:W3022903699,person:A5042962646,W3022903699,A5042962646,middle,1,1
authored_by:publication:W3022903699->person:A5076572041,authored_by,publication:W3022903699,person:A5076572041,W3022903699,A5076572041,middle,1,2
authored_by:publication:W3022903699->person:A5031204654,authored_by,publication:W3022903699,person:A5031204654,W3022903699,A5031204654,middle,1,3
authored_by:publication:W3022903699->person:A5002375158,authored_by,publication:W3022903699,person:A5002375158,W3022903699,A5002375158,middle,1,4
authored_by:publication:W3022903699->person:A5070446713,authored_by,publication:W3022903699,person:A5070446713,W3022903699,A5070446713,middle,1,5
authored_by:publication:W3022903699->person:A5068789733,authored_by,publication:W3022903699,person:A5068789733,W3022903699,A5068789733,middle,1,6
authored_by:publication:W3022903699->person:A5040874215,authored_by,publication:W3022903699,person:A5040874215,W3022903699,A5040874215,middle,1,7
authored_by:publication:W3022903699->person:A5065584931,authored_by,publication:W3022903699,person:A5065584931,W3022903699,A5065584931,middle,1,8
authored_by:publication:W3022903699->person:A5068353058,authored_by,publication:W3022903699,person:A5068353058,W3022903699,A5068353058,last,1,9
authored_by:publication:W2599076725->person:A5054799659,authored_by,publication:W2599076725,person:A5054799659,W2599076725,A5054799659,first,1,0
authored_by:publication:W2599076725->person:A5042962646,authored_by,publication:W2599076725,person:A5042962646,W2599076725,A5042962646,middle,0,1
authored_by:publication:W2599076725->person:A5077161809,authored_by,publication:W2599076725,person:A5077161809,W2599076725,A5077161809,middle,0,2
authored_by:publication:W2599076725->person:A5023436129,authored_by,publication:W2599076725,person:A5023436129,W2599076725,A5023436129,middle,0,3
authored_by:publication:W2599076725->person:A5002375158,authored_by,publication:W2599076725,person:A5002375158,W2599076725,A5002375158,middle,0,4
authored_by:publication:W2599076725->person:A5014844709,authored_by,publication:W2599076725,person:A5014844709,W2599076725,A5014844709,middle,0,5
authored_by:publication:W2599076725->person:W2599076725-person-6,authored_by,publication:W2599076725,person:W2599076725-person-6,W2599076725,W2599076725-person-6,last,0,6
authored_by:publication:W2056279562->person:A5050867199,authored_by,publication:W2056279562,person:A5050867199,W2056279562,A5050867199,first,0,0
authored_by:publication:W2056279562->person:A5003674456,authored_by,publication:W2056279562,person:A5003674456,W2056279562,A5003674456,last,1,1
authored_by:publication:W2031611770->person:A5072368469,authored_by,publication:W2031611770,person:A5072368469,W2031611770,A5072368469,first,1,0
authored_by:publication:W2031611770->person:A5013558711,authored_by,publication:W2031611770,person:A5013558711,W2031611770,A5013558711,middle,0,1
authored_by:publication:W2031611770->person:A5066623854,authored_by,publication:W2031611770,person:A5066623854,W2031611770,A5066623854,last,0,2
authored_by:publication:W3120106258->person:W3120106258-person-0,authored_by,publication:W3120106258,person:W3120106258-person-0,W3120106258,W3120106258-person-0,first,1,0
authored_by:publication:W2155648052->person:A5112615448,authored_by,publication:W2155648052,person:A5112615448,W2155648052,A5112615448,first,1,0
authored_by:publication:W2112796928->person:A5001226970,authored_by,publication:W2112796928,person:A5001226970,W2112796928,A5001226970,first,1,0
authored_by:publication:W2112796928->person:A5019206666,authored_by,publication:W2112796928,person:A5019206666,W2112796928,A5019206666,middle,0,1
authored_by:publication:W2112796928->person:A5086198262,authored_by,publication:W2112796928,person:A5086198262,W2112796928,A5086198262,middle,0,2
authored_by:publication:W2112796928->person:A5026605560,authored_by,publication:W2112796928,person:A5026605560,W2112796928,A5026605560,last,0,3
authored_by:publication:W2125838338->person:A5110218997,authored_by,publication:W2125838338,person:A5110218997,W2125838338,A5110218997,first,1,0
authored_by:publication:W2130410032->person:A5109532899,authored_by,publication:W2130410032,person:A5109532899,W2130410032,A5109532899,first,1,0
authored_by:publication:W2130410032->person:A5017114712,authored_by,publication:W2130410032,person:A5017114712,W2130410032,A5017114712,middle,0,1
authored_by:publication:W2130410032->person:A5068971521,authored_by,publication:W2130410032,person:A5068971521,W2130410032,A5068971521,middle,0,2
authored_by:publication:W2130410032->person:A5014241799,authored_by,publication:W2130410032,person:A5014241799,W2130410032,A5014241799,middle,0,3
authored_by:publication:W2130410032->person:A5070668676,authored_by,publication:W2130410032,person:A5070668676,W2130410032,A5070668676,middle,0,4
authored_by:publication:W2130410032->person:A5065488391,authored_by,publication:W2130410032,person:A5065488391,W2130410032,A5065488391,middle,0,5
authored_by:publication:W2130410032->person:A5022925020,authored_by,publication:W2130410032,person:A5022925020,W2130410032,A5022925020,middle,0,6
authored_by:publication:W2130410032->person:A5018379179,authored_by,publication:W2130410032,person:A5018379179,W2130410032,A5018379179,middle,0,7
authored_by:publication:W2130410032->person:A5001449157,authored_by,publication:W2130410032,person:A5001449157,W2130410032,A5001449157,middle,0,8
authored_by:publication:W2130410032->person:A5020748592,authored_by,publication:W2130410032,person:A5020748592,W2130410032,A5020748592,middle,0,9
authored_by:publication:W2130410032->person:A5077622597,authored_by,publication:W2130410032,person:A5077622597,W2130410032,A5077622597,last,0,10
authored_by:publication:W1971421925->person:A5017906200,authored_by,publication:W1971421925,person:A5017906200,W1971421925,A5017906200,first,1,0
authored_by:publication:W1971421925->person:A5067142016,authored_by,publication:W1971421925,person:A5067142016,W1971421925,A5067142016,last,0,1
authored_by:publication:W2150926065->person:A5068063822,authored_by,publication:W2150926065,person:A5068063822,W2150926065,A5068063822,first,0,0
authored_by:publication:W2150926065->person:A5044658654,authored_by,publication:W2150926065,person:A5044658654,W2150926065,A5044658654,middle,0,1
authored_by:publication:W2150926065->person:A5065906655,authored_by,publication:W2150926065,person:A5065906655,W2150926065,A5065906655,middle,0,2
authored_by:publication:W2150926065->person:A5077542898,authored_by,publication:W2150926065,person:A5077542898,W2150926065,A5077542898,last,1,3
authored_by:publication:W2128084896->person:A5001584643,authored_by,publication:W2128084896,person:A5001584643,W2128084896,A5001584643,first,1,0
authored_by:publication:W2101108802->person:A5090187752,authored_by,publication:W2101108802,person:A5090187752,W2101108802,A5090187752,first,1,0
authored_by:publication:W2101108802->person:A5112012171,authored_by,publication:W2101108802,person:A5112012171,W2101108802,A5112012171,middle,0,1
authored_by:publication:W2101108802->person:A5111758369,authored_by,publication:W2101108802,person:A5111758369,W2101108802,A5111758369,last,0,2
authored_by:publication:W2138270253->person:A5114007683,authored_by,publication:W2138270253,person:A5114007683,W2138270253,A5114007683,first,1,0
authored_by:publication:W2138270253->person:A5035256244,authored_by,publication:W2138270253,person:A5035256244,W2138270253,A5035256244,middle,0,1
authored_by:publication:W2138270253->person:A5110225174,authored_by,publication:W2138270253,person:A5110225174,W2138270253,A5110225174,last,0,2
authored_by:publication:W2007221293->person:A5110969892,authored_by,publication:W2007221293,person:A5110969892,W2007221293,A5110969892,first,1,0
authored_by:publication:W2007221293->person:A5017751512,authored_by,publication:W2007221293,person:A5017751512,W2007221293,A5017751512,middle,0,1
authored_by:publication:W2007221293->person:A5021398871,authored_by,publication:W2007221293,person:A5021398871,W2007221293,A5021398871,middle,0,2
authored_by:publication:W2007221293->person:A5102093613,authored_by,publication:W2007221293,person:A5102093613,W2007221293,A5102093613,middle,0,3
authored_by:publication:W2007221293->person:A5108422079,authored_by,publication:W2007221293,person:A5108422079,W2007221293,A5108422079,middle,0,4
authored_by:publication:W2007221293->person:A5053140466,authored_by,publication:W2007221293,person:A5053140466,W2007221293,A5053140466,middle,0,5
authored_by:publication:W2007221293->person:A5111832890,authored_by,publication:W2007221293,person:A5111832890,W2007221293,A5111832890,middle,0,6
authored_by:publication:W2007221293->person:A5111508374,authored_by,publication:W2007221293,person:A5111508374,W2007221293,A5111508374,middle,0,7
authored_by:publication:W2007221293->person:A5055215439,authored_by,publication:W2007221293,person:A5055215439,W2007221293,A5055215439,last,0,8
authored_by:publication:W2112017750->person:A5046852323,authored_by,publication:W2112017750,person:A5046852323,W2112017750,A5046852323,first,0,0
authored_by:publication:W2112017750->person:A5022819682,authored_by,publication:W2112017750,person:A5022819682,W2112017750,A5022819682,last,1,1
authored_by:publication:W2151487996->person:A5110001536,authored_by,publication:W2151487996,person:A5110001536,W2151487996,A5110001536,first,1,0
authored_by:publication:W2151487996->person:A5064264687,authored_by,publication:W2151487996,person:A5064264687,W2151487996,A5064264687,middle,0,1
authored_by:publication:W2151487996->person:A5113607747,authored_by,publication:W2151487996,person:A5113607747,W2151487996,A5113607747,middle,0,2
authored_by:publication:W2151487996->person:A5009219340,authored_by,publication:W2151487996,person:A5009219340,W2151487996,A5009219340,middle,0,3
authored_by:publication:W2151487996->person:A5109076248,authored_by,publication:W2151487996,person:A5109076248,W2151487996,A5109076248,last,0,4
authored_by:publication:W2081155210->person:A5083945877,authored_by,publication:W2081155210,person:A5083945877,W2081155210,A5083945877,first,1,0
authored_by:publication:W2081155210->person:A5071679701,authored_by,publication:W2081155210,person:A5071679701,W2081155210,A5071679701,last,0,1
authored_by:publication:W2037557484->person:A5013165905,authored_by,publication:W2037557484,person:A5013165905,W2037557484,A5013165905,first,1,0
authored_by:publication:W2018201949->person:A5065916093,authored_by,publication:W2018201949,person:A5065916093,W2018201949,A5065916093,first,1,0
authored_by:publication:W2122912498->person:A5101509249,authored_by,publication:W2122912498,person:A5101509249,W2122912498,A5101509249,first,1,0
authored_by:publication:W2122912498->person:A5038025961,authored_by,publication:W2122912498,person:A5038025961,W2122912498,A5038025961,last,0,1
authored_by:publication:W2055461003->person:A5019172558,authored_by,publication:W2055461003,person:A5019172558,W2055461003,A5019172558,first,1,0
authored_by:publication:W2055461003->person:A5011300391,authored_by,publication:W2055461003,person:A5011300391,W2055461003,A5011300391,last,0,1
authored_by:publication:W2149608872->person:A5065916093,authored_by,publication:W2149608872,person:A5065916093,W2149608872,A5065916093,first,1,0
authored_by:publication:W2149608872->person:A5025500757,authored_by,publication:W2149608872,person:A5025500757,W2149608872,A5025500757,last,0,1
authored_by:publication:W2141403362->person:A5058047443,authored_by,publication:W2141403362,person:A5058047443,W2141403362,A5058047443,first,1,0
authored_by:publication:W2141403362->person:A5021008604,authored_by,publication:W2141403362,person:A5021008604,W2141403362,A5021008604,last,0,1
authored_by:publication:W2024509488->person:A5110292390,authored_by,publication:W2024509488,person:A5110292390,W2024509488,A5110292390,first,1,0
authored_by:publication:W2024509488->person:A5060645271,authored_by,publication:W2024509488,person:A5060645271,W2024509488,A5060645271,last,0,1
authored_by:publication:W2122517769->person:A5004154542,authored_by,publication:W2122517769,person:A5004154542,W2122517769,A5004154542,first,1,0
authored_by:publication:W2122517769->person:A5001390698,authored_by,publication:W2122517769,person:A5001390698,W2122517769,A5001390698,last,0,1
authored_by:publication:W1984314602->person:A5110670884,authored_by,publication:W1984314602,person:A5110670884,W1984314602,A5110670884,first,1,0
authored_by:publication:W2097780989->person:A5020076556,authored_by,publication:W2097780989,person:A5020076556,W2097780989,A5020076556,first,1,0
authored_by:publication:W2097780989->person:A5025375729,authored_by,publication:W2097780989,person:A5025375729,W2097780989,A5025375729,last,0,1
authored_by:publication:W4292808503->person:W4292808503-person-0,authored_by,publication:W4292808503,person:W4292808503-person-0,W4292808503,W4292808503-person-0,first,1,0
authored_by:publication:W2134049139->person:A5110910530,authored_by,publication:W2134049139,person:A5110910530,W2134049139,A5110910530,first,1,0
authored_by:publication:W2579555219->person:A5110670884,authored_by,publication:W2579555219,person:A5110670884,W2579555219,A5110670884,first,1,0
authored_by:publication:W4292542163->person:A5109091920,authored_by,publication:W4292542163,person:A5109091920,W4292542163,A5109091920,first,1,0
authored_by:publication:W2159401492->person:A5028378139,authored_by,publication:W2159401492,person:A5028378139,W2159401492,A5028378139,first,1,0
authored_by:publication:W2159401492->person:A5028378139,authored_by,publication:W2159401492,person:A5028378139,W2159401492,A5028378139,middle,0,1
authored_by:publication:W2159401492->person:A5108089949,authored_by,publication:W2159401492,person:A5108089949,W2159401492,A5108089949,middle,0,2
authored_by:publication:W2159401492->person:A5063923755,authored_by,publication:W2159401492,person:A5063923755,W2159401492,A5063923755,last,0,3
authored_by:publication:W2159306398->person:A5024894593,authored_by,publication:W2159306398,person:A5024894593,W2159306398,A5024894593,first,1,0
authored_by:publication:W2991792334->person:A5068353058,authored_by,publication:W2991792334,person:A5068353058,W2991792334,A5068353058,first,1,0
authored_by:publication:W2991792334->person:A5113499690,authored_by,publication:W2991792334,person:A5113499690,W2991792334,A5113499690,middle,0,1
authored_by:publication:W2991792334->person:A5076572041,authored_by,publication:W2991792334,person:A5076572041,W2991792334,A5076572041,middle,0,2
authored_by:publication:W2991792334->person:A5042962646,authored_by,publication:W2991792334,person:A5042962646,W2991792334,A5042962646,middle,0,3
authored_by:publication:W2991792334->person:W2991792334-person-4,authored_by,publication:W2991792334,person:W2991792334-person-4,W2991792334,W2991792334-person-4,last,0,4
authored_by:publication:W1964184380->person:W1964184380-person-0,authored_by,publication:W1964184380,person:W1964184380-person-0,W1964184380,W1964184380-person-0,first,1,0
authored_by:publication:W1964184380->person:W1964184380-person-1,authored_by,publication:W1964184380,person:W1964184380-person-1,W1964184380,W1964184380-person-1,middle,0,1
authored_by:publication:W1964184380->person:W1964184380-person-2,authored_by,publication:W1964184380,person:W1964184380-person-2,W1964184380,W1964184380-person-2,middle,0,2
authored_by:publication:W1964184380->person:W1964184380-person-3,authored_by,publication:W1964184380,person:W1964184380-person-3,W1964184380,W1964184380-person-3,middle,0,3
authored_by:publication:W1964184380->person:W1964184380-person-4,authored_by,publication:W1964184380,person:W1964184380-person-4,W1964184380,W1964184380-person-4,middle,0,4
authored_by:publication:W1964184380->person:W1964184380-person-5,authored_by,publication:W1964184380,person:W1964184380-person-5,W1964184380,W1964184380-person-5,middle,0,5
authored_by:publication:W1964184380->person:W1964184380-person-6,authored_by,publication:W1964184380,person:W1964184380-person-6,W1964184380,W1964184380-person-6,middle,0,6
authored_by:publication:W1964184380->person:W1964184380-person-7,authored_by,publication:W1964184380,person:W1964184380-person-7,W1964184380,W1964184380-person-7,middle,0,7
authored_by:publication:W1964184380->person:W1964184380-person-8,authored_by,publication:W1964184380,person:W1964184380-person-8,W1964184380,W1964184380-person-8,middle,0,8
authored_by:publication:W1964184380->person:W1964184380-person-9,authored_by,publication:W1964184380,person:W1964184380-person-9,W1964184380,W1964184380-person-9,middle,0,9
authored_by:publication:W1964184380->person:W1964184380-person-10,authored_by,publication:W1964184380,person:W1964184380-person-10,W1964184380,W1964184380-person-10,middle,0,10
authored_by:publication:W1964184380->person:W1964184380-person-11,authored_by,publication:W1964184380,person:W1964184380-person-11,W1964184380,W1964184380-person-11,middle,0,11
authored_by:publication:W1964184380->person:W1964184380-person-12,authored_by,publication:W1964184380,person:W1964184380-person-12,W1964184380,W1964184380-person-12,middle,0,12
authored_by:publication:W1964184380->person:W1964184380-person-13,authored_by,publication:W1964184380,person:W1964184380-person-13,W1964184380,W1964184380-person-13,middle,0,13
authored_by:publication:W1964184380->person:W1964184380-person-14,authored_by,publication:W1964184380,person:W1964184380-person-14,W1964184380,W1964184380-person-14,middle,0,14
authored_by:publication:W1964184380->person:W1964184380-person-15,authored_by,publication:W1964184380,person:W1964184380-person-15,W1964184380,W1964184380-person-15,last,0,15
authored_by:publication:W2037377025->person:A5073962608,authored_by,publication:W2037377025,person:A5073962608,W2037377025,A5073962608,first,1,0
authored_by:publication:W2037377025->person:A5005053706,authored_by,publication:W2037377025,person:A5005053706,W2037377025,A5005053706,last,0,1
authored_by:publication:W843007777->person:A5052174858,authored_by,publication:W843007777,person:A5052174858,W843007777,A5052174858,first,1,0
authored_by:publication:W843007777->person:A5028006288,authored_by,publication:W843007777,person:A5028006288,W843007777,A5028006288,middle,0,1
authored_by:publication:W843007777->person:A5013313042,authored_by,publication:W843007777,person:A5013313042,W843007777,A5013313042,middle,0,2
authored_by:publication:W843007777->person:A5103493080,authored_by,publication:W843007777,person:A5103493080,W843007777,A5103493080,middle,0,3
authored_by:publication:W843007777->person:A5024173189,authored_by,publication:W843007777,person:A5024173189,W843007777,A5024173189,middle,0,4
authored_by:publication:W843007777->person:A5037112503,authored_by,publication:W843007777,person:A5037112503,W843007777,A5037112503,middle,0,5
authored_by:publication:W843007777->person:A5112196810,authored_by,publication:W843007777,person:A5112196810,W843007777,A5112196810,last,0,6
authored_by:publication:W1980704616->person:A5013706446,authored_by,publication:W1980704616,person:A5013706446,W1980704616,A5013706446,first,1,0
authored_by:publication:W2142225512->person:A5091255592,authored_by,publication:W2142225512,person:A5091255592,W2142225512,A5091255592,first,1,0
authored_by:publication:W2142225512->person:A5069080391,authored_by,publication:W2142225512,person:A5069080391,W2142225512,A5069080391,last,0,1
authored_by:publication:W1979290264->person:A5054729605,authored_by,publication:W1979290264,person:A5054729605,W1979290264,A5054729605,first,1,0
authored_by:publication:W1979290264->person:A5045921227,authored_by,publication:W1979290264,person:A5045921227,W1979290264,A5045921227,last,0,1
authored_by:publication:W2950504429->person:A5054729605,authored_by,publication:W2950504429,person:A5054729605,W2950504429,A5054729605,first,0,0
authored_by:publication:W2950504429->person:A5045921227,authored_by,publication:W2950504429,person:A5045921227,W2950504429,A5045921227,last,1,1
authored_by:publication:W3025949386->person:A5051170302,authored_by,publication:W3025949386,person:A5051170302,W3025949386,A5051170302,first,1,0
authored_by:publication:W3025949386->person:A5015001509,authored_by,publication:W3025949386,person:A5015001509,W3025949386,A5015001509,middle,0,1
authored_by:publication:W3025949386->person:A5025954456,authored_by,publication:W3025949386,person:A5025954456,W3025949386,A5025954456,middle,0,2
authored_by:publication:W3025949386->person:A5052671847,authored_by,publication:W3025949386,person:A5052671847,W3025949386,A5052671847,middle,0,3
authored_by:publication:W3025949386->person:A5087576182,authored_by,publication:W3025949386,person:A5087576182,W3025949386,A5087576182,middle,0,4
authored_by:publication:W3025949386->person:A5049740980,authored_by,publication:W3025949386,person:A5049740980,W3025949386,A5049740980,middle,0,5
authored_by:publication:W3025949386->person:A5076677580,authored_by,publication:W3025949386,person:A5076677580,W3025949386,A5076677580,middle,0,6
authored_by:publication:W3025949386->person:A5088422081,authored_by,publication:W3025949386,person:A5088422081,W3025949386,A5088422081,middle,0,7
authored_by:publication:W3025949386->person:A5085254598,authored_by,publication:W3025949386,person:A5085254598,W3025949386,A5085254598,middle,0,8
authored_by:publication:W3025949386->person:A5079340690,authored_by,publication:W3025949386,person:A5079340690,W3025949386,A5079340690,middle,0,9
authored_by:publication:W3025949386->person:A5086244205,authored_by,publication:W3025949386,person:A5086244205,W3025949386,A5086244205,middle,0,10
authored_by:publication:W3025949386->person:A5060475316,authored_by,publication:W3025949386,person:A5060475316,W3025949386,A5060475316,middle,0,11
authored_by:publication:W3025949386->person:W3025949386-person-12,authored_by,publication:W3025949386,person:W3025949386-person-12,W3025949386,W3025949386-person-12,middle,0,12
authored_by:publication:W3025949386->person:A5018520453,authored_by,publication:W3025949386,person:A5018520453,W3025949386,A5018520453,middle,0,13
authored_by:publication:W3025949386->person:A5021304034,authored_by,publication:W3025949386,person:A5021304034,W3025949386,A5021304034,middle,0,14
authored_by:publication:W3025949386->person:A5005317955,authored_by,publication:W3025949386,person:A5005317955,W3025949386,A5005317955,middle,0,15
authored_by:publication:W3025949386->person:A5013657038,authored_by,publication:W3025949386,person:A5013657038,W3025949386,A5013657038,middle,0,16
authored_by:publication:W3025949386->person:A5038545789,authored_by,publication:W3025949386,person:A5038545789,W3025949386,A5038545789,middle,0,17
authored_by:publication:W3025949386->person:A5048323819,authored_by,publication:W3025949386,person:A5048323819,W3025949386,A5048323819,middle,0,18
authored_by:publication:W3025949386->person:A5058425683,authored_by,publication:W3025949386,person:A5058425683,W3025949386,A5058425683,middle,0,19
authored_by:publication:W3025949386->person:A5060417938,authored_by,publication:W3025949386,person:A5060417938,W3025949386,A5060417938,middle,0,20
authored_by:publication:W3025949386->person:A5019171397,authored_by,publication:W3025949386,person:A5019171397,W3025949386,A5019171397,middle,0,21
authored_by:publication:W3025949386->person:A5040608006,authored_by,publication:W3025949386,person:A5040608006,W3025949386,A5040608006,middle,0,22
authored_by:publication:W3025949386->person:A5020478929,authored_by,publication:W3025949386,person:A5020478929,W3025949386,A5020478929,middle,0,23
authored_by:publication:W3025949386->person:A5062518836,authored_by,publication:W3025949386,person:A5062518836,W3025949386,A5062518836,middle,0,24
authored_by:publication:W3025949386->person:A5012391383,authored_by,publication:W3025949386,person:A5012391383,W3025949386,A5012391383,middle,0,25
authored_by:publication:W3025949386->person:A5101728847,authored_by,publication:W3025949386,person:A5101728847,W3025949386,A5101728847,middle,0,26
authored_by:publication:W3025949386->person:A5022496698,authored_by,publication:W3025949386,person:A5022496698,W3025949386,A5022496698,middle,0,27
authored_by:publication:W3025949386->person:A5112530752,authored_by,publication:W3025949386,person:A5112530752,W3025949386,A5112530752,middle,0,28
authored_by:publication:W3025949386->person:A5027951850,authored_by,publication:W3025949386,person:A5027951850,W3025949386,A5027951850,middle,0,29
authored_by:publication:W3025949386->person:A5081199934,authored_by,publication:W3025949386,person:A5081199934,W3025949386,A5081199934,middle,0,30
authored_by:publication:W3025949386->person:A5033708738,authored_by,publication:W3025949386,person:A5033708738,W3025949386,A5033708738,middle,0,31
authored_by:publication:W3025949386->person:A5011616795,authored_by,publication:W3025949386,person:A5011616795,W3025949386,A5011616795,middle,0,32
authored_by:publication:W3025949386->person:A5088749134,authored_by,publication:W3025949386,person:A5088749134,W3025949386,A5088749134,middle,0,33
authored_by:publication:W3025949386->person:A5008668264,authored_by,publication:W3025949386,person:A5008668264,W3025949386,A5008668264,middle,0,34
authored_by:publication:W3025949386->person:A5024435893,authored_by,publication:W3025949386,person:A5024435893,W3025949386,A5024435893,middle,0,35
authored_by:publication:W3025949386->person:A5024245007,authored_by,publication:W3025949386,person:A5024245007,W3025949386,A5024245007,middle,0,36
authored_by:publication:W3025949386->person:A5016465897,authored_by,publication:W3025949386,person:A5016465897,W3025949386,A5016465897,middle,0,37
authored_by:publication:W3025949386->person:A5056408351,authored_by,publication:W3025949386,person:A5056408351,W3025949386,A5056408351,middle,0,38
authored_by:publication:W3025949386->person:A5018816610,authored_by,publication:W3025949386,person:A5018816610,W3025949386,A5018816610,middle,0,39
authored_by:publication:W3025949386->person:A5073268552,authored_by,publication:W3025949386,person:A5073268552,W3025949386,A5073268552,middle,0,40
authored_by:publication:W3025949386->person:A5023844474,authored_by,publication:W3025949386,person:A5023844474,W3025949386,A5023844474,middle,0,41
authored_by:publication:W3025949386->person:A5019775443,authored_by,publication:W3025949386,person:A5019775443,W3025949386,A5019775443,last,0,42
authored_by:publication:W2121745948->person:A5019171397,authored_by,publication:W2121745948,person:A5019171397,W2121745948,A5019171397,first,1,0
authored_by:publication:W2121745948->person:A5059712250,authored_by,publication:W2121745948,person:A5059712250,W2121745948,A5059712250,middle,0,1
authored_by:publication:W2121745948->person:A5086244205,authored_by,publication:W2121745948,person:A5086244205,W2121745948,A5086244205,middle,0,2
authored_by:publication:W2121745948->person:A5025954456,authored_by,publication:W2121745948,person:A5025954456,W2121745948,A5025954456,middle,0,3
authored_by:publication:W2121745948->person:A5006477339,authored_by,publication:W2121745948,person:A5006477339,W2121745948,A5006477339,middle,0,4
authored_by:publication:W2121745948->person:A5101968884,authored_by,publication:W2121745948,person:A5101968884,W2121745948,A5101968884,middle,0,5
authored_by:publication:W2121745948->person:A5058313508,authored_by,publication:W2121745948,person:A5058313508,W2121745948,A5058313508,middle,0,6
authored_by:publication:W2121745948->person:A5025245190,authored_by,publication:W2121745948,person:A5025245190,W2121745948,A5025245190,middle,0,7
authored_by:publication:W2121745948->person:A5021304034,authored_by,publication:W2121745948,person:A5021304034,W2121745948,A5021304034,middle,0,8
authored_by:publication:W2121745948->person:A5063590572,authored_by,publication:W2121745948,person:A5063590572,W2121745948,A5063590572,middle,0,9
authored_by:publication:W2121745948->person:A5005317955,authored_by,publication:W2121745948,person:A5005317955,W2121745948,A5005317955,middle,0,10
authored_by:publication:W2121745948->person:A5055141479,authored_by,publication:W2121745948,person:A5055141479,W2121745948,A5055141479,middle,0,11
authored_by:publication:W2121745948->person:A5089893731,authored_by,publication:W2121745948,person:A5089893731,W2121745948,A5089893731,middle,0,12
authored_by:publication:W2121745948->person:A5038545789,authored_by,publication:W2121745948,person:A5038545789,W2121745948,A5038545789,middle,0,13
authored_by:publication:W2121745948->person:A5066723581,authored_by,publication:W2121745948,person:A5066723581,W2121745948,A5066723581,middle,0,14
authored_by:publication:W2121745948->person:A5045522187,authored_by,publication:W2121745948,person:A5045522187,W2121745948,A5045522187,middle,0,15
authored_by:publication:W2121745948->person:A5020478929,authored_by,publication:W2121745948,person:A5020478929,W2121745948,A5020478929,middle,0,16
authored_by:publication:W2121745948->person:A5101728847,authored_by,publication:W2121745948,person:A5101728847,W2121745948,A5101728847,middle,0,17
authored_by:publication:W2121745948->person:A5022496698,authored_by,publication:W2121745948,person:A5022496698,W2121745948,A5022496698,middle,0,18
authored_by:publication:W2121745948->person:A5052469447,authored_by,publication:W2121745948,person:A5052469447,W2121745948,A5052469447,middle,0,19
authored_by:publication:W2121745948->person:A5027951850,authored_by,publication:W2121745948,person:A5027951850,W2121745948,A5027951850,middle,0,20
authored_by:publication:W2121745948->person:A5051170302,authored_by,publication:W2121745948,person:A5051170302,W2121745948,A5051170302,middle,0,21
authored_by:publication:W2121745948->person:A5033708738,authored_by,publication:W2121745948,person:A5033708738,W2121745948,A5033708738,middle,0,22
authored_by:publication:W2121745948->person:A5077553041,authored_by,publication:W2121745948,person:A5077553041,W2121745948,A5077553041,middle,0,23
authored_by:publication:W2121745948->person:A5070479555,authored_by,publication:W2121745948,person:A5070479555,W2121745948,A5070479555,middle,0,24
authored_by:publication:W2121745948->person:A5070440991,authored_by,publication:W2121745948,person:A5070440991,W2121745948,A5070440991,middle,0,25
authored_by:publication:W2121745948->person:A5039540503,authored_by,publication:W2121745948,person:A5039540503,W2121745948,A5039540503,middle,0,26
authored_by:publication:W2121745948->person:A5068060699,authored_by,publication:W2121745948,person:A5068060699,W2121745948,A5068060699,middle,0,27
authored_by:publication:W2121745948->person:A5089650299,authored_by,publication:W2121745948,person:A5089650299,W2121745948,A5089650299,middle,0,28
authored_by:publication:W2121745948->person:A5082500727,authored_by,publication:W2121745948,person:A5082500727,W2121745948,A5082500727,middle,0,29
authored_by:publication:W2121745948->person:A5007747377,authored_by,publication:W2121745948,person:A5007747377,W2121745948,A5007747377,middle,0,30
authored_by:publication:W2121745948->person:A5088422081,authored_by,publication:W2121745948,person:A5088422081,W2121745948,A5088422081,middle,0,31
authored_by:publication:W2121745948->person:A5056408351,authored_by,publication:W2121745948,person:A5056408351,W2121745948,A5056408351,middle,0,32
authored_by:publication:W2121745948->person:A5009335676,authored_by,publication:W2121745948,person:A5009335676,W2121745948,A5009335676,middle,0,33
authored_by:publication:W2121745948->person:A5019775443,authored_by,publication:W2121745948,person:A5019775443,W2121745948,A5019775443,middle,0,34
authored_by:publication:W2121745948->person:A5049168910,authored_by,publication:W2121745948,person:A5049168910,W2121745948,A5049168910,last,0,35
authored_by:publication:W2157825442->person:A5103540997,authored_by,publication:W2157825442,person:A5103540997,W2157825442,A5103540997,first,1,0
authored_by:publication:W2157825442->person:A5110202214,authored_by,publication:W2157825442,person:A5110202214,W2157825442,A5110202214,last,0,1
authored_by:publication:W2124758339->person:A5084771969,authored_by,publication:W2124758339,person:A5084771969,W2124758339,A5084771969,first,1,0
authored_by:publication:W2102074887->person:A5073608364,authored_by,publication:W2102074887,person:A5073608364,W2102074887,A5073608364,first,1,0
authored_by:publication:W2102074887->person:A5003262716,authored_by,publication:W2102074887,person:A5003262716,W2102074887,A5003262716,last,0,1
authored_by:publication:W2105685140->person:A5001361375,authored_by,publication:W2105685140,person:A5001361375,W2105685140,A5001361375,first,1,0
authored_by:publication:W2105685140->person:A5073467817,authored_by,publication:W2105685140,person:A5073467817,W2105685140,A5073467817,middle,0,1
authored_by:publication:W2105685140->person:A5000953435,authored_by,publication:W2105685140,person:A5000953435,W2105685140,A5000953435,middle,0,2
authored_by:publication:W2105685140->person:A5072248970,authored_by,publication:W2105685140,person:A5072248970,W2105685140,A5072248970,middle,0,3
authored_by:publication:W2105685140->person:A5058357018,authored_by,publication:W2105685140,person:A5058357018,W2105685140,A5058357018,last,0,4
authored_by:publication:W2124637492->person:A5012905268,authored_by,publication:W2124637492,person:A5012905268,W2124637492,A5012905268,first,1,0
authored_by:publication:W2124637492->person:A5038976962,authored_by,publication:W2124637492,person:A5038976962,W2124637492,A5038976962,last,0,1
authored_by:publication:W2021365718->person:A5056014764,authored_by,publication:W2021365718,person:A5056014764,W2021365718,A5056014764,first,1,0
authored_by:publication:W2002664886->person:A5042614574,authored_by,publication:W2002664886,person:A5042614574,W2002664886,A5042614574,first,1,0
authored_by:publication:W2002664886->person:A5111503488,authored_by,publication:W2002664886,person:A5111503488,W2002664886,A5111503488,last,0,1
authored_by:publication:W1658908529->person:A5108677812,authored_by,publication:W1658908529,person:A5108677812,W1658908529,A5108677812,first,1,0
authored_by:publication:W1658908529->person:A5002394578,authored_by,publication:W1658908529,person:A5002394578,W1658908529,A5002394578,last,0,1
authored_by:publication:W2121044470->person:A5102150038,authored_by,publication:W2121044470,person:A5102150038,W2121044470,A5102150038,first,1,0
authored_by:publication:W2140606211->person:A5112198450,authored_by,publication:W2140606211,person:A5112198450,W2140606211,A5112198450,first,1,0
authored_by:publication:W2140606211->person:A5025529228,authored_by,publication:W2140606211,person:A5025529228,W2140606211,A5025529228,middle,0,1
authored_by:publication:W2140606211->person:A5114803298,authored_by,publication:W2140606211,person:A5114803298,W2140606211,A5114803298,last,0,2
authored_by:publication:W2012034410->person:A5060241561,authored_by,publication:W2012034410,person:A5060241561,W2012034410,A5060241561,first,1,0
authored_by:publication:W2012034410->person:A5021112720,authored_by,publication:W2012034410,person:A5021112720,W2012034410,A5021112720,middle,0,1
authored_by:publication:W2012034410->person:A5111957223,authored_by,publication:W2012034410,person:A5111957223,W2012034410,A5111957223,middle,0,2
authored_by:publication:W2012034410->person:A5029528576,authored_by,publication:W2012034410,person:A5029528576,W2012034410,A5029528576,middle,0,3
authored_by:publication:W2012034410->person:A5039653029,authored_by,publication:W2012034410,person:A5039653029,W2012034410,A5039653029,middle,0,4
authored_by:publication:W2012034410->person:A5033316206,authored_by,publication:W2012034410,person:A5033316206,W2012034410,A5033316206,middle,0,5
authored_by:publication:W2012034410->person:A5085999299,authored_by,publication:W2012034410,person:A5085999299,W2012034410,A5085999299,middle,0,6
authored_by:publication:W2012034410->person:A5111811912,authored_by,publication:W2012034410,person:A5111811912,W2012034410,A5111811912,middle,0,7
authored_by:publication:W2012034410->person:A5090268234,authored_by,publication:W2012034410,person:A5090268234,W2012034410,A5090268234,middle,0,8
authored_by:publication:W2012034410->person:A5113666085,authored_by,publication:W2012034410,person:A5113666085,W2012034410,A5113666085,middle,0,9
authored_by:publication:W2012034410->person:A5011552511,authored_by,publication:W2012034410,person:A5011552511,W2012034410,A5011552511,middle,0,10
authored_by:publication:W2012034410->person:A5068024327,authored_by,publication:W2012034410,person:A5068024327,W2012034410,A5068024327,middle,0,11
authored_by:publication:W2012034410->person:A5052101351,authored_by,publication:W2012034410,person:A5052101351,W2012034410,A5052101351,middle,0,12
authored_by:publication:W2012034410->person:A5002591650,authored_by,publication:W2012034410,person:A5002591650,W2012034410,A5002591650,middle,0,13
authored_by:publication:W2012034410->person:A5011856162,authored_by,publication:W2012034410,person:A5011856162,W2012034410,A5011856162,middle,0,14
authored_by:publication:W2012034410->person:A5080838497,authored_by,publication:W2012034410,person:A5080838497,W2012034410,A5080838497,middle,0,15
authored_by:publication:W2012034410->person:A5089680427,authored_by,publication:W2012034410,person:A5089680427,W2012034410,A5089680427,middle,0,16
authored_by:publication:W2012034410->person:A5053939002,authored_by,publication:W2012034410,person:A5053939002,W2012034410,A5053939002,middle,0,17
authored_by:publication:W2012034410->person:A5044920044,authored_by,publication:W2012034410,person:A5044920044,W2012034410,A5044920044,middle,0,18
authored_by:publication:W2012034410->person:A5042500540,authored_by,publication:W2012034410,person:A5042500540,W2012034410,A5042500540,middle,0,19
authored_by:publication:W2012034410->person:A5109214692,authored_by,publication:W2012034410,person:A5109214692,W2012034410,A5109214692,middle,0,20
authored_by:publication:W2012034410->person:A5065295688,authored_by,publication:W2012034410,person:A5065295688,W2012034410,A5065295688,middle,0,21
authored_by:publication:W2012034410->person:A5056614607,authored_by,publication:W2012034410,person:A5056614607,W2012034410,A5056614607,middle,0,22
authored_by:publication:W2012034410->person:A5006871697,authored_by,publication:W2012034410,person:A5006871697,W2012034410,A5006871697,middle,0,23
authored_by:publication:W2012034410->person:A5005928603,authored_by,publication:W2012034410,person:A5005928603,W2012034410,A5005928603,middle,0,24
authored_by:publication:W2012034410->person:A5084408140,authored_by,publication:W2012034410,person:A5084408140,W2012034410,A5084408140,middle,0,25
authored_by:publication:W2012034410->person:A5032913515,authored_by,publication:W2012034410,person:A5032913515,W2012034410,A5032913515,middle,0,26
authored_by:publication:W2012034410->person:A5107368587,authored_by,publication:W2012034410,person:A5107368587,W2012034410,A5107368587,middle,0,27
authored_by:publication:W2012034410->person:A5040376096,authored_by,publication:W2012034410,person:A5040376096,W2012034410,A5040376096,middle,0,28
authored_by:publication:W2012034410->person:A5110017313,authored_by,publication:W2012034410,person:A5110017313,W2012034410,A5110017313,middle,0,29
authored_by:publication:W2012034410->person:A5020089964,authored_by,publication:W2012034410,person:A5020089964,W2012034410,A5020089964,middle,0,30
authored_by:publication:W2012034410->person:A5035416322,authored_by,publication:W2012034410,person:A5035416322,W2012034410,A5035416322,middle,0,31
authored_by:publication:W2012034410->person:A5052117578,authored_by,publication:W2012034410,person:A5052117578,W2012034410,A5052117578,middle,0,32
authored_by:publication:W2012034410->person:A5007682824,authored_by,publication:W2012034410,person:A5007682824,W2012034410,A5007682824,middle,0,33
authored_by:publication:W2012034410->person:A5083238115,authored_by,publication:W2012034410,person:A5083238115,W2012034410,A5083238115,middle,0,34
authored_by:publication:W2012034410->person:A5005639182,authored_by,publication:W2012034410,person:A5005639182,W2012034410,A5005639182,last,0,35
authored_by:publication:W2064815984->person:A5080765172,authored_by,publication:W2064815984,person:A5080765172,W2064815984,A5080765172,first,1,0
authored_by:publication:W2064815984->person:A5109381048,authored_by,publication:W2064815984,person:A5109381048,W2064815984,A5109381048,middle,1,1
authored_by:publication:W2064815984->person:A5100763987,authored_by,publication:W2064815984,person:A5100763987,W2064815984,A5100763987,middle,0,2
authored_by:publication:W2064815984->person:A5110288404,authored_by,publication:W2064815984,person:A5110288404,W2064815984,A5110288404,middle,0,3
authored_by:publication:W2064815984->person:A5033377296,authored_by,publication:W2064815984,person:A5033377296,W2064815984,A5033377296,middle,0,4
authored_by:publication:W2064815984->person:A5072175751,authored_by,publication:W2064815984,person:A5072175751,W2064815984,A5072175751,middle,0,5
authored_by:publication:W2064815984->person:A5060049408,authored_by,publication:W2064815984,person:A5060049408,W2064815984,A5060049408,middle,0,6
authored_by:publication:W2064815984->person:A5037201682,authored_by,publication:W2064815984,person:A5037201682,W2064815984,A5037201682,middle,0,7
authored_by:publication:W2064815984->person:A5101516462,authored_by,publication:W2064815984,person:A5101516462,W2064815984,A5101516462,middle,0,8
authored_by:publication:W2064815984->person:A5087893982,authored_by,publication:W2064815984,person:A5087893982,W2064815984,A5087893982,middle,0,9
authored_by:publication:W2064815984->person:A5100401298,authored_by,publication:W2064815984,person:A5100401298,W2064815984,A5100401298,last,1,10
authored_by:publication:W2141939342->person:A5031841140,authored_by,publication:W2141939342,person:A5031841140,W2141939342,A5031841140,first,1,0
authored_by:publication:W2141939342->person:A5030127969,authored_by,publication:W2141939342,person:A5030127969,W2141939342,A5030127969,middle,0,1
authored_by:publication:W2141939342->person:A5014703870,authored_by,publication:W2141939342,person:A5014703870,W2141939342,A5014703870,middle,0,2
authored_by:publication:W2141939342->person:A5044268160,authored_by,publication:W2141939342,person:A5044268160,W2141939342,A5044268160,last,0,3
authored_by:publication:W2045435533->person:A5000173541,authored_by,publication:W2045435533,person:A5000173541,W2045435533,A5000173541,first,1,0
authored_by:publication:W2045435533->person:A5062136919,authored_by,publication:W2045435533,person:A5062136919,W2045435533,A5062136919,middle,1,1
authored_by:publication:W2045435533->person:A5081033943,authored_by,publication:W2045435533,person:A5081033943,W2045435533,A5081033943,middle,0,2
authored_by:publication:W2045435533->person:A5062738098,authored_by,publication:W2045435533,person:A5062738098,W2045435533,A5062738098,middle,0,3
authored_by:publication:W2045435533->person:A5067184382,authored_by,publication:W2045435533,person:A5067184382,W2045435533,A5067184382,middle,1,4
authored_by:publication:W2045435533->person:A5074743574,authored_by,publication:W2045435533,person:A5074743574,W2045435533,A5074743574,last,1,5
authored_by:publication:W2097259163->person:A5006842434,authored_by,publication:W2097259163,person:A5006842434,W2097259163,A5006842434,first,0,0
authored_by:publication:W2097259163->person:A5057032257,authored_by,publication:W2097259163,person:A5057032257,W2097259163,A5057032257,middle,1,1
authored_by:publication:W2097259163->person:A5053752263,authored_by,publication:W2097259163,person:A5053752263,W2097259163,A5053752263,last,1,2
authored_by:publication:W2010971702->person:A5102758719,authored_by,publication:W2010971702,person:A5102758719,W2010971702,A5102758719,first,0,0
authored_by:publication:W2010971702->person:A5042779337,authored_by,publication:W2010971702,person:A5042779337,W2010971702,A5042779337,middle,0,1
authored_by:publication:W2010971702->person:A5084602377,authored_by,publication:W2010971702,person:A5084602377,W2010971702,A5084602377,middle,0,2
authored_by:publication:W2010971702->person:A5007197576,authored_by,publication:W2010971702,person:A5007197576,W2010971702,A5007197576,last,1,3
authored_by:publication:W2100495367->person:A5108093963,authored_by,publication:W2100495367,person:A5108093963,W2100495367,A5108093963,first,1,0
authored_by:publication:W2100495367->person:A5071983998,authored_by,publication:W2100495367,person:A5071983998,W2100495367,A5071983998,last,0,1
authored_by:publication:W2058122340->person:A5072248970,authored_by,publication:W2058122340,person:A5072248970,W2058122340,A5072248970,first,0,0
authored_by:publication:W2058122340->person:A5058357018,authored_by,publication:W2058122340,person:A5058357018,W2058122340,A5058357018,middle,1,1
authored_by:publication:W2058122340->person:A5088527376,authored_by,publication:W2058122340,person:A5088527376,W2058122340,A5088527376,middle,0,2
authored_by:publication:W2058122340->person:A5024028137,authored_by,publication:W2058122340,person:A5024028137,W2058122340,A5024028137,middle,0,3
authored_by:publication:W2058122340->person:A5035053309,authored_by,publication:W2058122340,person:A5035053309,W2058122340,A5035053309,middle,0,4
authored_by:publication:W2058122340->person:A5072442751,authored_by,publication:W2058122340,person:A5072442751,W2058122340,A5072442751,middle,0,5
authored_by:publication:W2058122340->person:A5076577191,authored_by,publication:W2058122340,person:A5076577191,W2058122340,A5076577191,middle,0,6
authored_by:publication:W2058122340->person:A5001198014,authored_by,publication:W2058122340,person:A5001198014,W2058122340,A5001198014,last,0,7
authored_by:publication:W2008620264->person:A5038976962,authored_by,publication:W2008620264,person:A5038976962,W2008620264,A5038976962,first,1,0
authored_by:publication:W2008620264->person:A5012905268,authored_by,publication:W2008620264,person:A5012905268,W2008620264,A5012905268,last,0,1
authored_by:publication:W2159999899->person:A5028050718,authored_by,publication:W2159999899,person:A5028050718,W2159999899,A5028050718,first,1,0
authored_by:publication:W2159999899->person:A5108244617,authored_by,publication:W2159999899,person:A5108244617,W2159999899,A5108244617,middle,0,1
authored_by:publication:W2159999899->person:A5103572770,authored_by,publication:W2159999899,person:A5103572770,W2159999899,A5103572770,middle,0,2
authored_by:publication:W2159999899->person:A5113643074,authored_by,publication:W2159999899,person:A5113643074,W2159999899,A5113643074,middle,0,3
authored_by:publication:W2159999899->person:A5010445014,authored_by,publication:W2159999899,person:A5010445014,W2159999899,A5010445014,middle,0,4
authored_by:publication:W2159999899->person:A5109201245,authored_by,publication:W2159999899,person:A5109201245,W2159999899,A5109201245,middle,0,5
authored_by:publication:W2159999899->person:A5112196905,authored_by,publication:W2159999899,person:A5112196905,W2159999899,A5112196905,middle,0,6
authored_by:publication:W2159999899->person:A5003416662,authored_by,publication:W2159999899,person:A5003416662,W2159999899,A5003416662,middle,0,7
authored_by:publication:W2159999899->person:A5108530731,authored_by,publication:W2159999899,person:A5108530731,W2159999899,A5108530731,middle,0,8
authored_by:publication:W2159999899->person:A5111606958,authored_by,publication:W2159999899,person:A5111606958,W2159999899,A5111606958,last,0,9
authored_by:publication:W2086943348->person:A5110114336,authored_by,publication:W2086943348,person:A5110114336,W2086943348,A5110114336,first,1,0
authored_by:publication:W2086943348->person:A5112422196,authored_by,publication:W2086943348,person:A5112422196,W2086943348,A5112422196,middle,0,1
authored_by:publication:W2086943348->person:A5110386118,authored_by,publication:W2086943348,person:A5110386118,W2086943348,A5110386118,middle,0,2
authored_by:publication:W2086943348->person:A5078228713,authored_by,publication:W2086943348,person:A5078228713,W2086943348,A5078228713,middle,0,3
authored_by:publication:W2086943348->person:A5089205764,authored_by,publication:W2086943348,person:A5089205764,W2086943348,A5089205764,middle,0,4
authored_by:publication:W2086943348->person:A5109869056,authored_by,publication:W2086943348,person:A5109869056,W2086943348,A5109869056,middle,0,5
authored_by:publication:W2086943348->person:A5102925448,authored_by,publication:W2086943348,person:A5102925448,W2086943348,A5102925448,last,0,6
authored_by:publication:W2032118018->person:A5026977942,authored_by,publication:W2032118018,person:A5026977942,W2032118018,A5026977942,first,1,0
authored_by:publication:W2032118018->person:A5025753082,authored_by,publication:W2032118018,person:A5025753082,W2032118018,A5025753082,middle,0,1
authored_by:publication:W2032118018->person:A5075660307,authored_by,publication:W2032118018,person:A5075660307,W2032118018,A5075660307,middle,0,2
authored_by:publication:W2032118018->person:A5109113477,authored_by,publication:W2032118018,person:A5109113477,W2032118018,A5109113477,middle,0,3
authored_by:publication:W2032118018->person:A5112087783,authored_by,publication:W2032118018,person:A5112087783,W2032118018,A5112087783,middle,0,4
authored_by:publication:W2032118018->person:A5082020229,authored_by,publication:W2032118018,person:A5082020229,W2032118018,A5082020229,middle,0,5
authored_by:publication:W2032118018->person:A5073738482,authored_by,publication:W2032118018,person:A5073738482,W2032118018,A5073738482,middle,0,6
authored_by:publication:W2032118018->person:W2032118018-person-7,authored_by,publication:W2032118018,person:W2032118018-person-7,W2032118018,W2032118018-person-7,last,0,7
authored_by:publication:W2024060531->person:A5013336788,authored_by,publication:W2024060531,person:A5013336788,W2024060531,A5013336788,first,1,0
authored_by:publication:W2024060531->person:A5043473326,authored_by,publication:W2024060531,person:A5043473326,W2024060531,A5043473326,middle,0,1
authored_by:publication:W2024060531->person:A5082059084,authored_by,publication:W2024060531,person:A5082059084,W2024060531,A5082059084,last,0,2
authored_by:publication:W2062663664->person:A5102740532,authored_by,publication:W2062663664,person:A5102740532,W2062663664,A5102740532,first,1,0
authored_by:publication:W2062663664->person:A5053628685,authored_by,publication:W2062663664,person:A5053628685,W2062663664,A5053628685,last,0,1
authored_by:publication:W2096452841->person:A5000234995,authored_by,publication:W2096452841,person:A5000234995,W2096452841,A5000234995,first,1,0
authored_by:publication:W2096452841->person:A5111995000,authored_by,publication:W2096452841,person:A5111995000,W2096452841,A5111995000,last,0,1
authored_by:publication:W4292157289->person:A5000234995,authored_by,publication:W4292157289,person:A5000234995,W4292157289,A5000234995,first,1,0
authored_by:publication:W4292157289->person:A5111995000,authored_by,publication:W4292157289,person:A5111995000,W4292157289,A5111995000,last,0,1
authored_by:publication:W2226396244->person:A5111448232,authored_by,publication:W2226396244,person:A5111448232,W2226396244,A5111448232,first,1,0
authored_by:publication:W2737217596->person:A5046986222,authored_by,publication:W2737217596,person:A5046986222,W2737217596,A5046986222,first,1,0
authored_by:publication:W2737217596->person:A5084129541,authored_by,publication:W2737217596,person:A5084129541,W2737217596,A5084129541,middle,0,1
authored_by:publication:W2737217596->person:A5074822720,authored_by,publication:W2737217596,person:A5074822720,W2737217596,A5074822720,last,0,2
authored_by:publication:W2114843025->person:A5014978419,authored_by,publication:W2114843025,person:A5014978419,W2114843025,A5014978419,first,1,0
authored_by:publication:W2114843025->person:A5020220136,authored_by,publication:W2114843025,person:A5020220136,W2114843025,A5020220136,middle,0,1
authored_by:publication:W2114843025->person:A5006798669,authored_by,publication:W2114843025,person:A5006798669,W2114843025,A5006798669,middle,0,2
authored_by:publication:W2114843025->person:A5090601001,authored_by,publication:W2114843025,person:A5090601001,W2114843025,A5090601001,middle,0,3
authored_by:publication:W2114843025->person:A5026873890,authored_by,publication:W2114843025,person:A5026873890,W2114843025,A5026873890,middle,0,4
authored_by:publication:W2114843025->person:A5020961360,authored_by,publication:W2114843025,person:A5020961360,W2114843025,A5020961360,middle,0,5
authored_by:publication:W2114843025->person:A5027373743,authored_by,publication:W2114843025,person:A5027373743,W2114843025,A5027373743,middle,0,6
authored_by:publication:W2114843025->person:A5049766408,authored_by,publication:W2114843025,person:A5049766408,W2114843025,A5049766408,middle,0,7
authored_by:publication:W2114843025->person:A5039042860,authored_by,publication:W2114843025,person:A5039042860,W2114843025,A5039042860,middle,0,8
authored_by:publication:W2114843025->person:A5050629872,authored_by,publication:W2114843025,person:A5050629872,W2114843025,A5050629872,middle,0,9
authored_by:publication:W2114843025->person:A5071787046,authored_by,publication:W2114843025,person:A5071787046,W2114843025,A5071787046,middle,0,10
authored_by:publication:W2114843025->person:A5008166270,authored_by,publication:W2114843025,person:A5008166270,W2114843025,A5008166270,middle,0,11
authored_by:publication:W2114843025->person:A5033125884,authored_by,publication:W2114843025,person:A5033125884,W2114843025,A5033125884,last,0,12
authored_by:publication:W2302501749->person:A5067974158,authored_by,publication:W2302501749,person:A5067974158,W2302501749,A5067974158,first,0,0
authored_by:publication:W2302501749->person:A5044836472,authored_by,publication:W2302501749,person:A5044836472,W2302501749,A5044836472,middle,0,1
authored_by:publication:W2302501749->person:A5028351438,authored_by,publication:W2302501749,person:A5028351438,W2302501749,A5028351438,middle,0,2
authored_by:publication:W2302501749->person:A5030388625,authored_by,publication:W2302501749,person:A5030388625,W2302501749,A5030388625,middle,0,3
authored_by:publication:W2302501749->person:A5027743525,authored_by,publication:W2302501749,person:A5027743525,W2302501749,A5027743525,middle,0,4
authored_by:publication:W2302501749->person:A5103172054,authored_by,publication:W2302501749,person:A5103172054,W2302501749,A5103172054,middle,0,5
authored_by:publication:W2302501749->person:A5010916394,authored_by,publication:W2302501749,person:A5010916394,W2302501749,A5010916394,middle,0,6
authored_by:publication:W2302501749->person:A5069885178,authored_by,publication:W2302501749,person:A5069885178,W2302501749,A5069885178,middle,0,7
authored_by:publication:W2302501749->person:A5067310105,authored_by,publication:W2302501749,person:A5067310105,W2302501749,A5067310105,middle,0,8
authored_by:publication:W2302501749->person:A5075833022,authored_by,publication:W2302501749,person:A5075833022,W2302501749,A5075833022,middle,0,9
authored_by:publication:W2302501749->person:A5061463439,authored_by,publication:W2302501749,person:A5061463439,W2302501749,A5061463439,middle,0,10
authored_by:publication:W2302501749->person:A5007022165,authored_by,publication:W2302501749,person:A5007022165,W2302501749,A5007022165,middle,0,11
authored_by:publication:W2302501749->person:A5007020202,authored_by,publication:W2302501749,person:A5007020202,W2302501749,A5007020202,middle,0,12
authored_by:publication:W2302501749->person:A5056421325,authored_by,publication:W2302501749,person:A5056421325,W2302501749,A5056421325,middle,0,13
authored_by:publication:W2302501749->person:A5086032272,authored_by,publication:W2302501749,person:A5086032272,W2302501749,A5086032272,middle,0,14
authored_by:publication:W2302501749->person:A5050655123,authored_by,publication:W2302501749,person:A5050655123,W2302501749,A5050655123,middle,0,15
authored_by:publication:W2302501749->person:A5091565842,authored_by,publication:W2302501749,person:A5091565842,W2302501749,A5091565842,middle,0,16
authored_by:publication:W2302501749->person:A5075750072,authored_by,publication:W2302501749,person:A5075750072,W2302501749,A5075750072,middle,0,17
authored_by:publication:W2302501749->person:A5091360374,authored_by,publication:W2302501749,person:A5091360374,W2302501749,A5091360374,middle,0,18
authored_by:publication:W2302501749->person:A5086246448,authored_by,publication:W2302501749,person:A5086246448,W2302501749,A5086246448,middle,0,19
authored_by:publication:W2302501749->person:A5016133956,authored_by,publication:W2302501749,person:A5016133956,W2302501749,A5016133956,middle,0,20
authored_by:publication:W2302501749->person:A5034924491,authored_by,publication:W2302501749,person:A5034924491,W2302501749,A5034924491,middle,0,21
authored_by:publication:W2302501749->person:A5027899893,authored_by,publication:W2302501749,person:A5027899893,W2302501749,A5027899893,middle,0,22
authored_by:publication:W2302501749->person:A5076014872,authored_by,publication:W2302501749,person:A5076014872,W2302501749,A5076014872,middle,0,23
authored_by:publication:W2302501749->person:A5103164604,authored_by,publication:W2302501749,person:A5103164604,W2302501749,A5103164604,middle,0,24
authored_by:publication:W2302501749->person:A5021033668,authored_by,publication:W2302501749,person:A5021033668,W2302501749,A5021033668,middle,0,25
authored_by:publication:W2302501749->person:A5033074461,authored_by,publication:W2302501749,person:A5033074461,W2302501749,A5033074461,middle,0,26
authored_by:publication:W2302501749->person:A5016394820,authored_by,publication:W2302501749,person:A5016394820,W2302501749,A5016394820,middle,0,27
authored_by:publication:W2302501749->person:A5069864756,authored_by,publication:W2302501749,person:A5069864756,W2302501749,A5069864756,middle,0,28
authored_by:publication:W2302501749->person:A5012010960,authored_by,publication:W2302501749,person:A5012010960,W2302501749,A5012010960,middle,0,29
authored_by:publication:W2302501749->person:A5076459682,authored_by,publication:W2302501749,person:A5076459682,W2302501749,A5076459682,middle,0,30
authored_by:publication:W2302501749->person:A5061037631,authored_by,publication:W2302501749,person:A5061037631,W2302501749,A5061037631,middle,0,31
authored_by:publication:W2302501749->person:A5082106745,authored_by,publication:W2302501749,person:A5082106745,W2302501749,A5082106745,middle,0,32
authored_by:publication:W2302501749->person:A5074742346,authored_by,publication:W2302501749,person:A5074742346,W2302501749,A5074742346,middle,0,33
authored_by:publication:W2302501749->person:A5052620448,authored_by,publication:W2302501749,person:A5052620448,W2302501749,A5052620448,middle,0,34
authored_by:publication:W2302501749->person:A5018395535,authored_by,publication:W2302501749,person:A5018395535,W2302501749,A5018395535,middle,0,35
authored_by:publication:W2302501749->person:A5021179422,authored_by,publication:W2302501749,person:A5021179422,W2302501749,A5021179422,middle,0,36
authored_by:publication:W2302501749->person:A5010012493,authored_by,publication:W2302501749,person:A5010012493,W2302501749,A5010012493,middle,0,37
authored_by:publication:W2302501749->person:A5008806860,authored_by,publication:W2302501749,person:A5008806860,W2302501749,A5008806860,middle,0,38
authored_by:publication:W2302501749->person:A5043231938,authored_by,publication:W2302501749,person:A5043231938,W2302501749,A5043231938,middle,0,39
authored_by:publication:W2302501749->person:A5027225010,authored_by,publication:W2302501749,person:A5027225010,W2302501749,A5027225010,middle,0,40
authored_by:publication:W2302501749->person:A5003303412,authored_by,publication:W2302501749,person:A5003303412,W2302501749,A5003303412,middle,0,41
authored_by:publication:W2302501749->person:A5082263504,authored_by,publication:W2302501749,person:A5082263504,W2302501749,A5082263504,middle,0,42
authored_by:publication:W2302501749->person:A5052368642,authored_by,publication:W2302501749,person:A5052368642,W2302501749,A5052368642,middle,0,43
authored_by:publication:W2302501749->person:A5039828193,authored_by,publication:W2302501749,person:A5039828193,W2302501749,A5039828193,middle,0,44
authored_by:publication:W2302501749->person:A5023215576,authored_by,publication:W2302501749,person:A5023215576,W2302501749,A5023215576,middle,0,45
authored_by:publication:W2302501749->person:A5053857782,authored_by,publication:W2302501749,person:A5053857782,W2302501749,A5053857782,middle,0,46
authored_by:publication:W2302501749->person:A5001384753,authored_by,publication:W2302501749,person:A5001384753,W2302501749,A5001384753,middle,0,47
authored_by:publication:W2302501749->person:A5048705669,authored_by,publication:W2302501749,person:A5048705669,W2302501749,A5048705669,middle,0,48
authored_by:publication:W2302501749->person:A5056816256,authored_by,publication:W2302501749,person:A5056816256,W2302501749,A5056816256,middle,0,49
authored_by:publication:W2302501749->person:A5087859284,authored_by,publication:W2302501749,person:A5087859284,W2302501749,A5087859284,middle,0,50
authored_by:publication:W2302501749->person:A5100744623,authored_by,publication:W2302501749,person:A5100744623,W2302501749,A5100744623,middle,0,51
authored_by:publication:W2302501749->person:A5070745825,authored_by,publication:W2302501749,person:A5070745825,W2302501749,A5070745825,last,1,52
authored_by:publication:W2580767461->person:A5050526698,authored_by,publication:W2580767461,person:A5050526698,W2580767461,A5050526698,first,1,0
authored_by:publication:W2580767461->person:A5107657538,authored_by,publication:W2580767461,person:A5107657538,W2580767461,A5107657538,middle,0,1
authored_by:publication:W2580767461->person:A5045599140,authored_by,publication:W2580767461,person:A5045599140,W2580767461,A5045599140,middle,0,2
authored_by:publication:W2580767461->person:A5025596722,authored_by,publication:W2580767461,person:A5025596722,W2580767461,A5025596722,middle,0,3
authored_by:publication:W2580767461->person:A5100398365,authored_by,publication:W2580767461,person:A5100398365,W2580767461,A5100398365,middle,0,4
authored_by:publication:W2580767461->person:A5026483005,authored_by,publication:W2580767461,person:A5026483005,W2580767461,A5026483005,middle,0,5
authored_by:publication:W2580767461->person:A5001786419,authored_by,publication:W2580767461,person:A5001786419,W2580767461,A5001786419,middle,0,6
authored_by:publication:W2580767461->person:A5106133480,authored_by,publication:W2580767461,person:A5106133480,W2580767461,A5106133480,middle,0,7
authored_by:publication:W2580767461->person:A5000652565,authored_by,publication:W2580767461,person:A5000652565,W2580767461,A5000652565,middle,0,8
authored_by:publication:W2580767461->person:A5040274092,authored_by,publication:W2580767461,person:A5040274092,W2580767461,A5040274092,middle,0,9
authored_by:publication:W2580767461->person:A5061082822,authored_by,publication:W2580767461,person:A5061082822,W2580767461,A5061082822,middle,0,10
authored_by:publication:W2580767461->person:A5008413640,authored_by,publication:W2580767461,person:A5008413640,W2580767461,A5008413640,last,0,11
authored_by:publication:W2593436234->person:A5088300158,authored_by,publication:W2593436234,person:A5088300158,W2593436234,A5088300158,first,1,0
authored_by:publication:W2593436234->person:A5009968141,authored_by,publication:W2593436234,person:A5009968141,W2593436234,A5009968141,middle,0,1
authored_by:publication:W2593436234->person:A5049236772,authored_by,publication:W2593436234,person:A5049236772,W2593436234,A5049236772,last,0,2
authored_by:publication:W2150220236->person:A5079208483,authored_by,publication:W2150220236,person:A5079208483,W2150220236,A5079208483,first,1,0
authored_by:publication:W2150220236->person:A5027467000,authored_by,publication:W2150220236,person:A5027467000,W2150220236,A5027467000,last,0,1
authored_by:publication:W2148606196->person:A5003077083,authored_by,publication:W2148606196,person:A5003077083,W2148606196,A5003077083,first,1,0
authored_by:publication:W197066864->person:A5070851390,authored_by,publication:W197066864,person:A5070851390,W197066864,A5070851390,first,1,0
authored_by:publication:W2329395632->person:A5084106347,authored_by,publication:W2329395632,person:A5084106347,W2329395632,A5084106347,first,1,0
authored_by:publication:W2329395632->person:A5044483808,authored_by,publication:W2329395632,person:A5044483808,W2329395632,A5044483808,middle,0,1
authored_by:publication:W2329395632->person:A5108677812,authored_by,publication:W2329395632,person:A5108677812,W2329395632,A5108677812,last,0,2
authored_by:publication:W2056944867->person:A5109562869,authored_by,publication:W2056944867,person:A5109562869,W2056944867,A5109562869,first,1,0
authored_by:publication:W3210839039->person:A5036983792,authored_by,publication:W3210839039,person:A5036983792,W3210839039,A5036983792,first,1,0
authored_by:publication:W3210839039->person:A5069598493,authored_by,publication:W3210839039,person:A5069598493,W3210839039,A5069598493,middle,0,1
authored_by:publication:W3210839039->person:A5033911409,authored_by,publication:W3210839039,person:A5033911409,W3210839039,A5033911409,middle,0,2
authored_by:publication:W3210839039->person:A5022664058,authored_by,publication:W3210839039,person:A5022664058,W3210839039,A5022664058,last,0,3
authored_by:publication:W1992193527->person:A5067803369,authored_by,publication:W1992193527,person:A5067803369,W1992193527,A5067803369,first,1,0
authored_by:publication:W1992193527->person:A5032625379,authored_by,publication:W1992193527,person:A5032625379,W1992193527,A5032625379,last,0,1
authored_by:publication:W1031578623->person:A5052129734,authored_by,publication:W1031578623,person:A5052129734,W1031578623,A5052129734,first,1,0
authored_by:publication:W1031578623->person:A5073365583,authored_by,publication:W1031578623,person:A5073365583,W1031578623,A5073365583,middle,0,1
authored_by:publication:W1031578623->person:A5041396463,authored_by,publication:W1031578623,person:A5041396463,W1031578623,A5041396463,middle,0,2
authored_by:publication:W1031578623->person:A5009705616,authored_by,publication:W1031578623,person:A5009705616,W1031578623,A5009705616,middle,0,3
authored_by:publication:W1031578623->person:A5018366869,authored_by,publication:W1031578623,person:A5018366869,W1031578623,A5018366869,middle,0,4
authored_by:publication:W1031578623->person:A5050108763,authored_by,publication:W1031578623,person:A5050108763,W1031578623,A5050108763,middle,0,5
authored_by:publication:W1031578623->person:A5008875190,authored_by,publication:W1031578623,person:A5008875190,W1031578623,A5008875190,last,0,6
authored_by:publication:W2798643531->person:A5021166281,authored_by,publication:W2798643531,person:A5021166281,W2798643531,A5021166281,first,1,0
authored_by:publication:W2091160252->person:A5067074103,authored_by,publication:W2091160252,person:A5067074103,W2091160252,A5067074103,first,1,0
authored_by:publication:W2091160252->person:A5110178553,authored_by,publication:W2091160252,person:A5110178553,W2091160252,A5110178553,last,0,1
authored_by:publication:W2162604832->person:A5067513167,authored_by,publication:W2162604832,person:A5067513167,W2162604832,A5067513167,first,1,0
authored_by:publication:W3121147769->person:A5013327075,authored_by,publication:W3121147769,person:A5013327075,W3121147769,A5013327075,first,1,0
authored_by:publication:W3121147769->person:A5111418782,authored_by,publication:W3121147769,person:A5111418782,W3121147769,A5111418782,last,0,1
authored_by:publication:W4294214781->person:A5028474518,authored_by,publication:W4294214781,person:A5028474518,W4294214781,A5028474518,first,1,0
authored_by:publication:W2787894218->person:A5045744709,authored_by,publication:W2787894218,person:A5045744709,W2787894218,A5045744709,first,1,0
authored_by:publication:W2787894218->person:A5027340494,authored_by,publication:W2787894218,person:A5027340494,W2787894218,A5027340494,middle,0,1
authored_by:publication:W2787894218->person:A5020427483,authored_by,publication:W2787894218,person:A5020427483,W2787894218,A5020427483,last,0,2
authored_by:publication:W1480376833->person:A5045744709,authored_by,publication:W1480376833,person:A5045744709,W1480376833,A5045744709,first,1,0
authored_by:publication:W1480376833->person:A5108251783,authored_by,publication:W1480376833,person:A5108251783,W1480376833,A5108251783,middle,0,1
authored_by:publication:W1480376833->person:A5027340494,authored_by,publication:W1480376833,person:A5027340494,W1480376833,A5027340494,last,0,2
authored_by:publication:W2058815839->person:A5028277431,authored_by,publication:W2058815839,person:A5028277431,W2058815839,A5028277431,first,1,0
authored_by:publication:W1979300931->person:A5113535594,authored_by,publication:W1979300931,person:A5113535594,W1979300931,A5113535594,first,1,0
authored_by:publication:W1979300931->person:A5103404782,authored_by,publication:W1979300931,person:A5103404782,W1979300931,A5103404782,last,0,1
authored_by:publication:W1580788756->person:A5103401463,authored_by,publication:W1580788756,person:A5103401463,W1580788756,A5103401463,first,1,0
authored_by:publication:W2337002970->person:A5084078930,authored_by,publication:W2337002970,person:A5084078930,W2337002970,A5084078930,first,1,0
authored_by:publication:W4300107936->person:A5072009257,authored_by,publication:W4300107936,person:A5072009257,W4300107936,A5072009257,first,1,0
authored_by:publication:W1513618424->person:A5044319865,authored_by,publication:W1513618424,person:A5044319865,W1513618424,A5044319865,first,1,0
authored_by:publication:W1513618424->person:A5006582101,authored_by,publication:W1513618424,person:A5006582101,W1513618424,A5006582101,last,0,1
authored_by:publication:W2148534890->person:A5074093929,authored_by,publication:W2148534890,person:A5074093929,W2148534890,A5074093929,first,1,0
authored_by:publication:W2148534890->person:A5071941451,authored_by,publication:W2148534890,person:A5071941451,W2148534890,A5071941451,last,0,1
authored_by:publication:W1518897246->person:A5111843956,authored_by,publication:W1518897246,person:A5111843956,W1518897246,A5111843956,first,1,0
authored_by:publication:W1518897246->person:A5012910967,authored_by,publication:W1518897246,person:A5012910967,W1518897246,A5012910967,middle,0,1
authored_by:publication:W1518897246->person:A5110696956,authored_by,publication:W1518897246,person:A5110696956,W1518897246,A5110696956,middle,0,2
authored_by:publication:W1518897246->person:A5048370266,authored_by,publication:W1518897246,person:A5048370266,W1518897246,A5048370266,middle,0,3
authored_by:publication:W1518897246->person:A5103385359,authored_by,publication:W1518897246,person:A5103385359,W1518897246,A5103385359,last,0,4
authored_by:publication:W2126930838->person:A5031195893,authored_by,publication:W2126930838,person:A5031195893,W2126930838,A5031195893,first,1,0
authored_by:publication:W2126930838->person:A5103553598,authored_by,publication:W2126930838,person:A5103553598,W2126930838,A5103553598,last,0,1
authored_by:publication:W2123709218->person:A5016373986,authored_by,publication:W2123709218,person:A5016373986,W2123709218,A5016373986,first,1,0
authored_by:publication:W2123709218->person:A5070610744,authored_by,publication:W2123709218,person:A5070610744,W2123709218,A5070610744,middle,0,1
authored_by:publication:W2123709218->person:A5030458650,authored_by,publication:W2123709218,person:A5030458650,W2123709218,A5030458650,last,0,2
authored_by:publication:W2140956556->person:A5029664893,authored_by,publication:W2140956556,person:A5029664893,W2140956556,A5029664893,first,1,0
authored_by:publication:W2071666535->person:A5045479885,authored_by,publication:W2071666535,person:A5045479885,W2071666535,A5045479885,first,1,0
authored_by:publication:W2071666535->person:A5065916093,authored_by,publication:W2071666535,person:A5065916093,W2071666535,A5065916093,last,0,1
authored_by:publication:W2543580944->person:A5101670626,authored_by,publication:W2543580944,person:A5101670626,W2543580944,A5101670626,first,1,0
authored_by:publication:W2543580944->person:A5102905570,authored_by,publication:W2543580944,person:A5102905570,W2543580944,A5102905570,middle,0,1
authored_by:publication:W2543580944->person:A5078630420,authored_by,publication:W2543580944,person:A5078630420,W2543580944,A5078630420,last,0,2
authored_by:publication:W2148698435->person:A5048208979,authored_by,publication:W2148698435,person:A5048208979,W2148698435,A5048208979,first,1,0
authored_by:publication:W2148698435->person:A5058899830,authored_by,publication:W2148698435,person:A5058899830,W2148698435,A5058899830,middle,0,1
authored_by:publication:W2148698435->person:A5086733446,authored_by,publication:W2148698435,person:A5086733446,W2148698435,A5086733446,middle,0,2
authored_by:publication:W2148698435->person:A5112398863,authored_by,publication:W2148698435,person:A5112398863,W2148698435,A5112398863,middle,0,3
authored_by:publication:W2148698435->person:A5047169338,authored_by,publication:W2148698435,person:A5047169338,W2148698435,A5047169338,middle,0,4
authored_by:publication:W2148698435->person:A5110768391,authored_by,publication:W2148698435,person:A5110768391,W2148698435,A5110768391,middle,0,5
authored_by:publication:W2148698435->person:A5053292653,authored_by,publication:W2148698435,person:A5053292653,W2148698435,A5053292653,middle,0,6
authored_by:publication:W2148698435->person:A5100322392,authored_by,publication:W2148698435,person:A5100322392,W2148698435,A5100322392,middle,0,7
authored_by:publication:W2148698435->person:A5039905606,authored_by,publication:W2148698435,person:A5039905606,W2148698435,A5039905606,middle,0,8
authored_by:publication:W2148698435->person:A5068909032,authored_by,publication:W2148698435,person:A5068909032,W2148698435,A5068909032,last,0,9
authored_by:publication:W2111211467->person:A5079627910,authored_by,publication:W2111211467,person:A5079627910,W2111211467,A5079627910,first,0,0
authored_by:publication:W2111211467->person:A5034589995,authored_by,publication:W2111211467,person:A5034589995,W2111211467,A5034589995,middle,0,1
authored_by:publication:W2111211467->person:A5088743342,authored_by,publication:W2111211467,person:A5088743342,W2111211467,A5088743342,middle,0,2
authored_by:publication:W2111211467->person:A5046692009,authored_by,publication:W2111211467,person:A5046692009,W2111211467,A5046692009,middle,0,3
authored_by:publication:W2111211467->person:A5053511679,authored_by,publication:W2111211467,person:A5053511679,W2111211467,A5053511679,middle,0,4
authored_by:publication:W2111211467->person:A5078068308,authored_by,publication:W2111211467,person:A5078068308,W2111211467,A5078068308,last,1,5
authored_by:publication:W2103546861->person:A5079627910,authored_by,publication:W2103546861,person:A5079627910,W2103546861,A5079627910,first,1,0
authored_by:publication:W2103546861->person:A5078068308,authored_by,publication:W2103546861,person:A5078068308,W2103546861,A5078068308,last,0,1
authored_by:publication:W2560438049->person:A5026923999,authored_by,publication:W2560438049,person:A5026923999,W2560438049,A5026923999,first,1,0
authored_by:publication:W2560438049->person:A5048380144,authored_by,publication:W2560438049,person:A5048380144,W2560438049,A5048380144,middle,0,1
authored_by:publication:W2560438049->person:A5045912789,authored_by,publication:W2560438049,person:A5045912789,W2560438049,A5045912789,middle,0,2
authored_by:publication:W2560438049->person:A5089912733,authored_by,publication:W2560438049,person:A5089912733,W2560438049,A5089912733,last,0,3
authored_by:publication:W2161374186->person:W2161374186-person-0,authored_by,publication:W2161374186,person:W2161374186-person-0,W2161374186,W2161374186-person-0,first,1,0
authored_by:publication:W2161374186->person:A5068353058,authored_by,publication:W2161374186,person:A5068353058,W2161374186,A5068353058,middle,0,1
authored_by:publication:W2161374186->person:A5091561305,authored_by,publication:W2161374186,person:A5091561305,W2161374186,A5091561305,middle,0,2
authored_by:publication:W2161374186->person:A5068789733,authored_by,publication:W2161374186,person:A5068789733,W2161374186,A5068789733,middle,0,3
authored_by:publication:W2161374186->person:A5043048253,authored_by,publication:W2161374186,person:A5043048253,W2161374186,A5043048253,middle,0,4
authored_by:publication:W2161374186->person:A5113499690,authored_by,publication:W2161374186,person:A5113499690,W2161374186,A5113499690,middle,0,5
authored_by:publication:W2161374186->person:A5055244038,authored_by,publication:W2161374186,person:A5055244038,W2161374186,A5055244038,middle,0,6
authored_by:publication:W2161374186->person:A5109914479,authored_by,publication:W2161374186,person:A5109914479,W2161374186,A5109914479,middle,0,7
authored_by:publication:W2161374186->person:A5082927689,authored_by,publication:W2161374186,person:A5082927689,W2161374186,A5082927689,last,0,8
authored_by:publication:W2034562813->person:W2034562813-person-0,authored_by,publication:W2034562813,person:W2034562813-person-0,W2034562813,W2034562813-person-0,first,1,0
authored_by:publication:W2034562813->person:W2034562813-person-1,authored_by,publication:W2034562813,person:W2034562813-person-1,W2034562813,W2034562813-person-1,last,0,1
authored_by:publication:W2148603752->person:A5045836736,authored_by,publication:W2148603752,person:A5045836736,W2148603752,A5045836736,first,1,0
authored_by:publication:W2148603752->person:A5062753972,authored_by,publication:W2148603752,person:A5062753972,W2148603752,A5062753972,last,0,1
authored_by:publication:W4300870773->person:A5110163574,authored_by,publication:W4300870773,person:A5110163574,W4300870773,A5110163574,first,1,0
authored_by:publication:W4300870773->person:A5102808166,authored_by,publication:W4300870773,person:A5102808166,W4300870773,A5102808166,last,0,1
authored_by:publication:W4240402692->person:A5110163574,authored_by,publication:W4240402692,person:A5110163574,W4240402692,A5110163574,first,1,0
authored_by:publication:W2801179766->person:A5114015857,authored_by,publication:W2801179766,person:A5114015857,W2801179766,A5114015857,first,1,0
authored_by:publication:W2801179766->person:A5053484459,authored_by,publication:W2801179766,person:A5053484459,W2801179766,A5053484459,middle,0,1
authored_by:publication:W2801179766->person:A5078393948,authored_by,publication:W2801179766,person:A5078393948,W2801179766,A5078393948,last,0,2
authored_by:publication:W2317574555->person:A5016597149,authored_by,publication:W2317574555,person:A5016597149,W2317574555,A5016597149,first,1,0
authored_by:publication:W2161633633->person:A5051460895,authored_by,publication:W2161633633,person:A5051460895,W2161633633,A5051460895,first,1,0
authored_by:publication:W2161633633->person:A5015235673,authored_by,publication:W2161633633,person:A5015235673,W2161633633,A5015235673,middle,0,1
authored_by:publication:W2161633633->person:A5059286326,authored_by,publication:W2161633633,person:A5059286326,W2161633633,A5059286326,middle,0,2
authored_by:publication:W2161633633->person:A5112983468,authored_by,publication:W2161633633,person:A5112983468,W2161633633,A5112983468,middle,0,3
authored_by:publication:W2161633633->person:A5074490470,authored_by,publication:W2161633633,person:A5074490470,W2161633633,A5074490470,middle,0,4
authored_by:publication:W2161633633->person:A5085836147,authored_by,publication:W2161633633,person:A5085836147,W2161633633,A5085836147,middle,0,5
authored_by:publication:W2161633633->person:A5026130275,authored_by,publication:W2161633633,person:A5026130275,W2161633633,A5026130275,middle,0,6
authored_by:publication:W2161633633->person:A5113577680,authored_by,publication:W2161633633,person:A5113577680,W2161633633,A5113577680,middle,0,7
authored_by:publication:W2161633633->person:A5066704276,authored_by,publication:W2161633633,person:A5066704276,W2161633633,A5066704276,middle,0,8
authored_by:publication:W2161633633->person:A5107596541,authored_by,publication:W2161633633,person:A5107596541,W2161633633,A5107596541,middle,0,9
authored_by:publication:W2161633633->person:A5018516395,authored_by,publication:W2161633633,person:A5018516395,W2161633633,A5018516395,last,0,10
authored_by:publication:W1965555277->person:A5069849313,authored_by,publication:W1965555277,person:A5069849313,W1965555277,A5069849313,first,1,0
authored_by:publication:W1965555277->person:A5044153519,authored_by,publication:W1965555277,person:A5044153519,W1965555277,A5044153519,last,0,1
authored_by:publication:W1678356000->person:A5020427483,authored_by,publication:W1678356000,person:A5020427483,W1678356000,A5020427483,first,1,0
authored_by:publication:W2117897510->person:A5108435406,authored_by,publication:W2117897510,person:A5108435406,W2117897510,A5108435406,first,1,0
authored_by:publication:W2073832139->person:A5017158718,authored_by,publication:W2073832139,person:A5017158718,W2073832139,A5017158718,first,1,0
authored_by:publication:W2073832139->person:A5044578338,authored_by,publication:W2073832139,person:A5044578338,W2073832139,A5044578338,middle,0,1
authored_by:publication:W2073832139->person:A5013055860,authored_by,publication:W2073832139,person:A5013055860,W2073832139,A5013055860,middle,0,2
authored_by:publication:W2073832139->person:A5067881179,authored_by,publication:W2073832139,person:A5067881179,W2073832139,A5067881179,middle,0,3
authored_by:publication:W2073832139->person:A5066147484,authored_by,publication:W2073832139,person:A5066147484,W2073832139,A5066147484,middle,0,4
authored_by:publication:W2073832139->person:A5024387678,authored_by,publication:W2073832139,person:A5024387678,W2073832139,A5024387678,middle,0,5
authored_by:publication:W2073832139->person:A5112658480,authored_by,publication:W2073832139,person:A5112658480,W2073832139,A5112658480,middle,0,6
authored_by:publication:W2073832139->person:A5032945933,authored_by,publication:W2073832139,person:A5032945933,W2073832139,A5032945933,middle,0,7
authored_by:publication:W2073832139->person:A5018303472,authored_by,publication:W2073832139,person:A5018303472,W2073832139,A5018303472,middle,0,8
authored_by:publication:W2073832139->person:A5085107775,authored_by,publication:W2073832139,person:A5085107775,W2073832139,A5085107775,middle,0,9
authored_by:publication:W2073832139->person:A5081952162,authored_by,publication:W2073832139,person:A5081952162,W2073832139,A5081952162,middle,0,10
authored_by:publication:W2073832139->person:A5077055351,authored_by,publication:W2073832139,person:A5077055351,W2073832139,A5077055351,middle,0,11
authored_by:publication:W2073832139->person:A5087598092,authored_by,publication:W2073832139,person:A5087598092,W2073832139,A5087598092,middle,0,12
authored_by:publication:W2073832139->person:A5023063594,authored_by,publication:W2073832139,person:A5023063594,W2073832139,A5023063594,middle,0,13
authored_by:publication:W2073832139->person:A5108120339,authored_by,publication:W2073832139,person:A5108120339,W2073832139,A5108120339,middle,0,14
authored_by:publication:W2073832139->person:A5104475182,authored_by,publication:W2073832139,person:A5104475182,W2073832139,A5104475182,middle,0,15
authored_by:publication:W2073832139->person:A5037626921,authored_by,publication:W2073832139,person:A5037626921,W2073832139,A5037626921,middle,0,16
authored_by:publication:W2073832139->person:A5090973034,authored_by,publication:W2073832139,person:A5090973034,W2073832139,A5090973034,middle,0,17
authored_by:publication:W2073832139->person:A5022259389,authored_by,publication:W2073832139,person:A5022259389,W2073832139,A5022259389,middle,0,18
authored_by:publication:W2073832139->person:A5054211742,authored_by,publication:W2073832139,person:A5054211742,W2073832139,A5054211742,last,0,19
authored_by:publication:W1853767801->person:A5030135192,authored_by,publication:W1853767801,person:A5030135192,W1853767801,A5030135192,first,1,0
authored_by:publication:W1853767801->person:A5039362833,authored_by,publication:W1853767801,person:A5039362833,W1853767801,A5039362833,middle,0,1
authored_by:publication:W1853767801->person:A5109528453,authored_by,publication:W1853767801,person:A5109528453,W1853767801,A5109528453,middle,0,2
authored_by:publication:W1853767801->person:A5109455558,authored_by,publication:W1853767801,person:A5109455558,W1853767801,A5109455558,middle,0,3
authored_by:publication:W1853767801->person:A5072900037,authored_by,publication:W1853767801,person:A5072900037,W1853767801,A5072900037,middle,0,4
authored_by:publication:W1853767801->person:A5076052276,authored_by,publication:W1853767801,person:A5076052276,W1853767801,A5076052276,middle,0,5
authored_by:publication:W1853767801->person:A5049629462,authored_by,publication:W1853767801,person:A5049629462,W1853767801,A5049629462,middle,0,6
authored_by:publication:W1853767801->person:A5030344172,authored_by,publication:W1853767801,person:A5030344172,W1853767801,A5030344172,middle,0,7
authored_by:publication:W1853767801->person:A5021501281,authored_by,publication:W1853767801,person:A5021501281,W1853767801,A5021501281,middle,0,8
authored_by:publication:W1853767801->person:A5108780724,authored_by,publication:W1853767801,person:A5108780724,W1853767801,A5108780724,middle,0,9
authored_by:publication:W1853767801->person:A5005876349,authored_by,publication:W1853767801,person:A5005876349,W1853767801,A5005876349,middle,0,10
authored_by:publication:W1853767801->person:A5002013850,authored_by,publication:W1853767801,person:A5002013850,W1853767801,A5002013850,middle,0,11
authored_by:publication:W1853767801->person:A5019243934,authored_by,publication:W1853767801,person:A5019243934,W1853767801,A5019243934,middle,0,12
authored_by:publication:W1853767801->person:A5014968083,authored_by,publication:W1853767801,person:A5014968083,W1853767801,A5014968083,middle,0,13
authored_by:publication:W1853767801->person:A5000856599,authored_by,publication:W1853767801,person:A5000856599,W1853767801,A5000856599,middle,0,14
authored_by:publication:W1853767801->person:A5064867579,authored_by,publication:W1853767801,person:A5064867579,W1853767801,A5064867579,middle,0,15
authored_by:publication:W1853767801->person:A5003889596,authored_by,publication:W1853767801,person:A5003889596,W1853767801,A5003889596,middle,0,16
authored_by:publication:W1853767801->person:A5056247138,authored_by,publication:W1853767801,person:A5056247138,W1853767801,A5056247138,middle,0,17
authored_by:publication:W1853767801->person:A5080812976,authored_by,publication:W1853767801,person:A5080812976,W1853767801,A5080812976,middle,0,18
authored_by:publication:W1853767801->person:A5079173006,authored_by,publication:W1853767801,person:A5079173006,W1853767801,A5079173006,middle,0,19
authored_by:publication:W1853767801->person:A5049067083,authored_by,publication:W1853767801,person:A5049067083,W1853767801,A5049067083,middle,0,20
authored_by:publication:W1853767801->person:A5003040118,authored_by,publication:W1853767801,person:A5003040118,W1853767801,A5003040118,middle,0,21
authored_by:publication:W1853767801->person:A5023599143,authored_by,publication:W1853767801,person:A5023599143,W1853767801,A5023599143,middle,0,22
authored_by:publication:W1853767801->person:A5065346852,authored_by,publication:W1853767801,person:A5065346852,W1853767801,A5065346852,middle,0,23
authored_by:publication:W1853767801->person:A5044617944,authored_by,publication:W1853767801,person:A5044617944,W1853767801,A5044617944,middle,0,24
authored_by:publication:W1853767801->person:A5106512453,authored_by,publication:W1853767801,person:A5106512453,W1853767801,A5106512453,middle,0,25
authored_by:publication:W1853767801->person:A5044578338,authored_by,publication:W1853767801,person:A5044578338,W1853767801,A5044578338,middle,0,26
authored_by:publication:W1853767801->person:A5016979058,authored_by,publication:W1853767801,person:A5016979058,W1853767801,A5016979058,middle,0,27
authored_by:publication:W1853767801->person:A5055371146,authored_by,publication:W1853767801,person:A5055371146,W1853767801,A5055371146,middle,0,28
authored_by:publication:W1853767801->person:A5004420981,authored_by,publication:W1853767801,person:A5004420981,W1853767801,A5004420981,middle,0,29
authored_by:publication:W1853767801->person:A5026949185,authored_by,publication:W1853767801,person:A5026949185,W1853767801,A5026949185,middle,0,30
authored_by:publication:W1853767801->person:A5040765134,authored_by,publication:W1853767801,person:A5040765134,W1853767801,A5040765134,middle,0,31
authored_by:publication:W1853767801->person:A5106717193,authored_by,publication:W1853767801,person:A5106717193,W1853767801,A5106717193,last,0,32
authored_by:publication:W2171074980->person:A5032751929,authored_by,publication:W2171074980,person:A5032751929,W2171074980,A5032751929,first,1,0
authored_by:publication:W2171074980->person:A5111791838,authored_by,publication:W2171074980,person:A5111791838,W2171074980,A5111791838,last,0,1
authored_by:publication:W2137358449->person:A5084654258,authored_by,publication:W2137358449,person:A5084654258,W2137358449,A5084654258,first,1,0
authored_by:publication:W2137358449->person:A5109805326,authored_by,publication:W2137358449,person:A5109805326,W2137358449,A5109805326,middle,0,1
authored_by:publication:W2137358449->person:A5103445562,authored_by,publication:W2137358449,person:A5103445562,W2137358449,A5103445562,last,0,2
authored_by:publication:W2128529067->person:A5111921036,authored_by,publication:W2128529067,person:A5111921036,W2128529067,A5111921036,first,1,0
authored_by:publication:W2128529067->person:A5109308238,authored_by,publication:W2128529067,person:A5109308238,W2128529067,A5109308238,last,0,1
authored_by:publication:W2127911529->person:A5109158438,authored_by,publication:W2127911529,person:A5109158438,W2127911529,A5109158438,first,1,0
authored_by:publication:W2092157292->person:A5042863303,authored_by,publication:W2092157292,person:A5042863303,W2092157292,A5042863303,first,1,0
authored_by:publication:W2092157292->person:A5064817771,authored_by,publication:W2092157292,person:A5064817771,W2092157292,A5064817771,middle,0,1
authored_by:publication:W2092157292->person:A5046284587,authored_by,publication:W2092157292,person:A5046284587,W2092157292,A5046284587,middle,0,2
authored_by:publication:W2092157292->person:A5011411945,authored_by,publication:W2092157292,person:A5011411945,W2092157292,A5011411945,last,0,3
authored_by:publication:W2057477511->person:A5005340330,authored_by,publication:W2057477511,person:A5005340330,W2057477511,A5005340330,first,1,0
authored_by:publication:W2057477511->person:A5014039622,authored_by,publication:W2057477511,person:A5014039622,W2057477511,A5014039622,middle,0,1
authored_by:publication:W2057477511->person:A5023487560,authored_by,publication:W2057477511,person:A5023487560,W2057477511,A5023487560,last,0,2
authored_by:publication:W2085093563->person:A5088114045,authored_by,publication:W2085093563,person:A5088114045,W2085093563,A5088114045,first,1,0
authored_by:publication:W2085093563->person:A5016283866,authored_by,publication:W2085093563,person:A5016283866,W2085093563,A5016283866,middle,0,1
authored_by:publication:W2085093563->person:A5053648717,authored_by,publication:W2085093563,person:A5053648717,W2085093563,A5053648717,last,0,2
authored_by:publication:W2122427541->person:A5047676104,authored_by,publication:W2122427541,person:A5047676104,W2122427541,A5047676104,first,1,0
authored_by:publication:W2122427541->person:A5010358439,authored_by,publication:W2122427541,person:A5010358439,W2122427541,A5010358439,middle,0,1
authored_by:publication:W2122427541->person:A5051422609,authored_by,publication:W2122427541,person:A5051422609,W2122427541,A5051422609,last,0,2
authored_by:publication:W2008423326->person:A5069821016,authored_by,publication:W2008423326,person:A5069821016,W2008423326,A5069821016,first,1,0
authored_by:publication:W2008423326->person:A5083221636,authored_by,publication:W2008423326,person:A5083221636,W2008423326,A5083221636,last,0,1
authored_by:publication:W2035687084->person:A5045067759,authored_by,publication:W2035687084,person:A5045067759,W2035687084,A5045067759,first,1,0
authored_by:publication:W2035687084->person:A5022509779,authored_by,publication:W2035687084,person:A5022509779,W2035687084,A5022509779,middle,0,1
authored_by:publication:W2035687084->person:A5017660699,authored_by,publication:W2035687084,person:A5017660699,W2035687084,A5017660699,middle,0,2
authored_by:publication:W2035687084->person:A5108489476,authored_by,publication:W2035687084,person:A5108489476,W2035687084,A5108489476,middle,0,3
authored_by:publication:W2035687084->person:A5064659131,authored_by,publication:W2035687084,person:A5064659131,W2035687084,A5064659131,middle,0,4
authored_by:publication:W2035687084->person:A5008226395,authored_by,publication:W2035687084,person:A5008226395,W2035687084,A5008226395,last,0,5
authored_by:publication:W1982356449->person:A5015077264,authored_by,publication:W1982356449,person:A5015077264,W1982356449,A5015077264,first,1,0
authored_by:publication:W2143981217->person:A5015077264,authored_by,publication:W2143981217,person:A5015077264,W2143981217,A5015077264,first,1,0
authored_by:publication:W2067174909->person:A5108489476,authored_by,publication:W2067174909,person:A5108489476,W2067174909,A5108489476,first,1,0
authored_by:publication:W2067174909->person:A5076436548,authored_by,publication:W2067174909,person:A5076436548,W2067174909,A5076436548,middle,0,1
authored_by:publication:W2067174909->person:A5008226395,authored_by,publication:W2067174909,person:A5008226395,W2067174909,A5008226395,last,0,2
authored_by:publication:W2069006374->person:A5075316492,authored_by,publication:W2069006374,person:A5075316492,W2069006374,A5075316492,first,1,0
authored_by:publication:W2017196167->person:A5109557719,authored_by,publication:W2017196167,person:A5109557719,W2017196167,A5109557719,first,1,0
authored_by:publication:W2035266068->person:A5083564020,authored_by,publication:W2035266068,person:A5083564020,W2035266068,A5083564020,first,1,0
authored_by:publication:W2035266068->person:A5104669390,authored_by,publication:W2035266068,person:A5104669390,W2035266068,A5104669390,middle,0,1
authored_by:publication:W2035266068->person:A5063856246,authored_by,publication:W2035266068,person:A5063856246,W2035266068,A5063856246,middle,0,2
authored_by:publication:W2035266068->person:A5057597679,authored_by,publication:W2035266068,person:A5057597679,W2035266068,A5057597679,middle,0,3
authored_by:publication:W2035266068->person:A5027962573,authored_by,publication:W2035266068,person:A5027962573,W2035266068,A5027962573,last,0,4
authored_by:publication:W1976499671->person:A5053850265,authored_by,publication:W1976499671,person:A5053850265,W1976499671,A5053850265,first,1,0
authored_by:publication:W1976499671->person:A5113983144,authored_by,publication:W1976499671,person:A5113983144,W1976499671,A5113983144,middle,0,1
authored_by:publication:W1976499671->person:A5003571956,authored_by,publication:W1976499671,person:A5003571956,W1976499671,A5003571956,middle,0,2
authored_by:publication:W1976499671->person:A5070881659,authored_by,publication:W1976499671,person:A5070881659,W1976499671,A5070881659,middle,0,3
authored_by:publication:W1976499671->person:A5068247471,authored_by,publication:W1976499671,person:A5068247471,W1976499671,A5068247471,last,0,4
authored_by:publication:W1971275758->person:A5109987723,authored_by,publication:W1971275758,person:A5109987723,W1971275758,A5109987723,first,1,0
authored_by:publication:W1971275758->person:A5113659521,authored_by,publication:W1971275758,person:A5113659521,W1971275758,A5113659521,middle,0,1
authored_by:publication:W1971275758->person:A5013419773,authored_by,publication:W1971275758,person:A5013419773,W1971275758,A5013419773,middle,0,2
authored_by:publication:W1971275758->person:A5038387078,authored_by,publication:W1971275758,person:A5038387078,W1971275758,A5038387078,last,0,3
authored_by:publication:W2046412723->person:A5052626400,authored_by,publication:W2046412723,person:A5052626400,W2046412723,A5052626400,first,1,0
authored_by:publication:W2046412723->person:A5088465776,authored_by,publication:W2046412723,person:A5088465776,W2046412723,A5088465776,middle,0,1
authored_by:publication:W2046412723->person:A5038387078,authored_by,publication:W2046412723,person:A5038387078,W2046412723,A5038387078,last,0,2
authored_by:publication:W2056760934->person:A5007322687,authored_by,publication:W2056760934,person:A5007322687,W2056760934,A5007322687,first,1,0
authored_by:publication:W2056760934->person:A5009563598,authored_by,publication:W2056760934,person:A5009563598,W2056760934,A5009563598,middle,0,1
authored_by:publication:W2056760934->person:A5110000776,authored_by,publication:W2056760934,person:A5110000776,W2056760934,A5110000776,middle,0,2
authored_by:publication:W2056760934->person:A5080021425,authored_by,publication:W2056760934,person:A5080021425,W2056760934,A5080021425,middle,0,3
authored_by:publication:W2056760934->person:A5034295195,authored_by,publication:W2056760934,person:A5034295195,W2056760934,A5034295195,last,0,4
authored_by:publication:W3171418018->person:A5088889997,authored_by,publication:W3171418018,person:A5088889997,W3171418018,A5088889997,first,1,0
authored_by:publication:W3121693921->person:A5110890240,authored_by,publication:W3121693921,person:A5110890240,W3121693921,A5110890240,first,1,0
authored_by:publication:W3121693921->person:A5042883498,authored_by,publication:W3121693921,person:A5042883498,W3121693921,A5042883498,last,0,1
authored_by:publication:W2136120210->person:A5062890794,authored_by,publication:W2136120210,person:A5062890794,W2136120210,A5062890794,first,1,0
authored_by:publication:W2131773668->person:A5071476945,authored_by,publication:W2131773668,person:A5071476945,W2131773668,A5071476945,first,1,0
authored_by:publication:W2131773668->person:A5091820687,authored_by,publication:W2131773668,person:A5091820687,W2131773668,A5091820687,last,0,1
authored_by:publication:W2029056003->person:A5111539706,authored_by,publication:W2029056003,person:A5111539706,W2029056003,A5111539706,first,1,0
authored_by:publication:W2056879345->person:A5038364281,authored_by,publication:W2056879345,person:A5038364281,W2056879345,A5038364281,first,1,0
authored_by:publication:W2056879345->person:A5023188928,authored_by,publication:W2056879345,person:A5023188928,W2056879345,A5023188928,middle,0,1
authored_by:publication:W2056879345->person:A5035676266,authored_by,publication:W2056879345,person:A5035676266,W2056879345,A5035676266,middle,0,2
authored_by:publication:W2056879345->person:A5010878774,authored_by,publication:W2056879345,person:A5010878774,W2056879345,A5010878774,last,0,3
authored_by:publication:W3122859634->person:A5091820687,authored_by,publication:W3122859634,person:A5091820687,W3122859634,A5091820687,first,1,0
authored_by:publication:W3122859634->person:A5068490503,authored_by,publication:W3122859634,person:A5068490503,W3122859634,A5068490503,last,0,1
authored_by:publication:W1988050849->person:A5079243605,authored_by,publication:W1988050849,person:A5079243605,W1988050849,A5079243605,first,1,0
authored_by:publication:W1988050849->person:A5087109003,authored_by,publication:W1988050849,person:A5087109003,W1988050849,A5087109003,middle,0,1
authored_by:publication:W1988050849->person:A5053369574,authored_by,publication:W1988050849,person:A5053369574,W1988050849,A5053369574,last,0,2
authored_by:publication:W2006479099->person:A5091297567,authored_by,publication:W2006479099,person:A5091297567,W2006479099,A5091297567,first,1,0
authored_by:publication:W2990427812->person:A5016175339,authored_by,publication:W2990427812,person:A5016175339,W2990427812,A5016175339,first,1,0
authored_by:publication:W2990427812->person:A5035946951,authored_by,publication:W2990427812,person:A5035946951,W2990427812,A5035946951,middle,0,1
authored_by:publication:W2990427812->person:A5006181710,authored_by,publication:W2990427812,person:A5006181710,W2990427812,A5006181710,middle,0,2
authored_by:publication:W2990427812->person:A5004351971,authored_by,publication:W2990427812,person:A5004351971,W2990427812,A5004351971,middle,0,3
authored_by:publication:W2990427812->person:A5070177612,authored_by,publication:W2990427812,person:A5070177612,W2990427812,A5070177612,middle,0,4
authored_by:publication:W2990427812->person:A5034098815,authored_by,publication:W2990427812,person:A5034098815,W2990427812,A5034098815,middle,0,5
authored_by:publication:W2990427812->person:A5022190510,authored_by,publication:W2990427812,person:A5022190510,W2990427812,A5022190510,middle,0,6
authored_by:publication:W2990427812->person:A5068971199,authored_by,publication:W2990427812,person:A5068971199,W2990427812,A5068971199,middle,0,7
authored_by:publication:W2990427812->person:A5024016990,authored_by,publication:W2990427812,person:A5024016990,W2990427812,A5024016990,middle,0,8
authored_by:publication:W2990427812->person:A5071846278,authored_by,publication:W2990427812,person:A5071846278,W2990427812,A5071846278,middle,0,9
authored_by:publication:W2990427812->person:A5036328726,authored_by,publication:W2990427812,person:A5036328726,W2990427812,A5036328726,middle,0,10
authored_by:publication:W2990427812->person:A5012646041,authored_by,publication:W2990427812,person:A5012646041,W2990427812,A5012646041,middle,0,11
authored_by:publication:W2990427812->person:A5110811743,authored_by,publication:W2990427812,person:A5110811743,W2990427812,A5110811743,middle,0,12
authored_by:publication:W2990427812->person:A5097324925,authored_by,publication:W2990427812,person:A5097324925,W2990427812,A5097324925,middle,0,13
authored_by:publication:W2990427812->person:A5056500617,authored_by,publication:W2990427812,person:A5056500617,W2990427812,A5056500617,middle,0,14
authored_by:publication:W2990427812->person:A5065692332,authored_by,publication:W2990427812,person:A5065692332,W2990427812,A5065692332,middle,0,15
authored_by:publication:W2990427812->person:A5006710383,authored_by,publication:W2990427812,person:A5006710383,W2990427812,A5006710383,middle,0,16
authored_by:publication:W2990427812->person:A5049556104,authored_by,publication:W2990427812,person:A5049556104,W2990427812,A5049556104,middle,0,17
authored_by:publication:W2990427812->person:A5015379340,authored_by,publication:W2990427812,person:A5015379340,W2990427812,A5015379340,middle,0,18
authored_by:publication:W2990427812->person:A5011662069,authored_by,publication:W2990427812,person:A5011662069,W2990427812,A5011662069,middle,0,19
authored_by:publication:W2990427812->person:A5040916225,authored_by,publication:W2990427812,person:A5040916225,W2990427812,A5040916225,middle,0,20
authored_by:publication:W2990427812->person:A5070411498,authored_by,publication:W2990427812,person:A5070411498,W2990427812,A5070411498,middle,0,21
authored_by:publication:W2990427812->person:A5004427441,authored_by,publication:W2990427812,person:A5004427441,W2990427812,A5004427441,middle,0,22
authored_by:publication:W2990427812->person:A5007383633,authored_by,publication:W2990427812,person:A5007383633,W2990427812,A5007383633,last,0,23
authored_by:publication:W2148284063->person:A5113642947,authored_by,publication:W2148284063,person:A5113642947,W2148284063,A5113642947,first,1,0
authored_by:publication:W2148284063->person:A5055873905,authored_by,publication:W2148284063,person:A5055873905,W2148284063,A5055873905,middle,0,1
authored_by:publication:W2148284063->person:A5020026036,authored_by,publication:W2148284063,person:A5020026036,W2148284063,A5020026036,middle,0,2
authored_by:publication:W2148284063->person:A5025938207,authored_by,publication:W2148284063,person:A5025938207,W2148284063,A5025938207,last,0,3
authored_by:publication:W2030841140->person:A5111564046,authored_by,publication:W2030841140,person:A5111564046,W2030841140,A5111564046,first,1,0
authored_by:publication:W2011215428->person:A5061017744,authored_by,publication:W2011215428,person:A5061017744,W2011215428,A5061017744,first,1,0
authored_by:publication:W2011215428->person:A5048985028,authored_by,publication:W2011215428,person:A5048985028,W2011215428,A5048985028,middle,0,1
authored_by:publication:W2011215428->person:A5061717048,authored_by,publication:W2011215428,person:A5061717048,W2011215428,A5061717048,last,0,2
authored_by:publication:W1985940938->person:A5030452986,authored_by,publication:W1985940938,person:A5030452986,W1985940938,A5030452986,first,1,0
authored_by:publication:W1985940938->person:A5113678219,authored_by,publication:W1985940938,person:A5113678219,W1985940938,A5113678219,last,0,1
authored_by:publication:W2164059021->person:A5079554237,authored_by,publication:W2164059021,person:A5079554237,W2164059021,A5079554237,first,1,0
authored_by:publication:W2164059021->person:A5026563364,authored_by,publication:W2164059021,person:A5026563364,W2164059021,A5026563364,middle,0,1
authored_by:publication:W2164059021->person:A5086987637,authored_by,publication:W2164059021,person:A5086987637,W2164059021,A5086987637,middle,0,2
authored_by:publication:W2164059021->person:A5089458669,authored_by,publication:W2164059021,person:A5089458669,W2164059021,A5089458669,middle,0,3
authored_by:publication:W2164059021->person:A5031077891,authored_by,publication:W2164059021,person:A5031077891,W2164059021,A5031077891,middle,0,4
authored_by:publication:W2164059021->person:A5030882947,authored_by,publication:W2164059021,person:A5030882947,W2164059021,A5030882947,middle,0,5
authored_by:publication:W2164059021->person:A5091406579,authored_by,publication:W2164059021,person:A5091406579,W2164059021,A5091406579,middle,0,6
authored_by:publication:W2164059021->person:A5048908501,authored_by,publication:W2164059021,person:A5048908501,W2164059021,A5048908501,middle,0,7
authored_by:publication:W2164059021->person:A5083447971,authored_by,publication:W2164059021,person:A5083447971,W2164059021,A5083447971,middle,0,8
authored_by:publication:W2164059021->person:A5036551563,authored_by,publication:W2164059021,person:A5036551563,W2164059021,A5036551563,middle,0,9
authored_by:publication:W2164059021->person:A5072451833,authored_by,publication:W2164059021,person:A5072451833,W2164059021,A5072451833,last,0,10
authored_by:publication:W3009885589->person:A5012294253,authored_by,publication:W3009885589,person:A5012294253,W3009885589,A5012294253,first,0,0
authored_by:publication:W3009885589->person:A5100655339,authored_by,publication:W3009885589,person:A5100655339,W3009885589,A5100655339,middle,0,1
authored_by:publication:W3009885589->person:A5102865683,authored_by,publication:W3009885589,person:A5102865683,W3009885589,A5102865683,middle,0,2
authored_by:publication:W3009885589->person:A5082759663,authored_by,publication:W3009885589,person:A5082759663,W3009885589,A5082759663,middle,0,3
authored_by:publication:W3009885589->person:A5100414097,authored_by,publication:W3009885589,person:A5100414097,W3009885589,A5100414097,middle,0,4
authored_by:publication:W3009885589->person:A5100748265,authored_by,publication:W3009885589,person:A5100748265,W3009885589,A5100748265,middle,0,5
authored_by:publication:W3009885589->person:A5018032427,authored_by,publication:W3009885589,person:A5018032427,W3009885589,A5018032427,middle,0,6
authored_by:publication:W3009885589->person:A5101454711,authored_by,publication:W3009885589,person:A5101454711,W3009885589,A5101454711,middle,0,7
authored_by:publication:W3009885589->person:A5077957037,authored_by,publication:W3009885589,person:A5077957037,W3009885589,A5077957037,middle,0,8
authored_by:publication:W3009885589->person:A5101081875,authored_by,publication:W3009885589,person:A5101081875,W3009885589,A5101081875,middle,0,9
authored_by:publication:W3009885589->person:A5065156494,authored_by,publication:W3009885589,person:A5065156494,W3009885589,A5065156494,middle,0,10
authored_by:publication:W3009885589->person:A5100707411,authored_by,publication:W3009885589,person:A5100707411,W3009885589,A5100707411,middle,0,11
authored_by:publication:W3009885589->person:A5034485071,authored_by,publication:W3009885589,person:A5034485071,W3009885589,A5034485071,middle,0,12
authored_by:publication:W3009885589->person:A5003556048,authored_by,publication:W3009885589,person:A5003556048,W3009885589,A5003556048,middle,0,13
authored_by:publication:W3009885589->person:A5062226704,authored_by,publication:W3009885589,person:A5062226704,W3009885589,A5062226704,middle,0,14
authored_by:publication:W3009885589->person:A5001851890,authored_by,publication:W3009885589,person:A5001851890,W3009885589,A5001851890,middle,0,15
authored_by:publication:W3009885589->person:A5100388089,authored_by,publication:W3009885589,person:A5100388089,W3009885589,A5100388089,middle,0,16
authored_by:publication:W3009885589->person:A5110426873,authored_by,publication:W3009885589,person:A5110426873,W3009885589,A5110426873,middle,1,17
authored_by:publication:W3009885589->person:A5100613209,authored_by,publication:W3009885589,person:A5100613209,W3009885589,A5100613209,last,1,18
authored_by:publication:W3001118548->person:A5101545030,authored_by,publication:W3001118548,person:A5101545030,W3001118548,A5101545030,first,0,0
authored_by:publication:W3001118548->person:A5101454711,authored_by,publication:W3001118548,person:A5101454711,W3001118548,A5101454711,middle,0,1
authored_by:publication:W3001118548->person:A5101925685,authored_by,publication:W3001118548,person:A5101925685,W3001118548,A5101925685,middle,0,2
authored_by:publication:W3001118548->person:A5005176337,authored_by,publication:W3001118548,person:A5005176337,W3001118548,A5005176337,middle,0,3
authored_by:publication:W3001118548->person:A5052152159,authored_by,publication:W3001118548,person:A5052152159,W3001118548,A5052152159,middle,0,4
authored_by:publication:W3001118548->person:A5031491320,authored_by,publication:W3001118548,person:A5031491320,W3001118548,A5031491320,middle,0,5
authored_by:publication:W3001118548->person:A5100425676,authored_by,publication:W3001118548,person:A5100425676,W3001118548,A5100425676,middle,0,6
authored_by:publication:W3001118548->person:A5082759663,authored_by,publication:W3001118548,person:A5082759663,W3001118548,A5082759663,middle,0,7
authored_by:publication:W3001118548->person:A5062226704,authored_by,publication:W3001118548,person:A5062226704,W3001118548,A5062226704,middle,0,8
authored_by:publication:W3001118548->person:A5101081875,authored_by,publication:W3001118548,person:A5101081875,W3001118548,A5101081875,middle,0,9
authored_by:publication:W3001118548->person:A5101711490,authored_by,publication:W3001118548,person:A5101711490,W3001118548,A5101711490,middle,0,10
authored_by:publication:W3001118548->person:A5100655339,authored_by,publication:W3001118548,person:A5100655339,W3001118548,A5100655339,middle,0,11
authored_by:publication:W3001118548->person:A5024929222,authored_by,publication:W3001118548,person:A5024929222,W3001118548,A5024929222,middle,0,12
authored_by:publication:W3001118548->person:A5100344847,authored_by,publication:W3001118548,person:A5100344847,W3001118548,A5100344847,middle,0,13
authored_by:publication:W3001118548->person:A5103981505,authored_by,publication:W3001118548,person:A5103981505,W3001118548,A5103981505,middle,0,14
authored_by:publication:W3001118548->person:A5037416293,authored_by,publication:W3001118548,person:A5037416293,W3001118548,A5037416293,middle,0,15
authored_by:publication:W3001118548->person:A5014572115,authored_by,publication:W3001118548,person:A5014572115,W3001118548,A5014572115,middle,0,16
authored_by:publication:W3001118548->person:A5057824494,authored_by,publication:W3001118548,person:A5057824494,W3001118548,A5057824494,middle,0,17
authored_by:publication:W3001118548->person:A5045493285,authored_by,publication:W3001118548,person:A5045493285,W3001118548,A5045493285,middle,0,18
authored_by:publication:W3001118548->person:A5100606060,authored_by,publication:W3001118548,person:A5100606060,W3001118548,A5100606060,middle,0,19
authored_by:publication:W3001118548->person:A5101633148,authored_by,publication:W3001118548,person:A5101633148,W3001118548,A5101633148,middle,0,20
authored_by:publication:W3001118548->person:A5070771101,authored_by,publication:W3001118548,person:A5070771101,W3001118548,A5070771101,middle,0,21
authored_by:publication:W3001118548->person:A5058709579,authored_by,publication:W3001118548,person:A5058709579,W3001118548,A5058709579,middle,0,22
authored_by:publication:W3001118548->person:A5013568062,authored_by,publication:W3001118548,person:A5013568062,W3001118548,A5013568062,middle,0,23
authored_by:publication:W3001118548->person:A5112776266,authored_by,publication:W3001118548,person:A5112776266,W3001118548,A5112776266,middle,0,24
authored_by:publication:W3001118548->person:A5026007726,authored_by,publication:W3001118548,person:A5026007726,W3001118548,A5026007726,middle,0,25
authored_by:publication:W3001118548->person:A5100637146,authored_by,publication:W3001118548,person:A5100637146,W3001118548,A5100637146,middle,0,26
authored_by:publication:W3001118548->person:A5100424784,authored_by,publication:W3001118548,person:A5100424784,W3001118548,A5100424784,middle,1,27
authored_by:publication:W3001118548->person:A5100613209,authored_by,publication:W3001118548,person:A5100613209,W3001118548,A5100613209,last,0,28
authored_by:publication:W3002108456->person:A5079000753,authored_by,publication:W3002108456,person:A5079000753,W3002108456,A5079000753,first,0,0
authored_by:publication:W3002108456->person:A5049496067,authored_by,publication:W3002108456,person:A5049496067,W3002108456,A5049496067,middle,0,1
authored_by:publication:W3002108456->person:A5059448769,authored_by,publication:W3002108456,person:A5059448769,W3002108456,A5059448769,middle,0,2
authored_by:publication:W3002108456->person:A5102001216,authored_by,publication:W3002108456,person:A5102001216,W3002108456,A5102001216,middle,0,3
authored_by:publication:W3002108456->person:A5087860738,authored_by,publication:W3002108456,person:A5087860738,W3002108456,A5087860738,middle,0,4
authored_by:publication:W3002108456->person:A5100657871,authored_by,publication:W3002108456,person:A5100657871,W3002108456,A5100657871,middle,0,5
authored_by:publication:W3002108456->person:A5015539974,authored_by,publication:W3002108456,person:A5015539974,W3002108456,A5015539974,middle,0,6
authored_by:publication:W3002108456->person:A5018313165,authored_by,publication:W3002108456,person:A5018313165,W3002108456,A5018313165,middle,0,7
authored_by:publication:W3002108456->person:A5100414285,authored_by,publication:W3002108456,person:A5100414285,W3002108456,A5100414285,middle,0,8
authored_by:publication:W3002108456->person:A5100344847,authored_by,publication:W3002108456,person:A5100344847,W3002108456,A5100344847,middle,0,9
authored_by:publication:W3002108456->person:A5024929222,authored_by,publication:W3002108456,person:A5024929222,W3002108456,A5024929222,middle,0,10
authored_by:publication:W3002108456->person:A5100655339,authored_by,publication:W3002108456,person:A5100655339,W3002108456,A5100655339,middle,0,11
authored_by:publication:W3002108456->person:A5100375454,authored_by,publication:W3002108456,person:A5100375454,W3002108456,A5100375454,middle,1,12
authored_by:publication:W3002108456->person:A5100425676,authored_by,publication:W3002108456,person:A5100425676,W3002108456,A5100425676,last,1,13
authored_by:publication:W3092849554->person:A5007119101,authored_by,publication:W3092849554,person:A5007119101,W3092849554,A5007119101,first,1,0
authored_by:publication:W3092849554->person:A5112677199,authored_by,publication:W3092849554,person:A5112677199,W3092849554,A5112677199,middle,0,1
authored_by:publication:W3092849554->person:A5022331752,authored_by,publication:W3092849554,person:A5022331752,W3092849554,A5022331752,middle,0,2
authored_by:publication:W3092849554->person:A5020081921,authored_by,publication:W3092849554,person:A5020081921,W3092849554,A5020081921,middle,0,3
authored_by:publication:W3092849554->person:A5103201651,authored_by,publication:W3092849554,person:A5103201651,W3092849554,A5103201651,middle,0,4
authored_by:publication:W3092849554->person:A5016971429,authored_by,publication:W3092849554,person:A5016971429,W3092849554,A5016971429,middle,0,5
authored_by:publication:W3092849554->person:A5038454257,authored_by,publication:W3092849554,person:A5038454257,W3092849554,A5038454257,middle,0,6
authored_by:publication:W3092849554->person:A5039134870,authored_by,publication:W3092849554,person:A5039134870,W3092849554,A5039134870,middle,0,7
authored_by:publication:W3092849554->person:A5081409858,authored_by,publication:W3092849554,person:A5081409858,W3092849554,A5081409858,middle,0,8
authored_by:publication:W3092849554->person:A5004128917,authored_by,publication:W3092849554,person:A5004128917,W3092849554,A5004128917,middle,0,9
authored_by:publication:W3092849554->person:A5068915111,authored_by,publication:W3092849554,person:A5068915111,W3092849554,A5068915111,middle,0,10
authored_by:publication:W3092849554->person:A5015334869,authored_by,publication:W3092849554,person:A5015334869,W3092849554,A5015334869,middle,0,11
authored_by:publication:W3092849554->person:A5051258190,authored_by,publication:W3092849554,person:A5051258190,W3092849554,A5051258190,middle,0,12
authored_by:publication:W3092849554->person:A5114083534,authored_by,publication:W3092849554,person:A5114083534,W3092849554,A5114083534,middle,0,13
authored_by:publication:W3092849554->person:A5051803014,authored_by,publication:W3092849554,person:A5051803014,W3092849554,A5051803014,middle,0,14
authored_by:publication:W3092849554->person:A5022099745,authored_by,publication:W3092849554,person:A5022099745,W3092849554,A5022099745,middle,0,15
authored_by:publication:W3092849554->person:A5073588344,authored_by,publication:W3092849554,person:A5073588344,W3092849554,A5073588344,middle,0,16
authored_by:publication:W3092849554->person:A5014846631,authored_by,publication:W3092849554,person:A5014846631,W3092849554,A5014846631,middle,0,17
authored_by:publication:W3092849554->person:A5024753707,authored_by,publication:W3092849554,person:A5024753707,W3092849554,A5024753707,middle,0,18
authored_by:publication:W3092849554->person:A5058948939,authored_by,publication:W3092849554,person:A5058948939,W3092849554,A5058948939,middle,0,19
authored_by:publication:W3092849554->person:A5053699466,authored_by,publication:W3092849554,person:A5053699466,W3092849554,A5053699466,middle,0,20
authored_by:publication:W3092849554->person:A5026327806,authored_by,publication:W3092849554,person:A5026327806,W3092849554,A5026327806,middle,0,21
authored_by:publication:W3092849554->person:A5075629581,authored_by,publication:W3092849554,person:A5075629581,W3092849554,A5075629581,middle,0,22
authored_by:publication:W3092849554->person:A5025832040,authored_by,publication:W3092849554,person:A5025832040,W3092849554,A5025832040,middle,0,23
authored_by:publication:W3092849554->person:A5089232733,authored_by,publication:W3092849554,person:A5089232733,W3092849554,A5089232733,middle,0,24
authored_by:publication:W3092849554->person:A5111625147,authored_by,publication:W3092849554,person:A5111625147,W3092849554,A5111625147,middle,0,25
authored_by:publication:W3092849554->person:A5028307745,authored_by,publication:W3092849554,person:A5028307745,W3092849554,A5028307745,middle,0,26
authored_by:publication:W3092849554->person:A5089325874,authored_by,publication:W3092849554,person:A5089325874,W3092849554,A5089325874,middle,0,27
authored_by:publication:W3092849554->person:A5051692662,authored_by,publication:W3092849554,person:A5051692662,W3092849554,A5051692662,middle,0,28
authored_by:publication:W3092849554->person:A5028948429,authored_by,publication:W3092849554,person:A5028948429,W3092849554,A5028948429,middle,0,29
authored_by:publication:W3092849554->person:A5066858273,authored_by,publication:W3092849554,person:A5066858273,W3092849554,A5066858273,middle,0,30
authored_by:publication:W3092849554->person:A5054428913,authored_by,publication:W3092849554,person:A5054428913,W3092849554,A5054428913,middle,0,31
authored_by:publication:W3092849554->person:A5073195032,authored_by,publication:W3092849554,person:A5073195032,W3092849554,A5073195032,middle,0,32
authored_by:publication:W3092849554->person:A5030523667,authored_by,publication:W3092849554,person:A5030523667,W3092849554,A5030523667,middle,0,33
authored_by:publication:W3092849554->person:A5054276792,authored_by,publication:W3092849554,person:A5054276792,W3092849554,A5054276792,middle,0,34
authored_by:publication:W3092849554->person:A5022120849,authored_by,publication:W3092849554,person:A5022120849,W3092849554,A5022120849,middle,0,35
authored_by:publication:W3092849554->person:A5100647892,authored_by,publication:W3092849554,person:A5100647892,W3092849554,A5100647892,middle,0,36
authored_by:publication:W3092849554->person:A5022776797,authored_by,publication:W3092849554,person:A5022776797,W3092849554,A5022776797,middle,0,37
authored_by:publication:W3092849554->person:A5100693052,authored_by,publication:W3092849554,person:A5100693052,W3092849554,A5100693052,middle,0,38
authored_by:publication:W3092849554->person:A5004513221,authored_by,publication:W3092849554,person:A5004513221,W3092849554,A5004513221,middle,0,39
authored_by:publication:W3092849554->person:A5011598532,authored_by,publication:W3092849554,person:A5011598532,W3092849554,A5011598532,middle,0,40
authored_by:publication:W3092849554->person:A5063768278,authored_by,publication:W3092849554,person:A5063768278,W3092849554,A5063768278,middle,0,41
authored_by:publication:W3092849554->person:A5022954543,authored_by,publication:W3092849554,person:A5022954543,W3092849554,A5022954543,middle,0,42
authored_by:publication:W3092849554->person:A5074539440,authored_by,publication:W3092849554,person:A5074539440,W3092849554,A5074539440,middle,0,43
authored_by:publication:W3092849554->person:A5019189772,authored_by,publication:W3092849554,person:A5019189772,W3092849554,A5019189772,middle,0,44
authored_by:publication:W3092849554->person:A5047490642,authored_by,publication:W3092849554,person:A5047490642,W3092849554,A5047490642,middle,0,45
authored_by:publication:W3092849554->person:A5061878115,authored_by,publication:W3092849554,person:A5061878115,W3092849554,A5061878115,middle,0,46
authored_by:publication:W3092849554->person:A5085634981,authored_by,publication:W3092849554,person:A5085634981,W3092849554,A5085634981,middle,0,47
authored_by:publication:W3092849554->person:A5101711502,authored_by,publication:W3092849554,person:A5101711502,W3092849554,A5101711502,middle,0,48
authored_by:publication:W3092849554->person:A5101711502,authored_by,publication:W3092849554,person:A5101711502,W3092849554,A5101711502,middle,0,49
authored_by:publication:W3092849554->person:A5043822651,authored_by,publication:W3092849554,person:A5043822651,W3092849554,A5043822651,middle,0,50
authored_by:publication:W3092849554->person:A5050954407,authored_by,publication:W3092849554,person:A5050954407,W3092849554,A5050954407,middle,0,51
authored_by:publication:W3092849554->person:A5061311900,authored_by,publication:W3092849554,person:A5061311900,W3092849554,A5061311900,middle,0,52
authored_by:publication:W3092849554->person:A5075507875,authored_by,publication:W3092849554,person:A5075507875,W3092849554,A5075507875,middle,0,53
authored_by:publication:W3092849554->person:A5042386888,authored_by,publication:W3092849554,person:A5042386888,W3092849554,A5042386888,middle,0,54
authored_by:publication:W3092849554->person:A5022947458,authored_by,publication:W3092849554,person:A5022947458,W3092849554,A5022947458,middle,0,55
authored_by:publication:W3092849554->person:A5006260823,authored_by,publication:W3092849554,person:A5006260823,W3092849554,A5006260823,middle,0,56
authored_by:publication:W3092849554->person:A5084483965,authored_by,publication:W3092849554,person:A5084483965,W3092849554,A5084483965,middle,0,57
authored_by:publication:W3092849554->person:A5113912805,authored_by,publication:W3092849554,person:A5113912805,W3092849554,A5113912805,middle,0,58
authored_by:publication:W3092849554->person:A5107926219,authored_by,publication:W3092849554,person:A5107926219,W3092849554,A5107926219,middle,0,59
authored_by:publication:W3092849554->person:A5029961086,authored_by,publication:W3092849554,person:A5029961086,W3092849554,A5029961086,middle,0,60
authored_by:publication:W3092849554->person:A5026413767,authored_by,publication:W3092849554,person:A5026413767,W3092849554,A5026413767,middle,0,61
authored_by:publication:W3092849554->person:A5011524331,authored_by,publication:W3092849554,person:A5011524331,W3092849554,A5011524331,middle,0,62
authored_by:publication:W3092849554->person:A5100781180,authored_by,publication:W3092849554,person:A5100781180,W3092849554,A5100781180,middle,0,63
authored_by:publication:W3092849554->person:A5002758767,authored_by,publication:W3092849554,person:A5002758767,W3092849554,A5002758767,middle,0,64
authored_by:publication:W3092849554->person:A5035907008,authored_by,publication:W3092849554,person:A5035907008,W3092849554,A5035907008,middle,0,65
authored_by:publication:W3092849554->person:A5068032683,authored_by,publication:W3092849554,person:A5068032683,W3092849554,A5068032683,middle,0,66
authored_by:publication:W3092849554->person:A5078832673,authored_by,publication:W3092849554,person:A5078832673,W3092849554,A5078832673,middle,0,67
authored_by:publication:W3092849554->person:A5085934063,authored_by,publication:W3092849554,person:A5085934063,W3092849554,A5085934063,middle,0,68
authored_by:publication:W3092849554->person:W3092849554-person-69,authored_by,publication:W3092849554,person:W3092849554-person-69,W3092849554,W3092849554-person-69,middle,0,69
authored_by:publication:W3092849554->person:A5017054765,authored_by,publication:W3092849554,person:A5017054765,W3092849554,A5017054765,middle,0,70
authored_by:publication:W3092849554->person:A5062037359,authored_by,publication:W3092849554,person:A5062037359,W3092849554,A5062037359,middle,0,71
authored_by:publication:W3092849554->person:A5012235172,authored_by,publication:W3092849554,person:A5012235172,W3092849554,A5012235172,middle,0,72
authored_by:publication:W3092849554->person:A5048877321,authored_by,publication:W3092849554,person:A5048877321,W3092849554,A5048877321,middle,0,73
authored_by:publication:W3092849554->person:A5037982462,authored_by,publication:W3092849554,person:A5037982462,W3092849554,A5037982462,middle,0,74
authored_by:publication:W3092849554->person:A5032495968,authored_by,publication:W3092849554,person:A5032495968,W3092849554,A5032495968,middle,0,75
authored_by:publication:W3092849554->person:A5050120227,authored_by,publication:W3092849554,person:A5050120227,W3092849554,A5050120227,middle,0,76
authored_by:publication:W3092849554->person:A5015796792,authored_by,publication:W3092849554,person:A5015796792,W3092849554,A5015796792,middle,0,77
authored_by:publication:W3092849554->person:A5016293332,authored_by,publication:W3092849554,person:A5016293332,W3092849554,A5016293332,middle,0,78
authored_by:publication:W3092849554->person:A5009283382,authored_by,publication:W3092849554,person:A5009283382,W3092849554,A5009283382,middle,0,79
authored_by:publication:W3092849554->person:A5006820691,authored_by,publication:W3092849554,person:A5006820691,W3092849554,A5006820691,middle,0,80
authored_by:publication:W3092849554->person:A5013651350,authored_by,publication:W3092849554,person:A5013651350,W3092849554,A5013651350,middle,0,81
authored_by:publication:W3092849554->person:A5110997178,authored_by,publication:W3092849554,person:A5110997178,W3092849554,A5110997178,middle,0,82
authored_by:publication:W3092849554->person:A5112522986,authored_by,publication:W3092849554,person:A5112522986,W3092849554,A5112522986,middle,0,83
authored_by:publication:W3092849554->person:A5113963958,authored_by,publication:W3092849554,person:A5113963958,W3092849554,A5113963958,middle,0,84
authored_by:publication:W3092849554->person:A5048448601,authored_by,publication:W3092849554,person:A5048448601,W3092849554,A5048448601,middle,0,85
authored_by:publication:W3092849554->person:A5050473276,authored_by,publication:W3092849554,person:A5050473276,W3092849554,A5050473276,middle,0,86
authored_by:publication:W3092849554->person:A5047221475,authored_by,publication:W3092849554,person:A5047221475,W3092849554,A5047221475,middle,0,87
authored_by:publication:W3092849554->person:A5011663896,authored_by,publication:W3092849554,person:A5011663896,W3092849554,A5011663896,middle,0,88
authored_by:publication:W3092849554->person:A5049582382,authored_by,publication:W3092849554,person:A5049582382,W3092849554,A5049582382,middle,0,89
authored_by:publication:W3092849554->person:A5091863515,authored_by,publication:W3092849554,person:A5091863515,W3092849554,A5091863515,middle,0,90
authored_by:publication:W3092849554->person:A5010206657,authored_by,publication:W3092849554,person:A5010206657,W3092849554,A5010206657,middle,0,91
authored_by:publication:W3092849554->person:A5044523693,authored_by,publication:W3092849554,person:A5044523693,W3092849554,A5044523693,middle,0,92
authored_by:publication:W3092849554->person:W3092849554-person-93,authored_by,publication:W3092849554,person:W3092849554-person-93,W3092849554,W3092849554-person-93,middle,0,93
authored_by:publication:W3092849554->person:A5065404687,authored_by,publication:W3092849554,person:A5065404687,W3092849554,A5065404687,middle,0,94
authored_by:publication:W3092849554->person:A5070246213,authored_by,publication:W3092849554,person:A5070246213,W3092849554,A5070246213,middle,0,95
authored_by:publication:W3092849554->person:A5077743551,authored_by,publication:W3092849554,person:A5077743551,W3092849554,A5077743551,middle,0,96
authored_by:publication:W3092849554->person:A5078926615,authored_by,publication:W3092849554,person:A5078926615,W3092849554,A5078926615,middle,0,97
authored_by:publication:W3092849554->person:A5035782352,authored_by,publication:W3092849554,person:A5035782352,W3092849554,A5035782352,middle,0,98
authored_by:publication:W3092849554->person:A5085862062,authored_by,publication:W3092849554,person:A5085862062,W3092849554,A5085862062,middle,0,99
authored_by:publication:W3006659024->person:A5021126287,authored_by,publication:W3006659024,person:A5021126287,W3006659024,A5021126287,first,1,0
authored_by:publication:W3006659024->person:A5039261458,authored_by,publication:W3006659024,person:A5039261458,W3006659024,A5039261458,middle,0,1
authored_by:publication:W3006659024->person:A5068277529,authored_by,publication:W3006659024,person:A5068277529,W3006659024,A5068277529,middle,0,2
authored_by:publication:W3006659024->person:A5034415718,authored_by,publication:W3006659024,person:A5034415718,W3006659024,A5034415718,middle,0,3
authored_by:publication:W3006659024->person:A5091639078,authored_by,publication:W3006659024,person:A5091639078,W3006659024,A5091639078,middle,0,4
authored_by:publication:W3006659024->person:A5077472317,authored_by,publication:W3006659024,person:A5077472317,W3006659024,A5077472317,middle,0,5
authored_by:publication:W3006659024->person:A5103816868,authored_by,publication:W3006659024,person:A5103816868,W3006659024,A5103816868,last,0,6
authored_by:publication:W2275737843->person:A5054799659,authored_by,publication:W2275737843,person:A5054799659,W2275737843,A5054799659,first,1,0
authored_by:publication:W2275737843->person:A5042962646,authored_by,publication:W2275737843,person:A5042962646,W2275737843,A5042962646,middle,0,1
authored_by:publication:W2275737843->person:A5077161809,authored_by,publication:W2275737843,person:A5077161809,W2275737843,A5077161809,middle,0,2
authored_by:publication:W2275737843->person:A5023436129,authored_by,publication:W2275737843,person:A5023436129,W2275737843,A5023436129,middle,0,3
authored_by:publication:W2275737843->person:A5002375158,authored_by,publication:W2275737843,person:A5002375158,W2275737843,A5002375158,middle,0,4
authored_by:publication:W2275737843->person:A5014844709,authored_by,publication:W2275737843,person:A5014844709,W2275737843,A5014844709,last,0,5
authored_by:publication:W2015795623->person:A5113783987,authored_by,publication:W2015795623,person:A5113783987,W2015795623,A5113783987,first,1,0
authored_by:publication:W2015795623->person:A5110857369,authored_by,publication:W2015795623,person:A5110857369,W2015795623,A5110857369,last,0,1
authored_by:publication:W2465692541->person:A5088008640,authored_by,publication:W2465692541,person:A5088008640,W2465692541,A5088008640,first,1,0
authored_by:publication:W2465692541->person:A5005864315,authored_by,publication:W2465692541,person:A5005864315,W2465692541,A5005864315,middle,0,1
authored_by:publication:W2465692541->person:A5106897627,authored_by,publication:W2465692541,person:A5106897627,W2465692541,A5106897627,last,0,2
authored_by:publication:W1497256448->person:A5071875770,authored_by,publication:W1497256448,person:A5071875770,W1497256448,A5071875770,first,1,0
authored_by:publication:W2116122104->person:A5038539249,authored_by,publication:W2116122104,person:A5038539249,W2116122104,A5038539249,first,1,0
authored_by:publication:W2116122104->person:A5020822578,authored_by,publication:W2116122104,person:A5020822578,W2116122104,A5020822578,last,0,1
authored_by:publication:W2100826189->person:A5103383453,authored_by,publication:W2100826189,person:A5103383453,W2100826189,A5103383453,first,1,0
authored_by:publication:W2156109180->person:A5081873388,authored_by,publication:W2156109180,person:A5081873388,W2156109180,A5081873388,first,1,0
authored_by:publication:W2070631858->person:A5001761955,authored_by,publication:W2070631858,person:A5001761955,W2070631858,A5001761955,first,1,0
authored_by:publication:W2025610165->person:A5114113233,authored_by,publication:W2025610165,person:A5114113233,W2025610165,A5114113233,first,1,0
authored_by:publication:W2025610165->person:A5107790695,authored_by,publication:W2025610165,person:A5107790695,W2025610165,A5107790695,last,0,1
authored_by:publication:W2150697053->person:A5050699488,authored_by,publication:W2150697053,person:A5050699488,W2150697053,A5050699488,first,1,0
authored_by:publication:W2150697053->person:A5061717048,authored_by,publication:W2150697053,person:A5061717048,W2150697053,A5061717048,last,0,1
authored_by:publication:W2094642658->person:A5109971836,authored_by,publication:W2094642658,person:A5109971836,W2094642658,A5109971836,first,1,0
authored_by:publication:W2094642658->person:A5038387078,authored_by,publication:W2094642658,person:A5038387078,W2094642658,A5038387078,last,0,1
authored_by:publication:W2145150141->person:A5073085667,authored_by,publication:W2145150141,person:A5073085667,W2145150141,A5073085667,first,1,0
authored_by:publication:W2145150141->person:A5089114785,authored_by,publication:W2145150141,person:A5089114785,W2145150141,A5089114785,middle,0,1
authored_by:publication:W2145150141->person:A5073636065,authored_by,publication:W2145150141,person:A5073636065,W2145150141,A5073636065,middle,0,2
authored_by:publication:W2145150141->person:A5063651408,authored_by,publication:W2145150141,person:A5063651408,W2145150141,A5063651408,middle,0,3
authored_by:publication:W2145150141->person:A5111630451,authored_by,publication:W2145150141,person:A5111630451,W2145150141,A5111630451,middle,0,4
authored_by:publication:W2145150141->person:A5020353829,authored_by,publication:W2145150141,person:A5020353829,W2145150141,A5020353829,middle,0,5
authored_by:publication:W2145150141->person:A5083770629,authored_by,publication:W2145150141,person:A5083770629,W2145150141,A5083770629,middle,0,6
authored_by:publication:W2145150141->person:A5012484496,authored_by,publication:W2145150141,person:A5012484496,W2145150141,A5012484496,middle,0,7
authored_by:publication:W2145150141->person:A5027785364,authored_by,publication:W2145150141,person:A5027785364,W2145150141,A5027785364,middle,0,8
authored_by:publication:W2145150141->person:A5041250553,authored_by,publication:W2145150141,person:A5041250553,W2145150141,A5041250553,middle,0,9
authored_by:publication:W2145150141->person:A5068216862,authored_by,publication:W2145150141,person:A5068216862,W2145150141,A5068216862,middle,0,10
authored_by:publication:W2145150141->person:A5084622735,authored_by,publication:W2145150141,person:A5084622735,W2145150141,A5084622735,middle,0,11
authored_by:publication:W2145150141->person:A5039439529,authored_by,publication:W2145150141,person:A5039439529,W2145150141,A5039439529,middle,0,12
authored_by:publication:W2145150141->person:A5043779853,authored_by,publication:W2145150141,person:A5043779853,W2145150141,A5043779853,middle,0,13
authored_by:publication:W2145150141->person:A5009898984,authored_by,publication:W2145150141,person:A5009898984,W2145150141,A5009898984,middle,0,14
authored_by:publication:W2145150141->person:A5004080743,authored_by,publication:W2145150141,person:A5004080743,W2145150141,A5004080743,last,0,15
authored_by:publication:W3099878876->person:W3099878876-person-0,authored_by,publication:W3099878876,person:W3099878876-person-0,W3099878876,W3099878876-person-0,first,0,0
authored_by:publication:W3099878876->person:W3099878876-person-1,authored_by,publication:W3099878876,person:W3099878876-person-1,W3099878876,W3099878876-person-1,middle,1,1
authored_by:publication:W3099878876->person:W3099878876-person-2,authored_by,publication:W3099878876,person:W3099878876-person-2,W3099878876,W3099878876-person-2,middle,0,2
authored_by:publication:W3099878876->person:W3099878876-person-3,authored_by,publication:W3099878876,person:W3099878876-person-3,W3099878876,W3099878876-person-3,middle,1,3
authored_by:publication:W3099878876->person:W3099878876-person-4,authored_by,publication:W3099878876,person:W3099878876-person-4,W3099878876,W3099878876-person-4,middle,0,4
authored_by:publication:W3099878876->person:W3099878876-person-5,authored_by,publication:W3099878876,person:W3099878876-person-5,W3099878876,W3099878876-person-5,middle,0,5
authored_by:publication:W3099878876->person:W3099878876-person-6,authored_by,publication:W3099878876,person:W3099878876-person-6,W3099878876,W3099878876-person-6,middle,0,6
authored_by:publication:W3099878876->person:W3099878876-person-7,authored_by,publication:W3099878876,person:W3099878876-person-7,W3099878876,W3099878876-person-7,middle,0,7
authored_by:publication:W3099878876->person:W3099878876-person-8,authored_by,publication:W3099878876,person:W3099878876-person-8,W3099878876,W3099878876-person-8,middle,0,8
authored_by:publication:W3099878876->person:W3099878876-person-9,authored_by,publication:W3099878876,person:W3099878876-person-9,W3099878876,W3099878876-person-9,middle,0,9
authored_by:publication:W3099878876->person:W3099878876-person-10,authored_by,publication:W3099878876,person:W3099878876-person-10,W3099878876,W3099878876-person-10,middle,0,10
authored_by:publication:W3099878876->person:W3099878876-person-11,authored_by,publication:W3099878876,person:W3099878876-person-11,W3099878876,W3099878876-person-11,middle,0,11
authored_by:publication:W3099878876->person:W3099878876-person-12,authored_by,publication:W3099878876,person:W3099878876-person-12,W3099878876,W3099878876-person-12,middle,0,12
authored_by:publication:W3099878876->person:W3099878876-person-13,authored_by,publication:W3099878876,person:W3099878876-person-13,W3099878876,W3099878876-person-13,middle,0,13
authored_by:publication:W3099878876->person:W3099878876-person-14,authored_by,publication:W3099878876,person:W3099878876-person-14,W3099878876,W3099878876-person-14,middle,0,14
authored_by:publication:W3099878876->person:W3099878876-person-15,authored_by,publication:W3099878876,person:W3099878876-person-15,W3099878876,W3099878876-person-15,middle,0,15
authored_by:publication:W3099878876->person:W3099878876-person-16,authored_by,publication:W3099878876,person:W3099878876-person-16,W3099878876,W3099878876-person-16,middle,0,16
authored_by:publication:W3099878876->person:W3099878876-person-17,authored_by,publication:W3099878876,person:W3099878876-person-17,W3099878876,W3099878876-person-17,middle,0,17
authored_by:publication:W3099878876->person:W3099878876-person-18,authored_by,publication:W3099878876,person:W3099878876-person-18,W3099878876,W3099878876-person-18,middle,0,18
authored_by:publication:W3099878876->person:W3099878876-person-19,authored_by,publication:W3099878876,person:W3099878876-person-19,W3099878876,W3099878876-person-19,middle,0,19
authored_by:publication:W3099878876->person:W3099878876-person-20,authored_by,publication:W3099878876,person:W3099878876-person-20,W3099878876,W3099878876-person-20,middle,0,20
authored_by:publication:W3099878876->person:W3099878876-person-21,authored_by,publication:W3099878876,person:W3099878876-person-21,W3099878876,W3099878876-person-21,middle,0,21
authored_by:publication:W3099878876->person:W3099878876-person-22,authored_by,publication:W3099878876,person:W3099878876-person-22,W3099878876,W3099878876-person-22,middle,0,22
authored_by:publication:W3099878876->person:W3099878876-person-23,authored_by,publication:W3099878876,person:W3099878876-person-23,W3099878876,W3099878876-person-23,middle,0,23
authored_by:publication:W3099878876->person:W3099878876-person-24,authored_by,publication:W3099878876,person:W3099878876-person-24,W3099878876,W3099878876-person-24,middle,0,24
authored_by:publication:W3099878876->person:W3099878876-person-25,authored_by,publication:W3099878876,person:W3099878876-person-25,W3099878876,W3099878876-person-25,last,0,25
authored_by:publication:W2939474406->person:A5070300720,authored_by,publication:W2939474406,person:A5070300720,W2939474406,A5070300720,first,1,0
authored_by:publication:W2939474406->person:A5110657512,authored_by,publication:W2939474406,person:A5110657512,W2939474406,A5110657512,middle,0,1
authored_by:publication:W2939474406->person:A5046285468,authored_by,publication:W2939474406,person:A5046285468,W2939474406,A5046285468,middle,0,2
authored_by:publication:W2939474406->person:A5052803135,authored_by,publication:W2939474406,person:A5052803135,W2939474406,A5052803135,middle,0,3
authored_by:publication:W2939474406->person:A5111441747,authored_by,publication:W2939474406,person:A5111441747,W2939474406,A5111441747,middle,0,4
authored_by:publication:W2939474406->person:A5019954898,authored_by,publication:W2939474406,person:A5019954898,W2939474406,A5019954898,middle,0,5
authored_by:publication:W2939474406->person:A5039274552,authored_by,publication:W2939474406,person:A5039274552,W2939474406,A5039274552,middle,0,6
authored_by:publication:W2939474406->person:A5101873521,authored_by,publication:W2939474406,person:A5101873521,W2939474406,A5101873521,last,0,7
authored_by:publication:W4254687493->person:A5016175339,authored_by,publication:W4254687493,person:A5016175339,W4254687493,A5016175339,first,1,0
authored_by:publication:W244186264->person:A5091640119,authored_by,publication:W244186264,person:A5091640119,W244186264,A5091640119,first,1,0
authored_by:publication:W2150290224->person:A5021008604,authored_by,publication:W2150290224,person:A5021008604,W2150290224,A5021008604,first,1,0
authored_by:publication:W2150290224->person:A5084781189,authored_by,publication:W2150290224,person:A5084781189,W2150290224,A5084781189,middle,0,1
authored_by:publication:W2150290224->person:A5024491002,authored_by,publication:W2150290224,person:A5024491002,W2150290224,A5024491002,last,0,2
authored_by:publication:W2118502261->person:A5071941451,authored_by,publication:W2118502261,person:A5071941451,W2118502261,A5071941451,first,1,0
authored_by:publication:W1689771227->person:A5108603030,authored_by,publication:W1689771227,person:A5108603030,W1689771227,A5108603030,first,1,0
authored_by:publication:W1689771227->person:A5032115040,authored_by,publication:W1689771227,person:A5032115040,W1689771227,A5032115040,middle,0,1
authored_by:publication:W1689771227->person:A5002771076,authored_by,publication:W1689771227,person:A5002771076,W1689771227,A5002771076,last,0,2
authored_by:publication:W2787959293->person:A5079643796,authored_by,publication:W2787959293,person:A5079643796,W2787959293,A5079643796,first,1,0
authored_by:publication:W1803273808->person:A5058231379,authored_by,publication:W1803273808,person:A5058231379,W1803273808,A5058231379,first,1,0
authored_by:publication:W4320013936->person:A5109598133,authored_by,publication:W4320013936,person:A5109598133,W4320013936,A5109598133,first,1,0
authored_by:publication:W4367314869->person:A5057584685,authored_by,publication:W4367314869,person:A5057584685,W4367314869,A5057584685,first,1,0
authored_by:publication:W2963341956->person:A5057457287,authored_by,publication:W2963341956,person:A5057457287,W2963341956,A5057457287,first,1,0
authored_by:publication:W2963341956->person:A5076904467,authored_by,publication:W2963341956,person:A5076904467,W2963341956,A5076904467,middle,0,1
authored_by:publication:W2963341956->person:A5081862885,authored_by,publication:W2963341956,person:A5081862885,W2963341956,A5081862885,middle,0,2
authored_by:publication:W2963341956->person:A5053947885,authored_by,publication:W2963341956,person:A5053947885,W2963341956,A5053947885,last,0,3
authored_by:publication:W1990513740->person:A5038727864,authored_by,publication:W1990513740,person:A5038727864,W1990513740,A5038727864,first,1,0
authored_by:publication:W1990513740->person:W1990513740-person-1,authored_by,publication:W1990513740,person:W1990513740-person-1,W1990513740,W1990513740-person-1,middle,0,1
authored_by:publication:W1990513740->person:W1990513740-person-2,authored_by,publication:W1990513740,person:W1990513740-person-2,W1990513740,W1990513740-person-2,last,0,2
authored_by:publication:W2129905273->person:A5014642814,authored_by,publication:W2129905273,person:A5014642814,W2129905273,A5014642814,first,1,0
authored_by:publication:W1533200881->person:A5035242470,authored_by,publication:W1533200881,person:A5035242470,W1533200881,A5035242470,first,1,0
authored_by:publication:W2963163009->person:A5103186114,authored_by,publication:W2963163009,person:A5103186114,W2963163009,A5103186114,first,1,0
authored_by:publication:W2963163009->person:A5037015491,authored_by,publication:W2963163009,person:A5037015491,W2963163009,A5037015491,middle,0,1
authored_by:publication:W2963163009->person:A5004780312,authored_by,publication:W2963163009,person:A5004780312,W2963163009,A5004780312,middle,0,2
authored_by:publication:W2963163009->person:A5113984302,authored_by,publication:W2963163009,person:A5113984302,W2963163009,A5113984302,middle,0,3
authored_by:publication:W2963163009->person:A5103273466,authored_by,publication:W2963163009,person:A5103273466,W2963163009,A5103273466,last,0,4
authored_by:publication:W2124192278->person:A5059611813,authored_by,publication:W2124192278,person:A5059611813,W2124192278,A5059611813,first,1,0
authored_by:publication:W2752782242->person:A5100679575,authored_by,publication:W2752782242,person:A5100679575,W2752782242,A5100679575,first,1,0
authored_by:publication:W2752782242->person:A5108393212,authored_by,publication:W2752782242,person:A5108393212,W2752782242,A5108393212,middle,0,1
authored_by:publication:W2752782242->person:A5057457548,authored_by,publication:W2752782242,person:A5057457548,W2752782242,A5057457548,last,0,2
authored_by:publication:W2041902442->person:A5049526322,authored_by,publication:W2041902442,person:A5049526322,W2041902442,A5049526322,first,1,0
authored_by:publication:W2041902442->person:A5108461729,authored_by,publication:W2041902442,person:A5108461729,W2041902442,A5108461729,last,0,1
authored_by:publication:W2963446712->person:A5013240918,authored_by,publication:W2963446712,person:A5013240918,W2963446712,A5013240918,first,1,0
authored_by:publication:W2963446712->person:A5100452089,authored_by,publication:W2963446712,person:A5100452089,W2963446712,A5100452089,middle,0,1
authored_by:publication:W2963446712->person:A5109065097,authored_by,publication:W2963446712,person:A5109065097,W2963446712,A5109065097,middle,0,2
authored_by:publication:W2963446712->person:A5006380227,authored_by,publication:W2963446712,person:A5006380227,W2963446712,A5006380227,last,0,3
authored_by:publication:W2249595199->person:A5067146589,authored_by,publication:W2249595199,person:A5067146589,W2249595199,A5067146589,first,1,0
authored_by:publication:W2565639579->person:A5052768778,authored_by,publication:W2565639579,person:A5052768778,W2565639579,A5052768778,first,1,0
authored_by:publication:W2565639579->person:A5057866698,authored_by,publication:W2565639579,person:A5057866698,W2565639579,A5057866698,middle,0,1
authored_by:publication:W2565639579->person:A5049246408,authored_by,publication:W2565639579,person:A5049246408,W2565639579,A5049246408,middle,0,2
authored_by:publication:W2565639579->person:A5100700361,authored_by,publication:W2565639579,person:A5100700361,W2565639579,A5100700361,middle,0,3
authored_by:publication:W2565639579->person:A5101647390,authored_by,publication:W2565639579,person:A5101647390,W2565639579,A5101647390,middle,0,4
authored_by:publication:W2565639579->person:A5018609918,authored_by,publication:W2565639579,person:A5018609918,W2565639579,A5018609918,last,0,5
authored_by:publication:W2963351448->person:A5052768778,authored_by,publication:W2963351448,person:A5052768778,W2963351448,A5052768778,first,1,0
authored_by:publication:W2963351448->person:A5035445731,authored_by,publication:W2963351448,person:A5035445731,W2963351448,A5035445731,middle,0,1
authored_by:publication:W2963351448->person:A5049246408,authored_by,publication:W2963351448,person:A5049246408,W2963351448,A5049246408,middle,0,2
authored_by:publication:W2963351448->person:A5100700361,authored_by,publication:W2963351448,person:A5100700361,W2963351448,A5100700361,middle,0,3
authored_by:publication:W2963351448->person:A5057866698,authored_by,publication:W2963351448,person:A5057866698,W2963351448,A5057866698,last,0,4
authored_by:publication:W2962858109->person:A5046238088,authored_by,publication:W2962858109,person:A5046238088,W2962858109,A5046238088,first,1,0
authored_by:publication:W2962858109->person:A5052890596,authored_by,publication:W2962858109,person:A5052890596,W2962858109,A5052890596,middle,0,1
authored_by:publication:W2962858109->person:A5102972112,authored_by,publication:W2962858109,person:A5102972112,W2962858109,A5102972112,middle,0,2
authored_by:publication:W2962858109->person:A5041797310,authored_by,publication:W2962858109,person:A5041797310,W2962858109,A5041797310,middle,0,3
authored_by:publication:W2962858109->person:A5050342343,authored_by,publication:W2962858109,person:A5050342343,W2962858109,A5050342343,middle,0,4
authored_by:publication:W2962858109->person:A5014035752,authored_by,publication:W2962858109,person:A5014035752,W2962858109,A5014035752,last,0,5
authored_by:publication:W2963150697->person:A5100700361,authored_by,publication:W2963150697,person:A5100700361,W2963150697,A5100700361,first,1,0
authored_by:publication:W2963150697->person:A5014407395,authored_by,publication:W2963150697,person:A5014407395,W2963150697,A5014407395,middle,0,1
authored_by:publication:W2963150697->person:A5057866698,authored_by,publication:W2963150697,person:A5057866698,W2963150697,A5057866698,middle,0,2
authored_by:publication:W2963150697->person:A5049246408,authored_by,publication:W2963150697,person:A5049246408,W2963150697,A5049246408,last,0,3
authored_by:publication:W2971035958->person:A5025339678,authored_by,publication:W2971035958,person:A5025339678,W2971035958,A5025339678,first,1,0
authored_by:publication:W2971035958->person:A5020035710,authored_by,publication:W2971035958,person:A5020035710,W2971035958,A5020035710,last,0,1
authored_by:publication:W1515587369->person:A5044483808,authored_by,publication:W1515587369,person:A5044483808,W1515587369,A5044483808,first,1,0
authored_by:publication:W1515587369->person:A5108677812,authored_by,publication:W1515587369,person:A5108677812,W1515587369,A5108677812,last,0,1
authored_by:publication:W2962793481->person:A5102883508,authored_by,publication:W2962793481,person:A5102883508,W2962793481,A5102883508,first,1,0
authored_by:publication:W2962793481->person:A5100643662,authored_by,publication:W2962793481,person:A5100643662,W2962793481,A5100643662,middle,0,1
authored_by:publication:W2962793481->person:A5017456911,authored_by,publication:W2962793481,person:A5017456911,W2962793481,A5017456911,middle,0,2
authored_by:publication:W2962793481->person:A5077436220,authored_by,publication:W2962793481,person:A5077436220,W2962793481,A5077436220,last,0,3
authored_by:publication:W2531409750->person:A5024393893,authored_by,publication:W2531409750,person:A5024393893,W2531409750,A5024393893,first,1,0
authored_by:publication:W2570343428->person:A5062301070,authored_by,publication:W2570343428,person:A5062301070,W2570343428,A5062301070,first,1,0
authored_by:publication:W2570343428->person:A5101576595,authored_by,publication:W2570343428,person:A5101576595,W2570343428,A5101576595,last,0,1
authored_by:publication:W2194775991->person:A5100700361,authored_by,publication:W2194775991,person:A5100700361,W2194775991,A5100700361,first,1,0
authored_by:publication:W2194775991->person:A5100362465,authored_by,publication:W2194775991,person:A5100362465,W2194775991,A5100362465,middle,0,1
authored_by:publication:W2194775991->person:A5100824251,authored_by,publication:W2194775991,person:A5100824251,W2194775991,A5100824251,middle,0,2
authored_by:publication:W2194775991->person:A5100785015,authored_by,publication:W2194775991,person:A5100785015,W2194775991,A5100785015,last,0,3
authored_by:publication:W2183341477->person:A5002183320,authored_by,publication:W2183341477,person:A5002183320,W2183341477,A5002183320,first,1,0
authored_by:publication:W2183341477->person:A5013813527,authored_by,publication:W2183341477,person:A5013813527,W2183341477,A5013813527,middle,0,1
authored_by:publication:W2183341477->person:A5032800189,authored_by,publication:W2183341477,person:A5032800189,W2183341477,A5032800189,middle,0,2
authored_by:publication:W2183341477->person:A5076054799,authored_by,publication:W2183341477,person:A5076054799,W2183341477,A5076054799,middle,0,3
authored_by:publication:W2183341477->person:A5041722253,authored_by,publication:W2183341477,person:A5041722253,W2183341477,A5041722253,last,0,4
authored_by:publication:W3106250896->person:A5100431792,authored_by,publication:W3106250896,person:A5100431792,W3106250896,A5100431792,first,1,0
authored_by:publication:W3106250896->person:A5081024054,authored_by,publication:W3106250896,person:A5081024054,W3106250896,A5081024054,middle,0,1
authored_by:publication:W3106250896->person:A5084125668,authored_by,publication:W3106250896,person:A5084125668,W3106250896,A5084125668,middle,0,2
authored_by:publication:W3106250896->person:A5002183320,authored_by,publication:W3106250896,person:A5002183320,W3106250896,A5002183320,middle,0,3
authored_by:publication:W3106250896->person:A5059110895,authored_by,publication:W3106250896,person:A5059110895,W3106250896,A5059110895,last,0,4
authored_by:publication:W2295598076->person:W2295598076-person-0,authored_by,publication:W2295598076,person:W2295598076-person-0,W2295598076,W2295598076-person-0,first,1,0
authored_by:publication:W2295598076->person:W2295598076-person-1,authored_by,publication:W2295598076,person:W2295598076-person-1,W2295598076,W2295598076-person-1,last,0,1
authored_by:publication:W1677182931->person:A5100700361,authored_by,publication:W1677182931,person:A5100700361,W1677182931,A5100700361,first,1,0
authored_by:publication:W1677182931->person:A5100362465,authored_by,publication:W1677182931,person:A5100362465,W1677182931,A5100362465,middle,0,1
authored_by:publication:W1677182931->person:A5100824251,authored_by,publication:W1677182931,person:A5100824251,W1677182931,A5100824251,middle,0,2
authored_by:publication:W1677182931->person:A5101425421,authored_by,publication:W1677182931,person:A5101425421,W1677182931,A5101425421,last,0,3
authored_by:publication:W1536680647->person:A5049246408,authored_by,publication:W1536680647,person:A5049246408,W1536680647,A5049246408,first,1,0
authored_by:publication:W1903029394->person:A5032863417,authored_by,publication:W1903029394,person:A5032863417,W1903029394,A5032863417,first,1,0
authored_by:publication:W1903029394->person:A5023786468,authored_by,publication:W1903029394,person:A5023786468,W1903029394,A5023786468,middle,0,1
authored_by:publication:W1903029394->person:A5029105520,authored_by,publication:W1903029394,person:A5029105520,W1903029394,A5029105520,last,0,2
authored_by:publication:W2097117768->person:A5002183320,authored_by,publication:W2097117768,person:A5002183320,W2097117768,A5002183320,first,1,0
authored_by:publication:W2097117768->person:A5100641142,authored_by,publication:W2097117768,person:A5100641142,W2097117768,A5100641142,middle,0,1
authored_by:publication:W2097117768->person:A5110220840,authored_by,publication:W2097117768,person:A5110220840,W2097117768,A5110220840,middle,0,2
authored_by:publication:W2097117768->person:A5066544075,authored_by,publication:W2097117768,person:A5066544075,W2097117768,A5066544075,middle,0,3
authored_by:publication:W2097117768->person:A5059110895,authored_by,publication:W2097117768,person:A5059110895,W2097117768,A5059110895,middle,0,4
authored_by:publication:W2097117768->person:A5081024054,authored_by,publication:W2097117768,person:A5081024054,W2097117768,A5081024054,middle,0,5
authored_by:publication:W2097117768->person:A5084125668,authored_by,publication:W2097117768,person:A5084125668,W2097117768,A5084125668,middle,0,6
authored_by:publication:W2097117768->person:A5013813527,authored_by,publication:W2097117768,person:A5013813527,W2097117768,A5013813527,middle,0,7
authored_by:publication:W2097117768->person:A5026452365,authored_by,publication:W2097117768,person:A5026452365,W2097117768,A5026452365,last,0,8
authored_by:publication:W2132905138->person:A5052588458,authored_by,publication:W2132905138,person:A5052588458,W2132905138,A5052588458,first,1,0
authored_by:publication:W2095705004->person:A5103070090,authored_by,publication:W2095705004,person:A5103070090,W2095705004,A5103070090,first,1,0
authored_by:publication:W2095705004->person:A5108093963,authored_by,publication:W2095705004,person:A5108093963,W2095705004,A5108093963,middle,0,1
authored_by:publication:W2095705004->person:A5031152245,authored_by,publication:W2095705004,person:A5031152245,W2095705004,A5031152245,middle,0,2
authored_by:publication:W2095705004->person:A5006446297,authored_by,publication:W2095705004,person:A5006446297,W2095705004,A5006446297,middle,0,3
authored_by:publication:W2095705004->person:A5071983998,authored_by,publication:W2095705004,person:A5071983998,W2095705004,A5071983998,last,0,4
authored_by:publication:W2250539671->person:A5010225522,authored_by,publication:W2250539671,person:A5010225522,W2250539671,A5010225522,first,1,0
authored_by:publication:W2250539671->person:A5059955534,authored_by,publication:W2250539671,person:A5059955534,W2250539671,A5059955534,middle,0,1
authored_by:publication:W2250539671->person:A5046006076,authored_by,publication:W2250539671,person:A5046006076,W2250539671,A5046006076,last,0,2
authored_by:publication:W2157331557->person:A5030087918,authored_by,publication:W2157331557,person:A5030087918,W2157331557,A5030087918,first,1,0
authored_by:publication:W2157331557->person:A5057127344,authored_by,publication:W2157331557,person:A5057127344,W2157331557,A5057127344,middle,0,1
authored_by:publication:W2157331557->person:A5041145688,authored_by,publication:W2157331557,person:A5041145688,W2157331557,A5041145688,middle,0,2
authored_by:publication:W2157331557->person:A5010465328,authored_by,publication:W2157331557,person:A5010465328,W2157331557,A5010465328,middle,0,3
authored_by:publication:W2157331557->person:A5079465565,authored_by,publication:W2157331557,person:A5079465565,W2157331557,A5079465565,middle,0,4
authored_by:publication:W2157331557->person:A5015857371,authored_by,publication:W2157331557,person:A5015857371,W2157331557,A5015857371,middle,0,5
authored_by:publication:W2157331557->person:A5086198262,authored_by,publication:W2157331557,person:A5086198262,W2157331557,A5086198262,last,0,6
authored_by:publication:W377384883->person:A5112758519,authored_by,publication:W377384883,person:A5112758519,W377384883,A5112758519,first,1,0
authored_by:publication:W377384883->person:A5109053731,authored_by,publication:W377384883,person:A5109053731,W377384883,A5109053731,middle,0,1
authored_by:publication:W377384883->person:A5058231379,authored_by,publication:W377384883,person:A5058231379,W377384883,A5058231379,last,0,2
authored_by:publication:W2102605133->person:A5049246408,authored_by,publication:W2102605133,person:A5049246408,W2102605133,A5049246408,first,1,0
authored_by:publication:W2102605133->person:A5077819827,authored_by,publication:W2102605133,person:A5077819827,W2102605133,A5077819827,middle,0,1
authored_by:publication:W2102605133->person:A5029105520,authored_by,publication:W2102605133,person:A5029105520,W2102605133,A5029105520,middle,0,2
authored_by:publication:W2102605133->person:A5001594573,authored_by,publication:W2102605133,person:A5001594573,W2102605133,A5001594573,last,0,3
authored_by:publication:W1849190772->person:A5075890029,authored_by,publication:W1849190772,person:A5075890029,W1849190772,A5075890029,first,1,0
authored_by:publication:W4299627282->person:A5102808166,authored_by,publication:W4299627282,person:A5102808166,W4299627282,A5102808166,first,1,0
authored_by:publication:W1530155851->person:A5023092535,authored_by,publication:W1530155851,person:A5023092535,W1530155851,A5023092535,first,1,0
authored_by:publication:W1554944419->person:A5045744709,authored_by,publication:W1554944419,person:A5045744709,W1554944419,A5045744709,first,1,0
authored_by:publication:W1554944419->person:A5027340494,authored_by,publication:W1554944419,person:A5027340494,W1554944419,A5027340494,middle,0,1
authored_by:publication:W1554944419->person:A5020427483,authored_by,publication:W1554944419,person:A5020427483,W1554944419,A5020427483,last,0,2
authored_by:publication:W2799061466->person:A5083819316,authored_by,publication:W2799061466,person:A5083819316,W2799061466,A5083819316,first,1,0
authored_by:publication:W1535803599->person:A5101501222,authored_by,publication:W1535803599,person:A5101501222,W1535803599,A5101501222,first,1,0
authored_by:publication:W1587026990->person:A5016175339,authored_by,publication:W1587026990,person:A5016175339,W1587026990,A5016175339,first,1,0
authored_by:publication:W1516534262->person:A5015613005,authored_by,publication:W1516534262,person:A5015613005,W1516534262,A5015613005,first,1,0
authored_by:publication:W1598602811->person:W1598602811-person-0,authored_by,publication:W1598602811,person:W1598602811-person-0,W1598602811,W1598602811-person-0,first,1,0
authored_by:publication:W1598602811->person:W1598602811-person-1,authored_by,publication:W1598602811,person:W1598602811-person-1,W1598602811,W1598602811-person-1,last,0,1
authored_by:publication:W273955616->person:A5018772991,authored_by,publication:W273955616,person:A5018772991,W273955616,A5018772991,first,1,0
authored_by:publication:W273955616->person:A5007077635,authored_by,publication:W273955616,person:A5007077635,W273955616,A5007077635,last,0,1
authored_by:publication:W1520428197->person:A5070300720,authored_by,publication:W1520428197,person:A5070300720,W1520428197,A5070300720,first,1,0
authored_by:publication:W1542932561->person:A5028291081,authored_by,publication:W1542932561,person:A5028291081,W1542932561,A5028291081,first,1,0
authored_by:publication:W1542932561->person:A5006593403,authored_by,publication:W1542932561,person:A5006593403,W1542932561,A5006593403,middle,0,1
authored_by:publication:W1542932561->person:A5031795997,authored_by,publication:W1542932561,person:A5031795997,W1542932561,A5031795997,last,0,2
authored_by:publication:W1605824561->person:A5059921353,authored_by,publication:W1605824561,person:A5059921353,W1605824561,A5059921353,first,1,0
authored_by:publication:W2491458126->person:A5074798370,authored_by,publication:W2491458126,person:A5074798370,W2491458126,A5074798370,first,1,0
authored_by:publication:W2161969291->person:A5050292858,authored_by,publication:W2161969291,person:A5050292858,W2161969291,A5050292858,first,1,0
authored_by:publication:W2161969291->person:A5062363302,authored_by,publication:W2161969291,person:A5062363302,W2161969291,A5062363302,last,0,1
authored_by:publication:W3145128584->person:A5058664442,authored_by,publication:W3145128584,person:A5058664442,W3145128584,A5058664442,first,1,0
authored_by:publication:W3145128584->person:A5043692646,authored_by,publication:W3145128584,person:A5043692646,W3145128584,A5043692646,middle,0,1
authored_by:publication:W3145128584->person:A5027750329,authored_by,publication:W3145128584,person:A5027750329,W3145128584,A5027750329,middle,0,2
authored_by:publication:W3145128584->person:A5041633309,authored_by,publication:W3145128584,person:A5041633309,W3145128584,A5041633309,middle,0,3
authored_by:publication:W3145128584->person:A5044434940,authored_by,publication:W3145128584,person:A5044434940,W3145128584,A5044434940,last,0,4
authored_by:publication:W1665332082->person:A5058995931,authored_by,publication:W1665332082,person:A5058995931,W1665332082,A5058995931,first,1,0
authored_by:publication:W2164598857->person:A5042310818,authored_by,publication:W2164598857,person:A5042310818,W2164598857,A5042310818,first,1,0
authored_by:publication:W2164598857->person:A5064275902,authored_by,publication:W2164598857,person:A5064275902,W2164598857,A5064275902,last,0,1
authored_by:publication:W2296616510->person:A5065355421,authored_by,publication:W2296616510,person:A5065355421,W2296616510,A5065355421,first,1,0
authored_by:publication:W2052417512->person:A5000829187,authored_by,publication:W2052417512,person:A5000829187,W2052417512,A5000829187,first,1,0
authored_by:publication:W2052417512->person:A5111759161,authored_by,publication:W2052417512,person:A5111759161,W2052417512,A5111759161,last,0,1
authored_by:publication:W2904250082->person:A5110057218,authored_by,publication:W2904250082,person:A5110057218,W2904250082,A5110057218,first,1,0
authored_by:publication:W2904250082->person:A5112155211,authored_by,publication:W2904250082,person:A5112155211,W2904250082,A5112155211,last,0,1
authored_by:publication:W2152195021->person:A5102905570,authored_by,publication:W2152195021,person:A5102905570,W2152195021,A5102905570,first,1,0
authored_by:publication:W2152195021->person:A5109974163,authored_by,publication:W2152195021,person:A5109974163,W2152195021,A5109974163,last,0,1
authored_by:publication:W2145417574->person:A5058193542,authored_by,publication:W2145417574,person:A5058193542,W2145417574,A5058193542,first,1,0
authored_by:publication:W2101105183->person:A5078910140,authored_by,publication:W2101105183,person:A5078910140,W2101105183,A5078910140,first,1,0
authored_by:publication:W2101105183->person:A5043396055,authored_by,publication:W2101105183,person:A5043396055,W2101105183,A5043396055,middle,0,1
authored_by:publication:W2101105183->person:A5039037597,authored_by,publication:W2101105183,person:A5039037597,W2101105183,A5039037597,middle,0,2
authored_by:publication:W2101105183->person:A5111884032,authored_by,publication:W2101105183,person:A5111884032,W2101105183,A5111884032,last,0,3
authored_by:publication:W1539265701->person:A5025339678,authored_by,publication:W1539265701,person:A5025339678,W1539265701,A5025339678,first,1,0
authored_by:publication:W2099111195->person:A5055073921,authored_by,publication:W2099111195,person:A5055073921,W2099111195,A5055073921,first,1,0
authored_by:publication:W2099111195->person:A5110907440,authored_by,publication:W2099111195,person:A5110907440,W2099111195,A5110907440,last,0,1
authored_by:publication:W4299689471->person:A5109437770,authored_by,publication:W4299689471,person:A5109437770,W4299689471,A5109437770,first,1,0
authored_by:publication:W4299689471->person:A5109125505,authored_by,publication:W4299689471,person:A5109125505,W4299689471,A5109125505,last,0,1
authored_by:publication:W1607071030->person:A5113995631,authored_by,publication:W1607071030,person:A5113995631,W1607071030,A5113995631,first,1,0
authored_by:publication:W1607071030->person:W1607071030-person-1,authored_by,publication:W1607071030,person:W1607071030-person-1,W1607071030,W1607071030-person-1,last,0,1
authored_by:publication:W1505626160->person:A5110186242,authored_by,publication:W1505626160,person:A5110186242,W1505626160,A5110186242,first,1,0
authored_by:publication:W2036149274->person:A5087188826,authored_by,publication:W2036149274,person:A5087188826,W2036149274,A5087188826,first,1,0
authored_by:publication:W1780382453->person:A5018954657,authored_by,publication:W1780382453,person:A5018954657,W1780382453,A5018954657,first,1,0
authored_by:publication:W2124386111->person:A5055202003,authored_by,publication:W2124386111,person:A5055202003,W2124386111,A5055202003,first,1,0
authored_by:publication:W2129995310->person:A5074798370,authored_by,publication:W2129995310,person:A5074798370,W2129995310,A5074798370,first,1,0
authored_by:publication:W1672766972->person:A5017221230,authored_by,publication:W1672766972,person:A5017221230,W1672766972,A5017221230,first,1,0
authored_by:publication:W1672766972->person:A5112803577,authored_by,publication:W1672766972,person:A5112803577,W1672766972,A5112803577,last,0,1
authored_by:publication:W1487923163->person:A5101924772,authored_by,publication:W1487923163,person:A5101924772,W1487923163,A5101924772,first,1,0
authored_by:publication:W1487923163->person:A5078072128,authored_by,publication:W1487923163,person:A5078072128,W1487923163,A5078072128,middle,0,1
authored_by:publication:W1487923163->person:A5015096976,authored_by,publication:W1487923163,person:A5015096976,W1487923163,A5015096976,middle,0,2
authored_by:publication:W1487923163->person:A5103638447,authored_by,publication:W1487923163,person:A5103638447,W1487923163,A5103638447,last,0,3
authored_by:publication:W2124776405->person:A5022678891,authored_by,publication:W2124776405,person:A5022678891,W2124776405,A5022678891,first,1,0
authored_by:publication:W2028954902->person:A5025339678,authored_by,publication:W2028954902,person:A5025339678,W2028954902,A5025339678,first,1,0
authored_by:publication:W1673310716->person:A5018267399,authored_by,publication:W1673310716,person:A5018267399,W1673310716,A5018267399,first,1,0
authored_by:publication:W1673310716->person:A5109848174,authored_by,publication:W1673310716,person:A5109848174,W1673310716,A5109848174,middle,0,1
authored_by:publication:W1673310716->person:A5021763337,authored_by,publication:W1673310716,person:A5021763337,W1673310716,A5021763337,middle,0,2
authored_by:publication:W1673310716->person:A5107791286,authored_by,publication:W1673310716,person:A5107791286,W1673310716,A5107791286,last,0,3
authored_by:publication:W2912565176->person:A5109036851,authored_by,publication:W2912565176,person:A5109036851,W2912565176,A5109036851,first,1,0
authored_by:publication:W4388147587->person:A5037302894,authored_by,publication:W4388147587,person:A5037302894,W4388147587,A5037302894,first,1,0
authored_by:publication:W4388147587->person:A5011580708,authored_by,publication:W4388147587,person:A5011580708,W4388147587,A5011580708,last,0,1
authored_by:publication:W2156909104->person:A5062753972,authored_by,publication:W2156909104,person:A5062753972,W2156909104,A5062753972,first,1,0
authored_by:publication:W1995945562->person:A5108567924,authored_by,publication:W1995945562,person:A5108567924,W1995945562,A5108567924,first,1,0
authored_by:publication:W1995945562->person:A5027340494,authored_by,publication:W1995945562,person:A5027340494,W1995945562,A5027340494,last,0,1
authored_by:publication:W1649645444->person:A5060805359,authored_by,publication:W1649645444,person:A5060805359,W1649645444,A5060805359,first,1,0
authored_by:publication:W1649645444->person:A5011041108,authored_by,publication:W1649645444,person:A5011041108,W1649645444,A5011041108,middle,0,1
authored_by:publication:W1649645444->person:A5105988194,authored_by,publication:W1649645444,person:A5105988194,W1649645444,A5105988194,middle,0,2
authored_by:publication:W1649645444->person:A5087818401,authored_by,publication:W1649645444,person:A5087818401,W1649645444,A5087818401,last,0,3
authored_by:publication:W1763243278->person:A5111730431,authored_by,publication:W1763243278,person:A5111730431,W1763243278,A5111730431,first,1,0
authored_by:publication:W1714723801->person:A5025339678,authored_by,publication:W1714723801,person:A5025339678,W1714723801,A5025339678,first,1,0
authored_by:publication:W2061901927->person:A5110328496,authored_by,publication:W2061901927,person:A5110328496,W2061901927,A5110328496,first,1,0
authored_by:publication:W2061901927->person:A5013955991,authored_by,publication:W2061901927,person:A5013955991,W2061901927,A5013955991,last,0,1
authored_by:publication:W3106889297->person:A5108567924,authored_by,publication:W3106889297,person:A5108567924,W3106889297,A5108567924,first,1,0
authored_by:publication:W3106889297->person:A5112584650,authored_by,publication:W3106889297,person:A5112584650,W3106889297,A5112584650,last,0,1
authored_by:publication:W2125055259->person:A5110271944,authored_by,publication:W2125055259,person:A5110271944,W2125055259,A5110271944,first,1,0
authored_by:publication:W3214833809->person:A5003709069,authored_by,publication:W3214833809,person:A5003709069,W3214833809,A5003709069,first,1,0
authored_by:publication:W4301861531->person:A5102833882,authored_by,publication:W4301861531,person:A5102833882,W4301861531,A5102833882,first,1,0
authored_by:publication:W4301861531->person:A5032751929,authored_by,publication:W4301861531,person:A5032751929,W4301861531,A5032751929,last,0,1
authored_by:publication:W2144634347->person:A5112152140,authored_by,publication:W2144634347,person:A5112152140,W2144634347,A5112152140,first,1,0
authored_by:publication:W2144634347->person:A5047742196,authored_by,publication:W2144634347,person:A5047742196,W2144634347,A5047742196,middle,0,1
authored_by:publication:W2144634347->person:A5091116725,authored_by,publication:W2144634347,person:A5091116725,W2144634347,A5091116725,last,0,2
authored_by:publication:W4298091299->person:A5047232270,authored_by,publication:W4298091299,person:A5047232270,W4298091299,A5047232270,first,1,0
authored_by:publication:W1639032689->person:A5110057218,authored_by,publication:W1639032689,person:A5110057218,W1639032689,A5110057218,first,1,0
authored_by:publication:W2159080219->person:A5108208924,authored_by,publication:W2159080219,person:A5108208924,W2159080219,A5108208924,first,1,0
authored_by:publication:W1965324089->person:A5078405221,authored_by,publication:W1965324089,person:A5078405221,W1965324089,A5078405221,first,1,0
authored_by:publication:W1517229207->person:A5038084567,authored_by,publication:W1517229207,person:A5038084567,W1517229207,A5038084567,first,1,0
authored_by:publication:W2052729098->person:A5004154542,authored_by,publication:W2052729098,person:A5004154542,W2052729098,A5004154542,first,1,0
authored_by:publication:W2052729098->person:A5001390698,authored_by,publication:W2052729098,person:A5001390698,W2052729098,A5001390698,last,0,1
authored_by:publication:W2610857016->person:A5073752893,authored_by,publication:W2610857016,person:A5073752893,W2610857016,A5073752893,first,1,0
authored_by:publication:W2610857016->person:A5111066366,authored_by,publication:W2610857016,person:A5111066366,W2610857016,A5111066366,last,0,1
authored_by:publication:W1527311855->person:A5112624486,authored_by,publication:W1527311855,person:A5112624486,W1527311855,A5112624486,first,1,0
authored_by:publication:W1515810707->person:A5034980949,authored_by,publication:W1515810707,person:A5034980949,W1515810707,A5034980949,first,1,0
authored_by:publication:W2170644967->person:A5111839356,authored_by,publication:W2170644967,person:A5111839356,W2170644967,A5111839356,first,1,0
authored_by:publication:W1484864026->person:A5020096432,authored_by,publication:W1484864026,person:A5020096432,W1484864026,A5020096432,first,1,0
authored_by:publication:W1484864026->person:A5109157911,authored_by,publication:W1484864026,person:A5109157911,W1484864026,A5109157911,last,0,1
authored_by:publication:W2113076747->person:A5043324448,authored_by,publication:W2113076747,person:A5043324448,W2113076747,A5043324448,first,1,0
authored_by:publication:W1855283887->person:A5081922410,authored_by,publication:W1855283887,person:A5081922410,W1855283887,A5081922410,first,1,0
authored_by:publication:W1989157562->person:A5005657217,authored_by,publication:W1989157562,person:A5005657217,W1989157562,A5005657217,first,1,0
authored_by:publication:W1989157562->person:A5110009578,authored_by,publication:W1989157562,person:A5110009578,W1989157562,A5110009578,last,0,1
authored_by:publication:W1597750586->person:A5005989677,authored_by,publication:W1597750586,person:A5005989677,W1597750586,A5005989677,first,1,0
authored_by:publication:W1597750586->person:A5017781099,authored_by,publication:W1597750586,person:A5017781099,W1597750586,A5017781099,last,0,1
authored_by:publication:W115394847->person:A5003709069,authored_by,publication:W115394847,person:A5003709069,W115394847,A5003709069,first,1,0
authored_by:publication:W1491644571->person:A5038084567,authored_by,publication:W1491644571,person:A5038084567,W1491644571,A5038084567,first,1,0
authored_by:publication:W1491644571->person:A5065215114,authored_by,publication:W1491644571,person:A5065215114,W1491644571,A5065215114,last,0,1
authored_by:publication:W2011039300->person:A5047995033,authored_by,publication:W2011039300,person:A5047995033,W2011039300,A5047995033,first,1,0
authored_by:publication:W2011039300->person:A5110866131,authored_by,publication:W2011039300,person:A5110866131,W2011039300,A5110866131,last,0,1
authored_by:publication:W2046002177->person:A5024399587,authored_by,publication:W2046002177,person:A5024399587,W2046002177,A5024399587,first,1,0
authored_by:publication:W2046002177->person:A5049036967,authored_by,publication:W2046002177,person:A5049036967,W2046002177,A5049036967,last,0,1
authored_by:publication:W2036389121->person:A5065215114,authored_by,publication:W2036389121,person:A5065215114,W2036389121,A5065215114,first,1,0
authored_by:publication:W2036389121->person:A5038084567,authored_by,publication:W2036389121,person:A5038084567,W2036389121,A5038084567,last,0,1
authored_by:publication:W158727920->person:A5000234995,authored_by,publication:W158727920,person:A5000234995,W158727920,A5000234995,first,1,0
authored_by:publication:W158727920->person:A5111995000,authored_by,publication:W158727920,person:A5111995000,W158727920,A5111995000,last,0,1
authored_by:publication:W2264742718->person:A5088668684,authored_by,publication:W2264742718,person:A5088668684,W2264742718,A5088668684,first,1,0
authored_by:publication:W1546783991->person:A5103177283,authored_by,publication:W1546783991,person:A5103177283,W1546783991,A5103177283,first,1,0
authored_by:publication:W1607171655->person:A5033496466,authored_by,publication:W1607171655,person:A5033496466,W1607171655,A5033496466,first,1,0
authored_by:publication:W1607171655->person:A5032812428,authored_by,publication:W1607171655,person:A5032812428,W1607171655,A5032812428,middle,0,1
authored_by:publication:W1607171655->person:A5028437506,authored_by,publication:W1607171655,person:A5028437506,W1607171655,A5028437506,last,0,2
authored_by:publication:W1720881856->person:A5021483327,authored_by,publication:W1720881856,person:A5021483327,W1720881856,A5021483327,first,1,0
authored_by:publication:W1546962148->person:A5034798175,authored_by,publication:W1546962148,person:A5034798175,W1546962148,A5034798175,first,1,0
authored_by:publication:W1546962148->person:A5062254329,authored_by,publication:W1546962148,person:A5062254329,W1546962148,A5062254329,last,0,1
authored_by:publication:W2752853835->person:A5110826490,authored_by,publication:W2752853835,person:A5110826490,W2752853835,A5110826490,first,1,0
authored_by:publication:W2282054059->person:A5017790958,authored_by,publication:W2282054059,person:A5017790958,W2282054059,A5017790958,first,1,0
authored_by:publication:W2282054059->person:A5023440342,authored_by,publication:W2282054059,person:A5023440342,W2282054059,A5023440342,middle,0,1
authored_by:publication:W2282054059->person:A5067992479,authored_by,publication:W2282054059,person:A5067992479,W2282054059,A5067992479,middle,0,2
authored_by:publication:W2282054059->person:A5077951346,authored_by,publication:W2282054059,person:A5077951346,W2282054059,A5077951346,last,0,3
authored_by:publication:W2798456356->person:A5039601178,authored_by,publication:W2798456356,person:A5039601178,W2798456356,A5039601178,first,1,0
authored_by:publication:W1992897439->person:A5078798103,authored_by,publication:W1992897439,person:A5078798103,W1992897439,A5078798103,first,1,0
authored_by:publication:W1992897439->person:A5110138757,authored_by,publication:W1992897439,person:A5110138757,W1992897439,A5110138757,last,0,1
authored_by:publication:W1591593323->person:A5110158417,authored_by,publication:W1591593323,person:A5110158417,W1591593323,A5110158417,first,1,0
authored_by:publication:W1614549126->person:A5112140704,authored_by,publication:W1614549126,person:A5112140704,W1614549126,A5112140704,first,1,0
authored_by:publication:W2002729176->person:A5005199063,authored_by,publication:W2002729176,person:A5005199063,W2002729176,A5005199063,first,1,0
authored_by:publication:W2002729176->person:A5029605479,authored_by,publication:W2002729176,person:A5029605479,W2002729176,A5029605479,last,0,1
