id,type,source,target,publication_id,topic_id,topic_name,score
has_topic:publication:W2108598243->topic:T10627,has_topic,publication:W2108598243,topic:T10627,W2108598243,T10627,Advanced Image and Video Retrieval Techniques,0.9998999834060669
has_topic:publication:W2108598243->topic:T10824,has_topic,publication:W2108598243,topic:T10824,W2108598243,T10824,Image Retrieval and Classification Techniques,0.9991000294685364
has_topic:publication:W2108598243->topic:T11714,has_topic,publication:W2108598243,topic:T11714,W2108598243,T11714,Multimodal Machine Learning Applications,0.9937999844551086
has_topic:publication:W3138516171->topic:T10036,has_topic,publication:W3138516171,topic:T10036,W3138516171,T10036,Advanced Neural Network Applications,0.9998999834060669
has_topic:publication:W3138516171->topic:T11307,has_topic,publication:W3138516171,topic:T11307,W3138516171,T11307,Domain Adaptation and Few-Shot Learning,0.9997000098228455
has_topic:publication:W3138516171->topic:T10627,has_topic,publication:W3138516171,topic:T10627,W3138516171,T10627,Advanced Image and Video Retrieval Techniques,0.9995999932289124
has_topic:publication:W2167928095->topic:T10344,has_topic,publication:W2167928095,topic:T10344,W2167928095,T10344,Management and Organizational Studies,0.9865999817848206
has_topic:publication:W2167928095->topic:T11024,has_topic,publication:W2167928095,topic:T11024,W2167928095,T11024,Information Systems Theories and Implementation,0.9793999791145325
has_topic:publication:W2167928095->topic:T12010,has_topic,publication:W2167928095,topic:T12010,W2167928095,T12010,Evaluation and Performance Assessment,0.9520999789237976
has_topic:publication:W2081228936->topic:T11047,has_topic,publication:W2081228936,topic:T11047,W2081228936,T11047,Gender Diversity and Inequality,0.857200026512146
has_topic:publication:W201578715->topic:T11810,has_topic,publication:W201578715,topic:T11810,W201578715,T11810,Complex Systems and Decision Making,0.6603999733924866
has_topic:publication:W2141951329->topic:T10344,has_topic,publication:W2141951329,topic:T10344,W2141951329,T10344,Management and Organizational Studies,0.9900000095367432
has_topic:publication:W2141951329->topic:T11810,has_topic,publication:W2141951329,topic:T11810,W2141951329,T11810,Complex Systems and Decision Making,0.9751999974250793
has_topic:publication:W2141951329->topic:T11024,has_topic,publication:W2141951329,topic:T11024,W2141951329,T11024,Information Systems Theories and Implementation,0.9478999972343445
has_topic:publication:W3123397884->topic:T11810,has_topic,publication:W3123397884,topic:T11810,W3123397884,T11810,Complex Systems and Decision Making,0.1745000034570694
has_topic:publication:W2133990480->topic:T10538,has_topic,publication:W2133990480,topic:T10538,W2133990480,T10538,Data Mining Algorithms and Applications,0.9988999962806702
has_topic:publication:W2133990480->topic:T10317,has_topic,publication:W2133990480,topic:T10317,W2133990480,T10317,Advanced Database Systems and Queries,0.9965000152587891
has_topic:publication:W2133990480->topic:T11106,has_topic,publication:W2133990480,topic:T11106,W2133990480,T11106,Data Management and Algorithms,0.9965000152587891
has_topic:publication:W2764347725->topic:T10622,has_topic,publication:W2764347725,topic:T10622,W2764347725,T10622,Quantum Mechanics and Applications,0.7595999836921692
has_topic:publication:W2764347725->topic:T10682,has_topic,publication:W2764347725,topic:T10682,W2764347725,T10682,Quantum Computing Algorithms and Architecture,0.7258999943733215
has_topic:publication:W2153635508->topic:T10057,has_topic,publication:W2153635508,topic:T10057,W2153635508,T10057,Face and Expression Recognition,0.9997000098228455
has_topic:publication:W2153635508->topic:T10320,has_topic,publication:W2153635508,topic:T10320,W2153635508,T10320,Neural Networks and Applications,0.9988999962806702
has_topic:publication:W2153635508->topic:T11512,has_topic,publication:W2153635508,topic:T11512,W2153635508,T11512,Anomaly Detection Techniques and Applications,0.9976999759674072
has_topic:publication:W2167590372->topic:T12557,has_topic,publication:W2167590372,topic:T12557,W2167590372,T12557,Inorganic Chemistry and Materials,0.9995999932289124
has_topic:publication:W2167590372->topic:T12613,has_topic,publication:W2167590372,topic:T12613,W2167590372,T12613,X-ray Diffraction in Crystallography,0.9969000220298767
has_topic:publication:W2167590372->topic:T10939,has_topic,publication:W2167590372,topic:T10939,W2167590372,T10939,Crystal Structures and Properties,0.9958999752998352
has_topic:publication:W2132454074->topic:T12613,has_topic,publication:W2132454074,topic:T12613,W2132454074,T12613,X-ray Diffraction in Crystallography,1.0
has_topic:publication:W2132454074->topic:T12646,has_topic,publication:W2132454074,topic:T12646,W2132454074,T12646,Inorganic Fluorides and Related Compounds,1.0
has_topic:publication:W2132454074->topic:T10939,has_topic,publication:W2132454074,topic:T10939,W2132454074,T10939,Crystal Structures and Properties,0.9998999834060669
has_topic:publication:W2131350133->topic:T11162,has_topic,publication:W2131350133,topic:T11162,W2131350133,T11162,Enzyme Structure and Function,0.9998999834060669
has_topic:publication:W2131350133->topic:T10044,has_topic,publication:W2131350133,topic:T10044,W2131350133,T10044,Protein Structure and Dynamics,0.9987000226974487
has_topic:publication:W2131350133->topic:T10211,has_topic,publication:W2131350133,topic:T10211,W2131350133,T10211,Computational Drug Discovery Methods,0.9948999881744385
has_topic:publication:W2148066840->topic:T12613,has_topic,publication:W2148066840,topic:T12613,W2148066840,T12613,X-ray Diffraction in Crystallography,0.9998999834060669
has_topic:publication:W2148066840->topic:T10798,has_topic,publication:W2148066840,topic:T10798,W2148066840,T10798,Crystallography and molecular interactions,0.9937000274658203
has_topic:publication:W2148066840->topic:T11881,has_topic,publication:W2148066840,topic:T11881,W2148066840,T11881,Crystallization and Solubility Studies,0.9889000058174133
has_topic:publication:W1969360633->topic:T12613,has_topic,publication:W1969360633,topic:T12613,W1969360633,T12613,X-ray Diffraction in Crystallography,0.9998000264167786
has_topic:publication:W1969360633->topic:T10798,has_topic,publication:W1969360633,topic:T10798,W1969360633,T10798,Crystallography and molecular interactions,0.9990000128746033
has_topic:publication:W1969360633->topic:T11162,has_topic,publication:W1969360633,topic:T11162,W1969360633,T11162,Enzyme Structure and Function,0.9976999759674072
has_topic:publication:W2180229411->topic:T11162,has_topic,publication:W2180229411,topic:T11162,W2180229411,T11162,Enzyme Structure and Function,0.9998999834060669
has_topic:publication:W2180229411->topic:T10044,has_topic,publication:W2180229411,topic:T10044,W2180229411,T10044,Protein Structure and Dynamics,0.9994000196456909
has_topic:publication:W2180229411->topic:T10932,has_topic,publication:W2180229411,topic:T10932,W2180229411,T10932,Microbial Metabolic Engineering and Bioproduction,0.9822999835014343
has_topic:publication:W4248872320->topic:T11162,has_topic,publication:W4248872320,topic:T11162,W4248872320,T11162,Enzyme Structure and Function,0.9994000196456909
has_topic:publication:W4248872320->topic:T12613,has_topic,publication:W4248872320,topic:T12613,W4248872320,T12613,X-ray Diffraction in Crystallography,0.9904000163078308
has_topic:publication:W4248872320->topic:T10995,has_topic,publication:W4248872320,topic:T10995,W4248872320,T10995,Methane Hydrates and Related Phenomena,0.9894999861717224
has_topic:publication:W2124026197->topic:T11162,has_topic,publication:W2124026197,topic:T11162,W2124026197,T11162,Enzyme Structure and Function,0.9983000159263611
has_topic:publication:W2124026197->topic:T10044,has_topic,publication:W2124026197,topic:T10044,W2124026197,T10044,Protein Structure and Dynamics,0.991599977016449
has_topic:publication:W2124026197->topic:T10303,has_topic,publication:W2124026197,topic:T10303,W2124026197,T10303,Photosynthetic Processes and Mechanisms,0.984000027179718
has_topic:publication:W2144081223->topic:T11162,has_topic,publication:W2144081223,topic:T11162,W2144081223,T11162,Enzyme Structure and Function,0.9997000098228455
has_topic:publication:W2144081223->topic:T10044,has_topic,publication:W2144081223,topic:T10044,W2144081223,T10044,Protein Structure and Dynamics,0.9987000226974487
has_topic:publication:W2144081223->topic:T10932,has_topic,publication:W2144081223,topic:T10932,W2144081223,T10932,Microbial Metabolic Engineering and Bioproduction,0.9908000230789185
has_topic:publication:W1995017064->topic:T11809,has_topic,publication:W1995017064,topic:T11809,W1995017064,T11809,Advanced NMR Techniques and Applications,0.9990000128746033
has_topic:publication:W1995017064->topic:T11162,has_topic,publication:W1995017064,topic:T11162,W1995017064,T11162,Enzyme Structure and Function,0.998199999332428
has_topic:publication:W1995017064->topic:T10044,has_topic,publication:W1995017064,topic:T10044,W1995017064,T10044,Protein Structure and Dynamics,0.9855999946594238
has_topic:publication:W2001641653->topic:T11162,has_topic,publication:W2001641653,topic:T11162,W2001641653,T11162,Enzyme Structure and Function,0.9908999800682068
has_topic:publication:W2366536035->topic:T10129,has_topic,publication:W2366536035,topic:T10129,W2366536035,T10129,Glioma Diagnosis and Treatment,0.9998999834060669
has_topic:publication:W2366536035->topic:T11251,has_topic,publication:W2366536035,topic:T11251,W2366536035,T11251,Meningioma and schwannoma management,0.998199999332428
has_topic:publication:W2366536035->topic:T11600,has_topic,publication:W2366536035,topic:T11600,W2366536035,T11600,Brain Metastases and Treatment,0.9959999918937683
has_topic:publication:W2052742260->topic:T10086,has_topic,publication:W2052742260,topic:T10086,W2052742260,T10086,Alzheimer's disease research and treatments,0.9995999932289124
has_topic:publication:W2052742260->topic:T10009,has_topic,publication:W2052742260,topic:T10009,W2052742260,T10009,Dementia and Cognitive Impairment Research,0.9988999962806702
has_topic:publication:W2052742260->topic:T10448,has_topic,publication:W2052742260,topic:T10448,W2052742260,T10448,Memory and Neural Mechanisms,0.994700014591217
has_topic:publication:W2166281097->topic:T10853,has_topic,publication:W2166281097,topic:T10853,W2166281097,T10853,"Anxiety, Depression, Psychometrics, Treatment, Cognitive Processes",0.9994000196456909
has_topic:publication:W2166281097->topic:T11334,has_topic,publication:W2166281097,topic:T11334,W2166281097,T11334,Psychosomatic Disorders and Their Treatments,0.9988999962806702
has_topic:publication:W2166281097->topic:T11083,has_topic,publication:W2166281097,topic:T11083,W2166281097,T11083,Cardiac Health and Mental Health,0.9973000288009644
has_topic:publication:W2140918013->topic:T14477,has_topic,publication:W2140918013,topic:T14477,W2140918013,T14477,"Management, Economics, and Public Policy",0.052000001072883606
has_topic:publication:W2140918013->topic:T13402,has_topic,publication:W2140918013,topic:T13402,W2140918013,T13402,Business Strategy and Innovation,0.04960000142455101
has_topic:publication:W2140918013->topic:T12751,has_topic,publication:W2140918013,topic:T12751,W2140918013,T12751,Leadership and Management in Organizations,0.04650000110268593
has_topic:publication:W2108795964->topic:T10003,has_topic,publication:W2108795964,topic:T10003,W2108795964,T10003,Innovation and Knowledge Management,0.9977999925613403
has_topic:publication:W2108795964->topic:T11849,has_topic,publication:W2108795964,topic:T11849,W2108795964,T11849,Intellectual Capital and Performance Analysis,0.9868000149726868
has_topic:publication:W2108795964->topic:T12659,has_topic,publication:W2108795964,topic:T12659,W2108795964,T12659,Innovation Diffusion and Forecasting,0.9789999723434448
has_topic:publication:W2135732933->topic:T11881,has_topic,publication:W2135732933,topic:T11881,W2135732933,T11881,Crystallization and Solubility Studies,0.9998000264167786
has_topic:publication:W2135732933->topic:T10908,has_topic,publication:W2135732933,topic:T10908,W2135732933,T10908,Analytical Chemistry and Chromatography,0.9993000030517578
has_topic:publication:W2135732933->topic:T10256,has_topic,publication:W2135732933,topic:T10256,W2135732933,T10256,Drug Solubulity and Delivery Systems,0.9988999962806702
has_topic:publication:W2061438946->topic:T10100,has_topic,publication:W2061438946,topic:T10100,W2061438946,T10100,Metaheuristic Optimization Algorithms Research,0.9998999834060669
has_topic:publication:W2061438946->topic:T10848,has_topic,publication:W2061438946,topic:T10848,W2061438946,T10848,Advanced Multi-Objective Optimization Algorithms,0.9940000176429749
has_topic:publication:W2061438946->topic:T11975,has_topic,publication:W2061438946,topic:T11975,W2061438946,T11975,Evolutionary Algorithms and Applications,0.9761000275611877
has_topic:publication:W4214907476->topic:T10314,has_topic,publication:W4214907476,topic:T10314,W4214907476,T10314,Social and Intergroup Psychology,0.3384000062942505
has_topic:publication:W2061977616->topic:T10003,has_topic,publication:W2061977616,topic:T10003,W2061977616,T10003,Innovation and Knowledge Management,0.9932000041007996
has_topic:publication:W2061977616->topic:T11849,has_topic,publication:W2061977616,topic:T11849,W2061977616,T11849,Intellectual Capital and Performance Analysis,0.9697999954223633
has_topic:publication:W2061977616->topic:T12851,has_topic,publication:W2061977616,topic:T12851,W2061977616,T12851,Firm Innovation and Growth,0.9573000073432922
has_topic:publication:W1993663609->topic:T10344,has_topic,publication:W1993663609,topic:T10344,W1993663609,T10344,Management and Organizational Studies,0.9993000030517578
has_topic:publication:W1993663609->topic:T10213,has_topic,publication:W1993663609,topic:T10213,W1993663609,T10213,Public Policy and Administration Research,0.9735000133514404
has_topic:publication:W1993663609->topic:T13235,has_topic,publication:W1993663609,topic:T13235,W1993663609,T13235,Management Theory and Practice,0.9599999785423279
has_topic:publication:W2069687969->topic:T12795,has_topic,publication:W2069687969,topic:T12795,W2069687969,T12795,Banana Cultivation and Research,0.5090000033378601
has_topic:publication:W1974097079->topic:T10360,has_topic,publication:W1974097079,topic:T10360,W1974097079,T10360,Fluid Dynamics and Turbulent Flows,0.9998000264167786
has_topic:publication:W1974097079->topic:T11371,has_topic,publication:W1974097079,topic:T11371,W1974097079,T11371,Wind and Air Flow Studies,0.9972000122070312
has_topic:publication:W1974097079->topic:T10173,has_topic,publication:W1974097079,topic:T10173,W1974097079,T10173,Computational Fluid Dynamics and Aerodynamics,0.996399998664856
has_topic:publication:W2115017507->topic:T10009,has_topic,publication:W2115017507,topic:T10009,W2115017507,T10009,Dementia and Cognitive Impairment Research,0.9994000196456909
has_topic:publication:W2115017507->topic:T10086,has_topic,publication:W2115017507,topic:T10086,W2115017507,T10086,Alzheimer's disease research and treatments,0.9758999943733215
has_topic:publication:W2115017507->topic:T11011,has_topic,publication:W2115017507,topic:T11011,W2115017507,T11011,Frailty in Older Adults,0.9571999907493591
has_topic:publication:W3121131820->topic:T10019,has_topic,publication:W3121131820,topic:T10019,W3121131820,T10019,Corporate Finance and Governance,0.901199996471405
has_topic:publication:W2136931384->topic:T12167,has_topic,publication:W2136931384,topic:T12167,W2136931384,T12167,Bacterial Identification and Susceptibility Testing,0.9995999932289124
has_topic:publication:W2136931384->topic:T11316,has_topic,publication:W2136931384,topic:T11316,W2136931384,T11316,Mycobacterium research and diagnosis,0.9980000257492065
has_topic:publication:W2136931384->topic:T13791,has_topic,publication:W2136931384,topic:T13791,W2136931384,T13791,Veterinary medicine and infectious diseases,0.9950000047683716
has_topic:publication:W2114004260->topic:T10908,has_topic,publication:W2114004260,topic:T10908,W2114004260,T10908,Analytical Chemistry and Chromatography,0.9811000227928162
has_topic:publication:W2114004260->topic:T11667,has_topic,publication:W2114004260,topic:T11667,W2114004260,T11667,Advanced Chemical Sensor Technologies,0.9778000116348267
has_topic:publication:W2114004260->topic:T10836,has_topic,publication:W2114004260,topic:T10836,W2114004260,T10836,Metabolomics and Mass Spectrometry Studies,0.9474999904632568
has_topic:publication:W2256756668->topic:T11610,has_topic,publication:W2256756668,topic:T11610,W2256756668,T11610,Food Security and Health in Diverse Populations,0.8838000297546387
has_topic:publication:W1631356911->topic:T10622,has_topic,publication:W1631356911,topic:T10622,W1631356911,T10622,Quantum Mechanics and Applications,0.850600004196167
has_topic:publication:W1631356911->topic:T10682,has_topic,publication:W1631356911,topic:T10682,W1631356911,T10682,Quantum Computing Algorithms and Architecture,0.8460000157356262
has_topic:publication:W2078206416->topic:T14339,has_topic,publication:W2078206416,topic:T14339,W2078206416,T14339,Image Processing and 3D Reconstruction,0.7738999724388123
has_topic:publication:W2078206416->topic:T12417,has_topic,publication:W2078206416,topic:T12417,W2078206416,T12417,Morphological variations and asymmetry,0.6801999807357788
has_topic:publication:W2120062331->topic:T10963,has_topic,publication:W2120062331,topic:T10963,W2120062331,T10963,Advanced Optimization Algorithms Research,0.1445000022649765
has_topic:publication:W2120062331->topic:T14500,has_topic,publication:W2120062331,topic:T14500,W2120062331,T14500,Advanced Mathematical Theories,0.1429000049829483
has_topic:publication:W2120062331->topic:T10792,has_topic,publication:W2120062331,topic:T10792,W2120062331,T10792,Matrix Theory and Algorithms,0.12290000170469284
has_topic:publication:W1974085346->topic:T12613,has_topic,publication:W1974085346,topic:T12613,W1974085346,T12613,X-ray Diffraction in Crystallography,0.9747999906539917
has_topic:publication:W1974085346->topic:T13129,has_topic,publication:W1974085346,topic:T13129,W1974085346,T13129,Material Properties and Applications,0.9434999823570251
has_topic:publication:W2056722718->topic:T12044,has_topic,publication:W2056722718,topic:T12044,W2056722718,T12044,Advanced Physical and Chemical Molecular Interactions,0.10790000110864639
has_topic:publication:W2116839388->topic:T10426,has_topic,publication:W2116839388,topic:T10426,W2116839388,T10426,Child Abuse and Trauma,0.9959999918937683
has_topic:publication:W2116839388->topic:T11464,has_topic,publication:W2116839388,topic:T11464,W2116839388,T11464,Homelessness and Social Issues,0.9836000204086304
has_topic:publication:W2116839388->topic:T11629,has_topic,publication:W2116839388,topic:T11629,W2116839388,T11629,"Birth, Development, and Health",0.9746000170707703
has_topic:publication:W2127951128->topic:T10143,has_topic,publication:W2127951128,topic:T10143,W2127951128,T10143,Chronic Obstructive Pulmonary Disease (COPD) Research,1.0
has_topic:publication:W2127951128->topic:T10322,has_topic,publication:W2127951128,topic:T10322,W2127951128,T10322,Respiratory Support and Mechanisms,0.9975000023841858
has_topic:publication:W2127951128->topic:T10051,has_topic,publication:W2127951128,topic:T10051,W2127951128,T10051,Asthma and respiratory diseases,0.9848999977111816
has_topic:publication:W3123534837->topic:T11239,has_topic,publication:W3123534837,topic:T11239,W3123534837,T11239,Social Capital and Networks,0.7810999751091003
has_topic:publication:W3123534837->topic:T10785,has_topic,publication:W3123534837,topic:T10785,W3123534837,T10785,Economic Theory and Institutions,0.723800003528595
has_topic:publication:W3022339544->topic:T10785,has_topic,publication:W3022339544,topic:T10785,W3022339544,T10785,Economic Theory and Institutions,0.9477999806404114
has_topic:publication:W3022339544->topic:T11743,has_topic,publication:W3022339544,topic:T11743,W3022339544,T11743,Political Economy and Marxism,0.9160000085830688
has_topic:publication:W1965278510->topic:T10344,has_topic,publication:W1965278510,topic:T10344,W1965278510,T10344,Management and Organizational Studies,0.9865999817848206
has_topic:publication:W1965278510->topic:T13235,has_topic,publication:W1965278510,topic:T13235,W1965278510,T13235,Management Theory and Practice,0.9850999712944031
has_topic:publication:W1965278510->topic:T12730,has_topic,publication:W1965278510,topic:T12730,W1965278510,T12730,"Weber, Simmel, Sociological Theory",0.9483000040054321
has_topic:publication:W2109469951->topic:T12592,has_topic,publication:W2109469951,topic:T12592,W2109469951,T12592,Opinion Dynamics and Social Influence,0.9994000196456909
has_topic:publication:W2109469951->topic:T10064,has_topic,publication:W2109469951,topic:T10064,W2109469951,T10064,Complex Network Analysis Techniques,0.9958000183105469
has_topic:publication:W2109469951->topic:T11239,has_topic,publication:W2109469951,topic:T11239,W2109469951,T11239,Social Capital and Networks,0.9958000183105469
has_topic:publication:W2144846366->topic:T11031,has_topic,publication:W2144846366,topic:T11031,W2144846366,T11031,Game Theory and Applications,0.8385000228881836
has_topic:publication:W4247665917->topic:T13091,has_topic,publication:W4247665917,topic:T13091,W4247665917,T13091,Human Health and Disease,0.11829999834299088
has_topic:publication:W4281687410->topic:T13091,has_topic,publication:W4281687410,topic:T13091,W4281687410,T13091,Human Health and Disease,0.11919999867677689
has_topic:publication:W4242883546->topic:T11400,has_topic,publication:W4242883546,topic:T11400,W4242883546,T11400,Motivation and Self-Concept in Sports,0.9998999834060669
has_topic:publication:W4242883546->topic:T10547,has_topic,publication:W4242883546,topic:T10547,W4242883546,T10547,"Education, Achievement, and Giftedness",0.9873999953269958
has_topic:publication:W4242883546->topic:T12258,has_topic,publication:W4242883546,topic:T12258,W4242883546,T12258,"Perfectionism, Procrastination, Anxiety Studies",0.9811999797821045
has_topic:publication:W2141846678->topic:T11400,has_topic,publication:W2141846678,topic:T11400,W2141846678,T11400,Motivation and Self-Concept in Sports,0.9998000264167786
has_topic:publication:W2141846678->topic:T10547,has_topic,publication:W2141846678,topic:T10547,W2141846678,T10547,"Education, Achievement, and Giftedness",0.9976999759674072
has_topic:publication:W2141846678->topic:T12258,has_topic,publication:W2141846678,topic:T12258,W2141846678,T12258,"Perfectionism, Procrastination, Anxiety Studies",0.9840999841690063
has_topic:publication:W3123282572->topic:T10344,has_topic,publication:W3123282572,topic:T10344,W3123282572,T10344,Management and Organizational Studies,0.9609000086784363
has_topic:publication:W2073506374->topic:T11743,has_topic,publication:W2073506374,topic:T11743,W2073506374,T11743,Political Economy and Marxism,0.9968000054359436
has_topic:publication:W2073506374->topic:T11742,has_topic,publication:W2073506374,topic:T11742,W2073506374,T11742,Economic Theory and Policy,0.9351000189781189
has_topic:publication:W2044950274->topic:T13277,has_topic,publication:W2044950274,topic:T13277,W2044950274,T13277,"Media, Religion, Digital Communication",0.0544000007212162
has_topic:publication:W2075435443->topic:T12524,has_topic,publication:W2075435443,topic:T12524,W2075435443,T12524,Chemical Synthesis and Characterization,0.9577999711036682
has_topic:publication:W2165292984->topic:T10212,has_topic,publication:W2165292984,topic:T10212,W2165292984,T10212,Electrochemical sensors and biosensors,0.9761999845504761
has_topic:publication:W2165292984->topic:T10452,has_topic,publication:W2165292984,topic:T10452,W2165292984,T10452,Iron Metabolism and Disorders,0.9732999801635742
has_topic:publication:W2165292984->topic:T11534,has_topic,publication:W2165292984,topic:T11534,W2165292984,T11534,Erythropoietin and Anemia Treatment,0.9663000106811523
has_topic:publication:W2314225431->topic:T13937,has_topic,publication:W2314225431,topic:T13937,W2314225431,T13937,"Genetics, Bioinformatics, and Biomedical Research",0.23240000009536743
has_topic:publication:W1856219842->topic:T11634,has_topic,publication:W1856219842,topic:T11634,W1856219842,T11634,Water Quality and Pollution Assessment,0.8208000063896179
has_topic:publication:W4294216491->topic:T11970,has_topic,publication:W4294216491,topic:T11970,W4294216491,T11970,Molecular Biology Techniques and Applications,0.9787999987602234
has_topic:publication:W2134812217->topic:T11970,has_topic,publication:W2134812217,topic:T11970,W2134812217,T11970,Molecular Biology Techniques and Applications,0.9337999820709229
has_topic:publication:W4232534952->topic:T10683,has_topic,publication:W4232534952,topic:T10683,W4232534952,T10683,Mass Spectrometry Techniques and Applications,0.9987000226974487
has_topic:publication:W4232534952->topic:T10333,has_topic,publication:W4232534952,topic:T10333,W4232534952,T10333,Meat and Animal Product Quality,0.9976000189781189
has_topic:publication:W4232534952->topic:T10908,has_topic,publication:W4232534952,topic:T10908,W4232534952,T10908,Analytical Chemistry and Chromatography,0.996999979019165
has_topic:publication:W2014669590->topic:T10207,has_topic,publication:W2014669590,topic:T10207,W2014669590,T10207,Advanced biosensing and bioanalysis techniques,0.9975000023841858
has_topic:publication:W2014669590->topic:T10432,has_topic,publication:W2014669590,topic:T10432,W2014669590,T10432,DNA and Nucleic Acid Chemistry,0.9958999752998352
has_topic:publication:W2014669590->topic:T11086,has_topic,publication:W2014669590,topic:T11086,W2014669590,T11086,Parasitic Infections and Diagnostics,0.9886999726295471
has_topic:publication:W1983310681->topic:T10836,has_topic,publication:W1983310681,topic:T10836,W1983310681,T10836,Metabolomics and Mass Spectrometry Studies,0.9954000115394592
has_topic:publication:W1983310681->topic:T10333,has_topic,publication:W1983310681,topic:T10333,W1983310681,T10333,Meat and Animal Product Quality,0.9923999905586243
has_topic:publication:W1983310681->topic:T10445,has_topic,publication:W1983310681,topic:T10445,W1983310681,T10445,Antioxidant Activity and Oxidative Stress,0.9914000034332275
has_topic:publication:W2128635872->topic:T10333,has_topic,publication:W2128635872,topic:T10333,W2128635872,T10333,Meat and Animal Product Quality,0.9998000264167786
has_topic:publication:W2128635872->topic:T11561,has_topic,publication:W2128635872,topic:T11561,W2128635872,T11561,Protein Hydrolysis and Bioactive Peptides,0.9923999905586243
has_topic:publication:W2128635872->topic:T11663,has_topic,publication:W2128635872,topic:T11663,W2128635872,T11663,Viral Infectious Diseases and Gene Expression in Insects,0.9908999800682068
has_topic:publication:W4293247451->topic:T10333,has_topic,publication:W4293247451,topic:T10333,W4293247451,T10333,Meat and Animal Product Quality,0.9998999834060669
has_topic:publication:W4293247451->topic:T10750,has_topic,publication:W4293247451,topic:T10750,W4293247451,T10750,Fermentation and Sensory Analysis,0.9751999974250793
has_topic:publication:W4293247451->topic:T11399,has_topic,publication:W4293247451,topic:T11399,W4293247451,T11399,Muscle metabolism and nutrition,0.9733999967575073
has_topic:publication:W2298230951->topic:T13297,has_topic,publication:W2298230951,topic:T13297,W2298230951,T13297,History and advancements in chemistry,0.6783999800682068
has_topic:publication:W2109606373->topic:T10908,has_topic,publication:W2109606373,topic:T10908,W2109606373,T10908,Analytical Chemistry and Chromatography,0.7802000045776367
has_topic:publication:W2109606373->topic:T12327,has_topic,publication:W2109606373,topic:T12327,W2109606373,T12327,Various Chemistry Research Topics,0.7251999974250793
has_topic:publication:W2109606373->topic:T12157,has_topic,publication:W2109606373,topic:T12157,W2109606373,T12157,Geochemistry and Geologic Mapping,0.7085999846458435
has_topic:publication:W2009674410->topic:T11472,has_topic,publication:W2009674410,topic:T11472,W2009674410,T11472,Analytical Chemistry and Sensors,0.9916999936103821
has_topic:publication:W2009674410->topic:T10532,has_topic,publication:W2009674410,topic:T10532,W2009674410,T10532,Molecular Sensors and Ion Detection,0.9854000210762024
has_topic:publication:W2009674410->topic:T10212,has_topic,publication:W2009674410,topic:T10212,W2009674410,T10212,Electrochemical sensors and biosensors,0.9782999753952026
has_topic:publication:W1968834637->topic:T11584,has_topic,publication:W1968834637,topic:T11584,W1968834637,T11584,Biochemical Analysis and Sensing Techniques,0.9890000224113464
has_topic:publication:W1968834637->topic:T10908,has_topic,publication:W1968834637,topic:T10908,W1968834637,T10908,Analytical Chemistry and Chromatography,0.9889000058174133
has_topic:publication:W1968834637->topic:T11667,has_topic,publication:W1968834637,topic:T11667,W1968834637,T11667,Advanced Chemical Sensor Technologies,0.9810000061988831
has_topic:publication:W593898368->topic:T13559,has_topic,publication:W593898368,topic:T13559,W593898368,T13559,Edcuational Technology Systems,0.8513000011444092
has_topic:publication:W593898368->topic:T10561,has_topic,publication:W593898368,topic:T10561,W593898368,T10561,Educational Research and Methods,0.8417999744415283
has_topic:publication:W593898368->topic:T11734,has_topic,publication:W593898368,topic:T11734,W593898368,T11734,Decision Support System Applications,0.8320000171661377
has_topic:publication:W1584697775->topic:T13447,has_topic,publication:W1584697775,topic:T13447,W1584697775,T13447,Educational and Psychological Assessments,0.9732000231742859
has_topic:publication:W2891378911->topic:T12443,has_topic,publication:W2891378911,topic:T12443,W2891378911,T12443,Delphi Technique in Research,0.9987000226974487
has_topic:publication:W2891378911->topic:T10804,has_topic,publication:W2891378911,topic:T10804,W2891378911,T10804,"Health Systems, Economic Evaluations, Quality of Life",0.9937999844551086
has_topic:publication:W2891378911->topic:T10206,has_topic,publication:W2891378911,topic:T10206,W2891378911,T10206,Meta-analysis and systematic reviews,0.991599977016449
has_topic:publication:W2155965977->topic:T10408,has_topic,publication:W2155965977,topic:T10408,W2155965977,T10408,Chronic Kidney Disease and Diabetes,0.9998999834060669
has_topic:publication:W2155965977->topic:T10291,has_topic,publication:W2155965977,topic:T10291,W2155965977,T10291,Dialysis and Renal Disease Management,0.9987999796867371
has_topic:publication:W2155965977->topic:T11029,has_topic,publication:W2155965977,topic:T11029,W2155965977,T11029,Renal Diseases and Glomerulopathies,0.9980000257492065
has_topic:publication:W2005501262->topic:T10206,has_topic,publication:W2005501262,topic:T10206,W2005501262,T10206,Meta-analysis and systematic reviews,0.9998000264167786
has_topic:publication:W2005501262->topic:T10804,has_topic,publication:W2005501262,topic:T10804,W2005501262,T10804,"Health Systems, Economic Evaluations, Quality of Life",0.996399998664856
has_topic:publication:W2005501262->topic:T11235,has_topic,publication:W2005501262,topic:T11235,W2005501262,T11235,Statistical Methods in Clinical Trials,0.9951000213623047
has_topic:publication:W2059796825->topic:T10206,has_topic,publication:W2059796825,topic:T10206,W2059796825,T10206,Meta-analysis and systematic reviews,0.9973999857902527
has_topic:publication:W2059796825->topic:T12443,has_topic,publication:W2059796825,topic:T12443,W2059796825,T12443,Delphi Technique in Research,0.9653000235557556
has_topic:publication:W2059796825->topic:T13309,has_topic,publication:W2059796825,topic:T13309,W2059796825,T13309,Reliability and Agreement in Measurement,0.9628999829292297
has_topic:publication:W1485044783->topic:T11791,has_topic,publication:W1485044783,topic:T11791,W1485044783,T11791,Microbial Community Ecology and Physiology,0.7516999840736389
has_topic:publication:W1485044783->topic:T11617,has_topic,publication:W1485044783,topic:T11617,W1485044783,T11617,Enzyme Production and Characterization,0.7264999747276306
has_topic:publication:W2096998881->topic:T11930,has_topic,publication:W2096998881,topic:T11930,W2096998881,T11930,"Cardiac, Anesthesia and Surgical Outcomes",0.9990000128746033
has_topic:publication:W2096998881->topic:T11473,has_topic,publication:W2096998881,topic:T11473,W2096998881,T11473,Appendicitis Diagnosis and Management,0.9873999953269958
has_topic:publication:W2096998881->topic:T10518,has_topic,publication:W2096998881,topic:T10518,W2096998881,T10518,Gallbladder and Bile Duct Disorders,0.9869999885559082
has_topic:publication:W2111301002->topic:T11124,has_topic,publication:W2111301002,topic:T11124,W2111301002,T11124,Protein purification and stability,0.9397000074386597
has_topic:publication:W2111301002->topic:T10412,has_topic,publication:W2111301002,topic:T10412,W2111301002,T10412,Microfluidic and Capillary Electrophoresis Applications,0.9261000156402588
has_topic:publication:W2111301002->topic:T10519,has_topic,publication:W2111301002,topic:T10519,W2111301002,T10519,Advanced Proteomics Techniques and Applications,0.9042999744415283
has_topic:publication:W1983649348->topic:T10212,has_topic,publication:W1983649348,topic:T10212,W1983649348,T10212,Electrochemical sensors and biosensors,0.3231000006198883
has_topic:publication:W1983649348->topic:T12327,has_topic,publication:W1983649348,topic:T12327,W1983649348,T12327,Various Chemistry Research Topics,0.3077000081539154
has_topic:publication:W1983649348->topic:T11434,has_topic,publication:W1983649348,topic:T11434,W1983649348,T11434,Electrochemical Analysis and Applications,0.2935999929904938
has_topic:publication:W2011303397->topic:T13377,has_topic,publication:W2011303397,topic:T13377,W2011303397,T13377,Ecosystem dynamics and resilience,0.9958000183105469
has_topic:publication:W2011303397->topic:T12643,has_topic,publication:W2011303397,topic:T12643,W2011303397,T12643,Sustainability and Ecological Systems Analysis,0.9872999787330627
has_topic:publication:W2011303397->topic:T10005,has_topic,publication:W2011303397,topic:T10005,W2011303397,T10005,Ecology and Vegetation Dynamics Studies,0.9850999712944031
has_topic:publication:W2130354913->topic:T11239,has_topic,publication:W2130354913,topic:T11239,W2130354913,T11239,Social Capital and Networks,0.9983999729156494
has_topic:publication:W2130354913->topic:T11645,has_topic,publication:W2130354913,topic:T11645,W2130354913,T11645,"Urban, Neighborhood, and Segregation Studies",0.9902999997138977
has_topic:publication:W2130354913->topic:T12892,has_topic,publication:W2130354913,topic:T12892,W2130354913,T12892,Social Power and Status Dynamics,0.9886999726295471
has_topic:publication:W2108718991->topic:T11791,has_topic,publication:W2108718991,topic:T11791,W2108718991,T11791,Microbial Community Ecology and Physiology,0.9998999834060669
has_topic:publication:W2108718991->topic:T10015,has_topic,publication:W2108718991,topic:T10015,W2108718991,T10015,Genomics and Phylogenetic Studies,0.998199999332428
has_topic:publication:W2108718991->topic:T10066,has_topic,publication:W2108718991,topic:T10066,W2108718991,T10066,Gut microbiota and health,0.9929999709129333
has_topic:publication:W2152885278->topic:T10015,has_topic,publication:W2152885278,topic:T10015,W2152885278,T10015,Genomics and Phylogenetic Studies,0.9998000264167786
has_topic:publication:W2152885278->topic:T11791,has_topic,publication:W2152885278,topic:T11791,W2152885278,T11791,Microbial Community Ecology and Physiology,0.9965000152587891
has_topic:publication:W2152885278->topic:T10066,has_topic,publication:W2152885278,topic:T10066,W2152885278,T10066,Gut microbiota and health,0.9695000052452087
has_topic:publication:W2089876099->topic:T12727,has_topic,publication:W2089876099,topic:T12727,W2089876099,T12727,Differential Equations and Numerical Methods,0.3086000084877014
has_topic:publication:W2112778345->topic:T11083,has_topic,publication:W2112778345,topic:T11083,W2112778345,T11083,Cardiac Health and Mental Health,0.9894000291824341
has_topic:publication:W2112778345->topic:T10853,has_topic,publication:W2112778345,topic:T10853,W2112778345,T10853,"Anxiety, Depression, Psychometrics, Treatment, Cognitive Processes",0.9886000156402588
has_topic:publication:W2112778345->topic:T10023,has_topic,publication:W2112778345,topic:T10023,W2112778345,T10023,Schizophrenia research and treatment,0.9836999773979187
has_topic:publication:W2006370393->topic:T11481,has_topic,publication:W2006370393,topic:T11481,W2006370393,T11481,Sulfur Compounds in Biology,0.9886999726295471
has_topic:publication:W2006370393->topic:T12381,has_topic,publication:W2006370393,topic:T12381,W2006370393,T12381,Electron Spin Resonance Studies,0.9010999798774719
has_topic:publication:W2118826874->topic:T13283,has_topic,publication:W2118826874,topic:T13283,W2118826874,T13283,Mental Health Research Topics,0.9955000281333923
has_topic:publication:W2118826874->topic:T10023,has_topic,publication:W2118826874,topic:T10023,W2118826874,T10023,Schizophrenia research and treatment,0.9830999970436096
has_topic:publication:W2118826874->topic:T11071,has_topic,publication:W2118826874,topic:T11071,W2118826874,T11071,Treatment of Major Depression,0.9789999723434448
has_topic:publication:W2067495470->topic:T13283,has_topic,publication:W2067495470,topic:T13283,W2067495470,T13283,Mental Health Research Topics,0.7121999859809875
has_topic:publication:W2067495470->topic:T10272,has_topic,publication:W2067495470,topic:T10272,W2067495470,T10272,Mental Health Treatment and Access,0.659600019454956
has_topic:publication:W2067495470->topic:T11334,has_topic,publication:W2067495470,topic:T11334,W2067495470,T11334,Psychosomatic Disorders and Their Treatments,0.6097999811172485
has_topic:publication:W2043705607->topic:T10853,has_topic,publication:W2043705607,topic:T10853,W2043705607,T10853,"Anxiety, Depression, Psychometrics, Treatment, Cognitive Processes",1.0
has_topic:publication:W2043705607->topic:T10182,has_topic,publication:W2043705607,topic:T10182,W2043705607,T10182,Child and Adolescent Psychosocial and Emotional Development,0.9984999895095825
has_topic:publication:W2043705607->topic:T13283,has_topic,publication:W2043705607,topic:T13283,W2043705607,T13283,Mental Health Research Topics,0.9833999872207642
has_topic:publication:W2152348310->topic:T10200,has_topic,publication:W2152348310,topic:T10200,W2152348310,T10200,Rheumatoid Arthritis Research and Therapies,0.9995999932289124
has_topic:publication:W2152348310->topic:T10308,has_topic,publication:W2152348310,topic:T10308,W2152348310,T10308,Systemic Lupus Erythematosus Research,0.9973000288009644
has_topic:publication:W2152348310->topic:T12800,has_topic,publication:W2152348310,topic:T12800,W2152348310,T12800,Musculoskeletal synovial abnormalities and treatments,0.9883000254631042
has_topic:publication:W1485283179->topic:T14128,has_topic,publication:W1485283179,topic:T14128,W1485283179,T14128,Metallurgical and Alloy Processes,0.714900016784668
has_topic:publication:W1485283179->topic:T12202,has_topic,publication:W1485283179,topic:T12202,W1485283179,T12202,nanoparticles nucleation surface interactions,0.6777999997138977
has_topic:publication:W1485283179->topic:T11087,has_topic,publication:W1485283179,topic:T11087,W1485283179,T11087,Solidification and crystal growth phenomena,0.6665999889373779
has_topic:publication:W1914972138->topic:T11810,has_topic,publication:W1914972138,topic:T11810,W1914972138,T11810,Complex Systems and Decision Making,0.050599999725818634
has_topic:publication:W1914972138->topic:T10395,has_topic,publication:W1914972138,topic:T10395,W1914972138,T10395,Construction Project Management and Performance,0.04340000078082085
has_topic:publication:W2072500831->topic:T10243,has_topic,publication:W2072500831,topic:T10243,W2072500831,T10243,Statistical Methods and Bayesian Inference,0.9837999939918518
has_topic:publication:W2072500831->topic:T11871,has_topic,publication:W2072500831,topic:T11871,W2072500831,T11871,Advanced Statistical Methods and Models,0.9399999976158142
has_topic:publication:W2072500831->topic:T12114,has_topic,publication:W2072500831,topic:T12114,W2072500831,T12114,Sensory Analysis and Statistical Methods,0.9323999881744385
has_topic:publication:W2038702827->topic:T10677,has_topic,publication:W2038702827,topic:T10677,W2038702827,T10677,Attachment and Relationship Dynamics,0.9800999760627747
has_topic:publication:W2038702827->topic:T10154,has_topic,publication:W2038702827,topic:T10154,W2038702827,T10154,Customer Service Quality and Loyalty,0.9781000018119812
has_topic:publication:W2038702827->topic:T13777,has_topic,publication:W2038702827,topic:T13777,W2038702827,T13777,Cognitive and psychological constructs research,0.9729999899864197
has_topic:publication:W2087484885->topic:T10826,has_topic,publication:W2087484885,topic:T10826,W2087484885,T10826,Behavioral and Psychological Studies,0.9927999973297119
has_topic:publication:W2087484885->topic:T10182,has_topic,publication:W2087484885,topic:T10182,W2087484885,T10182,Child and Adolescent Psychosocial and Emotional Development,0.9901999831199646
has_topic:publication:W2087484885->topic:T11577,has_topic,publication:W2087484885,topic:T11577,W2087484885,T11577,Cognitive Abilities and Testing,0.9787999987602234
has_topic:publication:W1995031937->topic:T11761,has_topic,publication:W1995031937,topic:T11761,W1995031937,T11761,Resilience and Mental Health,0.8557999730110168
has_topic:publication:W1995031937->topic:T10845,has_topic,publication:W1995031937,topic:T10845,W1995031937,T10845,Advanced Causal Inference Techniques,0.8377000093460083
has_topic:publication:W1995031937->topic:T11696,has_topic,publication:W1995031937,topic:T11696,W1995031937,T11696,Conflict Management and Negotiation,0.8009999990463257
has_topic:publication:W2212401464->topic:T11761,has_topic,publication:W2212401464,topic:T11761,W2212401464,T11761,Resilience and Mental Health,0.10480000078678131
has_topic:publication:W1995875735->topic:T11797,has_topic,publication:W1995875735,topic:T11797,W1995875735,T11797,graph theory and CDMA systems,0.9363999962806702
has_topic:publication:W1995875735->topic:T11447,has_topic,publication:W1995875735,topic:T11447,W1995875735,T11447,Blind Source Separation Techniques,0.90420001745224
has_topic:publication:W4294214983->topic:T13309,has_topic,publication:W4294214983,topic:T13309,W4294214983,T13309,Reliability and Agreement in Measurement,0.9919000267982483
has_topic:publication:W4294214983->topic:T14374,has_topic,publication:W4294214983,topic:T14374,W4294214983,T14374,Statistical Methods in Epidemiology,0.9247000217437744
has_topic:publication:W4294214983->topic:T10050,has_topic,publication:W4294214983,topic:T10050,W4294214983,T10050,Multi-Criteria Decision Making,0.90420001745224
has_topic:publication:W1513717105->topic:T11403,has_topic,publication:W1513717105,topic:T11403,W1513717105,T11403,Invertebrate Immune Response Mechanisms,0.9835000038146973
has_topic:publication:W1513717105->topic:T12336,has_topic,publication:W1513717105,topic:T12336,W1513717105,T12336,Insect Utilization and Effects,0.9472000002861023
has_topic:publication:W1513717105->topic:T10815,has_topic,publication:W1513717105,topic:T10815,W1513717105,T10815,Parasite Biology and Host Interactions,0.9277999997138977
has_topic:publication:W1971048984->topic:T12023,has_topic,publication:W1971048984,topic:T12023,W1971048984,T12023,Cholinesterase and Neurodegenerative Diseases,0.9984999895095825
has_topic:publication:W1971048984->topic:T10211,has_topic,publication:W1971048984,topic:T10211,W1971048984,T10211,Computational Drug Discovery Methods,0.9955999851226807
has_topic:publication:W1971048984->topic:T12561,has_topic,publication:W1971048984,topic:T12561,W1971048984,T12561,bioluminescence and chemiluminescence research,0.9739000201225281
has_topic:publication:W2060333964->topic:T10432,has_topic,publication:W2060333964,topic:T10432,W2060333964,T10432,DNA and Nucleic Acid Chemistry,0.9994000196456909
has_topic:publication:W2060333964->topic:T10908,has_topic,publication:W2060333964,topic:T10908,W2060333964,T10908,Analytical Chemistry and Chromatography,0.9965999722480774
has_topic:publication:W2060333964->topic:T10044,has_topic,publication:W2060333964,topic:T10044,W2060333964,T10044,Protein Structure and Dynamics,0.9922999739646912
has_topic:publication:W2951912016->topic:T11181,has_topic,publication:W2951912016,topic:T11181,W2951912016,T11181,Advanced Data Storage Technologies,0.9957000017166138
has_topic:publication:W2951912016->topic:T10054,has_topic,publication:W2951912016,topic:T10054,W2951912016,T10054,Parallel Computing and Optimization Techniques,0.9876000285148621
has_topic:publication:W2951912016->topic:T10522,has_topic,publication:W2951912016,topic:T10522,W2951912016,T10522,Medical Imaging Techniques and Applications,0.9836999773979187
has_topic:publication:W2789843538->topic:T10015,has_topic,publication:W2789843538,topic:T10015,W2789843538,T10015,Genomics and Phylogenetic Studies,0.9997000098228455
has_topic:publication:W2789843538->topic:T10521,has_topic,publication:W2789843538,topic:T10521,W2789843538,T10521,RNA and protein synthesis mechanisms,0.9994999766349792
has_topic:publication:W2789843538->topic:T10434,has_topic,publication:W2789843538,topic:T10434,W2789843538,T10434,Chromosomal and Genetic Variations,0.9987000226974487
has_topic:publication:W2134526812->topic:T10015,has_topic,publication:W2134526812,topic:T10015,W2134526812,T10015,Genomics and Phylogenetic Studies,0.9998999834060669
has_topic:publication:W2134526812->topic:T10521,has_topic,publication:W2134526812,topic:T10521,W2134526812,T10521,RNA and protein synthesis mechanisms,0.995199978351593
has_topic:publication:W2134526812->topic:T11482,has_topic,publication:W2134526812,topic:T11482,W2134526812,T11482,RNA modifications and cancer,0.989300012588501
has_topic:publication:W2096093282->topic:T10015,has_topic,publication:W2096093282,topic:T10015,W2096093282,T10015,Genomics and Phylogenetic Studies,0.9998999834060669
has_topic:publication:W2096093282->topic:T10521,has_topic,publication:W2096093282,topic:T10521,W2096093282,T10521,RNA and protein synthesis mechanisms,0.9908999800682068
has_topic:publication:W2096093282->topic:T11048,has_topic,publication:W2096093282,topic:T11048,W2096093282,T11048,Bacteriophages and microbial interactions,0.9828000068664551
has_topic:publication:W2141052558->topic:T10015,has_topic,publication:W2141052558,topic:T10015,W2141052558,T10015,Genomics and Phylogenetic Studies,0.9998999834060669
has_topic:publication:W2141052558->topic:T10012,has_topic,publication:W2141052558,topic:T10012,W2141052558,T10012,Genetic diversity and population structure,0.9843000173568726
has_topic:publication:W2141052558->topic:T11354,has_topic,publication:W2141052558,topic:T11354,W2141052558,T11354,Evolution and Paleontology Studies,0.9578999876976013
has_topic:publication:W2131271579->topic:T10015,has_topic,publication:W2131271579,topic:T10015,W2131271579,T10015,Genomics and Phylogenetic Studies,0.9998000264167786
has_topic:publication:W2131271579->topic:T11791,has_topic,publication:W2131271579,topic:T11791,W2131271579,T11791,Microbial Community Ecology and Physiology,0.9696999788284302
has_topic:publication:W2131271579->topic:T11970,has_topic,publication:W2131271579,topic:T11970,W2131271579,T11970,Molecular Biology Techniques and Applications,0.9562000036239624
has_topic:publication:W2138207763->topic:T10015,has_topic,publication:W2138207763,topic:T10015,W2138207763,T10015,Genomics and Phylogenetic Studies,0.9987999796867371
has_topic:publication:W2138207763->topic:T11269,has_topic,publication:W2138207763,topic:T11269,W2138207763,T11269,Algorithms and Data Compression,0.9876000285148621
has_topic:publication:W2138207763->topic:T11482,has_topic,publication:W2138207763,topic:T11482,W2138207763,T11482,RNA modifications and cancer,0.9866999983787537
has_topic:publication:W2128880918->topic:T11986,has_topic,publication:W2128880918,topic:T11986,W2128880918,T11986,Scientific Computing and Data Management,0.9991000294685364
has_topic:publication:W2128880918->topic:T10015,has_topic,publication:W2128880918,topic:T10015,W2128880918,T10015,Genomics and Phylogenetic Studies,0.9940999746322632
has_topic:publication:W2128880918->topic:T10715,has_topic,publication:W2128880918,topic:T10715,W2128880918,T10715,Distributed and Parallel Computing Systems,0.9923999905586243
has_topic:publication:W2169456326->topic:T10015,has_topic,publication:W2169456326,topic:T10015,W2169456326,T10015,Genomics and Phylogenetic Studies,0.9998999834060669
has_topic:publication:W2169456326->topic:T11482,has_topic,publication:W2169456326,topic:T11482,W2169456326,T11482,RNA modifications and cancer,0.9984999895095825
has_topic:publication:W2169456326->topic:T10521,has_topic,publication:W2169456326,topic:T10521,W2169456326,T10521,RNA and protein synthesis mechanisms,0.998199999332428
has_topic:publication:W2149992227->topic:T10015,has_topic,publication:W2149992227,topic:T10015,W2149992227,T10015,Genomics and Phylogenetic Studies,0.9998000264167786
has_topic:publication:W2149992227->topic:T12254,has_topic,publication:W2149992227,topic:T12254,W2149992227,T12254,Machine Learning in Bioinformatics,0.9732999801635742
has_topic:publication:W2149992227->topic:T10885,has_topic,publication:W2149992227,topic:T10885,W2149992227,T10885,Gene expression and cancer classification,0.9718000292778015
has_topic:publication:W2102619694->topic:T10015,has_topic,publication:W2102619694,topic:T10015,W2102619694,T10015,Genomics and Phylogenetic Studies,0.9998999834060669
has_topic:publication:W2102619694->topic:T10885,has_topic,publication:W2102619694,topic:T10885,W2102619694,T10885,Gene expression and cancer classification,0.9911999702453613
has_topic:publication:W2102619694->topic:T10434,has_topic,publication:W2102619694,topic:T10434,W2102619694,T10434,Chromosomal and Genetic Variations,0.9902999997138977
has_topic:publication:W2124351063->topic:T10015,has_topic,publication:W2124351063,topic:T10015,W2124351063,T10015,Genomics and Phylogenetic Studies,0.9997000098228455
has_topic:publication:W2124351063->topic:T12254,has_topic,publication:W2124351063,topic:T12254,W2124351063,T12254,Machine Learning in Bioinformatics,0.9991000294685364
has_topic:publication:W2124351063->topic:T11269,has_topic,publication:W2124351063,topic:T11269,W2124351063,T11269,Algorithms and Data Compression,0.9891999959945679
has_topic:publication:W2114104545->topic:T10885,has_topic,publication:W2114104545,topic:T10885,W2114104545,T10885,Gene expression and cancer classification,0.9998999834060669
has_topic:publication:W2114104545->topic:T10887,has_topic,publication:W2114104545,topic:T10887,W2114104545,T10887,Bioinformatics and Genomic Networks,0.9944999814033508
has_topic:publication:W2114104545->topic:T11970,has_topic,publication:W2114104545,topic:T11970,W2114104545,T11970,Molecular Biology Techniques and Applications,0.9943000078201294
has_topic:publication:W2154845780->topic:T10015,has_topic,publication:W2154845780,topic:T10015,W2154845780,T10015,Genomics and Phylogenetic Studies,0.9976999759674072
has_topic:publication:W2154845780->topic:T10885,has_topic,publication:W2154845780,topic:T10885,W2154845780,T10885,Gene expression and cancer classification,0.996999979019165
has_topic:publication:W2154845780->topic:T10261,has_topic,publication:W2154845780,topic:T10261,W2154845780,T10261,Genetic Associations and Epidemiology,0.9957000017166138
has_topic:publication:W2103441770->topic:T10015,has_topic,publication:W2103441770,topic:T10015,W2103441770,T10015,Genomics and Phylogenetic Studies,0.9993000030517578
has_topic:publication:W2103441770->topic:T11269,has_topic,publication:W2103441770,topic:T11269,W2103441770,T11269,Algorithms and Data Compression,0.9993000030517578
has_topic:publication:W2103441770->topic:T11247,has_topic,publication:W2103441770,topic:T11247,W2103441770,T11247,Plant nutrient uptake and metabolism,0.9760000109672546
has_topic:publication:W2108234281->topic:T10015,has_topic,publication:W2108234281,topic:T10015,W2108234281,T10015,Genomics and Phylogenetic Studies,0.9998999834060669
has_topic:publication:W2108234281->topic:T11048,has_topic,publication:W2108234281,topic:T11048,W2108234281,T11048,Bacteriophages and microbial interactions,0.9847000241279602
has_topic:publication:W2108234281->topic:T10434,has_topic,publication:W2108234281,topic:T10434,W2108234281,T10434,Chromosomal and Genetic Variations,0.9812999963760376
has_topic:publication:W2137015675->topic:T10015,has_topic,publication:W2137015675,topic:T10015,W2137015675,T10015,Genomics and Phylogenetic Studies,0.9994000196456909
has_topic:publication:W2137015675->topic:T11986,has_topic,publication:W2137015675,topic:T11986,W2137015675,T11986,Scientific Computing and Data Management,0.9817000031471252
has_topic:publication:W2137015675->topic:T10715,has_topic,publication:W2137015675,topic:T10715,W2137015675,T10715,Distributed and Parallel Computing Systems,0.9470999836921692
has_topic:publication:W2168696662->topic:T10015,has_topic,publication:W2168696662,topic:T10015,W2168696662,T10015,Genomics and Phylogenetic Studies,0.9998999834060669
has_topic:publication:W2168696662->topic:T10012,has_topic,publication:W2168696662,topic:T10012,W2168696662,T10012,Genetic diversity and population structure,0.9961000084877014
has_topic:publication:W2168696662->topic:T11354,has_topic,publication:W2168696662,topic:T11354,W2168696662,T11354,Evolution and Paleontology Studies,0.9661999940872192
has_topic:publication:W2146058063->topic:T10015,has_topic,publication:W2146058063,topic:T10015,W2146058063,T10015,Genomics and Phylogenetic Studies,0.9984999895095825
has_topic:publication:W2146058063->topic:T10012,has_topic,publication:W2146058063,topic:T10012,W2146058063,T10012,Genetic diversity and population structure,0.9911999702453613
has_topic:publication:W2146058063->topic:T11354,has_topic,publication:W2146058063,topic:T11354,W2146058063,T11354,Evolution and Paleontology Studies,0.9911999702453613
has_topic:publication:W2161444534->topic:T10015,has_topic,publication:W2161444534,topic:T10015,W2161444534,T10015,Genomics and Phylogenetic Studies,0.9983000159263611
has_topic:publication:W2161444534->topic:T11901,has_topic,publication:W2161444534,topic:T11901,W2161444534,T11901,Bayesian Methods and Mixture Models,0.9980000257492065
has_topic:publication:W2161444534->topic:T10012,has_topic,publication:W2161444534,topic:T10012,W2161444534,T10012,Genetic diversity and population structure,0.9921000003814697
has_topic:publication:W2082928585->topic:T10015,has_topic,publication:W2082928585,topic:T10015,W2082928585,T10015,Genomics and Phylogenetic Studies,0.9995999932289124
has_topic:publication:W2082928585->topic:T10012,has_topic,publication:W2082928585,topic:T10012,W2082928585,T10012,Genetic diversity and population structure,0.9897000193595886
has_topic:publication:W2082928585->topic:T11764,has_topic,publication:W2082928585,topic:T11764,W2082928585,T11764,Evolution and Genetic Dynamics,0.9811000227928162
has_topic:publication:W1964435302->topic:T10206,has_topic,publication:W1964435302,topic:T10206,W1964435302,T10206,Meta-analysis and systematic reviews,0.9969000220298767
has_topic:publication:W1964435302->topic:T11235,has_topic,publication:W1964435302,topic:T11235,W1964435302,T11235,Statistical Methods in Clinical Trials,0.9696000218391418
has_topic:publication:W1964435302->topic:T13309,has_topic,publication:W1964435302,topic:T13309,W1964435302,T13309,Reliability and Agreement in Measurement,0.96670001745224
has_topic:publication:W2328176404->topic:T11871,has_topic,publication:W2328176404,topic:T11871,W2328176404,T11871,Advanced Statistical Methods and Models,0.9871000051498413
has_topic:publication:W2328176404->topic:T11186,has_topic,publication:W2328176404,topic:T11186,W2328176404,T11186,Hydrology and Drought Analysis,0.9847999811172485
has_topic:publication:W2328176404->topic:T11490,has_topic,publication:W2328176404,topic:T11490,W2328176404,T11490,Hydrological Forecasting Using AI,0.9805999994277954
has_topic:publication:W1594031697->topic:T13318,has_topic,publication:W1594031697,topic:T13318,W1594031697,T13318,Diverse Scientific Research in Ukraine,0.929099977016449
has_topic:publication:W1594031697->topic:T12618,has_topic,publication:W1594031697,topic:T12618,W1594031697,T12618,Botany and Plant Ecology Studies,0.9172000288963318
has_topic:publication:W1594031697->topic:T11796,has_topic,publication:W1594031697,topic:T11796,W1594031697,T11796,Horticultural and Viticultural Research,0.909500002861023
has_topic:publication:W2141088880->topic:T13937,has_topic,publication:W2141088880,topic:T13937,W2141088880,T13937,"Genetics, Bioinformatics, and Biomedical Research",0.5134999752044678
has_topic:publication:W2141088880->topic:T10885,has_topic,publication:W2141088880,topic:T10885,W2141088880,T10885,Gene expression and cancer classification,0.5072000026702881
has_topic:publication:W2141088880->topic:T11468,has_topic,publication:W2141088880,topic:T11468,W2141088880,T11468,Genetic Mapping and Diversity in Plants and Animals,0.5016000270843506
has_topic:publication:W2164777277->topic:T13309,has_topic,publication:W2164777277,topic:T13309,W2164777277,T13309,Reliability and Agreement in Measurement,0.9998999834060669
has_topic:publication:W2164777277->topic:T14374,has_topic,publication:W2164777277,topic:T14374,W2164777277,T14374,Statistical Methods in Epidemiology,0.9817000031471252
has_topic:publication:W2164777277->topic:T10206,has_topic,publication:W2164777277,topic:T10206,W2164777277,T10206,Meta-analysis and systematic reviews,0.9611999988555908
has_topic:publication:W2092713296->topic:T10821,has_topic,publication:W2092713296,topic:T10821,W2092713296,T10821,Cardiovascular Function and Risk Factors,0.1379999965429306
has_topic:publication:W2097580026->topic:T11270,has_topic,publication:W2097580026,topic:T11270,W2097580026,T11270,Complex Systems and Time Series Analysis,0.9969000220298767
has_topic:publication:W2097580026->topic:T10282,has_topic,publication:W2097580026,topic:T10282,W2097580026,T10282,Financial Risk and Volatility Modeling,0.9947999715805054
has_topic:publication:W2097580026->topic:T10007,has_topic,publication:W2097580026,topic:T10007,W2097580026,T10007,Monetary Policy and Economic Impact,0.9887999892234802
has_topic:publication:W2149860264->topic:T10136,has_topic,publication:W2149860264,topic:T10136,W2149860264,T10136,Statistical Methods and Inference,0.9975000023841858
has_topic:publication:W2149860264->topic:T10243,has_topic,publication:W2149860264,topic:T10243,W2149860264,T10243,Statistical Methods and Bayesian Inference,0.9959999918937683
has_topic:publication:W2149860264->topic:T11871,has_topic,publication:W2149860264,topic:T11871,W2149860264,T11871,Advanced Statistical Methods and Models,0.9922999739646912
has_topic:publication:W2150291618->topic:T10845,has_topic,publication:W2150291618,topic:T10845,W2150291618,T10845,Advanced Causal Inference Techniques,0.9998999834060669
has_topic:publication:W2150291618->topic:T10136,has_topic,publication:W2150291618,topic:T10136,W2150291618,T10136,Statistical Methods and Inference,0.9977999925613403
has_topic:publication:W2150291618->topic:T10243,has_topic,publication:W2150291618,topic:T10243,W2150291618,T10243,Statistical Methods and Bayesian Inference,0.9961000084877014
has_topic:publication:W2168745915->topic:T13307,has_topic,publication:W2168745915,topic:T13307,W2168745915,T13307,Diverse Scientific and Engineering Research,0.9004999995231628
has_topic:publication:W2008708467->topic:T10044,has_topic,publication:W2008708467,topic:T10044,W2008708467,T10044,Protein Structure and Dynamics,0.9998000264167786
has_topic:publication:W2008708467->topic:T11162,has_topic,publication:W2008708467,topic:T11162,W2008708467,T11162,Enzyme Structure and Function,0.9994000196456909
has_topic:publication:W2008708467->topic:T12748,has_topic,publication:W2008708467,topic:T12748,W2008708467,T12748,Molecular spectroscopy and chirality,0.9988999962806702
has_topic:publication:W2159707944->topic:T10887,has_topic,publication:W2159707944,topic:T10887,W2159707944,T10887,Bioinformatics and Genomic Networks,0.9998000264167786
has_topic:publication:W2159707944->topic:T10885,has_topic,publication:W2159707944,topic:T10885,W2159707944,T10885,Gene expression and cancer classification,0.9986000061035156
has_topic:publication:W2159707944->topic:T10604,has_topic,publication:W2159707944,topic:T10604,W2159707944,T10604,RNA Research and Splicing,0.9926000237464905
has_topic:publication:W1999574084->topic:T10015,has_topic,publication:W1999574084,topic:T10015,W1999574084,T10015,Genomics and Phylogenetic Studies,0.9998999834060669
has_topic:publication:W1999574084->topic:T11970,has_topic,publication:W1999574084,topic:T11970,W1999574084,T11970,Molecular Biology Techniques and Applications,0.9962000250816345
has_topic:publication:W1999574084->topic:T11482,has_topic,publication:W1999574084,topic:T11482,W1999574084,T11482,RNA modifications and cancer,0.9945999979972839
has_topic:publication:W2142678478->topic:T10015,has_topic,publication:W2142678478,topic:T10015,W2142678478,T10015,Genomics and Phylogenetic Studies,0.9998000264167786
has_topic:publication:W2142678478->topic:T11269,has_topic,publication:W2142678478,topic:T11269,W2142678478,T11269,Algorithms and Data Compression,0.9986000061035156
has_topic:publication:W2142678478->topic:T10885,has_topic,publication:W2142678478,topic:T10885,W2142678478,T10885,Gene expression and cancer classification,0.9972000122070312
has_topic:publication:W1966327575->topic:T10887,has_topic,publication:W1966327575,topic:T10887,W1966327575,T10887,Bioinformatics and Genomic Networks,0.9998999834060669
has_topic:publication:W1966327575->topic:T10885,has_topic,publication:W1966327575,topic:T10885,W1966327575,T10885,Gene expression and cancer classification,0.9977999925613403
has_topic:publication:W1966327575->topic:T10621,has_topic,publication:W1966327575,topic:T10621,W1966327575,T10621,Gene Regulatory Network Analysis,0.9904000163078308
has_topic:publication:W3118615836->topic:T10206,has_topic,publication:W3118615836,topic:T10206,W3118615836,T10206,Meta-analysis and systematic reviews,0.9993000030517578
has_topic:publication:W3118615836->topic:T10416,has_topic,publication:W3118615836,topic:T10416,W3118615836,T10416,Traumatic Brain Injury Research,0.9817000031471252
has_topic:publication:W3118615836->topic:T12443,has_topic,publication:W3118615836,topic:T12443,W3118615836,T12443,Delphi Technique in Research,0.9458000063896179
has_topic:publication:W2970684805->topic:T10206,has_topic,publication:W2970684805,topic:T10206,W2970684805,T10206,Meta-analysis and systematic reviews,0.9997000098228455
has_topic:publication:W2970684805->topic:T10804,has_topic,publication:W2970684805,topic:T10804,W2970684805,T10804,"Health Systems, Economic Evaluations, Quality of Life",0.998199999332428
has_topic:publication:W2970684805->topic:T12443,has_topic,publication:W2970684805,topic:T12443,W2970684805,T12443,Delphi Technique in Research,0.9897000193595886
has_topic:publication:W2531269403->topic:T10804,has_topic,publication:W2531269403,topic:T10804,W2531269403,T10804,"Health Systems, Economic Evaluations, Quality of Life",0.9987000226974487
has_topic:publication:W2531269403->topic:T10206,has_topic,publication:W2531269403,topic:T10206,W2531269403,T10206,Meta-analysis and systematic reviews,0.9952999949455261
has_topic:publication:W2531269403->topic:T11590,has_topic,publication:W2531269403,topic:T11590,W2531269403,T11590,Primary Care and Health Outcomes,0.9890999794006348
has_topic:publication:W2098923148->topic:T10206,has_topic,publication:W2098923148,topic:T10206,W2098923148,T10206,Meta-analysis and systematic reviews,0.9994000196456909
has_topic:publication:W2098923148->topic:T10804,has_topic,publication:W2098923148,topic:T10804,W2098923148,T10804,"Health Systems, Economic Evaluations, Quality of Life",0.9961000084877014
has_topic:publication:W2098923148->topic:T13555,has_topic,publication:W2098923148,topic:T13555,W2098923148,T13555,"Healthcare cost, quality, practices",0.9884999990463257
has_topic:publication:W2156098321->topic:T10206,has_topic,publication:W2156098321,topic:T10206,W2156098321,T10206,Meta-analysis and systematic reviews,0.9987999796867371
has_topic:publication:W2156098321->topic:T12443,has_topic,publication:W2156098321,topic:T12443,W2156098321,T12443,Delphi Technique in Research,0.9846000075340271
has_topic:publication:W2156098321->topic:T11744,has_topic,publication:W2156098321,topic:T11744,W2156098321,T11744,Health Sciences Research and Education,0.9638000130653381
has_topic:publication:W2134833483->topic:T10206,has_topic,publication:W2134833483,topic:T10206,W2134833483,T10206,Meta-analysis and systematic reviews,0.9994000196456909
has_topic:publication:W2134833483->topic:T10804,has_topic,publication:W2134833483,topic:T10804,W2134833483,T10804,"Health Systems, Economic Evaluations, Quality of Life",0.9653000235557556
has_topic:publication:W2134833483->topic:T12443,has_topic,publication:W2134833483,topic:T12443,W2134833483,T12443,Delphi Technique in Research,0.9639999866485596
has_topic:publication:W2165010366->topic:T12664,has_topic,publication:W2165010366,topic:T12664,W2165010366,T12664,Clinical practice guidelines implementation,0.9965000152587891
has_topic:publication:W2165010366->topic:T10206,has_topic,publication:W2165010366,topic:T10206,W2165010366,T10206,Meta-analysis and systematic reviews,0.9947999715805054
has_topic:publication:W2165010366->topic:T10804,has_topic,publication:W2165010366,topic:T10804,W2165010366,T10804,"Health Systems, Economic Evaluations, Quality of Life",0.9890999794006348
has_topic:publication:W2125435699->topic:T10206,has_topic,publication:W2125435699,topic:T10206,W2125435699,T10206,Meta-analysis and systematic reviews,0.998199999332428
has_topic:publication:W2125435699->topic:T11116,has_topic,publication:W2125435699,topic:T11116,W2125435699,T11116,"Trauma, Hemostasis, Coagulopathy, Resuscitation",0.9657999873161316
has_topic:publication:W2125435699->topic:T11744,has_topic,publication:W2125435699,topic:T11744,W2125435699,T11744,Health Sciences Research and Education,0.963699996471405
has_topic:publication:W2104129218->topic:T10010,has_topic,publication:W2104129218,topic:T10010,W2104129218,T10010,"Obesity, Physical Activity, Diet",0.9994999766349792
has_topic:publication:W2104129218->topic:T11629,has_topic,publication:W2104129218,topic:T11629,W2104129218,T11629,"Birth, Development, and Health",0.9900000095367432
has_topic:publication:W2104129218->topic:T10596,has_topic,publication:W2104129218,topic:T10596,W2104129218,T10596,Child Nutrition and Water Access,0.9750000238418579
has_topic:publication:W2157823046->topic:T10206,has_topic,publication:W2157823046,topic:T10206,W2157823046,T10206,Meta-analysis and systematic reviews,0.9994999766349792
has_topic:publication:W2157823046->topic:T11235,has_topic,publication:W2157823046,topic:T11235,W2157823046,T11235,Statistical Methods in Clinical Trials,0.9753000140190125
has_topic:publication:W2157823046->topic:T11700,has_topic,publication:W2157823046,topic:T11700,W2157823046,T11700,Hemodynamic Monitoring and Therapy,0.9731000065803528
has_topic:publication:W2106952837->topic:T11744,has_topic,publication:W2106952837,topic:T11744,W2106952837,T11744,Health Sciences Research and Education,0.9972000122070312
has_topic:publication:W2106952837->topic:T10206,has_topic,publication:W2106952837,topic:T10206,W2106952837,T10206,Meta-analysis and systematic reviews,0.9846000075340271
has_topic:publication:W2106952837->topic:T12664,has_topic,publication:W2106952837,topic:T12664,W2106952837,T12664,Clinical practice guidelines implementation,0.9833999872207642
has_topic:publication:W2121960517->topic:T11235,has_topic,publication:W2121960517,topic:T11235,W2121960517,T11235,Statistical Methods in Clinical Trials,0.9861999750137329
has_topic:publication:W2121960517->topic:T10185,has_topic,publication:W2121960517,topic:T10185,W2121960517,T10185,Lymphoma Diagnosis and Treatment,0.9570000171661377
has_topic:publication:W2121960517->topic:T10136,has_topic,publication:W2121960517,topic:T10136,W2121960517,T10136,Statistical Methods and Inference,0.9210000038146973
has_topic:publication:W2560367415->topic:T10158,has_topic,publication:W2560367415,topic:T10158,W2560367415,T10158,Cancer Immunotherapy and Biomarkers,1.0
has_topic:publication:W2560367415->topic:T11491,has_topic,publication:W2560367415,topic:T11491,W2560367415,T11491,CAR-T cell therapy research,0.9969000220298767
has_topic:publication:W2560367415->topic:T10580,has_topic,publication:W2560367415,topic:T10580,W2560367415,T10580,Immunotherapy and Immune Responses,0.9958000183105469
has_topic:publication:W2052853635->topic:T10294,has_topic,publication:W2052853635,topic:T10294,W2052853635,T10294,Cell death mechanisms and regulation,0.9973000288009644
has_topic:publication:W2052853635->topic:T10725,has_topic,publication:W2052853635,topic:T10725,W2052853635,T10725,RNA Interference and Gene Delivery,0.9857000112533569
has_topic:publication:W2052853635->topic:T10583,has_topic,publication:W2052853635,topic:T10583,W2052853635,T10583,Cancer-related Molecular Pathways,0.982200026512146
has_topic:publication:W2033952602->topic:T11981,has_topic,publication:W2033952602,topic:T11981,W2033952602,T11981,Qualitative Research Methods and Ethics,0.05469999834895134
has_topic:publication:W2033952602->topic:T12880,has_topic,publication:W2033952602,topic:T12880,W2033952602,T12880,Qualitative Research Methods and Applications,0.04520000144839287
has_topic:publication:W1995341919->topic:T11727,has_topic,publication:W1995341919,topic:T11727,W1995341919,T11727,Advanced Algebra and Logic,0.9229000210762024
has_topic:publication:W2173251738->topic:T10029,has_topic,publication:W2173251738,topic:T10029,W2173251738,T10029,Climate variability and models,0.9998999834060669
has_topic:publication:W2173251738->topic:T10466,has_topic,publication:W2173251738,topic:T10466,W2173251738,T10466,Meteorological Phenomena and Simulations,0.9998999834060669
has_topic:publication:W2173251738->topic:T11588,has_topic,publication:W2173251738,topic:T11588,W2173251738,T11588,Atmospheric and Environmental Gas Dynamics,0.9997000098228455
has_topic:publication:W2121001699->topic:T10609,has_topic,publication:W2121001699,topic:T10609,W2121001699,T10609,Digital Marketing and Social Media,0.9991000294685364
has_topic:publication:W2121001699->topic:T12028,has_topic,publication:W2121001699,topic:T12028,W2121001699,T12028,Knowledge Management and Sharing,0.9987999796867371
has_topic:publication:W2121001699->topic:T10355,has_topic,publication:W2121001699,topic:T10355,W2121001699,T10355,Impact of Technology on Adolescents,0.9958999752998352
has_topic:publication:W4393935425->topic:T10556,has_topic,publication:W4393935425,topic:T10556,W4393935425,T10556,Global Cancer Incidence and Screening,0.9994999766349792
has_topic:publication:W4393935425->topic:T14078,has_topic,publication:W4393935425,topic:T14078,W4393935425,T14078,Multiple and Secondary Primary Cancers,0.9950000047683716
has_topic:publication:W4393935425->topic:T10552,has_topic,publication:W4393935425,topic:T10552,W4393935425,T10552,Colorectal Cancer Screening and Detection,0.9889000058174133
has_topic:publication:W4315754639->topic:T10556,has_topic,publication:W4315754639,topic:T10556,W4315754639,T10556,Global Cancer Incidence and Screening,0.9991000294685364
has_topic:publication:W4315754639->topic:T10146,has_topic,publication:W4315754639,topic:T10146,W4315754639,T10146,Cervical Cancer and HPV Research,0.991599977016449
has_topic:publication:W4315754639->topic:T11296,has_topic,publication:W4315754639,topic:T11296,W4315754639,T11296,COVID-19 and healthcare impacts,0.989300012588501
has_topic:publication:W4206841660->topic:T10556,has_topic,publication:W4206841660,topic:T10556,W4206841660,T10556,Global Cancer Incidence and Screening,0.9994000196456909
has_topic:publication:W4206841660->topic:T12708,has_topic,publication:W4206841660,topic:T12708,W4206841660,T12708,Economic and Financial Impacts of Cancer,0.9934999942779541
has_topic:publication:W4206841660->topic:T12103,has_topic,publication:W4206841660,topic:T12103,W4206841660,T12103,Cancer Risks and Factors,0.9907000064849854
has_topic:publication:W3119005666->topic:T10556,has_topic,publication:W3119005666,topic:T10556,W3119005666,T10556,Global Cancer Incidence and Screening,0.9980999827384949
has_topic:publication:W3119005666->topic:T10552,has_topic,publication:W3119005666,topic:T10552,W3119005666,T10552,Colorectal Cancer Screening and Detection,0.9948999881744385
has_topic:publication:W3119005666->topic:T11287,has_topic,publication:W3119005666,topic:T11287,W3119005666,T11287,Cancer Genomics and Diagnostics,0.9944999814033508
has_topic:publication:W3128646645->topic:T10556,has_topic,publication:W3128646645,topic:T10556,W3128646645,T10556,Global Cancer Incidence and Screening,0.9994999766349792
has_topic:publication:W3128646645->topic:T10552,has_topic,publication:W3128646645,topic:T10552,W3128646645,T10552,Colorectal Cancer Screening and Detection,0.9961000084877014
has_topic:publication:W3128646645->topic:T14078,has_topic,publication:W3128646645,topic:T14078,W3128646645,T14078,Multiple and Secondary Primary Cancers,0.9872999787330627
has_topic:publication:W2999417355->topic:T12708,has_topic,publication:W2999417355,topic:T12708,W2999417355,T12708,Economic and Financial Impacts of Cancer,0.9994000196456909
has_topic:publication:W2999417355->topic:T10556,has_topic,publication:W2999417355,topic:T10556,W2999417355,T10556,Global Cancer Incidence and Screening,0.9990000128746033
has_topic:publication:W2999417355->topic:T11287,has_topic,publication:W2999417355,topic:T11287,W2999417355,T11287,Cancer Genomics and Diagnostics,0.9929999709129333
has_topic:publication:W2911188335->topic:T10556,has_topic,publication:W2911188335,topic:T10556,W2911188335,T10556,Global Cancer Incidence and Screening,0.9994000196456909
has_topic:publication:W2911188335->topic:T12708,has_topic,publication:W2911188335,topic:T12708,W2911188335,T12708,Economic and Financial Impacts of Cancer,0.9977999925613403
has_topic:publication:W2911188335->topic:T10552,has_topic,publication:W2911188335,topic:T10552,W2911188335,T10552,Colorectal Cancer Screening and Detection,0.9858999848365784
has_topic:publication:W2781525129->topic:T10556,has_topic,publication:W2781525129,topic:T10556,W2781525129,T10556,Global Cancer Incidence and Screening,0.9997000098228455
has_topic:publication:W2781525129->topic:T12708,has_topic,publication:W2781525129,topic:T12708,W2781525129,T12708,Economic and Financial Impacts of Cancer,0.998199999332428
has_topic:publication:W2781525129->topic:T10552,has_topic,publication:W2781525129,topic:T10552,W2781525129,T10552,Colorectal Cancer Screening and Detection,0.9941999912261963
has_topic:publication:W2889646458->topic:T10556,has_topic,publication:W2889646458,topic:T10556,W2889646458,T10556,Global Cancer Incidence and Screening,0.9997000098228455
has_topic:publication:W2889646458->topic:T10552,has_topic,publication:W2889646458,topic:T10552,W2889646458,T10552,Colorectal Cancer Screening and Detection,0.9962999820709229
has_topic:publication:W2889646458->topic:T12708,has_topic,publication:W2889646458,topic:T12708,W2889646458,T12708,Economic and Financial Impacts of Cancer,0.9908999800682068
has_topic:publication:W2272984102->topic:T10556,has_topic,publication:W2272984102,topic:T10556,W2272984102,T10556,Global Cancer Incidence and Screening,0.998199999332428
has_topic:publication:W2272984102->topic:T10552,has_topic,publication:W2272984102,topic:T10552,W2272984102,T10552,Colorectal Cancer Screening and Detection,0.9921000003814697
has_topic:publication:W2272984102->topic:T11531,has_topic,publication:W2272984102,topic:T11531,W2272984102,T11531,Healthcare Systems and Reforms,0.9764999747276306
has_topic:publication:W2235523093->topic:T10556,has_topic,publication:W2235523093,topic:T10556,W2235523093,T10556,Global Cancer Incidence and Screening,0.9994000196456909
has_topic:publication:W2235523093->topic:T10552,has_topic,publication:W2235523093,topic:T10552,W2235523093,T10552,Colorectal Cancer Screening and Detection,0.9983000159263611
has_topic:publication:W2235523093->topic:T12708,has_topic,publication:W2235523093,topic:T12708,W2235523093,T12708,Economic and Financial Impacts of Cancer,0.9958999752998352
has_topic:publication:W2917837889->topic:T10552,has_topic,publication:W2917837889,topic:T10552,W2917837889,T10552,Colorectal Cancer Screening and Detection,0.9965999722480774
has_topic:publication:W2917837889->topic:T10556,has_topic,publication:W2917837889,topic:T10556,W2917837889,T10556,Global Cancer Incidence and Screening,0.9958000183105469
has_topic:publication:W2917837889->topic:T10619,has_topic,publication:W2917837889,topic:T10619,W2917837889,T10619,Esophageal Cancer Research and Treatment,0.9843000173568726
has_topic:publication:W2106787323->topic:T10552,has_topic,publication:W2106787323,topic:T10552,W2106787323,T10552,Colorectal Cancer Screening and Detection,0.9955999851226807
has_topic:publication:W2106787323->topic:T10556,has_topic,publication:W2106787323,topic:T10556,W2106787323,T10556,Global Cancer Incidence and Screening,0.9955999851226807
has_topic:publication:W2106787323->topic:T10146,has_topic,publication:W2106787323,topic:T10146,W2106787323,T10146,Cervical Cancer and HPV Research,0.9646000266075134
has_topic:publication:W2020830322->topic:T10556,has_topic,publication:W2020830322,topic:T10556,W2020830322,T10556,Global Cancer Incidence and Screening,0.9901999831199646
has_topic:publication:W2020830322->topic:T10552,has_topic,publication:W2020830322,topic:T10552,W2020830322,T10552,Colorectal Cancer Screening and Detection,0.9829999804496765
has_topic:publication:W2020830322->topic:T10146,has_topic,publication:W2020830322,topic:T10146,W2020830322,T10146,Cervical Cancer and HPV Research,0.9822999835014343
has_topic:publication:W4300009529->topic:T14296,has_topic,publication:W4300009529,topic:T14296,W4300009529,T14296,Climate Change and Sustainable Development,0.05559999868273735
has_topic:publication:W2296319761->topic:T10963,has_topic,publication:W2296319761,topic:T10963,W2296319761,T10963,Advanced Optimization Algorithms Research,0.9998000264167786
has_topic:publication:W2296319761->topic:T10792,has_topic,publication:W2296319761,topic:T10792,W2296319761,T10792,Matrix Theory and Algorithms,0.9783999919891357
has_topic:publication:W2296319761->topic:T11697,has_topic,publication:W2296319761,topic:T11697,W2296319761,T11697,Numerical Methods and Algorithms,0.9706000089645386
has_topic:publication:W2033819227->topic:T12983,has_topic,publication:W2033819227,topic:T12983,W2033819227,T12983,Satellite Image Processing and Photogrammetry,0.9911999702453613
has_topic:publication:W2033819227->topic:T10531,has_topic,publication:W2033819227,topic:T10531,W2033819227,T10531,Advanced Vision and Imaging,0.9879000186920166
has_topic:publication:W2033819227->topic:T11211,has_topic,publication:W2033819227,topic:T11211,W2033819227,T11211,3D Surveying and Cultural Heritage,0.958899974822998
has_topic:publication:W1666853924->topic:T13493,has_topic,publication:W1666853924,topic:T13493,W1666853924,T13493,Optical and Acousto-Optic Technologies,0.45249998569488525
has_topic:publication:W4210702550->topic:T11806,has_topic,publication:W4210702550,topic:T11806,W4210702550,T11806,Service-Learning and Community Engagement,0.65829998254776
has_topic:publication:W4210702550->topic:T11466,has_topic,publication:W4210702550,topic:T11466,W4210702550,T11466,Innovative Education and Learning Practices,0.5767999887466431
has_topic:publication:W4210702550->topic:T10008,has_topic,publication:W4210702550,topic:T10008,W4210702550,T10008,Teacher Education and Leadership Studies,0.5626999735832214
has_topic:publication:W950821216->topic:T10064,has_topic,publication:W950821216,topic:T10064,W950821216,T10064,Complex Network Analysis Techniques,0.6919000148773193
has_topic:publication:W4245961435->topic:T11466,has_topic,publication:W4245961435,topic:T11466,W4245961435,T11466,Innovative Education and Learning Practices,0.45159998536109924
has_topic:publication:W4233654598->topic:T10319,has_topic,publication:W4233654598,topic:T10319,W4233654598,T10319,"Conservation, Biodiversity, and Resource Management",0.5145000219345093
has_topic:publication:W4298413470->topic:T10503,has_topic,publication:W4298413470,topic:T10503,W4298413470,T10503,Global Financial Crisis and Policies,0.4767000079154968
has_topic:publication:W4298413470->topic:T11742,has_topic,publication:W4298413470,topic:T11742,W4298413470,T11742,Economic Theory and Policy,0.41530001163482666
has_topic:publication:W2133469585->topic:T10315,has_topic,publication:W2133469585,topic:T10315,W2133469585,T10315,Decision-Making and Behavioral Economics,0.9984999895095825
has_topic:publication:W2133469585->topic:T10841,has_topic,publication:W2133469585,topic:T10841,W2133469585,T10841,Economic and Environmental Valuation,0.9714999794960022
has_topic:publication:W2133469585->topic:T11303,has_topic,publication:W2133469585,topic:T11303,W2133469585,T11303,Bayesian Modeling and Causal Inference,0.9205999970436096
has_topic:publication:W4301056702->topic:T13379,has_topic,publication:W4301056702,topic:T13379,W4301056702,T13379,"Multiculturalism, Politics, Migration, Gender",0.9830999970436096
has_topic:publication:W4301056702->topic:T13070,has_topic,publication:W4301056702,topic:T13070,W4301056702,T13070,Cultural Identity and Heritage,0.9372000098228455
has_topic:publication:W4301056702->topic:T11475,has_topic,publication:W4301056702,topic:T11475,W4301056702,T11475,French Urban and Social Studies,0.9190999865531921
has_topic:publication:W2118338381->topic:T14356,has_topic,publication:W2118338381,topic:T14356,W2118338381,T14356,Organizational Leadership and Management Strategies,0.1234000027179718
has_topic:publication:W2152311269->topic:T10387,has_topic,publication:W2152311269,topic:T10387,W2152311269,T10387,Fatty Acid Research and Health,0.9968000054359436
has_topic:publication:W2152311269->topic:T11844,has_topic,publication:W2152311269,topic:T11844,W2152311269,T11844,Lipid metabolism and biosynthesis,0.9950000047683716
has_topic:publication:W2152311269->topic:T10836,has_topic,publication:W2152311269,topic:T10836,W2152311269,T10836,Metabolomics and Mass Spectrometry Studies,0.9926000237464905
has_topic:publication:W2300552860->topic:T10387,has_topic,publication:W2300552860,topic:T10387,W2300552860,T10387,Fatty Acid Research and Health,0.9968000054359436
has_topic:publication:W2300552860->topic:T11844,has_topic,publication:W2300552860,topic:T11844,W2300552860,T11844,Lipid metabolism and biosynthesis,0.9950000047683716
has_topic:publication:W2300552860->topic:T10836,has_topic,publication:W2300552860,topic:T10836,W2300552860,T10836,Metabolomics and Mass Spectrometry Studies,0.9926000237464905
has_topic:publication:W2038533471->topic:T10607,has_topic,publication:W2038533471,topic:T10607,W2038533471,T10607,Magnetic and transport properties of perovskites and related materials,0.9983000159263611
has_topic:publication:W2038533471->topic:T10037,has_topic,publication:W2038533471,topic:T10037,W2038533471,T10037,Physics of Superconductivity and Magnetism,0.9976999759674072
has_topic:publication:W2038533471->topic:T10382,has_topic,publication:W2038533471,topic:T10382,W2038533471,T10382,Quantum and electron transport phenomena,0.9976000189781189
has_topic:publication:W1999130958->topic:T12664,has_topic,publication:W1999130958,topic:T12664,W1999130958,T12664,Clinical practice guidelines implementation,0.9959999918937683
has_topic:publication:W1999130958->topic:T12708,has_topic,publication:W1999130958,topic:T12708,W1999130958,T12708,Economic and Financial Impacts of Cancer,0.9955999851226807
has_topic:publication:W1999130958->topic:T10804,has_topic,publication:W1999130958,topic:T10804,W1999130958,T10804,"Health Systems, Economic Evaluations, Quality of Life",0.9884999990463257
has_topic:publication:W2149441684->topic:T11287,has_topic,publication:W2149441684,topic:T11287,W2149441684,T11287,Cancer Genomics and Diagnostics,0.9997000098228455
has_topic:publication:W2149441684->topic:T11642,has_topic,publication:W2149441684,topic:T11642,W2149441684,T11642,Genomics and Rare Diseases,0.9944999814033508
has_topic:publication:W2149441684->topic:T10887,has_topic,publication:W2149441684,topic:T10887,W2149441684,T10887,Bioinformatics and Genomic Networks,0.9886999726295471
has_topic:publication:W3009912996->topic:T10118,has_topic,publication:W3009912996,topic:T10118,W3009912996,T10118,SARS-CoV-2 and COVID-19 Research,1.0
has_topic:publication:W3009912996->topic:T10041,has_topic,publication:W3009912996,topic:T10041,W3009912996,T10041,COVID-19 Clinical Research Studies,0.9983000159263611
has_topic:publication:W3009912996->topic:T11581,has_topic,publication:W3009912996,topic:T11581,W3009912996,T11581,Viral Infections and Outbreaks Research,0.9890000224113464
has_topic:publication:W2949177718->topic:T11289,has_topic,publication:W2949177718,topic:T11289,W2949177718,T11289,Single-cell and spatial transcriptomics,1.0
has_topic:publication:W2949177718->topic:T12859,has_topic,publication:W2949177718,topic:T12859,W2949177718,T12859,Cell Image Analysis Techniques,0.9889000058174133
has_topic:publication:W2949177718->topic:T10540,has_topic,publication:W2949177718,topic:T10540,W2949177718,T10540,Advanced Fluorescence Microscopy Techniques,0.983299970626831
has_topic:publication:W1997183854->topic:T11297,has_topic,publication:W1997183854,topic:T11297,W1997183854,T11297,Ferroptosis and cancer prognosis,0.9980000257492065
has_topic:publication:W1997183854->topic:T10915,has_topic,publication:W1997183854,topic:T10915,W1997183854,T10915,Trace Elements in Health,0.9900000095367432
has_topic:publication:W1997183854->topic:T10587,has_topic,publication:W1997183854,topic:T10587,W1997183854,T10587,Autophagy in Disease and Therapy,0.9842000007629395
has_topic:publication:W2117692326->topic:T10336,has_topic,publication:W2117692326,topic:T10336,W2117692326,T10336,Cancer Cells and Metastasis,0.9991999864578247
has_topic:publication:W2117692326->topic:T10631,has_topic,publication:W2117692326,topic:T10631,W2117692326,T10631,"Cancer, Hypoxia, and Metabolism",0.9933000206947327
has_topic:publication:W2117692326->topic:T10583,has_topic,publication:W2117692326,topic:T10583,W2117692326,T10583,Cancer-related Molecular Pathways,0.9926999807357788
has_topic:publication:W2162674813->topic:T10062,has_topic,publication:W2162674813,topic:T10062,W2162674813,T10062,MicroRNA in disease regulation,1.0
has_topic:publication:W2162674813->topic:T11765,has_topic,publication:W2162674813,topic:T11765,W2162674813,T11765,Circular RNAs in diseases,0.9958999752998352
has_topic:publication:W2162674813->topic:T10725,has_topic,publication:W2162674813,topic:T10725,W2162674813,T10725,RNA Interference and Gene Delivery,0.989300012588501
has_topic:publication:W2138977668->topic:T10505,has_topic,publication:W2138977668,topic:T10505,W2138977668,T10505,Pluripotent Stem Cells Research,0.9995999932289124
has_topic:publication:W2138977668->topic:T10176,has_topic,publication:W2138977668,topic:T10176,W2138977668,T10176,Mesenchymal stem cell research,0.9779999852180481
has_topic:publication:W2138977668->topic:T12264,has_topic,publication:W2138977668,topic:T12264,W2138977668,T12264,Tissue Engineering and Regenerative Medicine,0.9718999862670898
has_topic:publication:W2125987139->topic:T10505,has_topic,publication:W2125987139,topic:T10505,W2125987139,T10505,Pluripotent Stem Cells Research,0.9998999834060669
has_topic:publication:W2125987139->topic:T10878,has_topic,publication:W2125987139,topic:T10878,W2125987139,T10878,CRISPR and Genetic Engineering,0.9922999739646912
has_topic:publication:W2125987139->topic:T12140,has_topic,publication:W2125987139,topic:T12140,W2125987139,T12140,Renal and related cancers,0.9914000034332275
has_topic:publication:W144423133->topic:T10184,has_topic,publication:W144423133,topic:T10184,W144423133,T10184,Plant Molecular Biology Research,0.9994000196456909
has_topic:publication:W144423133->topic:T10494,has_topic,publication:W144423133,topic:T10494,W144423133,T10494,Plant Virus Research Studies,0.9988999962806702
has_topic:publication:W144423133->topic:T12858,has_topic,publication:W144423133,topic:T12858,W144423133,T12858,Plant Disease Resistance and Genetics,0.9940000176429749
has_topic:publication:W2034269086->topic:T10583,has_topic,publication:W2034269086,topic:T10583,W2034269086,T10583,Cancer-related Molecular Pathways,0.9980000257492065
has_topic:publication:W2034269086->topic:T10336,has_topic,publication:W2034269086,topic:T10336,W2034269086,T10336,Cancer Cells and Metastasis,0.9939000010490417
has_topic:publication:W2034269086->topic:T10123,has_topic,publication:W2034269086,topic:T10123,W2034269086,T10123,DNA Repair Mechanisms,0.9890999794006348
has_topic:publication:W1523693806->topic:T10587,has_topic,publication:W1523693806,topic:T10587,W1523693806,T10587,Autophagy in Disease and Therapy,0.9998999834060669
has_topic:publication:W1523693806->topic:T10170,has_topic,publication:W1523693806,topic:T10170,W1523693806,T10170,Retinal Diseases and Treatments,0.98580002784729
has_topic:publication:W1523693806->topic:T11848,has_topic,publication:W1523693806,topic:T11848,W1523693806,T11848,Heme Oxygenase-1 and Carbon Monoxide,0.9710000157356262
has_topic:publication:W2018289835->topic:T12910,has_topic,publication:W2018289835,topic:T12910,W2018289835,T12910,Eicosanoids and Hypertension Pharmacology,0.9983000159263611
has_topic:publication:W2018289835->topic:T11332,has_topic,publication:W2018289835,topic:T11332,W2018289835,T11332,"Genomics, phytochemicals, and oxidative stress",0.9957000017166138
has_topic:publication:W2018289835->topic:T11884,has_topic,publication:W2018289835,topic:T11884,W2018289835,T11884,Redox biology and oxidative stress,0.9951000213623047
has_topic:publication:W1487127700->topic:T10791,has_topic,publication:W1487127700,topic:T10791,W1487127700,T10791,Advanced Control Systems Optimization,0.8015999794006348
has_topic:publication:W1997151511->topic:T11177,has_topic,publication:W1997151511,topic:T11177,W1997151511,T11177,Spectroscopy and Quantum Chemical Studies,0.9998999834060669
has_topic:publication:W1997151511->topic:T11129,has_topic,publication:W1997151511,topic:T11129,W1997151511,T11129,Photochemistry and Electron Transfer Studies,0.9991999864578247
has_topic:publication:W1997151511->topic:T11449,has_topic,publication:W1997151511,topic:T11449,W1997151511,T11449,Mechanical and Optical Resonators,0.9905999898910522
has_topic:publication:W2110540540->topic:T10078,has_topic,publication:W2110540540,topic:T10078,W2110540540,T10078,Advanced Photocatalysis Techniques,0.9757000207901001
has_topic:publication:W2110540540->topic:T11434,has_topic,publication:W2110540540,topic:T11434,W2110540540,T11434,Electrochemical Analysis and Applications,0.9689000248908997
has_topic:publication:W2110540540->topic:T10024,has_topic,publication:W2110540540,topic:T10024,W2110540540,T10024,TiO2 Photocatalysis and Solar Cells,0.9049000144004822
has_topic:publication:W2038767330->topic:T10798,has_topic,publication:W2038767330,topic:T10798,W2038767330,T10798,Crystallography and molecular interactions,0.9944000244140625
has_topic:publication:W2038767330->topic:T11746,has_topic,publication:W2038767330,topic:T11746,W2038767330,T11746,Inorganic and Organometallic Chemistry,0.9889000058174133
has_topic:publication:W2038767330->topic:T12748,has_topic,publication:W2038767330,topic:T12748,W2038767330,T12748,Molecular spectroscopy and chirality,0.9876999855041504
has_topic:publication:W2140190241->topic:T11106,has_topic,publication:W2140190241,topic:T11106,W2140190241,T11106,Data Management and Algorithms,0.9991000294685364
has_topic:publication:W2140190241->topic:T10538,has_topic,publication:W2140190241,topic:T10538,W2140190241,T10538,Data Mining Algorithms and Applications,0.9987000226974487
has_topic:publication:W2140190241->topic:T10317,has_topic,publication:W2140190241,topic:T10317,W2140190241,T10317,Advanced Database Systems and Queries,0.9975000023841858
has_topic:publication:W1815596065->topic:T13283,has_topic,publication:W1815596065,topic:T13283,W1815596065,T13283,Mental Health Research Topics,0.49459999799728394
has_topic:publication:W2147264455->topic:T11120,has_topic,publication:W2147264455,topic:T11120,W2147264455,T11120,Nonprofit Sector and Volunteering,0.2890999913215637
has_topic:publication:W4293586167->topic:T10157,has_topic,publication:W4293586167,topic:T10157,W4293586167,T10157,Sports Performance and Training,0.07819999754428864
has_topic:publication:W2122410182->topic:T13062,has_topic,publication:W2122410182,topic:T13062,W2122410182,T13062,Cognitive Computing and Networks,0.14830000698566437
has_topic:publication:W2122410182->topic:T14420,has_topic,publication:W2122410182,topic:T14420,W2122410182,T14420,Advanced Research in Systems and Signal Processing,0.13600000739097595
has_topic:publication:W1554663460->topic:T10320,has_topic,publication:W1554663460,topic:T10320,W1554663460,T10320,Neural Networks and Applications,0.7178000211715698
has_topic:publication:W2432517183->topic:T13126,has_topic,publication:W2432517183,topic:T13126,W2432517183,T13126,Scientific Research and Discoveries,1.0
has_topic:publication:W2432517183->topic:T13650,has_topic,publication:W2432517183,topic:T13650,W2432517183,T13650,Computational Physics and Python Applications,0.9620000123977661
has_topic:publication:W2432517183->topic:T13307,has_topic,publication:W2432517183,topic:T13307,W2432517183,T13307,Diverse Scientific and Engineering Research,0.9103000164031982
has_topic:publication:W2797247465->topic:T11871,has_topic,publication:W2797247465,topic:T11871,W2797247465,T11871,Advanced Statistical Methods and Models,0.9948999881744385
has_topic:publication:W2797247465->topic:T13141,has_topic,publication:W2797247465,topic:T13141,W2797247465,T13141,Statistical Methods and Applications,0.9898999929428101
has_topic:publication:W2797247465->topic:T13748,has_topic,publication:W2797247465,topic:T13748,W2797247465,T13748,Advanced Statistical Modeling Techniques,0.9739000201225281
has_topic:publication:W1973948212->topic:T10410,has_topic,publication:W1973948212,topic:T10410,W1973948212,T10410,COVID-19 epidemiological studies,0.04399999976158142
has_topic:publication:W1973948212->topic:T10845,has_topic,publication:W1973948212,topic:T10845,W1973948212,T10845,Advanced Causal Inference Techniques,0.04010000079870224
has_topic:publication:W2153943092->topic:T11810,has_topic,publication:W2153943092,topic:T11810,W2153943092,T11810,Complex Systems and Decision Making,0.5559999942779541
has_topic:publication:W1541515907->topic:T14503,has_topic,publication:W1541515907,topic:T14503,W1541515907,T14503,"Globalization, Economics, and Policies",0.5101000070571899
has_topic:publication:W1541515907->topic:T12903,has_topic,publication:W1541515907,topic:T12903,W1541515907,T12903,Globalization and Cultural Identity,0.5084999799728394
has_topic:publication:W1541515907->topic:T14302,has_topic,publication:W1541515907,topic:T14302,W1541515907,T14302,European Politics and Security,0.45339998602867126
has_topic:publication:W2157207849->topic:T11743,has_topic,publication:W2157207849,topic:T11743,W2157207849,T11743,Political Economy and Marxism,0.26969999074935913
has_topic:publication:W2157207849->topic:T13158,has_topic,publication:W2157207849,topic:T13158,W2157207849,T13158,Political and Economic history of UK and US,0.23260000348091125
has_topic:publication:W2157207849->topic:T10443,has_topic,publication:W2157207849,topic:T10443,W2157207849,T10443,Social Policy and Reform Studies,0.2160000056028366
has_topic:publication:W3023540311->topic:T10100,has_topic,publication:W3023540311,topic:T10100,W3023540311,T10100,Metaheuristic Optimization Algorithms Research,0.6865000128746033
has_topic:publication:W2160456562->topic:T10117,has_topic,publication:W2160456562,topic:T10117,W2160456562,T10117,Advanced Combustion Engine Technologies,0.9972000122070312
has_topic:publication:W2160456562->topic:T10507,has_topic,publication:W2160456562,topic:T10507,W2160456562,T10507,Biodiesel Production and Applications,0.9864000082015991
has_topic:publication:W2160456562->topic:T12095,has_topic,publication:W2160456562,topic:T12095,W2160456562,T12095,Vehicle emissions and performance,0.9448999762535095
has_topic:publication:W2285072859->topic:T10745,has_topic,publication:W2285072859,topic:T10745,W2285072859,T10745,Heart Rate Variability and Autonomic Control,0.9998000264167786
has_topic:publication:W2285072859->topic:T11196,has_topic,publication:W2285072859,topic:T11196,W2285072859,T11196,Non-Invasive Vital Sign Monitoring,0.9908999800682068
has_topic:publication:W2285072859->topic:T11209,has_topic,publication:W2285072859,topic:T11209,W2285072859,T11209,Cardiovascular and exercise physiology,0.9298999905586243
has_topic:publication:W3199943451->topic:T10385,has_topic,publication:W3199943451,topic:T10385,W3199943451,T10385,Plant Diversity and Evolution,0.13079999387264252
has_topic:publication:W3199943451->topic:T13506,has_topic,publication:W3199943451,topic:T13506,W3199943451,T13506,Botanical Research and Chemistry,0.12439999729394913
has_topic:publication:W3199943451->topic:T13238,has_topic,publication:W3199943451,topic:T13238,W3199943451,T13238,Botanical Studies and Applications,0.12129999697208405
has_topic:publication:W2004778468->topic:T11764,has_topic,publication:W2004778468,topic:T11764,W2004778468,T11764,Evolution and Genetic Dynamics,0.15880000591278076
has_topic:publication:W1866311589->topic:T12100,has_topic,publication:W1866311589,topic:T12100,W1866311589,T12100,Advanced Mathematical Modeling in Engineering,0.37310001254081726
has_topic:publication:W1866311589->topic:T10194,has_topic,publication:W1866311589,topic:T10194,W1866311589,T10194,Nonlinear Partial Differential Equations,0.163100004196167
has_topic:publication:W1866311589->topic:T11416,has_topic,publication:W1866311589,topic:T11416,W1866311589,T11416,Numerical methods for differential equations,0.07999999821186066
has_topic:publication:W1575147392->topic:T12727,has_topic,publication:W1575147392,topic:T12727,W1575147392,T12727,Differential Equations and Numerical Methods,0.8654000163078308
has_topic:publication:W1575147392->topic:T12100,has_topic,publication:W1575147392,topic:T12100,W1575147392,T12100,Advanced Mathematical Modeling in Engineering,0.7958999872207642
has_topic:publication:W1575147392->topic:T11022,has_topic,publication:W1575147392,topic:T11022,W1575147392,T11022,Spectral Theory in Mathematical Physics,0.7875999808311462
has_topic:publication:W2168420558->topic:T11970,has_topic,publication:W2168420558,topic:T11970,W2168420558,T11970,Molecular Biology Techniques and Applications,0.9998999834060669
has_topic:publication:W2168420558->topic:T12640,has_topic,publication:W2168420558,topic:T12640,W2168420558,T12640,Environmental DNA in Biodiversity Studies,0.9309999942779541
has_topic:publication:W2168420558->topic:T10885,has_topic,publication:W2168420558,topic:T10885,W2168420558,T10885,Gene expression and cancer classification,0.9186000227928162
has_topic:publication:W2116404316->topic:T10027,has_topic,publication:W2116404316,topic:T10027,W2116404316,T10027,"Diabetes, Cardiovascular Risks, and Lipoproteins",0.9940999746322632
has_topic:publication:W2116404316->topic:T10394,has_topic,publication:W2116404316,topic:T10394,W2116404316,T10394,Lipoproteins and Cardiovascular Health,0.9883999824523926
has_topic:publication:W2116404316->topic:T12465,has_topic,publication:W2116404316,topic:T12465,W2116404316,T12465,"Cancer, Lipids, and Metabolism",0.9671000242233276
has_topic:publication:W2163605009->topic:T10036,has_topic,publication:W2163605009,topic:T10036,W2163605009,T10036,Advanced Neural Network Applications,0.9998000264167786
has_topic:publication:W2163605009->topic:T11307,has_topic,publication:W2163605009,topic:T11307,W2163605009,T11307,Domain Adaptation and Few-Shot Learning,0.9990000128746033
has_topic:publication:W2163605009->topic:T11105,has_topic,publication:W2163605009,topic:T11105,W2163605009,T11105,Advanced Image Processing Techniques,0.9966999888420105
has_topic:publication:W2173213060->topic:T10101,has_topic,publication:W2173213060,topic:T10101,W2173213060,T10101,Cloud Computing and Resource Management,0.9991000294685364
has_topic:publication:W2173213060->topic:T11181,has_topic,publication:W2173213060,topic:T11181,W2173213060,T11181,Advanced Data Storage Technologies,0.9954000115394592
has_topic:publication:W2173213060->topic:T10054,has_topic,publication:W2173213060,topic:T10054,W2173213060,T10054,Parallel Computing and Optimization Techniques,0.9843000173568726
has_topic:publication:W2085261163->topic:T12072,has_topic,publication:W2085261163,topic:T12072,W2085261163,T12072,Machine Learning and Algorithms,0.9987999796867371
has_topic:publication:W2085261163->topic:T10627,has_topic,publication:W2085261163,topic:T10627,W2085261163,T10627,Advanced Image and Video Retrieval Techniques,0.9962000250816345
has_topic:publication:W2085261163->topic:T10191,has_topic,publication:W2085261163,topic:T10191,W2085261163,T10191,Robotics and Sensor-Based Localization,0.9961000084877014
has_topic:publication:W2007395042->topic:T10002,has_topic,publication:W2007395042,topic:T10002,W2007395042,T10002,Advanced Chemical Physics Studies,1.0
has_topic:publication:W2007395042->topic:T11177,has_topic,publication:W2007395042,topic:T11177,W2007395042,T11177,Spectroscopy and Quantum Chemical Studies,0.9998000264167786
has_topic:publication:W2007395042->topic:T12044,has_topic,publication:W2007395042,topic:T12044,W2007395042,T12044,Advanced Physical and Chemical Molecular Interactions,0.9993000030517578
has_topic:publication:W2168452204->topic:T10080,has_topic,publication:W2168452204,topic:T10080,W2168452204,T10080,Energy Efficient Wireless Sensor Networks,0.9998999834060669
has_topic:publication:W2168452204->topic:T10326,has_topic,publication:W2168452204,topic:T10326,W2168452204,T10326,Indoor and Outdoor Localization Technologies,0.9958999752998352
has_topic:publication:W2168452204->topic:T12801,has_topic,publication:W2168452204,topic:T12801,W2168452204,T12801,Bluetooth and Wireless Communication Technologies,0.9943000078201294
has_topic:publication:W2066636486->topic:T12016,has_topic,publication:W2066636486,topic:T12016,W2066636486,T12016,Web Data Mining and Analysis,1.0
has_topic:publication:W2066636486->topic:T10286,has_topic,publication:W2066636486,topic:T10286,W2066636486,T10286,Information Retrieval and Search Behavior,0.9812999963760376
has_topic:publication:W2066636486->topic:T13976,has_topic,publication:W2066636486,topic:T13976,W2066636486,T13976,Web visibility and informetrics,0.9800999760627747
has_topic:publication:W2107031757->topic:T10050,has_topic,publication:W2107031757,topic:T10050,W2107031757,T10050,Multi-Criteria Decision Making,0.6985999941825867
has_topic:publication:W2011301426->topic:T13650,has_topic,publication:W2011301426,topic:T13650,W2011301426,T13650,Computational Physics and Python Applications,0.8888000249862671
has_topic:publication:W2170899200->topic:T11400,has_topic,publication:W2170899200,topic:T11400,W2170899200,T11400,Motivation and Self-Concept in Sports,0.9998000264167786
has_topic:publication:W2170899200->topic:T10547,has_topic,publication:W2170899200,topic:T10547,W2170899200,T10547,"Education, Achievement, and Giftedness",0.9968000054359436
has_topic:publication:W2170899200->topic:T11998,has_topic,publication:W2170899200,topic:T11998,W2170899200,T11998,Youth Development and Social Support,0.988099992275238
has_topic:publication:W2324392187->topic:T10317,has_topic,publication:W2324392187,topic:T10317,W2324392187,T10317,Advanced Database Systems and Queries,0.04580000042915344
has_topic:publication:W2000117884->topic:T12880,has_topic,publication:W2000117884,topic:T12880,W2000117884,T12880,Qualitative Research Methods and Applications,0.2955000102519989
has_topic:publication:W2005061283->topic:T14315,has_topic,publication:W2005061283,topic:T14315,W2005061283,T14315,Feminist Theory and Gender Studies,0.08579999953508377
has_topic:publication:W2005061283->topic:T11432,has_topic,publication:W2005061283,topic:T11432,W2005061283,T11432,Gender Politics and Representation,0.0828000009059906
has_topic:publication:W2005061283->topic:T13158,has_topic,publication:W2005061283,topic:T13158,W2005061283,T13158,Political and Economic history of UK and US,0.07370000332593918
has_topic:publication:W2059334100->topic:T10467,has_topic,publication:W2059334100,topic:T10467,W2059334100,T10467,Psychometric Methodologies and Testing,0.1777999997138977
has_topic:publication:W2059334100->topic:T13148,has_topic,publication:W2059334100,topic:T13148,W2059334100,T13148,Environmental and Air Quality Management,0.022099999710917473
has_topic:publication:W2059334100->topic:T13141,has_topic,publication:W2059334100,topic:T13141,W2059334100,T13141,Statistical Methods and Applications,0.018699999898672104
has_topic:publication:W1550621568->topic:T12395,has_topic,publication:W1550621568,topic:T12395,W1550621568,T12395,Educational Innovations and Technology,0.8791999816894531
has_topic:publication:W1550621568->topic:T14277,has_topic,publication:W1550621568,topic:T14277,W1550621568,T14277,Social Skills and Education,0.8476999998092651
has_topic:publication:W1550621568->topic:T14483,has_topic,publication:W1550621568,topic:T14483,W1550621568,T14483,Education and Teacher Training,0.8342000246047974
has_topic:publication:W1986215651->topic:T10206,has_topic,publication:W1986215651,topic:T10206,W1986215651,T10206,Meta-analysis and systematic reviews,0.9998999834060669
has_topic:publication:W1986215651->topic:T13309,has_topic,publication:W1986215651,topic:T13309,W1986215651,T13309,Reliability and Agreement in Measurement,0.9927999973297119
has_topic:publication:W1986215651->topic:T10804,has_topic,publication:W1986215651,topic:T10804,W1986215651,T10804,"Health Systems, Economic Evaluations, Quality of Life",0.978600025177002
has_topic:publication:W2107328434->topic:T10206,has_topic,publication:W2107328434,topic:T10206,W2107328434,T10206,Meta-analysis and systematic reviews,0.996399998664856
has_topic:publication:W2107328434->topic:T11235,has_topic,publication:W2107328434,topic:T11235,W2107328434,T11235,Statistical Methods in Clinical Trials,0.996399998664856
has_topic:publication:W2107328434->topic:T10804,has_topic,publication:W2107328434,topic:T10804,W2107328434,T10804,"Health Systems, Economic Evaluations, Quality of Life",0.987500011920929
has_topic:publication:W2025371271->topic:T10176,has_topic,publication:W2025371271,topic:T10176,W2025371271,T10176,Mesenchymal stem cell research,1.0
has_topic:publication:W2025371271->topic:T12264,has_topic,publication:W2025371271,topic:T12264,W2025371271,T12264,Tissue Engineering and Regenerative Medicine,0.995199978351593
has_topic:publication:W2025371271->topic:T10336,has_topic,publication:W2025371271,topic:T10336,W2025371271,T10336,Cancer Cells and Metastasis,0.9922000169754028
has_topic:publication:W2964015378->topic:T11273,has_topic,publication:W2964015378,topic:T11273,W2964015378,T11273,Advanced Graph Neural Networks,0.9991999864578247
has_topic:publication:W2964015378->topic:T11307,has_topic,publication:W2964015378,topic:T11307,W2964015378,T11307,Domain Adaptation and Few-Shot Learning,0.9866999983787537
has_topic:publication:W2964015378->topic:T12676,has_topic,publication:W2964015378,topic:T12676,W2964015378,T12676,Machine Learning and ELM,0.9864000082015991
has_topic:publication:W2139212933->topic:T10320,has_topic,publication:W2139212933,topic:T10320,W2139212933,T10320,Neural Networks and Applications,0.9858999848365784
has_topic:publication:W2139212933->topic:T10534,has_topic,publication:W2139212933,topic:T10534,W2139212933,T10534,Structural Health Monitoring Techniques,0.9714000225067139
has_topic:publication:W2139212933->topic:T10057,has_topic,publication:W2139212933,topic:T10057,W2139212933,T10057,Face and Expression Recognition,0.9692000150680542
has_topic:publication:W2127218421->topic:T11871,has_topic,publication:W2127218421,topic:T11871,W2127218421,T11871,Advanced Statistical Methods and Models,0.9580000042915344
has_topic:publication:W2148080316->topic:T11376,has_topic,publication:W2148080316,topic:T11376,W2148080316,T11376,Geriatric Care and Nursing Homes,0.9998000264167786
has_topic:publication:W2148080316->topic:T10009,has_topic,publication:W2148080316,topic:T10009,W2148080316,T10009,Dementia and Cognitive Impairment Research,0.9993000030517578
has_topic:publication:W2148080316->topic:T11712,has_topic,publication:W2148080316,topic:T11712,W2148080316,T11712,Intergenerational Family Dynamics and Caregiving,0.9872000217437744
has_topic:publication:W2160234571->topic:T11339,has_topic,publication:W2160234571,topic:T11339,W2160234571,T11339,"Metabolism, Diabetes, and Cancer",0.9997000098228455
has_topic:publication:W2160234571->topic:T10560,has_topic,publication:W2160234571,topic:T10560,W2160234571,T10560,Diabetes Management and Research,0.9994999766349792
has_topic:publication:W2160234571->topic:T10401,has_topic,publication:W2160234571,topic:T10401,W2160234571,T10401,Diabetes Treatment and Management,0.9993000030517578
has_topic:publication:W4385245566->topic:T10181,has_topic,publication:W4385245566,topic:T10181,W4385245566,T10181,Natural Language Processing Techniques,0.9998000264167786
has_topic:publication:W4385245566->topic:T10028,has_topic,publication:W4385245566,topic:T10028,W4385245566,T10028,Topic Modeling,0.9962000250816345
has_topic:publication:W4385245566->topic:T11714,has_topic,publication:W4385245566,topic:T11714,W4385245566,T11714,Multimodal Machine Learning Applications,0.991599977016449
has_topic:publication:W2964121744->topic:T11612,has_topic,publication:W2964121744,topic:T11612,W2964121744,T11612,Stochastic Gradient Optimization Techniques,0.9948999881744385
has_topic:publication:W2964121744->topic:T10963,has_topic,publication:W2964121744,topic:T10963,W2964121744,T10963,Advanced Optimization Algorithms Research,0.9581999778747559
has_topic:publication:W2964121744->topic:T12676,has_topic,publication:W2964121744,topic:T12676,W2964121744,T12676,Machine Learning and ELM,0.9531000256538391
has_topic:publication:W2965373594->topic:T10028,has_topic,publication:W2965373594,topic:T10028,W2965373594,T10028,Topic Modeling,0.9998999834060669
has_topic:publication:W2965373594->topic:T10181,has_topic,publication:W2965373594,topic:T10181,W2965373594,T10181,Natural Language Processing Techniques,0.9995999932289124
has_topic:publication:W2965373594->topic:T11714,has_topic,publication:W2965373594,topic:T11714,W2965373594,T11714,Multimodal Machine Learning Applications,0.9848999977111816
has_topic:publication:W2896457183->topic:T10028,has_topic,publication:W2896457183,topic:T10028,W2896457183,T10028,Topic Modeling,0.9998999834060669
has_topic:publication:W2896457183->topic:T10181,has_topic,publication:W2896457183,topic:T10181,W2896457183,T10181,Natural Language Processing Techniques,0.9995999932289124
has_topic:publication:W2896457183->topic:T10201,has_topic,publication:W2896457183,topic:T10201,W2896457183,T10201,Speech Recognition and Synthesis,0.9976999759674072
has_topic:publication:W3165656738->topic:T10118,has_topic,publication:W3165656738,topic:T10118,W3165656738,T10118,SARS-CoV-2 and COVID-19 Research,0.9993000030517578
has_topic:publication:W3165656738->topic:T10041,has_topic,publication:W3165656738,topic:T10041,W3165656738,T10041,COVID-19 Clinical Research Studies,0.9991999864578247
has_topic:publication:W3165656738->topic:T11775,has_topic,publication:W3165656738,topic:T11775,W3165656738,T11775,COVID-19 diagnosis using AI,0.9894999861717224
has_topic:publication:W2139416101->topic:T10895,has_topic,publication:W2139416101,topic:T10895,W2139416101,T10895,Species Distribution and Climate Change,0.9998000264167786
has_topic:publication:W2139416101->topic:T10199,has_topic,publication:W2139416101,topic:T10199,W2139416101,T10199,Wildlife Ecology and Conservation,0.9939000010490417
has_topic:publication:W2139416101->topic:T10005,has_topic,publication:W2139416101,topic:T10005,W2139416101,T10005,Ecology and Vegetation Dynamics Studies,0.9879000186920166
has_topic:publication:W4229954146->topic:T13398,has_topic,publication:W4229954146,topic:T13398,W4229954146,T13398,Data Analysis with R,0.060600001364946365
has_topic:publication:W4229954146->topic:T13141,has_topic,publication:W4229954146,topic:T13141,W4229954146,T13141,Statistical Methods and Applications,0.05609999969601631
has_topic:publication:W4229954146->topic:T11396,has_topic,publication:W4229954146,topic:T11396,W4229954146,T11396,Artificial Intelligence in Healthcare,0.0560000017285347
has_topic:publication:W2117178635->topic:T13832,has_topic,publication:W2117178635,topic:T13832,W2117178635,T13832,Advanced Decision-Making Techniques,0.7627000212669373
has_topic:publication:W2117178635->topic:T10057,has_topic,publication:W2117178635,topic:T10057,W2117178635,T10057,Face and Expression Recognition,0.6862000226974487
has_topic:publication:W2117178635->topic:T10320,has_topic,publication:W2117178635,topic:T10320,W2117178635,T10320,Neural Networks and Applications,0.6801999807357788
has_topic:publication:W2110603299->topic:T10007,has_topic,publication:W2110603299,topic:T10007,W2110603299,T10007,Monetary Policy and Economic Impact,0.9739000201225281
has_topic:publication:W1979575715->topic:T10007,has_topic,publication:W1979575715,topic:T10007,W1979575715,T10007,Monetary Policy and Economic Impact,0.9936000108718872
has_topic:publication:W1979575715->topic:T10393,has_topic,publication:W1979575715,topic:T10393,W1979575715,T10393,Economic Growth and Productivity,0.9817000031471252
has_topic:publication:W1979575715->topic:T12137,has_topic,publication:W1979575715,topic:T12137,W1979575715,T12137,Economic theories and models,0.9714999794960022
has_topic:publication:W2108818539->topic:T11871,has_topic,publication:W2108818539,topic:T11871,W2108818539,T11871,Advanced Statistical Methods and Models,0.9973999857902527
has_topic:publication:W2108818539->topic:T10243,has_topic,publication:W2108818539,topic:T10243,W2108818539,T10243,Statistical Methods and Bayesian Inference,0.9886999726295471
has_topic:publication:W2108818539->topic:T10136,has_topic,publication:W2108818539,topic:T10136,W2108818539,T10136,Statistical Methods and Inference,0.983299970626831
has_topic:publication:W3011865677->topic:T10315,has_topic,publication:W3011865677,topic:T10315,W3011865677,T10315,Decision-Making and Behavioral Economics,0.8069000244140625
has_topic:publication:W3011865677->topic:T11413,has_topic,publication:W3011865677,topic:T11413,W3011865677,T11413,Risk and Portfolio Optimization,0.016699999570846558
has_topic:publication:W3011865677->topic:T11886,has_topic,publication:W3011865677,topic:T11886,W3011865677,T11886,Agricultural risk and resilience,0.016599999740719795
has_topic:publication:W2139122730->topic:T13608,has_topic,publication:W2139122730,topic:T13608,W2139122730,T13608,Advanced Computational Techniques in Science and Engineering,0.30079999566078186
has_topic:publication:W2112352537->topic:T11911,has_topic,publication:W2112352537,topic:T11911,W2112352537,T11911,Spatial and Panel Data Analysis,0.9990000128746033
has_topic:publication:W2112352537->topic:T10136,has_topic,publication:W2112352537,topic:T10136,W2112352537,T10136,Statistical Methods and Inference,0.9836999773979187
has_topic:publication:W2112352537->topic:T10357,has_topic,publication:W2112352537,topic:T10357,W2112352537,T10357,Efficiency Analysis Using DEA,0.9772999882698059
has_topic:publication:W2178225550->topic:T10320,has_topic,publication:W2178225550,topic:T10320,W2178225550,T10320,Neural Networks and Applications,0.2207999974489212
has_topic:publication:W2178225550->topic:T12157,has_topic,publication:W2178225550,topic:T12157,W2178225550,T12157,Geochemistry and Geologic Mapping,0.19789999723434448
has_topic:publication:W2178225550->topic:T10876,has_topic,publication:W2178225550,topic:T10876,W2178225550,T10876,Fault Detection and Control Systems,0.18209999799728394
has_topic:publication:W2318680928->topic:T10050,has_topic,publication:W2318680928,topic:T10050,W2318680928,T10050,Multi-Criteria Decision Making,0.08699999749660492
has_topic:publication:W2318680928->topic:T13748,has_topic,publication:W2318680928,topic:T13748,W2318680928,T13748,Advanced Statistical Modeling Techniques,0.08269999921321869
has_topic:publication:W2318680928->topic:T10475,has_topic,publication:W2318680928,topic:T10475,W2318680928,T10475,Psychological Well-being and Life Satisfaction,0.07800000160932541
has_topic:publication:W2015930340->topic:T10785,has_topic,publication:W2015930340,topic:T10785,W2015930340,T10785,Economic Theory and Institutions,0.8242999911308289
has_topic:publication:W2015930340->topic:T12137,has_topic,publication:W2015930340,topic:T12137,W2015930340,T12137,Economic theories and models,0.7164000272750854
has_topic:publication:W1736209534->topic:T11122,has_topic,publication:W1736209534,topic:T11122,W1736209534,T11122,Online Learning and Analytics,0.20350000262260437
has_topic:publication:W2053154970->topic:T13309,has_topic,publication:W2053154970,topic:T13309,W2053154970,T13309,Reliability and Agreement in Measurement,0.9991000294685364
has_topic:publication:W2053154970->topic:T10050,has_topic,publication:W2053154970,topic:T10050,W2053154970,T10050,Multi-Criteria Decision Making,0.9203000068664551
has_topic:publication:W2140369176->topic:T14483,has_topic,publication:W2140369176,topic:T14483,W2140369176,T14483,Education and Teacher Training,0.7339000105857849
has_topic:publication:W2140369176->topic:T12217,has_topic,publication:W2140369176,topic:T12217,W2140369176,T12217,Higher Education Teaching and Evaluation,0.6424999833106995
has_topic:publication:W2140369176->topic:T10008,has_topic,publication:W2140369176,topic:T10008,W2140369176,T10008,Teacher Education and Leadership Studies,0.6191999912261963
has_topic:publication:W2332086916->topic:T12474,has_topic,publication:W2332086916,topic:T12474,W2332086916,T12474,Education Discipline and Inequality,0.47510001063346863
has_topic:publication:W1570448133->topic:T10538,has_topic,publication:W1570448133,topic:T10538,W1570448133,T10538,Data Mining Algorithms and Applications,0.9994000196456909
has_topic:publication:W1570448133->topic:T12535,has_topic,publication:W1570448133,topic:T12535,W1570448133,T12535,Machine Learning and Data Classification,0.994700014591217
has_topic:publication:W1570448133->topic:T11269,has_topic,publication:W1570448133,topic:T11269,W1570448133,T11269,Algorithms and Data Compression,0.9937000274658203
has_topic:publication:W2124614417->topic:T12327,has_topic,publication:W2124614417,topic:T12327,W2124614417,T12327,Various Chemistry Research Topics,0.6200000047683716
has_topic:publication:W2085491458->topic:T10208,has_topic,publication:W2085491458,topic:T10208,W2085491458,T10208,Labor market dynamics and wage inequality,0.9961000084877014
has_topic:publication:W2085491458->topic:T11770,has_topic,publication:W2085491458,topic:T11770,W2085491458,T11770,Fiscal Policy and Economic Growth,0.9650999903678894
has_topic:publication:W2085491458->topic:T11239,has_topic,publication:W2085491458,topic:T11239,W2085491458,T11239,Social Capital and Networks,0.9625999927520752
has_topic:publication:W2115755118->topic:T10320,has_topic,publication:W2115755118,topic:T10320,W2115755118,T10320,Neural Networks and Applications,0.29660001397132874
has_topic:publication:W1542649433->topic:T12294,has_topic,publication:W1542649433,topic:T12294,W1542649433,T12294,Agricultural Science and Fertilization,0.7763000130653381
has_topic:publication:W1542649433->topic:T11418,has_topic,publication:W1542649433,topic:T11418,W1542649433,T11418,Plant Micronutrient Interactions and Effects,0.7024999856948853
has_topic:publication:W1542649433->topic:T12795,has_topic,publication:W1542649433,topic:T12795,W1542649433,T12795,Banana Cultivation and Research,0.6317999958992004
has_topic:publication:W2120644786->topic:T11879,has_topic,publication:W2120644786,topic:T11879,W2120644786,T11879,Protist diversity and phylogeny,0.9994999766349792
has_topic:publication:W2120644786->topic:T10015,has_topic,publication:W2120644786,topic:T10015,W2120644786,T10015,Genomics and Phylogenetic Studies,0.9940999746322632
has_topic:publication:W2120644786->topic:T11048,has_topic,publication:W2120644786,topic:T11048,W2120644786,T11048,Bacteriophages and microbial interactions,0.9908999800682068
has_topic:publication:W2162123284->topic:T13531,has_topic,publication:W2162123284,topic:T13531,W2162123284,T13531,Surface and Thin Film Phenomena,0.37940001487731934
has_topic:publication:W2162123284->topic:T14128,has_topic,publication:W2162123284,topic:T14128,W2162123284,T14128,Metallurgical and Alloy Processes,0.37790000438690186
has_topic:publication:W2163815564->topic:T10301,has_topic,publication:W2163815564,topic:T10301,W2163815564,T10301,Mitochondrial Function and Pathology,0.6965000033378601
has_topic:publication:W2157005274->topic:T11191,has_topic,publication:W2157005274,topic:T11191,W2157005274,T11191,Mathematical functions and polynomials,0.9276000261306763
has_topic:publication:W2036897871->topic:T10015,has_topic,publication:W2036897871,topic:T10015,W2036897871,T10015,Genomics and Phylogenetic Studies,0.9998999834060669
has_topic:publication:W2036897871->topic:T11482,has_topic,publication:W2036897871,topic:T11482,W2036897871,T11482,RNA modifications and cancer,0.9986000061035156
has_topic:publication:W2036897871->topic:T10521,has_topic,publication:W2036897871,topic:T10521,W2036897871,T10521,RNA and protein synthesis mechanisms,0.9983000159263611
has_topic:publication:W4392145873->topic:T12267,has_topic,publication:W4392145873,topic:T12267,W4392145873,T12267,Diet and metabolism studies,0.9689000248908997
has_topic:publication:W4392145873->topic:T13551,has_topic,publication:W4392145873,topic:T13551,W4392145873,T13551,Biochemical effects in animals,0.9628000259399414
has_topic:publication:W4392145873->topic:T12964,has_topic,publication:W4392145873,topic:T12964,W4392145873,T12964,"Diet, Metabolism, and Disease",0.9556999802589417
has_topic:publication:W75231382->topic:T13622,has_topic,publication:W75231382,topic:T13622,W75231382,T13622,Historical and Environmental Studies,0.14380000531673431
has_topic:publication:W75231382->topic:T13920,has_topic,publication:W75231382,topic:T13920,W75231382,T13920,Urban Planning and Valuation,0.14020000398159027
has_topic:publication:W2905811773->topic:T10068,has_topic,publication:W2905811773,topic:T10068,W2905811773,T10068,Technology Adoption and User Behaviour,0.9690999984741211
has_topic:publication:W2905811773->topic:T13083,has_topic,publication:W2905811773,topic:T13083,W2905811773,T13083,Advanced Text Analysis Techniques,0.9595999717712402
has_topic:publication:W2905811773->topic:T10154,has_topic,publication:W2905811773,topic:T10154,W2905811773,T10154,Customer Service Quality and Loyalty,0.9447000026702881
has_topic:publication:W2019607817->topic:T12422,has_topic,publication:W2019607817,topic:T12422,W2019607817,T12422,Radiomics and Machine Learning in Medical Imaging,0.9998000264167786
has_topic:publication:W2019607817->topic:T10522,has_topic,publication:W2019607817,topic:T10522,W2019607817,T10522,Medical Imaging Techniques and Applications,0.9997000098228455
has_topic:publication:W2019607817->topic:T10417,has_topic,publication:W2019607817,topic:T10417,W2019607817,T10417,Lung Cancer Treatments and Mutations,0.9976999759674072
has_topic:publication:W2116475791->topic:T10206,has_topic,publication:W2116475791,topic:T10206,W2116475791,T10206,Meta-analysis and systematic reviews,0.9991000294685364
has_topic:publication:W2116475791->topic:T10416,has_topic,publication:W2116475791,topic:T10416,W2116475791,T10416,Traumatic Brain Injury Research,0.9772999882698059
has_topic:publication:W2116475791->topic:T10084,has_topic,publication:W2116475791,topic:T10084,W2116475791,T10084,Musculoskeletal pain and rehabilitation,0.942799985408783
has_topic:publication:W2076452041->topic:T10357,has_topic,publication:W2076452041,topic:T10357,W2076452041,T10357,Efficiency Analysis Using DEA,0.9990000128746033
has_topic:publication:W2076452041->topic:T12709,has_topic,publication:W2076452041,topic:T12709,W2076452041,T12709,Optimization and Mathematical Programming,0.9943000078201294
has_topic:publication:W2076452041->topic:T10328,has_topic,publication:W2076452041,topic:T10328,W2076452041,T10328,Supply Chain and Inventory Management,0.9890999794006348
has_topic:publication:W2125078269->topic:T10143,has_topic,publication:W2125078269,topic:T10143,W2125078269,T10143,Chronic Obstructive Pulmonary Disease (COPD) Research,1.0
has_topic:publication:W2125078269->topic:T10051,has_topic,publication:W2125078269,topic:T10051,W2125078269,T10051,Asthma and respiratory diseases,0.9994999766349792
has_topic:publication:W2125078269->topic:T10322,has_topic,publication:W2125078269,topic:T10322,W2125078269,T10322,Respiratory Support and Mechanisms,0.9965999722480774
has_topic:publication:W2133766618->topic:T12880,has_topic,publication:W2133766618,topic:T12880,W2133766618,T12880,Qualitative Research Methods and Applications,0.024399999529123306
has_topic:publication:W2133766618->topic:T12950,has_topic,publication:W2133766618,topic:T12950,W2133766618,T12950,Educational Environments and Student Outcomes,0.02019999921321869
has_topic:publication:W2133766618->topic:T13412,has_topic,publication:W2133766618,topic:T13412,W2133766618,T13412,Education and Technology Integration,0.016499999910593033
has_topic:publication:W2030966943->topic:T11764,has_topic,publication:W2030966943,topic:T11764,W2030966943,T11764,Evolution and Genetic Dynamics,0.9648000001907349
has_topic:publication:W2030966943->topic:T11901,has_topic,publication:W2030966943,topic:T11901,W2030966943,T11901,Bayesian Methods and Mixture Models,0.9490000009536743
has_topic:publication:W2030966943->topic:T11152,has_topic,publication:W2030966943,topic:T11152,W2030966943,T11152,Stochastic processes and statistical mechanics,0.9053000211715698
has_topic:publication:W4254275792->topic:T11901,has_topic,publication:W4254275792,topic:T11901,W4254275792,T11901,Bayesian Methods and Mixture Models,0.8130000233650208
has_topic:publication:W4254275792->topic:T11764,has_topic,publication:W4254275792,topic:T11764,W4254275792,T11764,Evolution and Genetic Dynamics,0.7384999990463257
has_topic:publication:W1997476591->topic:T10594,has_topic,publication:W1997476591,topic:T10594,W1997476591,T10594,Genetic and phenotypic traits in livestock,0.9765999913215637
has_topic:publication:W1997476591->topic:T10012,has_topic,publication:W1997476591,topic:T10012,W1997476591,T10012,Genetic diversity and population structure,0.9704999923706055
has_topic:publication:W1997476591->topic:T11898,has_topic,publication:W1997476591,topic:T11898,W1997476591,T11898,Economics of Agriculture and Food Markets,0.9291999936103821
has_topic:publication:W2038600245->topic:T12242,has_topic,publication:W2038600245,topic:T12242,W2038600245,T12242,Latin American and Latino Studies,0.39719998836517334
has_topic:publication:W2038600245->topic:T13428,has_topic,publication:W2038600245,topic:T13428,W2038600245,T13428,Anarchism and Radical Politics,0.361299991607666
has_topic:publication:W2038600245->topic:T12444,has_topic,publication:W2038600245,topic:T12444,W2038600245,T12444,"Art, Politics, and Modernism",0.3346000015735626
has_topic:publication:W3146083582->topic:T12320,has_topic,publication:W3146083582,topic:T12320,W3146083582,T12320,Feminist Epistemology and Gender Studies,0.28040000796318054
has_topic:publication:W3146083582->topic:T12231,has_topic,publication:W3146083582,topic:T12231,W3146083582,T12231,Contemporary Sociological Theory and Practice,0.28029999136924744
has_topic:publication:W2129660502->topic:T12694,has_topic,publication:W2129660502,topic:T12694,W2129660502,T12694,"Categorization, perception, and language",0.949999988079071
has_topic:publication:W2129660502->topic:T14153,has_topic,publication:W2129660502,topic:T14153,W2129660502,T14153,Social Development and Education Research,0.9417999982833862
has_topic:publication:W2129660502->topic:T12880,has_topic,publication:W2129660502,topic:T12880,W2129660502,T12880,Qualitative Research Methods and Applications,0.9204000234603882
has_topic:publication:W4292363360->topic:T10320,has_topic,publication:W4292363360,topic:T10320,W4292363360,T10320,Neural Networks and Applications,0.951200008392334
has_topic:publication:W4292363360->topic:T11447,has_topic,publication:W4292363360,topic:T11447,W4292363360,T11447,Blind Source Separation Techniques,0.9045000076293945
has_topic:publication:W2012991711->topic:T13013,has_topic,publication:W2012991711,topic:T13013,W2012991711,T13013,Free Radicals and Antioxidants,0.9998999834060669
has_topic:publication:W2012991711->topic:T10035,has_topic,publication:W2012991711,topic:T10035,W2012991711,T10035,Phytochemicals and Antioxidant Activities,0.9925000071525574
has_topic:publication:W2012991711->topic:T10445,has_topic,publication:W2012991711,topic:T10445,W2012991711,T10445,Antioxidant Activity and Oxidative Stress,0.9925000071525574
has_topic:publication:W1980564456->topic:T14175,has_topic,publication:W1980564456,topic:T14175,W1980564456,T14175,Intuitionistic Fuzzy Systems Applications,0.9843999743461609
has_topic:publication:W1980564456->topic:T10050,has_topic,publication:W1980564456,topic:T10050,W1980564456,T10050,Multi-Criteria Decision Making,0.921999990940094
has_topic:publication:W1980564456->topic:T13608,has_topic,publication:W1980564456,topic:T13608,W1980564456,T13608,Advanced Computational Techniques in Science and Engineering,0.9045000076293945
has_topic:publication:W2010094123->topic:T12554,has_topic,publication:W2010094123,topic:T12554,W2010094123,T12554,Vitamin C and Antioxidants Research,0.08889999985694885
has_topic:publication:W2010094123->topic:T10875,has_topic,publication:W2010094123,topic:T10875,W2010094123,T10875,Pesticide Exposure and Toxicity,0.04740000143647194
has_topic:publication:W2098126593->topic:T10012,has_topic,publication:W2098126593,topic:T10012,W2098126593,T10012,Genetic diversity and population structure,0.9998000264167786
has_topic:publication:W2098126593->topic:T10594,has_topic,publication:W2098126593,topic:T10594,W2098126593,T10594,Genetic and phenotypic traits in livestock,0.9965000152587891
has_topic:publication:W2098126593->topic:T10199,has_topic,publication:W2098126593,topic:T10199,W2098126593,T10199,Wildlife Ecology and Conservation,0.9932000041007996
has_topic:publication:W2051978340->topic:T11642,has_topic,publication:W2051978340,topic:T11642,W2051978340,T11642,Genomics and Rare Diseases,0.9997000098228455
has_topic:publication:W2051978340->topic:T10769,has_topic,publication:W2051978340,topic:T10769,W2051978340,T10769,BRCA gene mutations in cancer,0.9968000054359436
has_topic:publication:W2051978340->topic:T11287,has_topic,publication:W2051978340,topic:T11287,W2051978340,T11287,Cancer Genomics and Diagnostics,0.9842000007629395
has_topic:publication:W2179438025->topic:T10515,has_topic,publication:W2179438025,topic:T10515,W2179438025,T10515,Cancer-related molecular mechanisms research,0.9969000220298767
has_topic:publication:W2179438025->topic:T11482,has_topic,publication:W2179438025,topic:T11482,W2179438025,T11482,RNA modifications and cancer,0.9969000220298767
has_topic:publication:W2179438025->topic:T10604,has_topic,publication:W2179438025,topic:T10604,W2179438025,T10604,RNA Research and Splicing,0.9954000115394592
has_topic:publication:W2133856765->topic:T10066,has_topic,publication:W2133856765,topic:T10066,W2133856765,T10066,Gut microbiota and health,0.9990000128746033
has_topic:publication:W2133856765->topic:T10836,has_topic,publication:W2133856765,topic:T10836,W2133856765,T10836,Metabolomics and Mass Spectrometry Studies,0.9973999857902527
has_topic:publication:W2133856765->topic:T10885,has_topic,publication:W2133856765,topic:T10885,W2133856765,T10885,Gene expression and cancer classification,0.9894000291824341
has_topic:publication:W2152239989->topic:T10885,has_topic,publication:W2152239989,topic:T10885,W2152239989,T10885,Gene expression and cancer classification,0.9998000264167786
has_topic:publication:W2152239989->topic:T11970,has_topic,publication:W2152239989,topic:T11970,W2152239989,T11970,Molecular Biology Techniques and Applications,0.9965000152587891
has_topic:publication:W2152239989->topic:T10604,has_topic,publication:W2152239989,topic:T10604,W2152239989,T10604,RNA Research and Splicing,0.9948999881744385
has_topic:publication:W2124985265->topic:T11269,has_topic,publication:W2124985265,topic:T11269,W2124985265,T11269,Algorithms and Data Compression,0.9998999834060669
has_topic:publication:W2124985265->topic:T10015,has_topic,publication:W2124985265,topic:T10015,W2124985265,T10015,Genomics and Phylogenetic Studies,0.9993000030517578
has_topic:publication:W2124985265->topic:T10521,has_topic,publication:W2124985265,topic:T10521,W2124985265,T10521,RNA and protein synthesis mechanisms,0.9973000288009644
has_topic:publication:W2171808845->topic:T10222,has_topic,publication:W2171808845,topic:T10222,W2171808845,T10222,Genomics and Chromatin Dynamics,0.9997000098228455
has_topic:publication:W2171808845->topic:T11213,has_topic,publication:W2171808845,topic:T11213,W2171808845,T11213,Genomic variations and chromosomal abnormalities,0.9995999932289124
has_topic:publication:W2171808845->topic:T10269,has_topic,publication:W2171808845,topic:T10269,W2171808845,T10269,Epigenetics and DNA Methylation,0.9965999722480774
has_topic:publication:W1577577364->topic:T11970,has_topic,publication:W1577577364,topic:T11970,W1577577364,T11970,Molecular Biology Techniques and Applications,1.0
has_topic:publication:W1577577364->topic:T10604,has_topic,publication:W1577577364,topic:T10604,W1577577364,T10604,RNA Research and Splicing,0.9857000112533569
has_topic:publication:W1577577364->topic:T10885,has_topic,publication:W1577577364,topic:T10885,W1577577364,T10885,Gene expression and cancer classification,0.9775999784469604
has_topic:publication:W2138522501->topic:T10001,has_topic,publication:W2138522501,topic:T10001,W2138522501,T10001,Geological and Geochemical Analysis,1.0
has_topic:publication:W2138522501->topic:T10413,has_topic,publication:W2138522501,topic:T10413,W2138522501,T10413,High-pressure geophysics and materials,0.9998999834060669
has_topic:publication:W2138522501->topic:T10110,has_topic,publication:W2138522501,topic:T10110,W2138522501,T10110,earthquake and tectonic studies,0.9980999827384949
has_topic:publication:W2167311298->topic:T11977,has_topic,publication:W2167311298,topic:T11977,W2167311298,T11977,Technology Use by Older Adults,0.9997000098228455
has_topic:publication:W2167311298->topic:T10235,has_topic,publication:W2167311298,topic:T10235,W2167311298,T10235,Health disparities and outcomes,0.9951000213623047
has_topic:publication:W2167311298->topic:T12783,has_topic,publication:W2167311298,topic:T12783,W2167311298,T12783,"Migration, Aging, and Tourism Studies",0.9891999959945679
has_topic:publication:W2008854521->topic:T10444,has_topic,publication:W2008854521,topic:T10444,W2008854521,T10444,Context-Aware Activity Recognition Systems,0.9998000264167786
has_topic:publication:W2008854521->topic:T10114,has_topic,publication:W2008854521,topic:T10114,W2008854521,T10114,"Balance, Gait, and Falls Prevention",0.9994000196456909
has_topic:publication:W2008854521->topic:T12740,has_topic,publication:W2008854521,topic:T12740,W2008854521,T12740,Gait Recognition and Analysis,0.9879000186920166
has_topic:publication:W2073775990->topic:T10161,has_topic,publication:W2073775990,topic:T10161,W2073775990,T10161,Rock Mechanics and Modeling,0.9984999895095825
has_topic:publication:W2073775990->topic:T10615,has_topic,publication:W2073775990,topic:T10615,W2073775990,T10615,Granular flow and fluidized beds,0.998199999332428
has_topic:publication:W2073775990->topic:T10233,has_topic,publication:W2073775990,topic:T10233,W2073775990,T10233,Geotechnical Engineering and Soil Mechanics,0.9958000183105469
has_topic:publication:W2153000380->topic:T10008,has_topic,publication:W2153000380,topic:T10008,W2153000380,T10008,Teacher Education and Leadership Studies,0.9067000150680542
has_topic:publication:W2254735081->topic:T10656,has_topic,publication:W2254735081,topic:T10656,W2254735081,T10656,Child and Animal Learning Development,0.06459999829530716
has_topic:publication:W2254735081->topic:T10589,has_topic,publication:W2254735081,topic:T10589,W2254735081,T10589,Early Childhood Education and Development,0.0430000014603138
has_topic:publication:W2254735081->topic:T11454,has_topic,publication:W2254735081,topic:T11454,W2254735081,T11454,Cultural Differences and Values,0.031599998474121094
has_topic:publication:W2473786944->topic:T10804,has_topic,publication:W2473786944,topic:T10804,W2473786944,T10804,"Health Systems, Economic Evaluations, Quality of Life",0.9997000098228455
has_topic:publication:W2473786944->topic:T12781,has_topic,publication:W2473786944,topic:T12781,W2473786944,T12781,Global Health Care Issues,0.9976999759674072
has_topic:publication:W2473786944->topic:T12443,has_topic,publication:W2473786944,topic:T12443,W2473786944,T12443,Delphi Technique in Research,0.9817000031471252
has_topic:publication:W2149868499->topic:T12196,has_topic,publication:W2149868499,topic:T12196,W2149868499,T12196,Community Health and Development,0.8745999932289124
has_topic:publication:W2149868499->topic:T12010,has_topic,publication:W2149868499,topic:T12010,W2149868499,T12010,Evaluation and Performance Assessment,0.8188999891281128
has_topic:publication:W2149868499->topic:T11981,has_topic,publication:W2149868499,topic:T11981,W2149868499,T11981,Qualitative Research Methods and Ethics,0.7786999940872192
has_topic:publication:W2157300266->topic:T12592,has_topic,publication:W2157300266,topic:T12592,W2157300266,T12592,Opinion Dynamics and Social Influence,0.9793000221252441
has_topic:publication:W2157300266->topic:T10314,has_topic,publication:W2157300266,topic:T10314,W2157300266,T10314,Social and Intergroup Psychology,0.9710000157356262
has_topic:publication:W2157300266->topic:T11895,has_topic,publication:W2157300266,topic:T11895,W2157300266,T11895,Social and Cultural Dynamics,0.9603000283241272
has_topic:publication:W2142635246->topic:T10876,has_topic,publication:W2142635246,topic:T10876,W2142635246,T10876,Fault Detection and Control Systems,0.9962999820709229
has_topic:publication:W2142635246->topic:T12205,has_topic,publication:W2142635246,topic:T12205,W2142635246,T12205,Time Series Analysis and Forecasting,0.9889000058174133
has_topic:publication:W2142635246->topic:T10711,has_topic,publication:W2142635246,topic:T10711,W2142635246,T10711,Target Tracking and Data Fusion in Sensor Networks,0.9883000254631042
has_topic:publication:W2126105956->topic:T10848,has_topic,publication:W2126105956,topic:T10848,W2126105956,T10848,Advanced Multi-Objective Optimization Algorithms,0.9998999834060669
has_topic:publication:W2126105956->topic:T10100,has_topic,publication:W2126105956,topic:T10100,W2126105956,T10100,Metaheuristic Optimization Algorithms Research,0.9987999796867371
has_topic:publication:W2126105956->topic:T11975,has_topic,publication:W2126105956,topic:T11975,W2126105956,T11975,Evolutionary Algorithms and Applications,0.9958999752998352
has_topic:publication:W2133665775->topic:T11165,has_topic,publication:W2133665775,topic:T11165,W2133665775,T11165,Image and Video Quality Assessment,0.9998999834060669
has_topic:publication:W2133665775->topic:T11605,has_topic,publication:W2133665775,topic:T11605,W2133665775,T11605,Visual Attention and Saliency Detection,0.9984999895095825
has_topic:publication:W2133665775->topic:T11659,has_topic,publication:W2133665775,topic:T11659,W2133665775,T11659,Advanced Image Fusion Techniques,0.9980999827384949
has_topic:publication:W4250955649->topic:T10500,has_topic,publication:W4250955649,topic:T10500,W4250955649,T10500,Sparse and Compressive Sensing Techniques,1.0
has_topic:publication:W4250955649->topic:T10688,has_topic,publication:W4250955649,topic:T10688,W4250955649,T10688,Image and Signal Denoising Methods,0.9998000264167786
has_topic:publication:W4250955649->topic:T11210,has_topic,publication:W4250955649,topic:T11210,W4250955649,T11210,Mathematical Analysis and Transform Methods,0.9988999962806702
has_topic:publication:W2145096794->topic:T10500,has_topic,publication:W2145096794,topic:T10500,W2145096794,T10500,Sparse and Compressive Sensing Techniques,0.9994000196456909
has_topic:publication:W2145096794->topic:T10688,has_topic,publication:W2145096794,topic:T10688,W2145096794,T10688,Image and Signal Denoising Methods,0.9968000054359436
has_topic:publication:W2145096794->topic:T10522,has_topic,publication:W2145096794,topic:T10522,W2145096794,T10522,Medical Imaging Techniques and Applications,0.9847000241279602
has_topic:publication:W2122111042->topic:T10136,has_topic,publication:W2122111042,topic:T10136,W2122111042,T10136,Statistical Methods and Inference,0.9927999973297119
has_topic:publication:W2122111042->topic:T11871,has_topic,publication:W2122111042,topic:T11871,W2122111042,T11871,Advanced Statistical Methods and Models,0.9890999794006348
has_topic:publication:W2122111042->topic:T11063,has_topic,publication:W2122111042,topic:T11063,W2122111042,T11063,Rough Sets and Fuzzy Logic,0.9883000254631042
has_topic:publication:W2165698076->topic:T11307,has_topic,publication:W2165698076,topic:T11307,W2165698076,T11307,Domain Adaptation and Few-Shot Learning,0.9998000264167786
has_topic:publication:W2165698076->topic:T12535,has_topic,publication:W2165698076,topic:T12535,W2165698076,T12535,Machine Learning and Data Classification,0.9923999905586243
has_topic:publication:W2165698076->topic:T12072,has_topic,publication:W2165698076,topic:T12072,W2165698076,T12072,Machine Learning and Algorithms,0.9847000241279602
has_topic:publication:W2121863487->topic:T10462,has_topic,publication:W2121863487,topic:T10462,W2121863487,T10462,Reinforcement Learning in Robotics,0.9944999814033508
has_topic:publication:W2121863487->topic:T12761,has_topic,publication:W2121863487,topic:T12761,W2121863487,T12761,Data Stream Mining Techniques,0.9864000082015991
has_topic:publication:W2121863487->topic:T11975,has_topic,publication:W2121863487,topic:T11975,W2121863487,T11975,Evolutionary Algorithms and Applications,0.9833999872207642
has_topic:publication:W4214717370->topic:T10462,has_topic,publication:W4214717370,topic:T10462,W4214717370,T10462,Reinforcement Learning in Robotics,0.3736000061035156
has_topic:publication:W4214717370->topic:T10826,has_topic,publication:W4214717370,topic:T10826,W4214717370,T10826,Behavioral and Psychological Studies,0.030400000512599945
has_topic:publication:W4214717370->topic:T10320,has_topic,publication:W4214717370,topic:T10320,W4214717370,T10320,Neural Networks and Applications,0.01720000058412552
has_topic:publication:W2412782625->topic:T10036,has_topic,publication:W2412782625,topic:T10036,W2412782625,T10036,Advanced Neural Network Applications,0.9998999834060669
has_topic:publication:W2412782625->topic:T10627,has_topic,publication:W2412782625,topic:T10627,W2412782625,T10627,Advanced Image and Video Retrieval Techniques,0.9995999932289124
has_topic:publication:W2412782625->topic:T10191,has_topic,publication:W2412782625,topic:T10191,W2412782625,T10191,Robotics and Sensor-Based Localization,0.9993000030517578
has_topic:publication:W639708223->topic:T10036,has_topic,publication:W639708223,topic:T10036,W639708223,T10036,Advanced Neural Network Applications,0.9998999834060669
has_topic:publication:W639708223->topic:T10627,has_topic,publication:W639708223,topic:T10627,W639708223,T10627,Advanced Image and Video Retrieval Techniques,0.9995999932289124
has_topic:publication:W639708223->topic:T10331,has_topic,publication:W639708223,topic:T10331,W639708223,T10331,Video Surveillance and Tracking Methods,0.9983999729156494
has_topic:publication:W2121947440->topic:T10052,has_topic,publication:W2121947440,topic:T10052,W2121947440,T10052,Medical Image Segmentation Techniques,0.9994000196456909
has_topic:publication:W2121947440->topic:T10627,has_topic,publication:W2121947440,topic:T10627,W2121947440,T10627,Advanced Image and Video Retrieval Techniques,0.9962999820709229
has_topic:publication:W2121947440->topic:T10824,has_topic,publication:W2121947440,topic:T10824,W2121947440,T10824,Image Retrieval and Classification Techniques,0.993399977684021
has_topic:publication:W2049981393->topic:T10191,has_topic,publication:W2049981393,topic:T10191,W2049981393,T10191,Robotics and Sensor-Based Localization,0.9991000294685364
has_topic:publication:W2049981393->topic:T12549,has_topic,publication:W2049981393,topic:T12549,W2049981393,T12549,Image and Object Detection Techniques,0.9988999962806702
has_topic:publication:W2049981393->topic:T14339,has_topic,publication:W2049981393,topic:T14339,W2049981393,T14339,Image Processing and 3D Reconstruction,0.9987000226974487
has_topic:publication:W2132984323->topic:T10688,has_topic,publication:W2132984323,topic:T10688,W2132984323,T10688,Image and Signal Denoising Methods,0.9976000189781189
has_topic:publication:W2132984323->topic:T11659,has_topic,publication:W2132984323,topic:T11659,W2132984323,T11659,Advanced Image Fusion Techniques,0.9872999787330627
has_topic:publication:W2132984323->topic:T13487,has_topic,publication:W2132984323,topic:T13487,W2132984323,T13487,Statistical and numerical algorithms,0.942799985408783
has_topic:publication:W2145023731->topic:T10052,has_topic,publication:W2145023731,topic:T10052,W2145023731,T10052,Medical Image Segmentation Techniques,0.9986000061035156
has_topic:publication:W2145023731->topic:T12549,has_topic,publication:W2145023731,topic:T12549,W2145023731,T12549,Image and Object Detection Techniques,0.9927999973297119
has_topic:publication:W2145023731->topic:T10688,has_topic,publication:W2145023731,topic:T10688,W2145023731,T10688,Image and Signal Denoising Methods,0.9914000034332275
has_topic:publication:W2020999234->topic:T10688,has_topic,publication:W2020999234,topic:T10688,W2020999234,T10688,Image and Signal Denoising Methods,0.998199999332428
has_topic:publication:W2020999234->topic:T10500,has_topic,publication:W2020999234,topic:T10500,W2020999234,T10500,Sparse and Compressive Sensing Techniques,0.9836999773979187
has_topic:publication:W2020999234->topic:T10136,has_topic,publication:W2020999234,topic:T10136,W2020999234,T10136,Statistical Methods and Inference,0.9763000011444092
has_topic:publication:W2019207321->topic:T10820,has_topic,publication:W2019207321,topic:T10820,W2019207321,T10820,Fuzzy Logic and Control Systems,0.9997000098228455
has_topic:publication:W2019207321->topic:T10320,has_topic,publication:W2019207321,topic:T10320,W2019207321,T10320,Neural Networks and Applications,0.9994999766349792
has_topic:publication:W2019207321->topic:T10876,has_topic,publication:W2019207321,topic:T10876,W2019207321,T10876,Fault Detection and Control Systems,0.9708999991416931
has_topic:publication:W2079325629->topic:T10820,has_topic,publication:W2079325629,topic:T10820,W2079325629,T10820,Fuzzy Logic and Control Systems,0.9995999932289124
has_topic:publication:W2079325629->topic:T10320,has_topic,publication:W2079325629,topic:T10320,W2079325629,T10320,Neural Networks and Applications,0.9853000044822693
has_topic:publication:W2079325629->topic:T10876,has_topic,publication:W2079325629,topic:T10876,W2079325629,T10876,Fault Detection and Control Systems,0.984000027179718
has_topic:publication:W2133059825->topic:T10057,has_topic,publication:W2133059825,topic:T10057,W2133059825,T10057,Face and Expression Recognition,0.4799000024795532
has_topic:publication:W2133059825->topic:T12111,has_topic,publication:W2133059825,topic:T12111,W2133059825,T12111,Industrial Vision Systems and Defect Detection,0.46970000863075256
has_topic:publication:W2133059825->topic:T10320,has_topic,publication:W2133059825,topic:T10320,W2133059825,T10320,Neural Networks and Applications,0.4092000126838684
has_topic:publication:W2044465660->topic:T10824,has_topic,publication:W2044465660,topic:T10824,W2044465660,T10824,Image Retrieval and Classification Techniques,0.9993000030517578
has_topic:publication:W2044465660->topic:T10052,has_topic,publication:W2044465660,topic:T10052,W2044465660,T10052,Medical Image Segmentation Techniques,0.9912999868392944
has_topic:publication:W2044465660->topic:T10689,has_topic,publication:W2044465660,topic:T10689,W2044465660,T10689,Remote-Sensing Image Classification,0.9879000186920166
has_topic:publication:W2561675875->topic:T10715,has_topic,publication:W2561675875,topic:T10715,W2561675875,T10715,Distributed and Parallel Computing Systems,0.07119999825954437
has_topic:publication:W2561675875->topic:T12002,has_topic,publication:W2561675875,topic:T12002,W2561675875,T12002,"Computability, Logic, AI Algorithms",0.0608999989926815
has_topic:publication:W2561675875->topic:T10100,has_topic,publication:W2561675875,topic:T10100,W2561675875,T10100,Metaheuristic Optimization Algorithms Research,0.058800000697374344
has_topic:publication:W4211007335->topic:T10820,has_topic,publication:W4211007335,topic:T10820,W4211007335,T10820,Fuzzy Logic and Control Systems,0.9715999960899353
has_topic:publication:W4211007335->topic:T11671,has_topic,publication:W4211007335,topic:T11671,W4211007335,T11671,Fuzzy and Soft Set Theory,0.9682000279426575
has_topic:publication:W4211007335->topic:T10050,has_topic,publication:W4211007335,topic:T10050,W4211007335,T10050,Multi-Criteria Decision Making,0.954800009727478
has_topic:publication:W246286872->topic:T11097,has_topic,publication:W246286872,topic:T11097,W246286872,T11097,Cerebral Palsy and Movement Disorders,0.9965999722480774
has_topic:publication:W246286872->topic:T13591,has_topic,publication:W246286872,topic:T13591,W246286872,T13591,Pasture and Agricultural Systems,0.9912999868392944
has_topic:publication:W246286872->topic:T11214,has_topic,publication:W246286872,topic:T11214,W246286872,T11214,Human-Animal Interaction Studies,0.9571999907493591
has_topic:publication:W1797402740->topic:T11365,has_topic,publication:W1797402740,topic:T11365,W1797402740,T11365,Islamic Finance and Banking Studies,0.9907000064849854
has_topic:publication:W1797402740->topic:T11939,has_topic,publication:W1797402740,topic:T11939,W1797402740,T11939,Public-Private Partnership Projects,0.9860000014305115
has_topic:publication:W1797402740->topic:T12147,has_topic,publication:W1797402740,topic:T12147,W1797402740,T12147,Urban and Rural Development Challenges,0.9110999703407288
has_topic:publication:W2138664283->topic:T10629,has_topic,publication:W2138664283,topic:T10629,W2138664283,T10629,Health Policy Implementation Science,0.9962999820709229
has_topic:publication:W2138664283->topic:T10206,has_topic,publication:W2138664283,topic:T10206,W2138664283,T10206,Meta-analysis and systematic reviews,0.9951000213623047
has_topic:publication:W2138664283->topic:T11722,has_topic,publication:W2138664283,topic:T11722,W2138664283,T11722,Patient Satisfaction in Healthcare,0.9939000010490417
has_topic:publication:W1757407923->topic:T10556,has_topic,publication:W1757407923,topic:T10556,W1757407923,T10556,Global Cancer Incidence and Screening,0.9977999925613403
has_topic:publication:W1757407923->topic:T14078,has_topic,publication:W1757407923,topic:T14078,W1757407923,T14078,Multiple and Secondary Primary Cancers,0.9850999712944031
has_topic:publication:W1757407923->topic:T10552,has_topic,publication:W1757407923,topic:T10552,W1757407923,T10552,Colorectal Cancer Screening and Detection,0.9757000207901001
has_topic:publication:W1981989535->topic:T14078,has_topic,publication:W1981989535,topic:T14078,W1981989535,T14078,Multiple and Secondary Primary Cancers,0.9986000061035156
has_topic:publication:W1981989535->topic:T10556,has_topic,publication:W1981989535,topic:T10556,W1981989535,T10556,Global Cancer Incidence and Screening,0.9929999709129333
has_topic:publication:W1981989535->topic:T11369,has_topic,publication:W1981989535,topic:T11369,W1981989535,T11369,Genetic factors in colorectal cancer,0.9902999997138977
has_topic:publication:W2614464134->topic:T10766,has_topic,publication:W2614464134,topic:T10766,W2614464134,T10766,Urban Heat Island Mitigation,0.9972000122070312
has_topic:publication:W2614464134->topic:T10029,has_topic,publication:W2614464134,topic:T10029,W2614464134,T10029,Climate variability and models,0.9957000017166138
has_topic:publication:W2614464134->topic:T10111,has_topic,publication:W2614464134,topic:T10111,W2614464134,T10111,Remote Sensing in Agriculture,0.9947999715805054
has_topic:publication:W2112776483->topic:T10029,has_topic,publication:W2112776483,topic:T10029,W2112776483,T10029,Climate variability and models,0.9977999925613403
has_topic:publication:W2112776483->topic:T11588,has_topic,publication:W2112776483,topic:T11588,W2112776483,T11588,Atmospheric and Environmental Gas Dynamics,0.9911999702453613
has_topic:publication:W2112776483->topic:T10644,has_topic,publication:W2112776483,topic:T10644,W2112776483,T10644,Cryospheric studies and observations,0.9909999966621399
has_topic:publication:W2117539524->topic:T10627,has_topic,publication:W2117539524,topic:T10627,W2117539524,T10627,Advanced Image and Video Retrieval Techniques,0.9998999834060669
has_topic:publication:W2117539524->topic:T10036,has_topic,publication:W2117539524,topic:T10036,W2117539524,T10036,Advanced Neural Network Applications,0.9995999932289124
has_topic:publication:W2117539524->topic:T10824,has_topic,publication:W2117539524,topic:T10824,W2117539524,T10824,Image Retrieval and Classification Techniques,0.9976000189781189
has_topic:publication:W2031489346->topic:T10627,has_topic,publication:W2031489346,topic:T10627,W2031489346,T10627,Advanced Image and Video Retrieval Techniques,0.9998000264167786
has_topic:publication:W2031489346->topic:T13114,has_topic,publication:W2031489346,topic:T13114,W2031489346,T13114,Image Processing Techniques and Applications,0.9987000226974487
has_topic:publication:W2031489346->topic:T11307,has_topic,publication:W2031489346,topic:T11307,W2031489346,T11307,Domain Adaptation and Few-Shot Learning,0.9962000250816345
has_topic:publication:W2151103935->topic:T10191,has_topic,publication:W2151103935,topic:T10191,W2151103935,T10191,Robotics and Sensor-Based Localization,0.9998000264167786
has_topic:publication:W2151103935->topic:T10627,has_topic,publication:W2151103935,topic:T10627,W2151103935,T10627,Advanced Image and Video Retrieval Techniques,0.9998000264167786
has_topic:publication:W2151103935->topic:T12549,has_topic,publication:W2151103935,topic:T12549,W2151103935,T12549,Image and Object Detection Techniques,0.9997000098228455
has_topic:publication:W2104095591->topic:T10531,has_topic,publication:W2104095591,topic:T10531,W2104095591,T10531,Advanced Vision and Imaging,0.9998999834060669
has_topic:publication:W2104095591->topic:T10481,has_topic,publication:W2104095591,topic:T10481,W2104095591,T10481,Computer Graphics and Visualization Techniques,0.9987999796867371
has_topic:publication:W2104095591->topic:T10191,has_topic,publication:W2104095591,topic:T10191,W2104095591,T10191,Robotics and Sensor-Based Localization,0.9980999827384949
has_topic:publication:W1513281941->topic:T14325,has_topic,publication:W1513281941,topic:T14325,W1513281941,T14325,Diverse Specialized Academic Research,0.00989999994635582
has_topic:publication:W1513281941->topic:T12633,has_topic,publication:W1513281941,topic:T12633,W1513281941,T12633,Legal case studies and regulations,0.008200000040233135
has_topic:publication:W1513281941->topic:T13370,has_topic,publication:W1513281941,topic:T13370,W1513281941,T13370,Diverse Scientific and Economic Studies,0.00800000037997961
has_topic:publication:W1517701247->topic:T10703,has_topic,publication:W1517701247,topic:T10703,W1517701247,T10703,Business Process Modeling and Analysis,0.9958000183105469
has_topic:publication:W1517701247->topic:T10639,has_topic,publication:W1517701247,topic:T10639,W1517701247,T10639,Advanced Software Engineering Methodologies,0.9898999929428101
has_topic:publication:W1517701247->topic:T10260,has_topic,publication:W1517701247,topic:T10260,W1517701247,T10260,Software Engineering Research,0.9873999953269958
has_topic:publication:W2390008750->topic:T12010,has_topic,publication:W2390008750,topic:T12010,W2390008750,T12010,Evaluation and Performance Assessment,0.05909999832510948
has_topic:publication:W2390008750->topic:T11994,has_topic,publication:W2390008750,topic:T11994,W2390008750,T11994,Human Resource Development and Performance Evaluation,0.04820000007748604
has_topic:publication:W79229537->topic:T12182,has_topic,publication:W79229537,topic:T12182,W79229537,T12182,Evolution and Science Education,0.027799999341368675
has_topic:publication:W79229537->topic:T10778,has_topic,publication:W79229537,topic:T10778,W79229537,T10778,Philosophy and History of Science,0.01720000058412552
has_topic:publication:W79229537->topic:T13005,has_topic,publication:W79229537,topic:T13005,W79229537,T13005,Religious Studies and Spiritual Practices,0.012500000186264515
has_topic:publication:W2000380427->topic:T14484,has_topic,publication:W2000380427,topic:T14484,W2000380427,T14484,Technology and Data Analysis,0.18359999358654022
has_topic:publication:W2075950485->topic:T11639,has_topic,publication:W2075950485,topic:T11639,W2075950485,T11639,Mental Health and Patient Involvement,0.9904000163078308
has_topic:publication:W2075950485->topic:T10235,has_topic,publication:W2075950485,topic:T10235,W2075950485,T10235,Health disparities and outcomes,0.9751999974250793
has_topic:publication:W2075950485->topic:T11376,has_topic,publication:W2075950485,topic:T11376,W2075950485,T11376,Geriatric Care and Nursing Homes,0.973800003528595
has_topic:publication:W2004038836->topic:T12903,has_topic,publication:W2004038836,topic:T12903,W2004038836,T12903,Globalization and Cultural Identity,0.1298999935388565
has_topic:publication:W3008028633->topic:T10041,has_topic,publication:W3008028633,topic:T10041,W3008028633,T10041,COVID-19 Clinical Research Studies,0.9983999729156494
has_topic:publication:W3008028633->topic:T10410,has_topic,publication:W3008028633,topic:T10410,W3008028633,T10410,COVID-19 epidemiological studies,0.9973999857902527
has_topic:publication:W3008028633->topic:T10168,has_topic,publication:W3008028633,topic:T10168,W3008028633,T10168,COVID-19 and Mental Health,0.9952999949455261
has_topic:publication:W3005079553->topic:T10118,has_topic,publication:W3005079553,topic:T10118,W3005079553,T10118,SARS-CoV-2 and COVID-19 Research,0.321399986743927
has_topic:publication:W3005079553->topic:T10041,has_topic,publication:W3005079553,topic:T10041,W3005079553,T10041,COVID-19 Clinical Research Studies,0.2434999942779541
has_topic:publication:W3005079553->topic:T11368,has_topic,publication:W3005079553,topic:T11368,W3005079553,T11368,Long-Term Effects of COVID-19,0.051899999380111694
has_topic:publication:W2280404143->topic:T10218,has_topic,publication:W2280404143,topic:T10218,W2280404143,T10218,Sepsis Diagnosis and Treatment,1.0
has_topic:publication:W2280404143->topic:T11700,has_topic,publication:W2280404143,topic:T11700,W2280404143,T11700,Hemodynamic Monitoring and Therapy,0.989300012588501
has_topic:publication:W2280404143->topic:T10867,has_topic,publication:W2280404143,topic:T10867,W2280404143,T10867,Intensive Care Unit Cognitive Disorders,0.9886999726295471
has_topic:publication:W4292528167->topic:T13417,has_topic,publication:W4292528167,topic:T13417,W4292528167,T13417,Biomedical Ethics and Regulation,0.570900022983551
has_topic:publication:W2156121263->topic:T10144,has_topic,publication:W2156121263,topic:T10144,W2156121263,T10144,Blood Pressure and Hypertension Studies,0.9998000264167786
has_topic:publication:W2156121263->topic:T12075,has_topic,publication:W2156121263,topic:T12075,W2156121263,T12075,Sodium Intake and Health,0.9828000068664551
has_topic:publication:W2156121263->topic:T10866,has_topic,publication:W2156121263,topic:T10866,W2156121263,T10866,Nutritional Studies and Diet,0.9718000292778015
has_topic:publication:W1593442063->topic:T10694,has_topic,publication:W1593442063,topic:T10694,W1593442063,T10694,Menopause: Health Impacts and Treatments,0.9994000196456909
has_topic:publication:W1593442063->topic:T10756,has_topic,publication:W1593442063,topic:T10756,W1593442063,T10756,Estrogen and related hormone effects,0.9993000030517578
has_topic:publication:W1593442063->topic:T12103,has_topic,publication:W1593442063,topic:T12103,W1593442063,T12103,Cancer Risks and Factors,0.9961000084877014
has_topic:publication:W4238251256->topic:T10394,has_topic,publication:W4238251256,topic:T10394,W4238251256,T10394,Lipoproteins and Cardiovascular Health,0.9605000019073486
has_topic:publication:W1979423827->topic:T10206,has_topic,publication:W1979423827,topic:T10206,W1979423827,T10206,Meta-analysis and systematic reviews,0.9968000054359436
has_topic:publication:W1979423827->topic:T11744,has_topic,publication:W1979423827,topic:T11744,W1979423827,T11744,Health Sciences Research and Education,0.9696999788284302
has_topic:publication:W2118310760->topic:T10394,has_topic,publication:W2118310760,topic:T10394,W2118310760,T10394,Lipoproteins and Cardiovascular Health,0.31310001015663147
has_topic:publication:W2139248078->topic:T11752,has_topic,publication:W2139248078,topic:T11752,W2139248078,T11752,Cancer Treatment and Pharmacology,0.9991000294685364
has_topic:publication:W2139248078->topic:T10417,has_topic,publication:W2139248078,topic:T10417,W2139248078,T10417,Lung Cancer Treatments and Mutations,0.9948999881744385
has_topic:publication:W2139248078->topic:T10183,has_topic,publication:W2139248078,topic:T10183,W2139248078,T10183,Breast Cancer Treatment Studies,0.9934999942779541
has_topic:publication:W2167571044->topic:T10178,has_topic,publication:W2167571044,topic:T10178,W2167571044,T10178,Cancer survivorship and care,0.9937999844551086
has_topic:publication:W2167571044->topic:T10307,has_topic,publication:W2167571044,topic:T10307,W2167571044,T10307,Head and Neck Cancer Studies,0.9886000156402588
has_topic:publication:W2167571044->topic:T10417,has_topic,publication:W2167571044,topic:T10417,W2167571044,T10417,Lung Cancer Treatments and Mutations,0.9732000231742859
has_topic:publication:W2798909945->topic:T10792,has_topic,publication:W2798909945,topic:T10792,W2798909945,T10792,Matrix Theory and Algorithms,0.13809999823570251
has_topic:publication:W4230354434->topic:T14295,has_topic,publication:W4230354434,topic:T14295,W4230354434,T14295,Families in Therapy and Culture,0.08940000087022781
has_topic:publication:W4230354434->topic:T11148,has_topic,publication:W4230354434,topic:T11148,W4230354434,T11148,"Language, Metaphor, and Cognition",0.08619999885559082
has_topic:publication:W4230354434->topic:T14170,has_topic,publication:W4230354434,topic:T14170,W4230354434,T14170,Classical Studies and Philology,0.0778999999165535
has_topic:publication:W2067404301->topic:T12790,has_topic,publication:W2067404301,topic:T12790,W2067404301,T12790,Nursing Diagnosis and Documentation,0.9689000248908997
has_topic:publication:W2067404301->topic:T10186,has_topic,publication:W2067404301,topic:T10186,W2067404301,T10186,Nursing education and management,0.9599999785423279
has_topic:publication:W2067404301->topic:T10254,has_topic,publication:W2067404301,topic:T10254,W2067404301,T10254,Innovations in Medical Education,0.9090999960899353
has_topic:publication:W1933657216->topic:T12788,has_topic,publication:W1933657216,topic:T12788,W1933657216,T12788,Space Science and Extraterrestrial Life,0.04569999873638153
has_topic:publication:W1933657216->topic:T14350,has_topic,publication:W1933657216,topic:T14350,W1933657216,T14350,"Innovation, Sustainability, Human-Machine Systems",0.04479999840259552
has_topic:publication:W1566830427->topic:T11617,has_topic,publication:W1566830427,topic:T11617,W1566830427,T11617,Enzyme Production and Characterization,0.42750000953674316
has_topic:publication:W1566830427->topic:T12388,has_topic,publication:W1566830427,topic:T12388,W1566830427,T12388,Identification and Quantification in Food,0.37139999866485596
has_topic:publication:W2028056984->topic:T11825,has_topic,publication:W2028056984,topic:T11825,W2028056984,T11825,Catalysis and Oxidation Reactions,0.9995999932289124
has_topic:publication:W2028056984->topic:T12613,has_topic,publication:W2028056984,topic:T12613,W2028056984,T12613,X-ray Diffraction in Crystallography,0.998199999332428
has_topic:publication:W2028056984->topic:T11948,has_topic,publication:W2028056984,topic:T11948,W2028056984,T11948,Machine Learning in Materials Science,0.9961000084877014
has_topic:publication:W2059205366->topic:T12613,has_topic,publication:W2059205366,topic:T12613,W2059205366,T12613,X-ray Diffraction in Crystallography,0.9961000084877014
has_topic:publication:W2059205366->topic:T10798,has_topic,publication:W2059205366,topic:T10798,W2059205366,T10798,Crystallography and molecular interactions,0.9939000010490417
has_topic:publication:W2059205366->topic:T10939,has_topic,publication:W2059205366,topic:T10939,W2059205366,T10939,Crystal Structures and Properties,0.9926999807357788
has_topic:publication:W2163341755->topic:T11162,has_topic,publication:W2163341755,topic:T11162,W2163341755,T11162,Enzyme Structure and Function,0.9993000030517578
has_topic:publication:W2163341755->topic:T11881,has_topic,publication:W2163341755,topic:T11881,W2163341755,T11881,Crystallization and Solubility Studies,0.998199999332428
has_topic:publication:W2163341755->topic:T10044,has_topic,publication:W2163341755,topic:T10044,W2163341755,T10044,Protein Structure and Dynamics,0.9642000198364258
has_topic:publication:W2063334178->topic:T11162,has_topic,publication:W2063334178,topic:T11162,W2063334178,T11162,Enzyme Structure and Function,0.9987999796867371
has_topic:publication:W2063334178->topic:T12613,has_topic,publication:W2063334178,topic:T12613,W2063334178,T12613,X-ray Diffraction in Crystallography,0.9987999796867371
has_topic:publication:W2063334178->topic:T11881,has_topic,publication:W2063334178,topic:T11881,W2063334178,T11881,Crystallization and Solubility Studies,0.9952999949455261
has_topic:publication:W2059020082->topic:T11881,has_topic,publication:W2059020082,topic:T11881,W2059020082,T11881,Crystallization and Solubility Studies,0.9965000152587891
has_topic:publication:W2059020082->topic:T12613,has_topic,publication:W2059020082,topic:T12613,W2059020082,T12613,X-ray Diffraction in Crystallography,0.9936000108718872
has_topic:publication:W2059020082->topic:T11401,has_topic,publication:W2059020082,topic:T11401,W2059020082,T11401,Minerals Flotation and Separation Techniques,0.9627000093460083
has_topic:publication:W1986191025->topic:T11162,has_topic,publication:W1986191025,topic:T11162,W1986191025,T11162,Enzyme Structure and Function,0.9991000294685364
has_topic:publication:W1986191025->topic:T10044,has_topic,publication:W1986191025,topic:T10044,W1986191025,T10044,Protein Structure and Dynamics,0.9962999820709229
has_topic:publication:W1986191025->topic:T10932,has_topic,publication:W1986191025,topic:T10932,W1986191025,T10932,Microbial Metabolic Engineering and Bioproduction,0.9962999820709229
has_topic:publication:W2016260972->topic:T11949,has_topic,publication:W2016260972,topic:T11949,W2016260972,T11949,Nuclear Physics and Applications,0.9975000023841858
has_topic:publication:W2016260972->topic:T12613,has_topic,publication:W2016260972,topic:T12613,W2016260972,T12613,X-ray Diffraction in Crystallography,0.9975000023841858
has_topic:publication:W2016260972->topic:T11808,has_topic,publication:W2016260972,topic:T11808,W2016260972,T11808,Superconducting Materials and Applications,0.9915000200271606
has_topic:publication:W1966910378->topic:T10007,has_topic,publication:W1966910378,topic:T10007,W1966910378,T10007,Monetary Policy and Economic Impact,0.9988999962806702
has_topic:publication:W1966910378->topic:T12137,has_topic,publication:W1966910378,topic:T12137,W1966910378,T12137,Economic theories and models,0.9767000079154968
has_topic:publication:W1966910378->topic:T11898,has_topic,publication:W1966910378,topic:T11898,W1966910378,T11898,Economics of Agriculture and Food Markets,0.963699996471405
has_topic:publication:W2081693079->topic:T10204,has_topic,publication:W2081693079,topic:T10204,W2081693079,T10204,Microstructure and mechanical properties,0.9962999820709229
has_topic:publication:W2081693079->topic:T10044,has_topic,publication:W2081693079,topic:T10044,W2081693079,T10044,Protein Structure and Dynamics,0.9958000183105469
has_topic:publication:W2081693079->topic:T11162,has_topic,publication:W2081693079,topic:T11162,W2081693079,T11162,Enzyme Structure and Function,0.9947999715805054
has_topic:publication:W2106096361->topic:T10826,has_topic,publication:W2106096361,topic:T10826,W2106096361,T10826,Behavioral and Psychological Studies,0.9962000250816345
has_topic:publication:W2106096361->topic:T11542,has_topic,publication:W2106096361,topic:T11542,W2106096361,T11542,Behavioral Health and Interventions,0.986299991607666
has_topic:publication:W2106096361->topic:T10467,has_topic,publication:W2106096361,topic:T10467,W2106096361,T10467,Psychometric Methodologies and Testing,0.9797000288963318
has_topic:publication:W2148143831->topic:T11652,has_topic,publication:W2148143831,topic:T11652,W2148143831,T11652,Imbalanced Data Classification Techniques,0.9998000264167786
has_topic:publication:W2148143831->topic:T11512,has_topic,publication:W2148143831,topic:T11512,W2148143831,T11512,Anomaly Detection Techniques and Applications,0.9921000003814697
has_topic:publication:W2148143831->topic:T11550,has_topic,publication:W2148143831,topic:T11550,W2148143831,T11550,Text and Document Classification Technologies,0.991100013256073
has_topic:publication:W2105934661->topic:T10711,has_topic,publication:W2105934661,topic:T10711,W2105934661,T10711,Target Tracking and Data Fusion in Sensor Networks,0.9722999930381775
has_topic:publication:W2105934661->topic:T12261,has_topic,publication:W2105934661,topic:T12261,W2105934661,T12261,Statistical Mechanics and Entropy,0.9398999810218811
has_topic:publication:W2105934661->topic:T13126,has_topic,publication:W2105934661,topic:T13126,W2105934661,T13126,Scientific Research and Discoveries,0.9380000233650208
has_topic:publication:W2141260882->topic:T12561,has_topic,publication:W2141260882,topic:T12561,W2141260882,T12561,bioluminescence and chemiluminescence research,0.9998999834060669
has_topic:publication:W2141260882->topic:T11393,has_topic,publication:W2141260882,topic:T11393,W2141260882,T11393,Biosensors and Analytical Detection,0.9455999732017517
has_topic:publication:W2141260882->topic:T11190,has_topic,publication:W2141260882,topic:T11190,W2141260882,T11190,3D Printing in Biomedical Research,0.9423999786376953
has_topic:publication:W1606423922->topic:T10412,has_topic,publication:W1606423922,topic:T10412,W1606423922,T10412,Microfluidic and Capillary Electrophoresis Applications,0.9941999912261963
has_topic:publication:W1606423922->topic:T12274,has_topic,publication:W1606423922,topic:T12274,W1606423922,T12274,Electrostatics and Colloid Interactions,0.9807000160217285
has_topic:publication:W1606423922->topic:T11393,has_topic,publication:W1606423922,topic:T11393,W1606423922,T11393,Biosensors and Analytical Detection,0.9692000150680542
has_topic:publication:W1581414347->topic:T12187,has_topic,publication:W1581414347,topic:T12187,W1581414347,T12187,Glutathione Transferases and Polymorphisms,0.9993000030517578
has_topic:publication:W1581414347->topic:T11332,has_topic,publication:W1581414347,topic:T11332,W1581414347,T11332,"Genomics, phytochemicals, and oxidative stress",0.9886000156402588
has_topic:publication:W1581414347->topic:T14099,has_topic,publication:W1581414347,topic:T14099,W1581414347,T14099,Synthesis and Characterization of Heterocyclic Compounds,0.9412999749183655
has_topic:publication:W1625660792->topic:T11162,has_topic,publication:W1625660792,topic:T11162,W1625660792,T11162,Enzyme Structure and Function,0.9998000264167786
has_topic:publication:W1625660792->topic:T10044,has_topic,publication:W1625660792,topic:T10044,W1625660792,T10044,Protein Structure and Dynamics,0.9994000196456909
has_topic:publication:W1625660792->topic:T11124,has_topic,publication:W1625660792,topic:T11124,W1625660792,T11124,Protein purification and stability,0.9991000294685364
has_topic:publication:W2168526937->topic:T10407,has_topic,publication:W2168526937,topic:T10407,W2168526937,T10407,Lipid Membrane Structure and Behavior,0.9757999777793884
has_topic:publication:W2168526937->topic:T11027,has_topic,publication:W2168526937,topic:T11027,W2168526937,T11027,Metabolism and Genetic Disorders,0.9118000268936157
has_topic:publication:W2168526937->topic:T10725,has_topic,publication:W2168526937,topic:T10725,W2168526937,T10725,RNA Interference and Gene Delivery,0.9009000062942505
has_topic:publication:W1775749144->topic:T10602,has_topic,publication:W1775749144,topic:T10602,W1775749144,T10602,Glycosylation and Glycoproteins Research,0.9678000211715698
has_topic:publication:W1775749144->topic:T11399,has_topic,publication:W1775749144,topic:T11399,W1775749144,T11399,Muscle metabolism and nutrition,0.9509999752044678
has_topic:publication:W1775749144->topic:T14135,has_topic,publication:W1775749144,topic:T14135,W1775749144,T14135,Cancer and biochemical research,0.9502000212669373
has_topic:publication:W1506043065->topic:T11465,has_topic,publication:W1506043065,topic:T11465,W1506043065,T11465,Drug-Induced Hepatotoxicity and Protection,0.9088000059127808
has_topic:publication:W2153435210->topic:T14506,has_topic,publication:W2153435210,topic:T14506,W2153435210,T14506,Historical and Architectural Studies,0.029600000008940697
has_topic:publication:W2153435210->topic:T10406,has_topic,publication:W2153435210,topic:T10406,W2153435210,T10406,Planetary Science and Exploration,0.02250000089406967
has_topic:publication:W2153435210->topic:T13443,has_topic,publication:W2153435210,topic:T13443,W2153435210,T13443,Mineralogy and Gemology Studies,0.01769999973475933
has_topic:publication:W2944434778->topic:T11986,has_topic,publication:W2944434778,topic:T11986,W2944434778,T11986,Scientific Computing and Data Management,0.9991000294685364
has_topic:publication:W2944434778->topic:T11937,has_topic,publication:W2944434778,topic:T11937,W2944434778,T11937,Research Data Management Practices,0.9916999936103821
has_topic:publication:W2944434778->topic:T11719,has_topic,publication:W2944434778,topic:T11719,W2944434778,T11719,Data Quality and Management,0.9807999730110168
has_topic:publication:W2093274439->topic:T11710,has_topic,publication:W2093274439,topic:T11710,W2093274439,T11710,Biomedical Text Mining and Ontologies,0.9939000010490417
has_topic:publication:W2093274439->topic:T10215,has_topic,publication:W2093274439,topic:T10215,W2093274439,T10215,Semantic Web and Ontologies,0.9889000058174133
has_topic:publication:W2093274439->topic:T12601,has_topic,publication:W2093274439,topic:T12601,W2093274439,T12601,Web Applications and Data Management,0.9391999840736389
has_topic:publication:W2169821755->topic:T10044,has_topic,publication:W2169821755,topic:T10044,W2169821755,T10044,Protein Structure and Dynamics,0.9934999942779541
has_topic:publication:W2169821755->topic:T10412,has_topic,publication:W2169821755,topic:T10412,W2169821755,T10412,Microfluidic and Capillary Electrophoresis Applications,0.991100013256073
has_topic:publication:W2169821755->topic:T10836,has_topic,publication:W2169821755,topic:T10836,W2169821755,T10836,Metabolomics and Mass Spectrometry Studies,0.9894999861717224
has_topic:publication:W1966078827->topic:T10044,has_topic,publication:W1966078827,topic:T10044,W1966078827,T10044,Protein Structure and Dynamics,0.9988999962806702
has_topic:publication:W1966078827->topic:T10683,has_topic,publication:W1966078827,topic:T10683,W1966078827,T10683,Mass Spectrometry Techniques and Applications,0.9969000220298767
has_topic:publication:W1966078827->topic:T11948,has_topic,publication:W1966078827,topic:T11948,W1966078827,T11948,Machine Learning in Materials Science,0.9958000183105469
has_topic:publication:W2327037637->topic:T13309,has_topic,publication:W2327037637,topic:T13309,W2327037637,T13309,Reliability and Agreement in Measurement,0.9828000068664551
has_topic:publication:W2327037637->topic:T10206,has_topic,publication:W2327037637,topic:T10206,W2327037637,T10206,Meta-analysis and systematic reviews,0.9728999733924866
has_topic:publication:W2000445173->topic:T12246,has_topic,publication:W2000445173,topic:T12246,W2000445173,T12246,Chronic Disease Management Strategies,0.9980999827384949
has_topic:publication:W2000445173->topic:T11467,has_topic,publication:W2000445173,topic:T11467,W2000445173,T11467,Trauma and Emergency Care Studies,0.996399998664856
has_topic:publication:W2000445173->topic:T11095,has_topic,publication:W2000445173,topic:T11095,W2000445173,T11095,Emergency and Acute Care Studies,0.9939000010490417
has_topic:publication:W2468996569->topic:T10206,has_topic,publication:W2468996569,topic:T10206,W2468996569,T10206,Meta-analysis and systematic reviews,0.9997000098228455
has_topic:publication:W2468996569->topic:T11744,has_topic,publication:W2468996569,topic:T11744,W2468996569,T11744,Health Sciences Research and Education,0.9965999722480774
has_topic:publication:W2468996569->topic:T10804,has_topic,publication:W2468996569,topic:T10804,W2468996569,T10804,"Health Systems, Economic Evaluations, Quality of Life",0.9878000020980835
has_topic:publication:W4292229870->topic:T10206,has_topic,publication:W4292229870,topic:T10206,W4292229870,T10206,Meta-analysis and systematic reviews,0.9950000047683716
has_topic:publication:W4292229870->topic:T13309,has_topic,publication:W4292229870,topic:T13309,W4292229870,T13309,Reliability and Agreement in Measurement,0.9736999869346619
has_topic:publication:W4292229870->topic:T10629,has_topic,publication:W4292229870,topic:T10629,W4292229870,T10629,Health Policy Implementation Science,0.9704999923706055
has_topic:publication:W1562208008->topic:T11542,has_topic,publication:W1562208008,topic:T11542,W1562208008,T11542,Behavioral Health and Interventions,0.10790000110864639
has_topic:publication:W1562208008->topic:T11400,has_topic,publication:W1562208008,topic:T11400,W1562208008,T11400,Motivation and Self-Concept in Sports,0.027400000020861626
has_topic:publication:W1562208008->topic:T10708,has_topic,publication:W1562208008,topic:T10708,W1562208008,T10708,Mindfulness and Compassion Interventions,0.021400000900030136
has_topic:publication:W1987971958->topic:T10799,has_topic,publication:W1987971958,topic:T10799,W1987971958,T10799,Data Visualization and Analytics,0.986299991607666
has_topic:publication:W1987971958->topic:T11106,has_topic,publication:W1987971958,topic:T11106,W1987971958,T11106,Data Management and Algorithms,0.9765999913215637
has_topic:publication:W1987971958->topic:T10637,has_topic,publication:W1987971958,topic:T10637,W1987971958,T10637,Advanced Clustering Algorithms Research,0.9578999876976013
has_topic:publication:W2120902911->topic:T10015,has_topic,publication:W2120902911,topic:T10015,W2120902911,T10015,Genomics and Phylogenetic Studies,0.9998000264167786
has_topic:publication:W2120902911->topic:T11791,has_topic,publication:W2120902911,topic:T11791,W2120902911,T11791,Microbial Community Ecology and Physiology,0.9984999895095825
has_topic:publication:W2120902911->topic:T11879,has_topic,publication:W2120902911,topic:T11879,W2120902911,T11879,Protist diversity and phylogeny,0.9945999979972839
has_topic:publication:W2096747776->topic:T10002,has_topic,publication:W2096747776,topic:T10002,W2096747776,T10002,Advanced Chemical Physics Studies,0.9998999834060669
has_topic:publication:W2096747776->topic:T12646,has_topic,publication:W2096747776,topic:T12646,W2096747776,T12646,Inorganic Fluorides and Related Compounds,0.9991999864578247
has_topic:publication:W2096747776->topic:T10798,has_topic,publication:W2096747776,topic:T10798,W2096747776,T10798,Crystallography and molecular interactions,0.9991000294685364
has_topic:publication:W2132525235->topic:T10002,has_topic,publication:W2132525235,topic:T10002,W2132525235,T10002,Advanced Chemical Physics Studies,0.9987999796867371
has_topic:publication:W2132525235->topic:T12327,has_topic,publication:W2132525235,topic:T12327,W2132525235,T12327,Various Chemistry Research Topics,0.9980999827384949
has_topic:publication:W2132525235->topic:T10798,has_topic,publication:W2132525235,topic:T10798,W2132525235,T10798,Crystallography and molecular interactions,0.996399998664856
has_topic:publication:W2134967712->topic:T10211,has_topic,publication:W2134967712,topic:T10211,W2134967712,T10211,Computational Drug Discovery Methods,0.9994999766349792
has_topic:publication:W2134967712->topic:T10044,has_topic,publication:W2134967712,topic:T10044,W2134967712,T10044,Protein Structure and Dynamics,0.9987000226974487
has_topic:publication:W2134967712->topic:T11948,has_topic,publication:W2134967712,topic:T11948,W2134967712,T11948,Machine Learning in Materials Science,0.9968000054359436
has_topic:publication:W2105668062->topic:T10211,has_topic,publication:W2105668062,topic:T10211,W2105668062,T10211,Computational Drug Discovery Methods,0.9994999766349792
has_topic:publication:W2105668062->topic:T10526,has_topic,publication:W2105668062,topic:T10526,W2105668062,T10526,HIV/AIDS drug development and treatment,0.9980000257492065
has_topic:publication:W2105668062->topic:T10112,has_topic,publication:W2105668062,topic:T10112,W2105668062,T10112,HIV Research and Treatment,0.9977999925613403
has_topic:publication:W2044591029->topic:T10002,has_topic,publication:W2044591029,topic:T10002,W2044591029,T10002,Advanced Chemical Physics Studies,0.9998000264167786
has_topic:publication:W2044591029->topic:T10798,has_topic,publication:W2044591029,topic:T10798,W2044591029,T10798,Crystallography and molecular interactions,0.996999979019165
has_topic:publication:W2044591029->topic:T10353,has_topic,publication:W2044591029,topic:T10353,W2044591029,T10353,Zeolite Catalysis and Synthesis,0.9957000017166138
has_topic:publication:W2171268876->topic:T11177,has_topic,publication:W2171268876,topic:T11177,W2171268876,T11177,Spectroscopy and Quantum Chemical Studies,0.9998000264167786
has_topic:publication:W2171268876->topic:T10044,has_topic,publication:W2171268876,topic:T10044,W2171268876,T10044,Protein Structure and Dynamics,0.9994000196456909
has_topic:publication:W2171268876->topic:T10002,has_topic,publication:W2171268876,topic:T10002,W2171268876,T10002,Advanced Chemical Physics Studies,0.9988999962806702
has_topic:publication:W2150981663->topic:T10044,has_topic,publication:W2150981663,topic:T10044,W2150981663,T10044,Protein Structure and Dynamics,0.9998000264167786
has_topic:publication:W2150981663->topic:T11162,has_topic,publication:W2150981663,topic:T11162,W2150981663,T11162,Enzyme Structure and Function,0.9994999766349792
has_topic:publication:W2150981663->topic:T10521,has_topic,publication:W2150981663,topic:T10521,W2150981663,T10521,RNA and protein synthesis mechanisms,0.9970999956130981
has_topic:publication:W2147993766->topic:T10432,has_topic,publication:W2147993766,topic:T10432,W2147993766,T10432,DNA and Nucleic Acid Chemistry,0.9965000152587891
has_topic:publication:W2147993766->topic:T10044,has_topic,publication:W2147993766,topic:T10044,W2147993766,T10044,Protein Structure and Dynamics,0.9944999814033508
has_topic:publication:W2147993766->topic:T12327,has_topic,publication:W2147993766,topic:T12327,W2147993766,T12327,Various Chemistry Research Topics,0.9919999837875366
has_topic:publication:W2132629607->topic:T10044,has_topic,publication:W2132629607,topic:T10044,W2132629607,T10044,Protein Structure and Dynamics,0.9883999824523926
has_topic:publication:W2132629607->topic:T11986,has_topic,publication:W2132629607,topic:T11986,W2132629607,T11986,Scientific Computing and Data Management,0.9794999957084656
has_topic:publication:W2132629607->topic:T11948,has_topic,publication:W2132629607,topic:T11948,W2132629607,T11948,Machine Learning in Materials Science,0.9745000004768372
has_topic:publication:W2128572087->topic:T10044,has_topic,publication:W2128572087,topic:T10044,W2128572087,T10044,Protein Structure and Dynamics,0.9871000051498413
has_topic:publication:W2128572087->topic:T10792,has_topic,publication:W2128572087,topic:T10792,W2128572087,T10792,Matrix Theory and Algorithms,0.9843999743461609
has_topic:publication:W2128572087->topic:T10054,has_topic,publication:W2128572087,topic:T10054,W2128572087,T10054,Parallel Computing and Optimization Techniques,0.9836000204086304
has_topic:publication:W2022950330->topic:T11809,has_topic,publication:W2022950330,topic:T11809,W2022950330,T11809,Advanced NMR Techniques and Applications,0.9979000091552734
has_topic:publication:W2022950330->topic:T10002,has_topic,publication:W2022950330,topic:T10002,W2022950330,T10002,Advanced Chemical Physics Studies,0.9976999759674072
has_topic:publication:W2022950330->topic:T12646,has_topic,publication:W2022950330,topic:T12646,W2022950330,T12646,Inorganic Fluorides and Related Compounds,0.9945999979972839
has_topic:publication:W2019465613->topic:T10054,has_topic,publication:W2019465613,topic:T10054,W2019465613,T10054,Parallel Computing and Optimization Techniques,0.9997000098228455
has_topic:publication:W2019465613->topic:T11269,has_topic,publication:W2019465613,topic:T11269,W2019465613,T11269,Algorithms and Data Compression,0.9871000051498413
has_topic:publication:W2019465613->topic:T12326,has_topic,publication:W2019465613,topic:T12326,W2019465613,T12326,Network Packet Processing and Optimization,0.9819999933242798
has_topic:publication:W2106140689->topic:T13126,has_topic,publication:W2106140689,topic:T13126,W2106140689,T13126,Scientific Research and Discoveries,0.9907000064849854
has_topic:publication:W2106140689->topic:T12044,has_topic,publication:W2106140689,topic:T12044,W2106140689,T12044,Advanced Physical and Chemical Molecular Interactions,0.9896000027656555
has_topic:publication:W2106140689->topic:T11261,has_topic,publication:W2106140689,topic:T11261,W2106140689,T11261,Quantum chaos and dynamical systems,0.9886000156402588
has_topic:publication:W1988790447->topic:T12101,has_topic,publication:W1988790447,topic:T12101,W1988790447,T12101,Advanced Bandit Algorithms Research,0.9997000098228455
has_topic:publication:W1988790447->topic:T12072,has_topic,publication:W1988790447,topic:T12072,W1988790447,T12072,Machine Learning and Algorithms,0.9994000196456909
has_topic:publication:W1988790447->topic:T11182,has_topic,publication:W1988790447,topic:T11182,W1988790447,T11182,Auction Theory and Applications,0.9975000023841858
has_topic:publication:W1985749074->topic:T10355,has_topic,publication:W1985749074,topic:T10355,W1985749074,T10355,Impact of Technology on Adolescents,0.9980999827384949
has_topic:publication:W1985749074->topic:T10557,has_topic,publication:W1985749074,topic:T10557,W1985749074,T10557,Social Media and Politics,0.9976000189781189
has_topic:publication:W1985749074->topic:T10609,has_topic,publication:W1985749074,topic:T10609,W1985749074,T10609,Digital Marketing and Social Media,0.9944999814033508
has_topic:publication:W1997087247->topic:T10098,has_topic,publication:W1997087247,topic:T10098,W1997087247,T10098,Ruminant Nutrition and Digestive Physiology,0.998199999332428
has_topic:publication:W1997087247->topic:T10140,has_topic,publication:W1997087247,topic:T10140,W1997087247,T10140,Food composition and properties,0.9979000091552734
has_topic:publication:W1997087247->topic:T12489,has_topic,publication:W1997087247,topic:T12489,W1997087247,T12489,Microbial Metabolites in Food Biotechnology,0.9941999912261963
has_topic:publication:W3121403162->topic:T11911,has_topic,publication:W3121403162,topic:T11911,W3121403162,T11911,Spatial and Panel Data Analysis,0.9991999864578247
has_topic:publication:W3121403162->topic:T10128,has_topic,publication:W3121403162,topic:T10128,W3121403162,T10128,Global trade and economics,0.9929999709129333
has_topic:publication:W3121403162->topic:T11770,has_topic,publication:W3121403162,topic:T11770,W3121403162,T11770,Fiscal Policy and Economic Growth,0.9929999709129333
has_topic:publication:W2035554302->topic:T11911,has_topic,publication:W2035554302,topic:T11911,W2035554302,T11911,Spatial and Panel Data Analysis,0.9998999834060669
has_topic:publication:W2035554302->topic:T10007,has_topic,publication:W2035554302,topic:T10007,W2035554302,T10007,Monetary Policy and Economic Impact,0.9969000220298767
has_topic:publication:W2035554302->topic:T11770,has_topic,publication:W2035554302,topic:T11770,W2035554302,T11770,Fiscal Policy and Economic Growth,0.9947999715805054
has_topic:publication:W1999996900->topic:T10007,has_topic,publication:W1999996900,topic:T10007,W1999996900,T10007,Monetary Policy and Economic Impact,0.9980000257492065
has_topic:publication:W1999996900->topic:T10282,has_topic,publication:W1999996900,topic:T10282,W1999996900,T10282,Financial Risk and Volatility Modeling,0.9973000288009644
has_topic:publication:W1999996900->topic:T11059,has_topic,publication:W1999996900,topic:T11059,W1999996900,T11059,Market Dynamics and Volatility,0.9944999814033508
has_topic:publication:W2153562738->topic:T10007,has_topic,publication:W2153562738,topic:T10007,W2153562738,T10007,Monetary Policy and Economic Impact,0.9958000183105469
has_topic:publication:W2153562738->topic:T11059,has_topic,publication:W2153562738,topic:T11059,W2153562738,T11059,Market Dynamics and Volatility,0.9905999898910522
has_topic:publication:W2153562738->topic:T10282,has_topic,publication:W2153562738,topic:T10282,W2153562738,T10282,Financial Risk and Volatility Modeling,0.9902999997138977
has_topic:publication:W2123036062->topic:T11065,has_topic,publication:W2123036062,topic:T11065,W2123036062,T11065,Insect Pest Control Strategies,0.9890000224113464
has_topic:publication:W2123036062->topic:T11641,has_topic,publication:W2123036062,topic:T11641,W2123036062,T11641,Insect and Pesticide Research,0.9883000254631042
has_topic:publication:W2123036062->topic:T10135,has_topic,publication:W2123036062,topic:T10135,W2123036062,T10135,Insect-Plant Interactions and Control,0.9858999848365784
has_topic:publication:W1663973292->topic:T10136,has_topic,publication:W1663973292,topic:T10136,W1663973292,T10136,Statistical Methods and Inference,0.9984999895095825
has_topic:publication:W1663973292->topic:T10688,has_topic,publication:W1663973292,topic:T10688,W1663973292,T10688,Image and Signal Denoising Methods,0.9861999750137329
has_topic:publication:W1663973292->topic:T10770,has_topic,publication:W1663973292,topic:T10770,W1663973292,T10770,Soil Geostatistics and Mapping,0.9860000014305115
has_topic:publication:W1556808170->topic:T12880,has_topic,publication:W1556808170,topic:T12880,W1556808170,T12880,Qualitative Research Methods and Applications,0.24040000140666962
has_topic:publication:W1556808170->topic:T12679,has_topic,publication:W1556808170,topic:T12679,W1556808170,T12679,Focus Groups and Qualitative Methods,0.017899999395012856
has_topic:publication:W1556808170->topic:T12143,has_topic,publication:W1556808170,topic:T12143,W1556808170,T12143,Place Attachment and Urban Studies,0.01510000042617321
has_topic:publication:W2120357670->topic:T11148,has_topic,publication:W2120357670,topic:T11148,W2120357670,T11148,"Language, Metaphor, and Cognition",0.955299973487854
has_topic:publication:W2120357670->topic:T10383,has_topic,publication:W2120357670,topic:T10383,W2120357670,T10383,"Language, Discourse, Communication Strategies",0.9375
has_topic:publication:W2120357670->topic:T10021,has_topic,publication:W2120357670,topic:T10021,W2120357670,T10021,EFL/ESL Teaching and Learning,0.9110000133514404
has_topic:publication:W1995834279->topic:T10047,has_topic,publication:W1995834279,topic:T10047,W1995834279,T10047,Financial Markets and Investment Strategies,0.9997000098228455
has_topic:publication:W1995834279->topic:T11496,has_topic,publication:W1995834279,topic:T11496,W1995834279,T11496,Credit Risk and Financial Regulations,0.9980999827384949
has_topic:publication:W1995834279->topic:T10019,has_topic,publication:W1995834279,topic:T10019,W1995834279,T10019,Corporate Finance and Governance,0.9923999905586243
has_topic:publication:W3124114405->topic:T10019,has_topic,publication:W3124114405,topic:T10019,W3124114405,T10019,Corporate Finance and Governance,0.996399998664856
has_topic:publication:W3124114405->topic:T11976,has_topic,publication:W3124114405,topic:T11976,W3124114405,T11976,Capital Investment and Risk Analysis,0.9940999746322632
has_topic:publication:W3124114405->topic:T12675,has_topic,publication:W3124114405,topic:T12675,W3124114405,T12675,Financial Reporting and Valuation Research,0.9923999905586243
has_topic:publication:W2752617332->topic:T12137,has_topic,publication:W2752617332,topic:T12137,W2752617332,T12137,Economic theories and models,0.9959999918937683
has_topic:publication:W2752617332->topic:T10127,has_topic,publication:W2752617332,topic:T10127,W2752617332,T10127,"Banking stability, regulation, efficiency",0.9929999709129333
has_topic:publication:W2752617332->topic:T10047,has_topic,publication:W2752617332,topic:T10047,W2752617332,T10047,Financial Markets and Investment Strategies,0.9860000014305115
has_topic:publication:W2132322340->topic:T10272,has_topic,publication:W2132322340,topic:T10272,W2132322340,T10272,Mental Health Treatment and Access,0.9993000030517578
has_topic:publication:W2132322340->topic:T11071,has_topic,publication:W2132322340,topic:T11071,W2132322340,T11071,Treatment of Major Depression,0.9987999796867371
has_topic:publication:W2132322340->topic:T10786,has_topic,publication:W2132322340,topic:T10786,W2132322340,T10786,Maternal Mental Health During Pregnancy and Postpartum,0.9973000288009644
has_topic:publication:W1595159159->topic:T11416,has_topic,publication:W1595159159,topic:T11416,W1595159159,T11416,Numerical methods for differential equations,0.996399998664856
has_topic:publication:W1595159159->topic:T11694,has_topic,publication:W1595159159,topic:T11694,W1595159159,T11694,Fluid Dynamics Simulations and Interactions,0.9962999820709229
has_topic:publication:W1595159159->topic:T10339,has_topic,publication:W1595159159,topic:T10339,W1595159159,T10339,Advanced Numerical Methods in Computational Mathematics,0.9958999752998352
has_topic:publication:W1996299251->topic:T12947,has_topic,publication:W1996299251,topic:T12947,W1996299251,T12947,"Health, psychology, and well-being",0.9919000267982483
has_topic:publication:W1996299251->topic:T10475,has_topic,publication:W1996299251,topic:T10475,W1996299251,T10475,Psychological Well-being and Life Satisfaction,0.9886999726295471
has_topic:publication:W1996299251->topic:T10853,has_topic,publication:W1996299251,topic:T10853,W1996299251,T10853,"Anxiety, Depression, Psychometrics, Treatment, Cognitive Processes",0.9836999773979187
has_topic:publication:W2033904036->topic:T10330,has_topic,publication:W2033904036,topic:T10330,W2033904036,T10330,Hydrology and Watershed Management Studies,0.996399998664856
has_topic:publication:W2033904036->topic:T11490,has_topic,publication:W2033904036,topic:T11490,W2033904036,T11490,Hydrological Forecasting Using AI,0.9869999885559082
has_topic:publication:W2033904036->topic:T10302,has_topic,publication:W2033904036,topic:T10302,W2033904036,T10302,Fish Ecology and Management Studies,0.9175000190734863
has_topic:publication:W2114918609->topic:T10207,has_topic,publication:W2114918609,topic:T10207,W2114918609,T10207,Advanced biosensing and bioanalysis techniques,0.9911999702453613
has_topic:publication:W2114918609->topic:T10725,has_topic,publication:W2114918609,topic:T10725,W2114918609,T10725,RNA Interference and Gene Delivery,0.9659000039100647
has_topic:publication:W2114918609->topic:T14285,has_topic,publication:W2114918609,topic:T14285,W2114918609,T14285,Biopolymer Synthesis and Applications,0.9556999802589417
has_topic:publication:W2099471712->topic:T10775,has_topic,publication:W2099471712,topic:T10775,W2099471712,T10775,Generative Adversarial Networks and Image Synthesis,0.9995999932289124
has_topic:publication:W2099471712->topic:T11512,has_topic,publication:W2099471712,topic:T11512,W2099471712,T11512,Anomaly Detection Techniques and Applications,0.9940000176429749
has_topic:publication:W2099471712->topic:T12357,has_topic,publication:W2099471712,topic:T12357,W2099471712,T12357,Digital Media Forensic Detection,0.9922999739646912
has_topic:publication:W2187089797->topic:T10799,has_topic,publication:W2187089797,topic:T10799,W2187089797,T10799,Data Visualization and Analytics,0.9994999766349792
has_topic:publication:W2187089797->topic:T10637,has_topic,publication:W2187089797,topic:T10637,W2187089797,T10637,Advanced Clustering Algorithms Research,0.9879999756813049
has_topic:publication:W2187089797->topic:T11106,has_topic,publication:W2187089797,topic:T11106,W2187089797,T11106,Data Management and Algorithms,0.9876000285148621
has_topic:publication:W1880262756->topic:T10181,has_topic,publication:W1880262756,topic:T10181,W1880262756,T10181,Natural Language Processing Techniques,0.9983999729156494
has_topic:publication:W1880262756->topic:T10028,has_topic,publication:W1880262756,topic:T10028,W1880262756,T10028,Topic Modeling,0.998199999332428
has_topic:publication:W1880262756->topic:T11901,has_topic,publication:W1880262756,topic:T11901,W1880262756,T11901,Bayesian Methods and Mixture Models,0.9980000257492065
has_topic:publication:W3124536214->topic:T10003,has_topic,publication:W3124536214,topic:T10003,W3124536214,T10003,Innovation and Knowledge Management,0.9911999702453613
has_topic:publication:W3124536214->topic:T10415,has_topic,publication:W3124536214,topic:T10415,W3124536214,T10415,International Business and FDI,0.982200026512146
has_topic:publication:W3124536214->topic:T11849,has_topic,publication:W3124536214,topic:T11849,W3124536214,T11849,Intellectual Capital and Performance Analysis,0.9704999923706055
has_topic:publication:W2150238850->topic:T10006,has_topic,publication:W2150238850,topic:T10006,W2150238850,T10006,Job Satisfaction and Organizational Behavior,0.9943000078201294
has_topic:publication:W2150238850->topic:T11047,has_topic,publication:W2150238850,topic:T11047,W2150238850,T11047,Gender Diversity and Inequality,0.9642999768257141
has_topic:publication:W2150238850->topic:T10395,has_topic,publication:W2150238850,topic:T10395,W2150238850,T10395,Construction Project Management and Performance,0.9520999789237976
has_topic:publication:W2137247419->topic:T10154,has_topic,publication:W2137247419,topic:T10154,W2137247419,T10154,Customer Service Quality and Loyalty,1.0
has_topic:publication:W2137247419->topic:T10068,has_topic,publication:W2137247419,topic:T10068,W2137247419,T10068,Technology Adoption and User Behaviour,0.9853000044822693
has_topic:publication:W2137247419->topic:T10609,has_topic,publication:W2137247419,topic:T10609,W2137247419,T10609,Digital Marketing and Social Media,0.9850000143051147
has_topic:publication:W2013386523->topic:T12428,has_topic,publication:W2013386523,topic:T12428,W2013386523,T12428,Global Trade and Competitiveness,0.40630000829696655
has_topic:publication:W2013386523->topic:T10503,has_topic,publication:W2013386523,topic:T10503,W2013386523,T10503,Global Financial Crisis and Policies,0.38100001215934753
has_topic:publication:W2026368098->topic:T10154,has_topic,publication:W2026368098,topic:T10154,W2026368098,T10154,Customer Service Quality and Loyalty,0.9998999834060669
has_topic:publication:W2026368098->topic:T12399,has_topic,publication:W2026368098,topic:T12399,W2026368098,T12399,Wine Industry and Tourism,0.9884999990463257
has_topic:publication:W2026368098->topic:T11114,has_topic,publication:W2026368098,topic:T11114,W2026368098,T11114,Service and Product Innovation,0.984499990940094
has_topic:publication:W3022607203->topic:T11981,has_topic,publication:W3022607203,topic:T11981,W3022607203,T11981,Qualitative Research Methods and Ethics,0.02250000089406967
has_topic:publication:W3022607203->topic:T12880,has_topic,publication:W3022607203,topic:T12880,W3022607203,T12880,Qualitative Research Methods and Applications,0.022299999371170998
has_topic:publication:W3022607203->topic:T12679,has_topic,publication:W3022607203,topic:T12679,W3022607203,T12679,Focus Groups and Qualitative Methods,0.009800000116229057
has_topic:publication:W4235678817->topic:T10467,has_topic,publication:W4235678817,topic:T10467,W4235678817,T10467,Psychometric Methodologies and Testing,0.9793999791145325
has_topic:publication:W4235678817->topic:T10050,has_topic,publication:W4235678817,topic:T10050,W4235678817,T10050,Multi-Criteria Decision Making,0.9490000009536743
has_topic:publication:W4235678817->topic:T11871,has_topic,publication:W4235678817,topic:T11871,W4235678817,T11871,Advanced Statistical Methods and Models,0.9412999749183655
has_topic:publication:W1987258130->topic:T10467,has_topic,publication:W1987258130,topic:T10467,W1987258130,T10467,Psychometric Methodologies and Testing,0.9904999732971191
has_topic:publication:W1987258130->topic:T13748,has_topic,publication:W1987258130,topic:T13748,W1987258130,T13748,Advanced Statistical Modeling Techniques,0.9409000277519226
has_topic:publication:W2313953460->topic:T12205,has_topic,publication:W2313953460,topic:T12205,W2313953460,T12205,Time Series Analysis and Forecasting,0.6159999966621399
has_topic:publication:W2086933933->topic:T10377,has_topic,publication:W2086933933,topic:T10377,W2086933933,T10377,Metal and Thin Film Mechanics,0.9998999834060669
has_topic:publication:W2086933933->topic:T10923,has_topic,publication:W2086933933,topic:T10923,W2086933933,T10923,Force Microscopy Techniques and Applications,0.9947999715805054
has_topic:publication:W2086933933->topic:T11160,has_topic,publication:W2086933933,topic:T11160,W2086933933,T11160,Acoustic Wave Resonator Technologies,0.9927999973297119
has_topic:publication:W2055043387->topic:T10015,has_topic,publication:W2055043387,topic:T10015,W2055043387,T10015,Genomics and Phylogenetic Studies,0.9991999864578247
has_topic:publication:W2055043387->topic:T10521,has_topic,publication:W2055043387,topic:T10521,W2055043387,T10521,RNA and protein synthesis mechanisms,0.9975000023841858
has_topic:publication:W2055043387->topic:T10222,has_topic,publication:W2055043387,topic:T10222,W2055043387,T10222,Genomics and Chromatin Dynamics,0.9857000112533569
has_topic:publication:W1975304761->topic:T10044,has_topic,publication:W1975304761,topic:T10044,W1975304761,T10044,Protein Structure and Dynamics,0.9998000264167786
has_topic:publication:W1975304761->topic:T10407,has_topic,publication:W1975304761,topic:T10407,W1975304761,T10407,Lipid Membrane Structure and Behavior,0.9962999820709229
has_topic:publication:W1975304761->topic:T11162,has_topic,publication:W1975304761,topic:T11162,W1975304761,T11162,Enzyme Structure and Function,0.9955999851226807
has_topic:publication:W2063450941->topic:T10683,has_topic,publication:W2063450941,topic:T10683,W2063450941,T10683,Mass Spectrometry Techniques and Applications,0.9915000200271606
has_topic:publication:W2063450941->topic:T11089,has_topic,publication:W2063450941,topic:T11089,W2063450941,T11089,Radioactive contamination and transfer,0.9677000045776367
has_topic:publication:W2063450941->topic:T10432,has_topic,publication:W2063450941,topic:T10432,W2063450941,T10432,DNA and Nucleic Acid Chemistry,0.9674999713897705
has_topic:publication:W2065461553->topic:T10015,has_topic,publication:W2065461553,topic:T10015,W2065461553,T10015,Genomics and Phylogenetic Studies,0.9994999766349792
has_topic:publication:W2065461553->topic:T10521,has_topic,publication:W2065461553,topic:T10521,W2065461553,T10521,RNA and protein synthesis mechanisms,0.9991999864578247
has_topic:publication:W2065461553->topic:T11764,has_topic,publication:W2065461553,topic:T11764,W2065461553,T11764,Evolution and Genetic Dynamics,0.9940000176429749
has_topic:publication:W2029667189->topic:T10044,has_topic,publication:W2029667189,topic:T10044,W2029667189,T10044,Protein Structure and Dynamics,0.9833999872207642
has_topic:publication:W2029667189->topic:T10492,has_topic,publication:W2029667189,topic:T10492,W2029667189,T10492,Microtubule and mitosis dynamics,0.9812999963760376
has_topic:publication:W2029667189->topic:T11162,has_topic,publication:W2029667189,topic:T11162,W2029667189,T11162,Enzyme Structure and Function,0.9789999723434448
has_topic:publication:W4234347480->topic:T11053,has_topic,publication:W4234347480,topic:T11053,W4234347480,T11053,Process Optimization and Integration,0.08540000021457672
has_topic:publication:W2114613490->topic:T14313,has_topic,publication:W2114613490,topic:T14313,W2114613490,T14313,Health and Well-being Studies,0.26179999113082886
has_topic:publication:W2128495200->topic:T11447,has_topic,publication:W2128495200,topic:T11447,W2128495200,T11447,Blind Source Separation Techniques,0.9998999834060669
has_topic:publication:W2128495200->topic:T10429,has_topic,publication:W2128495200,topic:T10429,W2128495200,T10429,EEG and Brain-Computer Interfaces,0.9995999932289124
has_topic:publication:W2128495200->topic:T10581,has_topic,publication:W2128495200,topic:T10581,W2128495200,T10581,Neural dynamics and brain function,0.9961000084877014
has_topic:publication:W4292994367->topic:T10475,has_topic,publication:W4292994367,topic:T10475,W4292994367,T10475,Psychological Well-being and Life Satisfaction,0.9045000076293945
has_topic:publication:W2148905283->topic:T10475,has_topic,publication:W2148905283,topic:T10475,W2148905283,T10475,Psychological Well-being and Life Satisfaction,0.9045000076293945
has_topic:publication:W1971440513->topic:T11454,has_topic,publication:W1971440513,topic:T11454,W1971440513,T11454,Cultural Differences and Values,0.9943000078201294
has_topic:publication:W1971440513->topic:T10182,has_topic,publication:W1971440513,topic:T10182,W1971440513,T10182,Child and Adolescent Psychosocial and Emotional Development,0.9922000169754028
has_topic:publication:W1971440513->topic:T10314,has_topic,publication:W1971440513,topic:T10314,W1971440513,T10314,Social and Intergroup Psychology,0.9905999898910522
has_topic:publication:W4292811746->topic:T10314,has_topic,publication:W4292811746,topic:T10314,W4292811746,T10314,Social and Intergroup Psychology,0.47769999504089355
has_topic:publication:W2149628368->topic:T13777,has_topic,publication:W2149628368,topic:T13777,W2149628368,T13777,Cognitive and psychological constructs research,0.9843000173568726
has_topic:publication:W2149628368->topic:T13283,has_topic,publication:W2149628368,topic:T13283,W2149628368,T13283,Mental Health Research Topics,0.9383000135421753
has_topic:publication:W2149628368->topic:T12313,has_topic,publication:W2149628368,topic:T12313,W2149628368,T12313,Emotions and Moral Behavior,0.9089000225067139
has_topic:publication:W2120145199->topic:T10382,has_topic,publication:W2120145199,topic:T10382,W2120145199,T10382,Quantum and electron transport phenomena,0.9995999932289124
has_topic:publication:W2120145199->topic:T10002,has_topic,publication:W2120145199,topic:T10002,W2120145199,T10002,Advanced Chemical Physics Studies,0.9994999766349792
has_topic:publication:W2120145199->topic:T10472,has_topic,publication:W2120145199,topic:T10472,W2120145199,T10472,Semiconductor materials and devices,0.9994000196456909
has_topic:publication:W2568476927->topic:T12500,has_topic,publication:W2568476927,topic:T12500,W2568476927,T12500,Reflective Practices in Education,0.9046000242233276
has_topic:publication:W3121759882->topic:T10019,has_topic,publication:W3121759882,topic:T10019,W3121759882,T10019,Corporate Finance and Governance,0.9995999932289124
has_topic:publication:W3121759882->topic:T10127,has_topic,publication:W3121759882,topic:T10127,W3121759882,T10127,"Banking stability, regulation, efficiency",0.9807000160217285
has_topic:publication:W3121759882->topic:T12509,has_topic,publication:W3121759882,topic:T12509,W3121759882,T12509,Corporate Insolvency and Governance,0.979200005531311
has_topic:publication:W2162484441->topic:T12137,has_topic,publication:W2162484441,topic:T12137,W2162484441,T12137,Economic theories and models,0.8988999724388123
has_topic:publication:W2168605160->topic:T10393,has_topic,publication:W2168605160,topic:T10393,W2168605160,T10393,Economic Growth and Productivity,0.9995999932289124
has_topic:publication:W2168605160->topic:T12137,has_topic,publication:W2168605160,topic:T12137,W2168605160,T12137,Economic theories and models,0.9957000017166138
has_topic:publication:W2168605160->topic:T11770,has_topic,publication:W2168605160,topic:T11770,W2168605160,T11770,Fiscal Policy and Economic Growth,0.9941999912261963
has_topic:publication:W2077791698->topic:T12675,has_topic,publication:W2077791698,topic:T12675,W2077791698,T12675,Financial Reporting and Valuation Research,0.9955000281333923
has_topic:publication:W2077791698->topic:T10047,has_topic,publication:W2077791698,topic:T10047,W2077791698,T10047,Financial Markets and Investment Strategies,0.9952999949455261
has_topic:publication:W2077791698->topic:T11976,has_topic,publication:W2077791698,topic:T11976,W2077791698,T11976,Capital Investment and Risk Analysis,0.9936000108718872
has_topic:publication:W1847168837->topic:T11071,has_topic,publication:W1847168837,topic:T11071,W1847168837,T11071,Treatment of Major Depression,0.8402000069618225
has_topic:publication:W2131681506->topic:T10064,has_topic,publication:W2131681506,topic:T10064,W2131681506,T10064,Complex Network Analysis Techniques,0.9998999834060669
has_topic:publication:W2131681506->topic:T12592,has_topic,publication:W2131681506,topic:T12592,W2131681506,T12592,Opinion Dynamics and Social Influence,0.9904000163078308
has_topic:publication:W2131681506->topic:T10742,has_topic,publication:W2131681506,topic:T10742,W2131681506,T10742,Peer-to-Peer Network Technologies,0.9835000038146973
has_topic:publication:W2774486220->topic:T10243,has_topic,publication:W2774486220,topic:T10243,W2774486220,T10243,Statistical Methods and Bayesian Inference,0.9905999898910522
has_topic:publication:W2774486220->topic:T11871,has_topic,publication:W2774486220,topic:T11871,W2774486220,T11871,Advanced Statistical Methods and Models,0.9883000254631042
has_topic:publication:W2774486220->topic:T13398,has_topic,publication:W2774486220,topic:T13398,W2774486220,T13398,Data Analysis with R,0.9850000143051147
has_topic:publication:W1951724000->topic:T13398,has_topic,publication:W1951724000,topic:T13398,W1951724000,T13398,Data Analysis with R,0.9905999898910522
has_topic:publication:W1951724000->topic:T10243,has_topic,publication:W1951724000,topic:T10243,W1951724000,T10243,Statistical Methods and Bayesian Inference,0.9732000231742859
has_topic:publication:W1951724000->topic:T13283,has_topic,publication:W1951724000,topic:T13283,W1951724000,T13283,Mental Health Research Topics,0.9253000020980835
has_topic:publication:W1913957972->topic:T13283,has_topic,publication:W1913957972,topic:T13283,W1913957972,T13283,Mental Health Research Topics,0.9894000291824341
has_topic:publication:W1913957972->topic:T13748,has_topic,publication:W1913957972,topic:T13748,W1913957972,T13748,Advanced Statistical Modeling Techniques,0.9693999886512756
has_topic:publication:W2139168999->topic:T10206,has_topic,publication:W2139168999,topic:T10206,W2139168999,T10206,Meta-analysis and systematic reviews,0.9789000153541565
has_topic:publication:W2139168999->topic:T13398,has_topic,publication:W2139168999,topic:T13398,W2139168999,T13398,Data Analysis with R,0.9398000240325928
has_topic:publication:W2139168999->topic:T11880,has_topic,publication:W2139168999,topic:T11880,W2139168999,T11880,Forest ecology and management,0.914900004863739
has_topic:publication:W4294541781->topic:T10057,has_topic,publication:W4294541781,topic:T10057,W4294541781,T10057,Face and Expression Recognition,0.9937000274658203
has_topic:publication:W4294541781->topic:T10500,has_topic,publication:W4294541781,topic:T10500,W4294541781,T10500,Sparse and Compressive Sensing Techniques,0.9921000003814697
has_topic:publication:W4294541781->topic:T10136,has_topic,publication:W4294541781,topic:T10136,W4294541781,T10136,Statistical Methods and Inference,0.9918000102043152
has_topic:publication:W2070227796->topic:T11733,has_topic,publication:W2070227796,topic:T11733,W2070227796,T11733,X-ray Spectroscopy and Fluorescence Analysis,0.9998999834060669
has_topic:publication:W2070227796->topic:T12386,has_topic,publication:W2070227796,topic:T12386,W2070227796,T12386,Advanced X-ray and CT Imaging,0.9987999796867371
has_topic:publication:W2070227796->topic:T12039,has_topic,publication:W2070227796,topic:T12039,W2070227796,T12039,Electron and X-Ray Spectroscopy Techniques,0.9980000257492065
has_topic:publication:W2105846236->topic:T10068,has_topic,publication:W2105846236,topic:T10068,W2105846236,T10068,Technology Adoption and User Behaviour,0.9729999899864197
has_topic:publication:W2105846236->topic:T10467,has_topic,publication:W2105846236,topic:T10467,W2105846236,T10467,Psychometric Methodologies and Testing,0.9211999773979187
has_topic:publication:W2105846236->topic:T14484,has_topic,publication:W2105846236,topic:T14484,W2105846236,T14484,Technology and Data Analysis,0.9207000136375427
has_topic:publication:W4243667233->topic:T13083,has_topic,publication:W4243667233,topic:T13083,W4243667233,T13083,Advanced Text Analysis Techniques,0.933899998664856
has_topic:publication:W2118016181->topic:T10068,has_topic,publication:W2118016181,topic:T10068,W2118016181,T10068,Technology Adoption and User Behaviour,0.9463000297546387
has_topic:publication:W2118016181->topic:T10467,has_topic,publication:W2118016181,topic:T10467,W2118016181,T10467,Psychometric Methodologies and Testing,0.921999990940094
has_topic:publication:W2118016181->topic:T13283,has_topic,publication:W2118016181,topic:T13283,W2118016181,T13283,Mental Health Research Topics,0.9150999784469604
has_topic:publication:W2057327293->topic:T10247,has_topic,publication:W2057327293,topic:T10247,W2057327293,T10247,Perovskite Materials and Applications,1.0
has_topic:publication:W2057327293->topic:T10078,has_topic,publication:W2057327293,topic:T10078,W2057327293,T10078,Advanced Photocatalysis Techniques,0.9955999851226807
has_topic:publication:W2057327293->topic:T10321,has_topic,publication:W2057327293,topic:T10321,W2057327293,T10321,Quantum Dots Synthesis And Properties,0.9937000274658203
has_topic:publication:W4233194460->topic:T13465,has_topic,publication:W4233194460,topic:T13465,W4233194460,T13465,"Graphite, nuclear technology, radiation studies",0.8345999717712402
has_topic:publication:W4233194460->topic:T10083,has_topic,publication:W4233194460,topic:T10083,W4233194460,T10083,Graphene research and applications,0.8248999714851379
has_topic:publication:W4233194460->topic:T10018,has_topic,publication:W4233194460,topic:T10018,W4233194460,T10018,Advancements in Battery Materials,0.7954999804496765
has_topic:publication:W2314659927->topic:T11746,has_topic,publication:W2314659927,topic:T11746,W2314659927,T11746,Inorganic and Organometallic Chemistry,0.6460000276565552
has_topic:publication:W2011254969->topic:T10967,has_topic,publication:W2011254969,topic:T10967,W2011254969,T10967,Carbon Dioxide Capture Technologies,0.9771999716758728
has_topic:publication:W2011254969->topic:T10192,has_topic,publication:W2011254969,topic:T10192,W2011254969,T10192,Catalytic Processes in Materials Science,0.9563999772071838
has_topic:publication:W2011254969->topic:T11362,has_topic,publication:W2011254969,topic:T11362,W2011254969,T11362,Membrane Separation and Gas Transport,0.9491999745368958
has_topic:publication:W1986113254->topic:T13217,has_topic,publication:W1986113254,topic:T13217,W1986113254,T13217,Pigment Synthesis and Properties,0.8195000290870667
has_topic:publication:W1986113254->topic:T11643,has_topic,publication:W1986113254,topic:T11643,W1986113254,T11643,Building materials and conservation,0.7371000051498413
has_topic:publication:W1986113254->topic:T13604,has_topic,publication:W1986113254,topic:T13604,W1986113254,T13604,"Adsorption, diffusion, and thermodynamic properties of materials",0.670199990272522
has_topic:publication:W4297081765->topic:T13638,has_topic,publication:W4297081765,topic:T13638,W4297081765,T13638,Human auditory perception and evaluation,0.013500000350177288
has_topic:publication:W4297081765->topic:T14325,has_topic,publication:W4297081765,topic:T14325,W4297081765,T14325,Diverse Specialized Academic Research,0.007499999832361937
has_topic:publication:W4297081765->topic:T14335,has_topic,publication:W4297081765,topic:T14335,W4297081765,T14335,Educational Robotics and Engineering,0.005900000222027302
has_topic:publication:W4301377693->topic:T13638,has_topic,publication:W4301377693,topic:T13638,W4301377693,T13638,Human auditory perception and evaluation,0.013500000350177288
has_topic:publication:W4301377693->topic:T14325,has_topic,publication:W4301377693,topic:T14325,W4301377693,T14325,Diverse Specialized Academic Research,0.007499999832361937
has_topic:publication:W4301377693->topic:T14335,has_topic,publication:W4301377693,topic:T14335,W4301377693,T14335,Educational Robotics and Engineering,0.005900000222027302
has_topic:publication:W2165758561->topic:T10009,has_topic,publication:W2165758561,topic:T10009,W2165758561,T10009,Dementia and Cognitive Impairment Research,0.9998999834060669
has_topic:publication:W2165758561->topic:T11011,has_topic,publication:W2165758561,topic:T11011,W2165758561,T11011,Frailty in Older Adults,0.9861999750137329
has_topic:publication:W2165758561->topic:T10804,has_topic,publication:W2165758561,topic:T10804,W2165758561,T10804,"Health Systems, Economic Evaluations, Quality of Life",0.9760000109672546
has_topic:publication:W2124624517->topic:T10372,has_topic,publication:W2124624517,topic:T10372,W2124624517,T10372,Cardiac Imaging and Diagnostics,0.9998999834060669
has_topic:publication:W2124624517->topic:T10821,has_topic,publication:W2124624517,topic:T10821,W2124624517,T10821,Cardiovascular Function and Risk Factors,0.9998999834060669
has_topic:publication:W2124624517->topic:T10172,has_topic,publication:W2124624517,topic:T10172,W2124624517,T10172,Cardiac Valve Diseases and Treatments,0.9995999932289124
has_topic:publication:W2044758663->topic:T11901,has_topic,publication:W2044758663,topic:T11901,W2044758663,T11901,Bayesian Methods and Mixture Models,0.7031999826431274
has_topic:publication:W2044758663->topic:T10136,has_topic,publication:W2044758663,topic:T10136,W2044758663,T10136,Statistical Methods and Inference,0.6274999976158142
has_topic:publication:W2044758663->topic:T10320,has_topic,publication:W2044758663,topic:T10320,W2044758663,T10320,Neural Networks and Applications,0.609000027179718
has_topic:publication:W2037124948->topic:T12175,has_topic,publication:W2037124948,topic:T12175,W2037124948,T12175,Social Representations and Identity,0.4397999942302704
has_topic:publication:W3085162807->topic:T10320,has_topic,publication:W3085162807,topic:T10320,W3085162807,T10320,Neural Networks and Applications,0.5464000105857849
has_topic:publication:W2319410825->topic:T11229,has_topic,publication:W2319410825,topic:T11229,W2319410825,T11229,Genetics and Plant Breeding,0.5896999835968018
has_topic:publication:W2319410825->topic:T12310,has_topic,publication:W2319410825,topic:T12310,W2319410825,T12310,Crop Yield and Soil Fertility,0.5738999843597412
has_topic:publication:W2319410825->topic:T10733,has_topic,publication:W2319410825,topic:T10733,W2319410825,T10733,Wheat and Barley Genetics and Pathology,0.49889999628067017
has_topic:publication:W2153222072->topic:T14103,has_topic,publication:W2153222072,topic:T14103,W2153222072,T14103,Educational Management and Quality,0.17229999601840973
has_topic:publication:W2153222072->topic:T13349,has_topic,publication:W2153222072,topic:T13349,W2153222072,T13349,Educational Research and Analysis,0.17149999737739563
has_topic:publication:W2153222072->topic:T13373,has_topic,publication:W2153222072,topic:T13373,W2153222072,T13373,Data Mining and Machine Learning Applications,0.16769999265670776
has_topic:publication:W1667165204->topic:T10876,has_topic,publication:W1667165204,topic:T10876,W1667165204,T10876,Fault Detection and Control Systems,0.5985000133514404
has_topic:publication:W1667165204->topic:T10320,has_topic,publication:W1667165204,topic:T10320,W1667165204,T10320,Neural Networks and Applications,0.557699978351593
has_topic:publication:W1667165204->topic:T14470,has_topic,publication:W1667165204,topic:T14470,W1667165204,T14470,Advanced Data Processing Techniques,0.5200999975204468
has_topic:publication:W1975994995->topic:T10282,has_topic,publication:W1975994995,topic:T10282,W1975994995,T10282,Financial Risk and Volatility Modeling,0.7781999707221985
has_topic:publication:W1975994995->topic:T11901,has_topic,publication:W1975994995,topic:T11901,W1975994995,T11901,Bayesian Methods and Mixture Models,0.7552000284194946
has_topic:publication:W1975994995->topic:T11270,has_topic,publication:W1975994995,topic:T11270,W1975994995,T11270,Complex Systems and Time Series Analysis,0.6759999990463257
has_topic:publication:W2016381774->topic:T12527,has_topic,publication:W2016381774,topic:T12527,W2016381774,T12527,Chemistry and Stereochemistry Studies,0.8418999910354614
has_topic:publication:W4293241248->topic:T10968,has_topic,publication:W4293241248,topic:T10968,W4293241248,T10968,Statistical Distribution Estimation and Applications,0.9592999815940857
has_topic:publication:W4293241248->topic:T10243,has_topic,publication:W4293241248,topic:T10243,W4293241248,T10243,Statistical Methods and Bayesian Inference,0.9545999765396118
has_topic:publication:W4293241248->topic:T10136,has_topic,publication:W4293241248,topic:T10136,W4293241248,T10136,Statistical Methods and Inference,0.9521999955177307
has_topic:publication:W2141394518->topic:T12727,has_topic,publication:W2141394518,topic:T12727,W2141394518,T12727,Differential Equations and Numerical Methods,0.9753000140190125
has_topic:publication:W2141394518->topic:T10466,has_topic,publication:W2141394518,topic:T10466,W2141394518,T10466,Meteorological Phenomena and Simulations,0.9750000238418579
has_topic:publication:W2141394518->topic:T10360,has_topic,publication:W2141394518,topic:T10360,W2141394518,T10360,Fluid Dynamics and Turbulent Flows,0.9370999932289124
has_topic:publication:W2751862591->topic:T10222,has_topic,publication:W2751862591,topic:T10222,W2751862591,T10222,Genomics and Chromatin Dynamics,0.9966999888420105
has_topic:publication:W2751862591->topic:T10604,has_topic,publication:W2751862591,topic:T10604,W2751862591,T10604,RNA Research and Splicing,0.9749000072479248
has_topic:publication:W2751862591->topic:T10521,has_topic,publication:W2751862591,topic:T10521,W2751862591,T10521,RNA and protein synthesis mechanisms,0.9642000198364258
has_topic:publication:W2730193802->topic:T10998,has_topic,publication:W2730193802,topic:T10998,W2730193802,T10998,Heat Transfer and Optimization,0.33009999990463257
has_topic:publication:W2730193802->topic:T12044,has_topic,publication:W2730193802,topic:T12044,W2730193802,T12044,Advanced Physical and Chemical Molecular Interactions,0.319599986076355
has_topic:publication:W2730193802->topic:T13645,has_topic,publication:W2730193802,topic:T13645,W2730193802,T13645,Thermodynamic and Structural Properties of Metals and Alloys,0.2992999851703644
has_topic:publication:W2752885492->topic:T11269,has_topic,publication:W2752885492,topic:T11269,W2752885492,T11269,Algorithms and Data Compression,0.15369999408721924
has_topic:publication:W2752885492->topic:T14500,has_topic,publication:W2752885492,topic:T14500,W2752885492,T14500,Advanced Mathematical Theories,0.15080000460147858
has_topic:publication:W2752885492->topic:T12002,has_topic,publication:W2752885492,topic:T12002,W2752885492,T12002,"Computability, Logic, AI Algorithms",0.14659999310970306
has_topic:publication:W3015634246->topic:T11871,has_topic,publication:W3015634246,topic:T11871,W3015634246,T11871,Advanced Statistical Methods and Models,0.12700000405311584
has_topic:publication:W3015634246->topic:T13141,has_topic,publication:W3015634246,topic:T13141,W3015634246,T13141,Statistical Methods and Applications,0.12520000338554382
has_topic:publication:W3015634246->topic:T14351,has_topic,publication:W3015634246,topic:T14351,W3015634246,T14351,Statistical and Computational Modeling,0.10890000313520432
has_topic:publication:W2162180338->topic:T10393,has_topic,publication:W2162180338,topic:T10393,W2162180338,T10393,Economic Growth and Productivity,0.21199999749660492
has_topic:publication:W2162180338->topic:T13498,has_topic,publication:W2162180338,topic:T13498,W2162180338,T13498,Economic Development and Digital Transformation,0.18209999799728394
has_topic:publication:W2162180338->topic:T14143,has_topic,publication:W2162180338,topic:T14143,W2162180338,T14143,Economic and Technological Innovation,0.1678999960422516
has_topic:publication:W2122825543->topic:T10320,has_topic,publication:W2122825543,topic:T10320,W2122825543,T10320,Neural Networks and Applications,0.9968000054359436
has_topic:publication:W2122825543->topic:T10885,has_topic,publication:W2122825543,topic:T10885,W2122825543,T10885,Gene expression and cancer classification,0.9889000058174133
has_topic:publication:W2122825543->topic:T10057,has_topic,publication:W2122825543,topic:T10057,W2122825543,T10057,Face and Expression Recognition,0.9871000051498413
has_topic:publication:W2135046866->topic:T10136,has_topic,publication:W2135046866,topic:T10136,W2135046866,T10136,Statistical Methods and Inference,0.9983000159263611
has_topic:publication:W2135046866->topic:T11901,has_topic,publication:W2135046866,topic:T11901,W2135046866,T11901,Bayesian Methods and Mixture Models,0.9937999844551086
has_topic:publication:W2135046866->topic:T11871,has_topic,publication:W2135046866,topic:T11871,W2135046866,T11871,Advanced Statistical Methods and Models,0.9858999848365784
has_topic:publication:W2110065044->topic:T11235,has_topic,publication:W2110065044,topic:T11235,W2110065044,T11235,Statistical Methods in Clinical Trials,0.9998000264167786
has_topic:publication:W2110065044->topic:T11798,has_topic,publication:W2110065044,topic:T11798,W2110065044,T11798,Optimal Experimental Design Methods,0.995199978351593
has_topic:publication:W2110065044->topic:T10243,has_topic,publication:W2110065044,topic:T10243,W2110065044,T10243,Statistical Methods and Bayesian Inference,0.9678999781608582
has_topic:publication:W2049633694->topic:T11236,has_topic,publication:W2049633694,topic:T11236,W2049633694,T11236,Control Systems and Identification,0.9912999868392944
has_topic:publication:W2049633694->topic:T10136,has_topic,publication:W2049633694,topic:T10136,W2049633694,T10136,Statistical Methods and Inference,0.9908999800682068
has_topic:publication:W2049633694->topic:T12814,has_topic,publication:W2049633694,topic:T12814,W2049633694,T12814,Gaussian Processes and Bayesian Inference,0.9804999828338623
has_topic:publication:W3147894994->topic:T12011,has_topic,publication:W3147894994,topic:T12011,W3147894994,T12011,"Insurance, Mortality, Demography, Risk Management",0.9993000030517578
has_topic:publication:W3147894994->topic:T14509,has_topic,publication:W3147894994,topic:T14509,W3147894994,T14509,demographic modeling and climate adaptation,0.9983000159263611
has_topic:publication:W3147894994->topic:T12781,has_topic,publication:W3147894994,topic:T12781,W3147894994,T12781,Global Health Care Issues,0.9621999859809875
has_topic:publication:W2087070363->topic:T10640,has_topic,publication:W2087070363,topic:T10640,W2087070363,T10640,Spectroscopy and Chemometric Analyses,0.9861000180244446
has_topic:publication:W2087070363->topic:T11890,has_topic,publication:W2087070363,topic:T11890,W2087070363,T11890,Scientific Measurement and Uncertainty Evaluation,0.9189000129699707
has_topic:publication:W2087070363->topic:T10876,has_topic,publication:W2087070363,topic:T10876,W2087070363,T10876,Fault Detection and Control Systems,0.9035000205039978
has_topic:publication:W2063792498->topic:T11764,has_topic,publication:W2063792498,topic:T11764,W2063792498,T11764,Evolution and Genetic Dynamics,0.9976999759674072
has_topic:publication:W2063792498->topic:T11252,has_topic,publication:W2063792498,topic:T11252,W2063792498,T11252,Evolutionary Game Theory and Cooperation,0.9969000220298767
has_topic:publication:W2063792498->topic:T12592,has_topic,publication:W2063792498,topic:T12592,W2063792498,T12592,Opinion Dynamics and Social Influence,0.9401999711990356
has_topic:publication:W2009435671->topic:T10320,has_topic,publication:W2009435671,topic:T10320,W2009435671,T10320,Neural Networks and Applications,0.06989999860525131
has_topic:publication:W2009435671->topic:T14351,has_topic,publication:W2009435671,topic:T14351,W2009435671,T14351,Statistical and Computational Modeling,0.06599999964237213
has_topic:publication:W2009435671->topic:T11890,has_topic,publication:W2009435671,topic:T11890,W2009435671,T11890,Scientific Measurement and Uncertainty Evaluation,0.06129999831318855
has_topic:publication:W2607031541->topic:T12280,has_topic,publication:W2607031541,topic:T12280,W2607031541,T12280,Magnesium in Health and Disease,1.0
has_topic:publication:W2607031541->topic:T10516,has_topic,publication:W2607031541,topic:T10516,W2607031541,T10516,Parathyroid Disorders and Treatments,0.9775000214576721
has_topic:publication:W2289205268->topic:T11530,has_topic,publication:W2289205268,topic:T11530,W2289205268,T11530,Business and Management Studies,0.8299999833106995
has_topic:publication:W2175723801->topic:T10785,has_topic,publication:W2175723801,topic:T10785,W2175723801,T10785,Economic Theory and Institutions,0.2125999927520752
has_topic:publication:W2175723801->topic:T14464,has_topic,publication:W2175723801,topic:T14464,W2175723801,T14464,Community Development and Social Impact,0.20600000023841858
has_topic:publication:W2175723801->topic:T12013,has_topic,publication:W2175723801,topic:T12013,W2175723801,T12013,Sustainable Development and Environmental Policy,0.1996999979019165
has_topic:publication:W2884585870->topic:T10036,has_topic,publication:W2884585870,topic:T10036,W2884585870,T10036,Advanced Neural Network Applications,1.0
has_topic:publication:W2884585870->topic:T11307,has_topic,publication:W2884585870,topic:T11307,W2884585870,T11307,Domain Adaptation and Few-Shot Learning,0.9991999864578247
has_topic:publication:W2884585870->topic:T11689,has_topic,publication:W2884585870,topic:T11689,W2884585870,T11689,Adversarial Robustness in Machine Learning,0.9979000091552734
has_topic:publication:W2193145675->topic:T10036,has_topic,publication:W2193145675,topic:T10036,W2193145675,T10036,Advanced Neural Network Applications,0.8927000164985657
has_topic:publication:W2193145675->topic:T12357,has_topic,publication:W2193145675,topic:T12357,W2193145675,T12357,Digital Media Forensic Detection,0.017000000923871994
has_topic:publication:W2193145675->topic:T10775,has_topic,publication:W2193145675,topic:T10775,W2193145675,T10775,Generative Adversarial Networks and Image Synthesis,0.011300000362098217
has_topic:publication:W1901129140->topic:T12859,has_topic,publication:W1901129140,topic:T12859,W1901129140,T12859,Cell Image Analysis Techniques,0.9987999796867371
has_topic:publication:W1901129140->topic:T10036,has_topic,publication:W1901129140,topic:T10036,W1901129140,T10036,Advanced Neural Network Applications,0.9986000061035156
has_topic:publication:W1901129140->topic:T13114,has_topic,publication:W1901129140,topic:T13114,W1901129140,T13114,Image Processing Techniques and Applications,0.9958000183105469
has_topic:publication:W1861492603->topic:T10036,has_topic,publication:W1861492603,topic:T10036,W1861492603,T10036,Advanced Neural Network Applications,0.9995999932289124
has_topic:publication:W1861492603->topic:T10627,has_topic,publication:W1861492603,topic:T10627,W1861492603,T10627,Advanced Image and Video Retrieval Techniques,0.9994000196456909
has_topic:publication:W1861492603->topic:T11714,has_topic,publication:W1861492603,topic:T11714,W1861492603,T11714,Multimodal Machine Learning Applications,0.996999979019165
has_topic:publication:W3021722416->topic:T10339,has_topic,publication:W3021722416,topic:T10339,W3021722416,T10339,Advanced Numerical Methods in Computational Mathematics,0.9943000078201294
has_topic:publication:W3021722416->topic:T11416,has_topic,publication:W3021722416,topic:T11416,W3021722416,T11416,Numerical methods for differential equations,0.991599977016449
has_topic:publication:W3021722416->topic:T10792,has_topic,publication:W3021722416,topic:T10792,W3021722416,T10792,Matrix Theory and Algorithms,0.9832000136375427
has_topic:publication:W3124872368->topic:T12751,has_topic,publication:W3124872368,topic:T12751,W3124872368,T12751,Leadership and Management in Organizations,0.15379999577999115
has_topic:publication:W3124872368->topic:T13803,has_topic,publication:W3124872368,topic:T13803,W3124872368,T13803,Organizational Strategy and Culture,0.1387999951839447
has_topic:publication:W3124872368->topic:T13163,has_topic,publication:W3124872368,topic:T13163,W3124872368,T13163,Organizational Learning and Leadership,0.13289999961853027
has_topic:publication:W1820801730->topic:T11891,has_topic,publication:W1820801730,topic:T11891,W1820801730,T11891,Big Data and Business Intelligence,0.13339999318122864
has_topic:publication:W1820801730->topic:T14064,has_topic,publication:W1820801730,topic:T14064,W1820801730,T14064,Organizational and Employee Performance,0.11760000139474869
has_topic:publication:W2065853716->topic:T13013,has_topic,publication:W2065853716,topic:T13013,W2065853716,T13013,Free Radicals and Antioxidants,0.9998999834060669
has_topic:publication:W2065853716->topic:T10035,has_topic,publication:W2065853716,topic:T10035,W2065853716,T10035,Phytochemicals and Antioxidant Activities,0.9997000098228455
has_topic:publication:W2065853716->topic:T10445,has_topic,publication:W2065853716,topic:T10445,W2065853716,T10445,Antioxidant Activity and Oxidative Stress,0.9976000189781189
has_topic:publication:W1966114254->topic:T12090,has_topic,publication:W1966114254,topic:T12090,W1966114254,T12090,Language and cultural evolution,0.48730000853538513
has_topic:publication:W1966114254->topic:T11148,has_topic,publication:W1966114254,topic:T11148,W1966114254,T11148,"Language, Metaphor, and Cognition",0.4293999969959259
has_topic:publication:W2118882740->topic:T13504,has_topic,publication:W2118882740,topic:T13504,W2118882740,T13504,African history and culture analysis,0.13940000534057617
has_topic:publication:W2911964244->topic:T10320,has_topic,publication:W2911964244,topic:T10320,W2911964244,T10320,Neural Networks and Applications,0.9991999864578247
has_topic:publication:W2911964244->topic:T10057,has_topic,publication:W2911964244,topic:T10057,W2911964244,T10057,Face and Expression Recognition,0.9983000159263611
has_topic:publication:W2911964244->topic:T12535,has_topic,publication:W2911964244,topic:T12535,W2911964244,T12535,Machine Learning and Data Classification,0.9947999715805054
has_topic:publication:W2912934387->topic:T10320,has_topic,publication:W2912934387,topic:T10320,W2912934387,T10320,Neural Networks and Applications,0.4196999967098236
has_topic:publication:W2912934387->topic:T10538,has_topic,publication:W2912934387,topic:T10538,W2912934387,T10538,Data Mining Algorithms and Applications,0.4068000018596649
has_topic:publication:W4212883601->topic:T10320,has_topic,publication:W4212883601,topic:T10320,W4212883601,T10320,Neural Networks and Applications,0.9932000041007996
has_topic:publication:W4212883601->topic:T10538,has_topic,publication:W4212883601,topic:T10538,W4212883601,T10538,Data Mining Algorithms and Applications,0.9926999807357788
has_topic:publication:W4212883601->topic:T11063,has_topic,publication:W4212883601,topic:T11063,W4212883601,T11063,Rough Sets and Fuzzy Logic,0.9807000160217285
has_topic:publication:W4239510810->topic:T10320,has_topic,publication:W4239510810,topic:T10320,W4239510810,T10320,Neural Networks and Applications,0.9998000264167786
has_topic:publication:W4239510810->topic:T10057,has_topic,publication:W4239510810,topic:T10057,W4239510810,T10057,Face and Expression Recognition,0.9991000294685364
has_topic:publication:W4239510810->topic:T12676,has_topic,publication:W4239510810,topic:T12676,W4239510810,T12676,Machine Learning and ELM,0.9972000122070312
has_topic:publication:W2119821739->topic:T10320,has_topic,publication:W2119821739,topic:T10320,W2119821739,T10320,Neural Networks and Applications,0.9993000030517578
has_topic:publication:W2119821739->topic:T10057,has_topic,publication:W2119821739,topic:T10057,W2119821739,T10057,Face and Expression Recognition,0.9918000102043152
has_topic:publication:W2119821739->topic:T11447,has_topic,publication:W2119821739,topic:T11447,W2119821739,T11447,Blind Source Separation Techniques,0.9753999710083008
has_topic:publication:W2116199508->topic:T11466,has_topic,publication:W2116199508,topic:T11466,W2116199508,T11466,Innovative Education and Learning Practices,0.44589999318122864
has_topic:publication:W2168569455->topic:T10068,has_topic,publication:W2168569455,topic:T10068,W2168569455,T10068,Technology Adoption and User Behaviour,0.9997000098228455
has_topic:publication:W2168569455->topic:T10609,has_topic,publication:W2168569455,topic:T10609,W2168569455,T10609,Digital Marketing and Social Media,0.9950000047683716
has_topic:publication:W2168569455->topic:T10154,has_topic,publication:W2168569455,topic:T10154,W2168569455,T10154,Customer Service Quality and Loyalty,0.987500011920929
has_topic:publication:W2033943395->topic:T10068,has_topic,publication:W2033943395,topic:T10068,W2033943395,T10068,Technology Adoption and User Behaviour,0.9997000098228455
has_topic:publication:W2033943395->topic:T10609,has_topic,publication:W2033943395,topic:T10609,W2033943395,T10609,Digital Marketing and Social Media,0.994700014591217
has_topic:publication:W2033943395->topic:T12028,has_topic,publication:W2033943395,topic:T12028,W2033943395,T12028,Knowledge Management and Sharing,0.9901000261306763
has_topic:publication:W2129763896->topic:T10357,has_topic,publication:W2129763896,topic:T10357,W2129763896,T10357,Efficiency Analysis Using DEA,0.9998000264167786
has_topic:publication:W2129763896->topic:T10393,has_topic,publication:W2129763896,topic:T10393,W2129763896,T10393,Economic Growth and Productivity,0.9886000156402588
has_topic:publication:W2129763896->topic:T12709,has_topic,publication:W2129763896,topic:T12709,W2129763896,T12709,Optimization and Mathematical Programming,0.9714000225067139
has_topic:publication:W4300223101->topic:T14500,has_topic,publication:W4300223101,topic:T14500,W4300223101,T14500,Advanced Mathematical Theories,0.67330002784729
has_topic:publication:W4300223101->topic:T12516,has_topic,publication:W4300223101,topic:T12516,W4300223101,T12516,Advanced Mathematical Theories and Applications,0.5943999886512756
has_topic:publication:W1989314580->topic:T11798,has_topic,publication:W1989314580,topic:T11798,W1989314580,T11798,Optimal Experimental Design Methods,0.9998999834060669
has_topic:publication:W1989314580->topic:T11235,has_topic,publication:W1989314580,topic:T11235,W1989314580,T11235,Statistical Methods in Clinical Trials,0.9929999709129333
has_topic:publication:W1989314580->topic:T10848,has_topic,publication:W1989314580,topic:T10848,W1989314580,T10848,Advanced Multi-Objective Optimization Algorithms,0.951200008392334
has_topic:publication:W2172151487->topic:T10235,has_topic,publication:W2172151487,topic:T10235,W2172151487,T10235,Health disparities and outcomes,0.9984999895095825
has_topic:publication:W2172151487->topic:T12480,has_topic,publication:W2172151487,topic:T12480,W2172151487,T12480,Health and Wellbeing Research,0.9904000163078308
has_topic:publication:W2172151487->topic:T10467,has_topic,publication:W2172151487,topic:T10467,W2172151487,T10467,Psychometric Methodologies and Testing,0.972000002861023
has_topic:publication:W4292806894->topic:T12480,has_topic,publication:W4292806894,topic:T12480,W4292806894,T12480,Health and Wellbeing Research,0.9793000221252441
has_topic:publication:W4292806894->topic:T10235,has_topic,publication:W4292806894,topic:T10235,W4292806894,T10235,Health disparities and outcomes,0.9775000214576721
has_topic:publication:W4292806894->topic:T14212,has_topic,publication:W4292806894,topic:T14212,W4292806894,T14212,Health Promotion and Cardiovascular Prevention,0.9319000244140625
has_topic:publication:W2612891587->topic:T10206,has_topic,publication:W2612891587,topic:T10206,W2612891587,T10206,Meta-analysis and systematic reviews,0.8870000243186951
has_topic:publication:W3120740533->topic:T11396,has_topic,publication:W3120740533,topic:T11396,W3120740533,T11396,Artificial Intelligence in Healthcare,0.06129999831318855
has_topic:publication:W3120740533->topic:T12535,has_topic,publication:W3120740533,topic:T12535,W3120740533,T12535,Machine Learning and Data Classification,0.040300000458955765
has_topic:publication:W255996521->topic:T13937,has_topic,publication:W255996521,topic:T13937,W255996521,T13937,"Genetics, Bioinformatics, and Biomedical Research",0.791100025177002
has_topic:publication:W255996521->topic:T12327,has_topic,publication:W255996521,topic:T12327,W255996521,T12327,Various Chemistry Research Topics,0.6963000297546387
has_topic:publication:W1573234480->topic:T13820,has_topic,publication:W1573234480,topic:T13820,W1573234480,T13820,SAS software applications and methods,0.906499981880188
has_topic:publication:W1590154464->topic:T14103,has_topic,publication:W1590154464,topic:T14103,W1590154464,T14103,Educational Management and Quality,0.09589999914169312
has_topic:publication:W3089485186->topic:T12039,has_topic,publication:W3089485186,topic:T12039,W3089485186,T12039,Electron and X-Ray Spectroscopy Techniques,0.9961000084877014
has_topic:publication:W3089485186->topic:T12613,has_topic,publication:W3089485186,topic:T12613,W3089485186,T12613,X-ray Diffraction in Crystallography,0.9692999720573425
has_topic:publication:W3089485186->topic:T11733,has_topic,publication:W3089485186,topic:T11733,W3089485186,T11733,X-ray Spectroscopy and Fluorescence Analysis,0.963699996471405
has_topic:publication:W2888190061->topic:T12805,has_topic,publication:W2888190061,topic:T12805,W2888190061,T12805,Cognitive Science and Mapping,0.26420000195503235
has_topic:publication:W2135943618->topic:T13447,has_topic,publication:W2135943618,topic:T13447,W2135943618,T13447,Educational and Psychological Assessments,0.8181999921798706
has_topic:publication:W2171129594->topic:T10352,has_topic,publication:W2171129594,topic:T10352,W2171129594,T10352,Physical Activity and Health,0.9998000264167786
has_topic:publication:W2171129594->topic:T10010,has_topic,publication:W2171129594,topic:T10010,W2171129594,T10010,"Obesity, Physical Activity, Diet",0.9959999918937683
has_topic:publication:W2171129594->topic:T12241,has_topic,publication:W2171129594,topic:T12241,W2171129594,T12241,Children's Physical and Motor Development,0.9879999756813049
has_topic:publication:W2004008756->topic:T10157,has_topic,publication:W2004008756,topic:T10157,W2004008756,T10157,Sports Performance and Training,0.9868000149726868
has_topic:publication:W2107277218->topic:T11970,has_topic,publication:W2107277218,topic:T11970,W2107277218,T11970,Molecular Biology Techniques and Applications,1.0
has_topic:publication:W2107277218->topic:T10604,has_topic,publication:W2107277218,topic:T10604,W2107277218,T10604,RNA Research and Splicing,0.9629999995231628
has_topic:publication:W2107277218->topic:T10885,has_topic,publication:W2107277218,topic:T10885,W2107277218,T10885,Gene expression and cancer classification,0.9513999819755554
has_topic:publication:W1559903407->topic:T10908,has_topic,publication:W1559903407,topic:T10908,W1559903407,T10908,Analytical Chemistry and Chromatography,0.9851999878883362
has_topic:publication:W1559903407->topic:T13013,has_topic,publication:W1559903407,topic:T13013,W1559903407,T13013,Free Radicals and Antioxidants,0.9815999865531921
has_topic:publication:W1559903407->topic:T10212,has_topic,publication:W1559903407,topic:T10212,W1559903407,T10212,Electrochemical sensors and biosensors,0.977400004863739
has_topic:publication:W1539796472->topic:T11162,has_topic,publication:W1539796472,topic:T11162,W1539796472,T11162,Enzyme Structure and Function,0.9997000098228455
has_topic:publication:W1539796472->topic:T10044,has_topic,publication:W1539796472,topic:T10044,W1539796472,T10044,Protein Structure and Dynamics,0.9948999881744385
has_topic:publication:W1539796472->topic:T10211,has_topic,publication:W1539796472,topic:T10211,W1539796472,T10211,Computational Drug Discovery Methods,0.9729999899864197
has_topic:publication:W191793640->topic:T12412,has_topic,publication:W191793640,topic:T12412,W191793640,T12412,Enzyme function and inhibition,0.9994000196456909
has_topic:publication:W191793640->topic:T10212,has_topic,publication:W191793640,topic:T10212,W191793640,T10212,Electrochemical sensors and biosensors,0.9986000061035156
has_topic:publication:W191793640->topic:T12302,has_topic,publication:W191793640,topic:T12302,W191793640,T12302,Advanced Nanomaterials in Catalysis,0.9912999868392944
has_topic:publication:W1977825494->topic:T10991,has_topic,publication:W1977825494,topic:T10991,W1977825494,T10991,Game Theory and Voting Systems,0.4406000077724457
has_topic:publication:W1977825494->topic:T10785,has_topic,publication:W1977825494,topic:T10785,W1977825494,T10785,Economic Theory and Institutions,0.4339999854564667
has_topic:publication:W1977825494->topic:T13825,has_topic,publication:W1977825494,topic:T13825,W1977825494,T13825,Economic Policies and Impacts,0.3813000023365021
has_topic:publication:W2100379340->topic:T10068,has_topic,publication:W2100379340,topic:T10068,W2100379340,T10068,Technology Adoption and User Behaviour,0.9998000264167786
has_topic:publication:W2100379340->topic:T10609,has_topic,publication:W2100379340,topic:T10609,W2100379340,T10609,Digital Marketing and Social Media,0.9947999715805054
has_topic:publication:W2100379340->topic:T10154,has_topic,publication:W2100379340,topic:T10154,W2100379340,T10154,Customer Service Quality and Loyalty,0.9896000027656555
has_topic:publication:W1791587663->topic:T10068,has_topic,publication:W1791587663,topic:T10068,W1791587663,T10068,Technology Adoption and User Behaviour,0.9998000264167786
has_topic:publication:W1791587663->topic:T12028,has_topic,publication:W1791587663,topic:T12028,W1791587663,T12028,Knowledge Management and Sharing,0.9921000003814697
has_topic:publication:W1791587663->topic:T10609,has_topic,publication:W1791587663,topic:T10609,W1791587663,T10609,Digital Marketing and Social Media,0.9858999848365784
has_topic:publication:W2047968138->topic:T10591,has_topic,publication:W2047968138,topic:T10591,W2047968138,T10591,Theoretical and Computational Physics,0.9983999729156494
has_topic:publication:W2047968138->topic:T11948,has_topic,publication:W2047968138,topic:T11948,W2047968138,T11948,Machine Learning in Materials Science,0.9959999918937683
has_topic:publication:W2047968138->topic:T10049,has_topic,publication:W2047968138,topic:T10049,W2047968138,T10049,Magnetic properties of thin films,0.9933000206947327
has_topic:publication:W2056330418->topic:T12880,has_topic,publication:W2056330418,topic:T12880,W2056330418,T12880,Qualitative Research Methods and Applications,0.3357999920845032
has_topic:publication:W2329223578->topic:T12880,has_topic,publication:W2329223578,topic:T12880,W2329223578,T12880,Qualitative Research Methods and Applications,0.13079999387264252
has_topic:publication:W4251751280->topic:T10015,has_topic,publication:W4251751280,topic:T10015,W4251751280,T10015,Genomics and Phylogenetic Studies,0.9995999932289124
has_topic:publication:W4251751280->topic:T11764,has_topic,publication:W4251751280,topic:T11764,W4251751280,T11764,Evolution and Genetic Dynamics,0.9994000196456909
has_topic:publication:W4251751280->topic:T10012,has_topic,publication:W4251751280,topic:T10012,W4251751280,T10012,Genetic diversity and population structure,0.9990000128746033
has_topic:publication:W3005235420->topic:T10015,has_topic,publication:W3005235420,topic:T10015,W3005235420,T10015,Genomics and Phylogenetic Studies,0.9998999834060669
has_topic:publication:W3005235420->topic:T10012,has_topic,publication:W3005235420,topic:T10012,W3005235420,T10012,Genetic diversity and population structure,0.9973999857902527
has_topic:publication:W3005235420->topic:T11354,has_topic,publication:W3005235420,topic:T11354,W3005235420,T11354,Evolution and Paleontology Studies,0.9929999709129333
has_topic:publication:W2799524357->topic:T10015,has_topic,publication:W2799524357,topic:T10015,W2799524357,T10015,Genomics and Phylogenetic Studies,0.9941999912261963
has_topic:publication:W2799524357->topic:T11764,has_topic,publication:W2799524357,topic:T11764,W2799524357,T11764,Evolution and Genetic Dynamics,0.9902999997138977
has_topic:publication:W2799524357->topic:T11975,has_topic,publication:W2799524357,topic:T11975,W2799524357,T11975,Evolutionary Algorithms and Applications,0.9890000224113464
has_topic:publication:W2311203695->topic:T10015,has_topic,publication:W2311203695,topic:T10015,W2311203695,T10015,Genomics and Phylogenetic Studies,0.9997000098228455
has_topic:publication:W2311203695->topic:T11791,has_topic,publication:W2311203695,topic:T11791,W2311203695,T11791,Microbial Community Ecology and Physiology,0.9925000071525574
has_topic:publication:W2311203695->topic:T11879,has_topic,publication:W2311203695,topic:T11879,W2311203695,T11879,Protist diversity and phylogeny,0.9832000136375427
has_topic:publication:W2111647009->topic:T10015,has_topic,publication:W2111647009,topic:T10015,W2111647009,T10015,Genomics and Phylogenetic Studies,0.9997000098228455
has_topic:publication:W2111647009->topic:T11269,has_topic,publication:W2111647009,topic:T11269,W2111647009,T11269,Algorithms and Data Compression,0.9937999844551086
has_topic:publication:W2111647009->topic:T10434,has_topic,publication:W2111647009,topic:T10434,W2111647009,T10434,Chromosomal and Genetic Variations,0.9858999848365784
has_topic:publication:W2160378127->topic:T10015,has_topic,publication:W2160378127,topic:T10015,W2160378127,T10015,Genomics and Phylogenetic Studies,0.9998999834060669
has_topic:publication:W2160378127->topic:T10521,has_topic,publication:W2160378127,topic:T10521,W2160378127,T10521,RNA and protein synthesis mechanisms,0.9990000128746033
has_topic:publication:W2160378127->topic:T10120,has_topic,publication:W2160378127,topic:T10120,W2160378127,T10120,Bacterial Genetics and Biotechnology,0.9825000166893005
has_topic:publication:W2152207030->topic:T10015,has_topic,publication:W2152207030,topic:T10015,W2152207030,T10015,Genomics and Phylogenetic Studies,0.9997000098228455
has_topic:publication:W2152207030->topic:T11764,has_topic,publication:W2152207030,topic:T11764,W2152207030,T11764,Evolution and Genetic Dynamics,0.9959999918937683
has_topic:publication:W2152207030->topic:T10012,has_topic,publication:W2152207030,topic:T10012,W2152207030,T10012,Genetic diversity and population structure,0.9940000176429749
has_topic:publication:W2132632499->topic:T10015,has_topic,publication:W2132632499,topic:T10015,W2132632499,T10015,Genomics and Phylogenetic Studies,0.9998000264167786
has_topic:publication:W2132632499->topic:T10012,has_topic,publication:W2132632499,topic:T10012,W2132632499,T10012,Genetic diversity and population structure,0.9988999962806702
has_topic:publication:W2132632499->topic:T11764,has_topic,publication:W2132632499,topic:T11764,W2132632499,T11764,Evolution and Genetic Dynamics,0.9962999820709229
has_topic:publication:W2125121305->topic:T10015,has_topic,publication:W2125121305,topic:T10015,W2125121305,T10015,Genomics and Phylogenetic Studies,1.0
has_topic:publication:W2125121305->topic:T10012,has_topic,publication:W2125121305,topic:T10012,W2125121305,T10012,Genetic diversity and population structure,0.994700014591217
has_topic:publication:W2125121305->topic:T10434,has_topic,publication:W2125121305,topic:T10434,W2125121305,T10434,Chromosomal and Genetic Variations,0.986299991607666
has_topic:publication:W2097706568->topic:T10012,has_topic,publication:W2097706568,topic:T10012,W2097706568,T10012,Genetic diversity and population structure,0.9976000189781189
has_topic:publication:W2097706568->topic:T11354,has_topic,publication:W2097706568,topic:T11354,W2097706568,T11354,Evolution and Paleontology Studies,0.9975000023841858
has_topic:publication:W2097706568->topic:T10015,has_topic,publication:W2097706568,topic:T10015,W2097706568,T10015,Genomics and Phylogenetic Studies,0.9973000288009644
has_topic:publication:W2161339576->topic:T10012,has_topic,publication:W2161339576,topic:T10012,W2161339576,T10012,Genetic diversity and population structure,0.9997000098228455
has_topic:publication:W2161339576->topic:T10751,has_topic,publication:W2161339576,topic:T10751,W2161339576,T10751,Forensic and Genetic Research,0.9939000010490417
has_topic:publication:W2161339576->topic:T11468,has_topic,publication:W2161339576,topic:T11468,W2161339576,T11468,Genetic Mapping and Diversity in Plants and Animals,0.9901000261306763
has_topic:publication:W2004444667->topic:T10012,has_topic,publication:W2004444667,topic:T10012,W2004444667,T10012,Genetic diversity and population structure,0.9882000088691711
has_topic:publication:W2004444667->topic:T11229,has_topic,publication:W2004444667,topic:T11229,W2004444667,T11229,Genetics and Plant Breeding,0.9854999780654907
has_topic:publication:W2004444667->topic:T11764,has_topic,publication:W2004444667,topic:T11764,W2004444667,T11764,Evolution and Genetic Dynamics,0.9847999811172485
has_topic:publication:W1990074132->topic:T11468,has_topic,publication:W1990074132,topic:T11468,W1990074132,T11468,Genetic Mapping and Diversity in Plants and Animals,0.9976999759674072
has_topic:publication:W1990074132->topic:T10261,has_topic,publication:W1990074132,topic:T10261,W1990074132,T10261,Genetic Associations and Epidemiology,0.9958999752998352
has_topic:publication:W1990074132->topic:T10885,has_topic,publication:W1990074132,topic:T10885,W1990074132,T10885,Gene expression and cancer classification,0.9955999851226807
has_topic:publication:W2148941593->topic:T10002,has_topic,publication:W2148941593,topic:T10002,W2148941593,T10002,Advanced Chemical Physics Studies,0.9994000196456909
has_topic:publication:W2148941593->topic:T10523,has_topic,publication:W2148941593,topic:T10523,W2148941593,T10523,Atomic and Molecular Physics,0.9994000196456909
has_topic:publication:W2148941593->topic:T12220,has_topic,publication:W2148941593,topic:T12220,W2148941593,T12220,Quantum Electrodynamics and Casimir Effect,0.9988999962806702
has_topic:publication:W2127322768->topic:T10015,has_topic,publication:W2127322768,topic:T10015,W2127322768,T10015,Genomics and Phylogenetic Studies,0.9991999864578247
has_topic:publication:W2127322768->topic:T10602,has_topic,publication:W2127322768,topic:T10602,W2127322768,T10602,Glycosylation and Glycoproteins Research,0.9976000189781189
has_topic:publication:W2127322768->topic:T11048,has_topic,publication:W2127322768,topic:T11048,W2127322768,T11048,Bacteriophages and microbial interactions,0.9876999855041504
has_topic:publication:W2955504961->topic:T12281,has_topic,publication:W2955504961,topic:T12281,W2955504961,T12281,Animal testing and alternatives,0.5813999772071838
has_topic:publication:W3177828909->topic:T10044,has_topic,publication:W3177828909,topic:T10044,W3177828909,T10044,Protein Structure and Dynamics,0.9993000030517578
has_topic:publication:W3177828909->topic:T12254,has_topic,publication:W3177828909,topic:T12254,W3177828909,T12254,Machine Learning in Bioinformatics,0.9975000023841858
has_topic:publication:W3177828909->topic:T11162,has_topic,publication:W3177828909,topic:T11162,W3177828909,T11162,Enzyme Structure and Function,0.9955999851226807
has_topic:publication:W3004280078->topic:T10118,has_topic,publication:W3004280078,topic:T10118,W3004280078,T10118,SARS-CoV-2 and COVID-19 Research,1.0
has_topic:publication:W3004280078->topic:T10041,has_topic,publication:W3004280078,topic:T10041,W3004280078,T10041,COVID-19 Clinical Research Studies,0.9970999956130981
has_topic:publication:W3004280078->topic:T11495,has_topic,publication:W3004280078,topic:T11495,W3004280078,T11495,Animal Virus Infections Studies,0.9908000230789185
has_topic:publication:W3035965352->topic:T13650,has_topic,publication:W3035965352,topic:T13650,W3035965352,T13650,Computational Physics and Python Applications,0.3926999866962433
has_topic:publication:W3035965352->topic:T11948,has_topic,publication:W3035965352,topic:T11948,W3035965352,T11948,Machine Learning in Materials Science,0.060600001364946365
has_topic:publication:W3035965352->topic:T11986,has_topic,publication:W3035965352,topic:T11986,W3035965352,T11986,Scientific Computing and Data Management,0.04740000143647194
has_topic:publication:W2257979135->topic:T11574,has_topic,publication:W2257979135,topic:T11574,W2257979135,T11574,Artificial Intelligence in Games,0.9998000264167786
has_topic:publication:W2257979135->topic:T11674,has_topic,publication:W2257979135,topic:T11674,W2257979135,T11674,Sports Analytics and Performance,0.9943000078201294
has_topic:publication:W2257979135->topic:T10731,has_topic,publication:W2257979135,topic:T10731,W2257979135,T10731,Educational Games and Gamification,0.989300012588501
has_topic:publication:W2104549677->topic:T10261,has_topic,publication:W2104549677,topic:T10261,W2104549677,T10261,Genetic Associations and Epidemiology,0.9994999766349792
has_topic:publication:W2104549677->topic:T11642,has_topic,publication:W2104549677,topic:T11642,W2104549677,T11642,Genomics and Rare Diseases,0.9994999766349792
has_topic:publication:W2104549677->topic:T10015,has_topic,publication:W2104549677,topic:T10015,W2104549677,T10015,Genomics and Phylogenetic Studies,0.9990000128746033
has_topic:publication:W2919115771->topic:T10775,has_topic,publication:W2919115771,topic:T10775,W2919115771,T10775,Generative Adversarial Networks and Image Synthesis,0.9987999796867371
has_topic:publication:W2919115771->topic:T10320,has_topic,publication:W2919115771,topic:T10320,W2919115771,T10320,Neural Networks and Applications,0.9972000122070312
has_topic:publication:W2919115771->topic:T11512,has_topic,publication:W2919115771,topic:T11512,W2919115771,T11512,Anomaly Detection Techniques and Applications,0.9970999956130981
has_topic:publication:W2145339207->topic:T10581,has_topic,publication:W2145339207,topic:T10581,W2145339207,T10581,Neural dynamics and brain function,0.9991000294685364
has_topic:publication:W2145339207->topic:T10448,has_topic,publication:W2145339207,topic:T10448,W2145339207,T10448,Memory and Neural Mechanisms,0.9911999702453613
has_topic:publication:W2145339207->topic:T10042,has_topic,publication:W2145339207,topic:T10042,W2145339207,T10042,Neural and Behavioral Psychology Studies,0.9879000186920166
has_topic:publication:W2259938310->topic:T10222,has_topic,publication:W2259938310,topic:T10222,W2259938310,T10222,Genomics and Chromatin Dynamics,1.0
has_topic:publication:W2259938310->topic:T10521,has_topic,publication:W2259938310,topic:T10521,W2259938310,T10521,RNA and protein synthesis mechanisms,0.9991999864578247
has_topic:publication:W2259938310->topic:T11482,has_topic,publication:W2259938310,topic:T11482,W2259938310,T11482,RNA modifications and cancer,0.9990000128746033
has_topic:publication:W2006318126->topic:T10018,has_topic,publication:W2006318126,topic:T10018,W2006318126,T10018,Advancements in Battery Materials,0.9991999864578247
has_topic:publication:W2006318126->topic:T11690,has_topic,publication:W2006318126,topic:T11690,W2006318126,T11690,Advanced battery technologies research,0.9987999796867371
has_topic:publication:W2006318126->topic:T10663,has_topic,publication:W2006318126,topic:T10663,W2006318126,T10663,Advanced Battery Technologies Research,0.9965999722480774
has_topic:publication:W2125284466->topic:T10083,has_topic,publication:W2125284466,topic:T10083,W2125284466,T10083,Graphene research and applications,0.9998999834060669
has_topic:publication:W2125284466->topic:T10657,has_topic,publication:W2125284466,topic:T10657,W2125284466,T10657,Topological Materials and Phenomena,0.9997000098228455
has_topic:publication:W2125284466->topic:T12220,has_topic,publication:W2125284466,topic:T12220,W2125284466,T12220,Quantum Electrodynamics and Casimir Effect,0.9991999864578247
has_topic:publication:W2168909179->topic:T10521,has_topic,publication:W2168909179,topic:T10521,W2168909179,T10521,RNA and protein synthesis mechanisms,0.9991999864578247
has_topic:publication:W2168909179->topic:T10015,has_topic,publication:W2168909179,topic:T10015,W2168909179,T10015,Genomics and Phylogenetic Studies,0.9977999925613403
has_topic:publication:W2168909179->topic:T10222,has_topic,publication:W2168909179,topic:T10222,W2168909179,T10222,Genomics and Chromatin Dynamics,0.9959999918937683
has_topic:publication:W1949231392->topic:T10018,has_topic,publication:W1949231392,topic:T10018,W1949231392,T10018,Advancements in Battery Materials,1.0
has_topic:publication:W1949231392->topic:T10281,has_topic,publication:W1949231392,topic:T10281,W1949231392,T10281,Advanced Battery Materials and Technologies,1.0
has_topic:publication:W1949231392->topic:T10663,has_topic,publication:W1949231392,topic:T10663,W1949231392,T10663,Advanced Battery Technologies Research,1.0
has_topic:publication:W2162348455->topic:T10895,has_topic,publication:W2162348455,topic:T10895,W2162348455,T10895,Species Distribution and Climate Change,0.9993000030517578
has_topic:publication:W2162348455->topic:T10005,has_topic,publication:W2162348455,topic:T10005,W2162348455,T10005,Ecology and Vegetation Dynamics Studies,0.9990000128746033
has_topic:publication:W2162348455->topic:T10199,has_topic,publication:W2162348455,topic:T10199,W2162348455,T10199,Wildlife Ecology and Conservation,0.9943000078201294
has_topic:publication:W2097255042->topic:T10885,has_topic,publication:W2097255042,topic:T10885,W2097255042,T10885,Gene expression and cancer classification,0.9998000264167786
has_topic:publication:W2097255042->topic:T11970,has_topic,publication:W2097255042,topic:T11970,W2097255042,T11970,Molecular Biology Techniques and Applications,0.9979000091552734
has_topic:publication:W2097255042->topic:T10222,has_topic,publication:W2097255042,topic:T10222,W2097255042,T10222,Genomics and Chromatin Dynamics,0.9973000288009644
has_topic:publication:W2112090702->topic:T11187,has_topic,publication:W2112090702,topic:T11187,W2112090702,T11187,Nonlinear Dynamics and Pattern Formation,0.9991000294685364
has_topic:publication:W2112090702->topic:T11513,has_topic,publication:W2112090702,topic:T11513,W2112090702,T11513,stochastic dynamics and bifurcation,0.994700014591217
has_topic:publication:W2112090702->topic:T10621,has_topic,publication:W2112090702,topic:T10621,W2112090702,T10621,Gene Regulatory Network Analysis,0.9944000244140625
has_topic:publication:W2746485780->topic:T12013,has_topic,publication:W2746485780,topic:T12013,W2746485780,T12013,Sustainable Development and Environmental Policy,0.9868000149726868
has_topic:publication:W2746485780->topic:T12643,has_topic,publication:W2746485780,topic:T12643,W2746485780,T12643,Sustainability and Ecological Systems Analysis,0.9861000180244446
has_topic:publication:W2746485780->topic:T10841,has_topic,publication:W2746485780,topic:T10841,W2746485780,T10841,Economic and Environmental Valuation,0.9736999869346619
has_topic:publication:W2042602209->topic:T10735,has_topic,publication:W2042602209,topic:T10735,W2042602209,T10735,Mesoporous Materials and Catalysis,1.0
has_topic:publication:W2042602209->topic:T10353,has_topic,publication:W2042602209,topic:T10353,W2042602209,T10353,Zeolite Catalysis and Synthesis,0.9998999834060669
has_topic:publication:W2042602209->topic:T11286,has_topic,publication:W2042602209,topic:T11286,W2042602209,T11286,Polyoxometalates: Synthesis and Applications,0.9980000257492065
has_topic:publication:W1980216394->topic:T10024,has_topic,publication:W1980216394,topic:T10024,W1980216394,T10024,TiO2 Photocatalysis and Solar Cells,0.9998999834060669
has_topic:publication:W1980216394->topic:T10321,has_topic,publication:W1980216394,topic:T10321,W1980216394,T10321,Quantum Dots Synthesis And Properties,0.9998000264167786
has_topic:publication:W1980216394->topic:T10078,has_topic,publication:W1980216394,topic:T10078,W1980216394,T10078,Advanced Photocatalysis Techniques,0.9994999766349792
has_topic:publication:W2018858346->topic:T10956,has_topic,publication:W2018858346,topic:T10956,W2018858346,T10956,Fullerene Chemistry and Applications,1.0
has_topic:publication:W2018858346->topic:T10074,has_topic,publication:W2018858346,topic:T10074,W2018858346,T10074,Carbon Nanotubes in Composites,0.9998000264167786
has_topic:publication:W2018858346->topic:T10083,has_topic,publication:W2018858346,topic:T10083,W2018858346,T10083,Graphene research and applications,0.9994999766349792
has_topic:publication:W1498436455->topic:T10320,has_topic,publication:W1498436455,topic:T10320,W1498436455,T10320,Neural Networks and Applications,0.9998999834060669
has_topic:publication:W1498436455->topic:T11236,has_topic,publication:W1498436455,topic:T11236,W1498436455,T11236,Control Systems and Identification,0.9908000230789185
has_topic:publication:W1498436455->topic:T11447,has_topic,publication:W1498436455,topic:T11447,W1498436455,T11447,Blind Source Separation Techniques,0.9778000116348267
has_topic:publication:W11476871->topic:T10956,has_topic,publication:W11476871,topic:T10956,W11476871,T10956,Fullerene Chemistry and Applications,0.9994000196456909
has_topic:publication:W11476871->topic:T11341,has_topic,publication:W11476871,topic:T11341,W11476871,T11341,Boron and Carbon Nanomaterials Research,0.9936000108718872
has_topic:publication:W11476871->topic:T10523,has_topic,publication:W11476871,topic:T10523,W11476871,T10523,Atomic and Molecular Physics,0.9855999946594238
has_topic:publication:W2030522563->topic:T10602,has_topic,publication:W2030522563,topic:T10602,W2030522563,T10602,Glycosylation and Glycoproteins Research,0.9884999990463257
has_topic:publication:W2030522563->topic:T11016,has_topic,publication:W2030522563,topic:T11016,W2030522563,T11016,Monoclonal and Polyclonal Antibodies Research,0.9706000089645386
has_topic:publication:W2030522563->topic:T11663,has_topic,publication:W2030522563,topic:T11663,W2030522563,T11663,Viral Infectious Diseases and Gene Expression in Insects,0.9567000269889832
has_topic:publication:W2042492216->topic:T11434,has_topic,publication:W2042492216,topic:T11434,W2042492216,T11434,Electrochemical Analysis and Applications,0.9487000107765198
has_topic:publication:W2042492216->topic:T11472,has_topic,publication:W2042492216,topic:T11472,W2042492216,T11472,Analytical Chemistry and Sensors,0.92330002784729
has_topic:publication:W2100837269->topic:T11048,has_topic,publication:W2100837269,topic:T11048,W2100837269,T11048,Bacteriophages and microbial interactions,0.9980000257492065
has_topic:publication:W2100837269->topic:T10015,has_topic,publication:W2100837269,topic:T10015,W2100837269,T10015,Genomics and Phylogenetic Studies,0.9837999939918518
has_topic:publication:W2100837269->topic:T10044,has_topic,publication:W2100837269,topic:T10044,W2100837269,T10044,Protein Structure and Dynamics,0.9836000204086304
has_topic:publication:W2963276645->topic:T10066,has_topic,publication:W2963276645,topic:T10066,W2963276645,T10066,Gut microbiota and health,0.9900000095367432
has_topic:publication:W2963276645->topic:T10836,has_topic,publication:W2963276645,topic:T10836,W2963276645,T10836,Metabolomics and Mass Spectrometry Studies,0.9847000241279602
has_topic:publication:W2963276645->topic:T10885,has_topic,publication:W2963276645,topic:T10885,W2963276645,T10885,Gene expression and cancer classification,0.9732999801635742
has_topic:publication:W2126419817->topic:T10015,has_topic,publication:W2126419817,topic:T10015,W2126419817,T10015,Genomics and Phylogenetic Studies,0.9998999834060669
has_topic:publication:W2126419817->topic:T10521,has_topic,publication:W2126419817,topic:T10521,W2126419817,T10521,RNA and protein synthesis mechanisms,0.9991999864578247
has_topic:publication:W2126419817->topic:T11482,has_topic,publication:W2126419817,topic:T11482,W2126419817,T11482,RNA modifications and cancer,0.9980999827384949
has_topic:publication:W2021341670->topic:T11287,has_topic,publication:W2021341670,topic:T11287,W2021341670,T11287,Cancer Genomics and Diagnostics,0.9979000091552734
has_topic:publication:W2021341670->topic:T11289,has_topic,publication:W2021341670,topic:T11289,W2021341670,T11289,Single-cell and spatial transcriptomics,0.9966999888420105
has_topic:publication:W2021341670->topic:T10015,has_topic,publication:W2021341670,topic:T10015,W2021341670,T10015,Genomics and Phylogenetic Studies,0.9940999746322632
has_topic:publication:W2141458291->topic:T10604,has_topic,publication:W2141458291,topic:T10604,W2141458291,T10604,RNA Research and Splicing,0.9998999834060669
has_topic:publication:W2141458291->topic:T11482,has_topic,publication:W2141458291,topic:T11482,W2141458291,T11482,RNA modifications and cancer,0.9998000264167786
has_topic:publication:W2141458291->topic:T10515,has_topic,publication:W2141458291,topic:T10515,W2141458291,T10515,Cancer-related molecular mechanisms research,0.9997000098228455
has_topic:publication:W2080752012->topic:T10519,has_topic,publication:W2080752012,topic:T10519,W2080752012,T10519,Advanced Proteomics Techniques and Applications,1.0
has_topic:publication:W2080752012->topic:T10683,has_topic,publication:W2080752012,topic:T10683,W2080752012,T10683,Mass Spectrometry Techniques and Applications,0.9998999834060669
has_topic:publication:W2080752012->topic:T10836,has_topic,publication:W2080752012,topic:T10836,W2080752012,T10836,Metabolomics and Mass Spectrometry Studies,0.9973999857902527
has_topic:publication:W2103017472->topic:T10887,has_topic,publication:W2103017472,topic:T10887,W2103017472,T10887,Bioinformatics and Genomic Networks,0.9993000030517578
has_topic:publication:W2103017472->topic:T11710,has_topic,publication:W2103017472,topic:T11710,W2103017472,T11710,Biomedical Text Mining and Ontologies,0.9970999956130981
has_topic:publication:W2103017472->topic:T10932,has_topic,publication:W2103017472,topic:T10932,W2103017472,T10932,Microbial Metabolic Engineering and Bioproduction,0.9955000281333923
has_topic:publication:W2053328406->topic:T10179,has_topic,publication:W2053328406,topic:T10179,W2053328406,T10179,Supercapacitor Materials and Fabrication,1.0
has_topic:publication:W2053328406->topic:T10018,has_topic,publication:W2053328406,topic:T10018,W2053328406,T10018,Advancements in Battery Materials,0.9991000294685364
has_topic:publication:W2053328406->topic:T11690,has_topic,publication:W2053328406,topic:T11690,W2053328406,T11690,Advanced battery technologies research,0.9973999857902527
has_topic:publication:W2014935324->topic:T10083,has_topic,publication:W2014935324,topic:T10083,W2014935324,T10083,Graphene research and applications,1.0
has_topic:publication:W2014935324->topic:T10074,has_topic,publication:W2014935324,topic:T10074,W2014935324,T10074,Carbon Nanotubes in Composites,0.9983999729156494
has_topic:publication:W2014935324->topic:T10502,has_topic,publication:W2014935324,topic:T10502,W2014935324,T10502,Advanced Memory and Neural Computing,0.995199978351593
has_topic:publication:W3003257820->topic:T13650,has_topic,publication:W3003257820,topic:T13650,W3003257820,T13650,Computational Physics and Python Applications,0.5120999813079834
has_topic:publication:W3003257820->topic:T11986,has_topic,publication:W3003257820,topic:T11986,W3003257820,T11986,Scientific Computing and Data Management,0.22429999709129333
has_topic:publication:W3003257820->topic:T13937,has_topic,publication:W3003257820,topic:T13937,W3003257820,T13937,"Genetics, Bioinformatics, and Biomedical Research",0.018200000748038292
has_topic:publication:W2614081736->topic:T11354,has_topic,publication:W2614081736,topic:T11354,W2614081736,T11354,Evolution and Paleontology Studies,0.9983999729156494
has_topic:publication:W2614081736->topic:T10015,has_topic,publication:W2614081736,topic:T10015,W2614081736,T10015,Genomics and Phylogenetic Studies,0.9976000189781189
has_topic:publication:W2614081736->topic:T10012,has_topic,publication:W2614081736,topic:T10012,W2614081736,T10012,Genetic diversity and population structure,0.9839000105857849
has_topic:publication:W2401404581->topic:T10066,has_topic,publication:W2401404581,topic:T10066,W2401404581,T10066,Gut microbiota and health,0.9987999796867371
has_topic:publication:W2401404581->topic:T10141,has_topic,publication:W2401404581,topic:T10141,W2401404581,T10141,Probiotics and Fermented Foods,0.9968000054359436
has_topic:publication:W2401404581->topic:T10428,has_topic,publication:W2401404581,topic:T10428,W2401404581,T10428,Reproductive tract infections research,0.9923999905586243
has_topic:publication:W2102278945->topic:T10015,has_topic,publication:W2102278945,topic:T10015,W2102278945,T10015,Genomics and Phylogenetic Studies,0.9998000264167786
has_topic:publication:W2102278945->topic:T10521,has_topic,publication:W2102278945,topic:T10521,W2102278945,T10521,RNA and protein synthesis mechanisms,0.9976000189781189
has_topic:publication:W2102278945->topic:T11482,has_topic,publication:W2102278945,topic:T11482,W2102278945,T11482,RNA modifications and cancer,0.996399998664856
has_topic:publication:W2088833470->topic:T11791,has_topic,publication:W2088833470,topic:T11791,W2088833470,T11791,Microbial Community Ecology and Physiology,0.9994000196456909
has_topic:publication:W2088833470->topic:T10066,has_topic,publication:W2088833470,topic:T10066,W2088833470,T10066,Gut microbiota and health,0.9991000294685364
has_topic:publication:W2088833470->topic:T10015,has_topic,publication:W2088833470,topic:T10015,W2088833470,T10015,Genomics and Phylogenetic Studies,0.9988999962806702
has_topic:publication:W2170551349->topic:T10015,has_topic,publication:W2170551349,topic:T10015,W2170551349,T10015,Genomics and Phylogenetic Studies,0.9991999864578247
has_topic:publication:W2170551349->topic:T11269,has_topic,publication:W2170551349,topic:T11269,W2170551349,T11269,Algorithms and Data Compression,0.9864000082015991
has_topic:publication:W2170551349->topic:T10521,has_topic,publication:W2170551349,topic:T10521,W2170551349,T10521,RNA and protein synthesis mechanisms,0.9685999751091003
has_topic:publication:W2167279371->topic:T12859,has_topic,publication:W2167279371,topic:T12859,W2167279371,T12859,Cell Image Analysis Techniques,0.9979000091552734
has_topic:publication:W2167279371->topic:T13937,has_topic,publication:W2167279371,topic:T13937,W2167279371,T13937,"Genetics, Bioinformatics, and Biomedical Research",0.9979000091552734
has_topic:publication:W2167279371->topic:T10015,has_topic,publication:W2167279371,topic:T10015,W2167279371,T10015,Genomics and Phylogenetic Studies,0.9961000084877014
has_topic:publication:W1969042907->topic:T10538,has_topic,publication:W1969042907,topic:T10538,W1969042907,T10538,Data Mining Algorithms and Applications,0.9638000130653381
has_topic:publication:W1969042907->topic:T11195,has_topic,publication:W1969042907,topic:T11195,W1969042907,T11195,Simulation Techniques and Applications,0.9492999911308289
has_topic:publication:W2099540110->topic:T12859,has_topic,publication:W2099540110,topic:T12859,W2099540110,T12859,Cell Image Analysis Techniques,0.9998000264167786
has_topic:publication:W2099540110->topic:T13937,has_topic,publication:W2099540110,topic:T13937,W2099540110,T13937,"Genetics, Bioinformatics, and Biomedical Research",0.9846000075340271
has_topic:publication:W2099540110->topic:T13114,has_topic,publication:W2099540110,topic:T13114,W2099540110,T13114,Image Processing Techniques and Applications,0.9714999794960022
has_topic:publication:W2072970694->topic:T10015,has_topic,publication:W2072970694,topic:T10015,W2072970694,T10015,Genomics and Phylogenetic Studies,0.9972000122070312
has_topic:publication:W2072970694->topic:T11791,has_topic,publication:W2072970694,topic:T11791,W2072970694,T11791,Microbial Community Ecology and Physiology,0.9919999837875366
has_topic:publication:W2072970694->topic:T10887,has_topic,publication:W2072970694,topic:T10887,W2072970694,T10887,Bioinformatics and Genomic Networks,0.9714000225067139
has_topic:publication:W2115786064->topic:T10275,has_topic,publication:W2115786064,topic:T10275,W2115786064,T10275,2D Materials and Applications,1.0
has_topic:publication:W2115786064->topic:T10083,has_topic,publication:W2115786064,topic:T10083,W2115786064,T10083,Graphene research and applications,0.9998000264167786
has_topic:publication:W2115786064->topic:T12529,has_topic,publication:W2115786064,topic:T12529,W2115786064,T12529,Ga2O3 and related materials,0.9987000226974487
has_topic:publication:W2114570899->topic:T11970,has_topic,publication:W2114570899,topic:T11970,W2114570899,T11970,Molecular Biology Techniques and Applications,0.9998999834060669
has_topic:publication:W2114570899->topic:T10604,has_topic,publication:W2114570899,topic:T10604,W2114570899,T10604,RNA Research and Splicing,0.9937000274658203
has_topic:publication:W2114570899->topic:T10885,has_topic,publication:W2114570899,topic:T10885,W2114570899,T10885,Gene expression and cancer classification,0.9728000164031982
has_topic:publication:W2158217645->topic:T10887,has_topic,publication:W2158217645,topic:T10887,W2158217645,T10887,Bioinformatics and Genomic Networks,0.9998999834060669
has_topic:publication:W2158217645->topic:T10885,has_topic,publication:W2158217645,topic:T10885,W2158217645,T10885,Gene expression and cancer classification,0.9994999766349792
has_topic:publication:W2158217645->topic:T12254,has_topic,publication:W2158217645,topic:T12254,W2158217645,T12254,Machine Learning in Bioinformatics,0.9979000091552734
has_topic:publication:W2588681363->topic:T11294,has_topic,publication:W2588681363,topic:T11294,W2588681363,T11294,Infant Nutrition and Health,1.0
has_topic:publication:W2588681363->topic:T12150,has_topic,publication:W2588681363,topic:T12150,W2588681363,T12150,Intestinal Malrotation and Obstruction Disorders,0.9945999979972839
has_topic:publication:W2588681363->topic:T12460,has_topic,publication:W2588681363,topic:T12460,W2588681363,T12460,Pediatric Hepatobiliary Diseases and Treatments,0.9944999814033508
has_topic:publication:W2136922672->topic:T11307,has_topic,publication:W2136922672,topic:T11307,W2136922672,T11307,Domain Adaptation and Few-Shot Learning,0.998199999332428
has_topic:publication:W2136922672->topic:T10775,has_topic,publication:W2136922672,topic:T10775,W2136922672,T10775,Generative Adversarial Networks and Image Synthesis,0.9973999857902527
has_topic:publication:W2136922672->topic:T10320,has_topic,publication:W2136922672,topic:T10320,W2136922672,T10320,Neural Networks and Applications,0.9973000288009644
has_topic:publication:W2064675550->topic:T10320,has_topic,publication:W2064675550,topic:T10320,W2064675550,T10320,Neural Networks and Applications,0.9715999960899353
has_topic:publication:W2064675550->topic:T11307,has_topic,publication:W2064675550,topic:T11307,W2064675550,T11307,Domain Adaptation and Few-Shot Learning,0.9226999878883362
has_topic:publication:W2076063813->topic:T10320,has_topic,publication:W2076063813,topic:T10320,W2076063813,T10320,Neural Networks and Applications,0.9990000128746033
has_topic:publication:W2076063813->topic:T10462,has_topic,publication:W2076063813,topic:T10462,W2076063813,T10462,Reinforcement Learning in Robotics,0.9983000159263611
has_topic:publication:W2076063813->topic:T11307,has_topic,publication:W2076063813,topic:T11307,W2076063813,T11307,Domain Adaptation and Few-Shot Learning,0.9983000159263611
has_topic:publication:W2137983211->topic:T10320,has_topic,publication:W2137983211,topic:T10320,W2137983211,T10320,Neural Networks and Applications,0.9987000226974487
has_topic:publication:W2137983211->topic:T11522,has_topic,publication:W2137983211,topic:T11522,W2137983211,T11522,VLSI and FPGA Design Techniques,0.9883999824523926
has_topic:publication:W2137983211->topic:T11206,has_topic,publication:W2137983211,topic:T11206,W2137983211,T11206,Model Reduction and Neural Networks,0.9824000000953674
has_topic:publication:W1981276685->topic:T10791,has_topic,publication:W1981276685,topic:T10791,W1981276685,T10791,Advanced Control Systems Optimization,0.9897000193595886
has_topic:publication:W1981276685->topic:T10820,has_topic,publication:W1981276685,topic:T10820,W1981276685,T10820,Fuzzy Logic and Control Systems,0.9649999737739563
has_topic:publication:W2058046532->topic:T11304,has_topic,publication:W2058046532,topic:T11304,W2058046532,T11304,Advanced Neuroimaging Techniques and Applications,0.9973999857902527
has_topic:publication:W2058046532->topic:T10241,has_topic,publication:W2058046532,topic:T10241,W2058046532,T10241,Functional Brain Connectivity Studies,0.9965999722480774
has_topic:publication:W2058046532->topic:T10052,has_topic,publication:W2058046532,topic:T10052,W2058046532,T10052,Medical Image Segmentation Techniques,0.9742000102996826
has_topic:publication:W2156220037->topic:T10009,has_topic,publication:W2156220037,topic:T10009,W2156220037,T10009,Dementia and Cognitive Impairment Research,0.991599977016449
has_topic:publication:W2156220037->topic:T10086,has_topic,publication:W2156220037,topic:T10086,W2156220037,T10086,Alzheimer's disease research and treatments,0.9829000234603882
has_topic:publication:W2156220037->topic:T10706,has_topic,publication:W2156220037,topic:T10706,W2156220037,T10706,Traumatic Brain Injury and Neurovascular Disturbances,0.9616000056266785
has_topic:publication:W249845531->topic:T14438,has_topic,publication:W249845531,topic:T14438,W249845531,T14438,Advanced Scientific Research Methods,0.5947999954223633
has_topic:publication:W249845531->topic:T12621,has_topic,publication:W249845531,topic:T12621,W249845531,T12621,Hemispheric Asymmetry in Neuroscience,0.5101000070571899
has_topic:publication:W249845531->topic:T12005,has_topic,publication:W249845531,topic:T12005,W249845531,T12005,Spaceflight effects on biology,0.4860000014305115
has_topic:publication:W2136022845->topic:T12621,has_topic,publication:W2136022845,topic:T12621,W2136022845,T12621,Hemispheric Asymmetry in Neuroscience,0.9983000159263611
has_topic:publication:W3001897055->topic:T10118,has_topic,publication:W3001897055,topic:T10118,W3001897055,T10118,SARS-CoV-2 and COVID-19 Research,0.9998999834060669
has_topic:publication:W3001897055->topic:T10976,has_topic,publication:W3001897055,topic:T10976,W3001897055,T10976,Viral gastroenteritis research and epidemiology,0.9941999912261963
has_topic:publication:W3001897055->topic:T10041,has_topic,publication:W3001897055,topic:T10041,W3001897055,T10041,COVID-19 Clinical Research Studies,0.9940000176429749
has_topic:publication:W3008827533->topic:T10041,has_topic,publication:W3008827533,topic:T10041,W3008827533,T10041,COVID-19 Clinical Research Studies,0.9998999834060669
has_topic:publication:W3008827533->topic:T10118,has_topic,publication:W3008827533,topic:T10118,W3008827533,T10118,SARS-CoV-2 and COVID-19 Research,0.9995999932289124
has_topic:publication:W3008827533->topic:T11296,has_topic,publication:W3008827533,topic:T11296,W3008827533,T11296,COVID-19 and healthcare impacts,0.9988999962806702
has_topic:publication:W3003668884->topic:T10118,has_topic,publication:W3003668884,topic:T10118,W3003668884,T10118,SARS-CoV-2 and COVID-19 Research,0.9998000264167786
has_topic:publication:W3003668884->topic:T10410,has_topic,publication:W3003668884,topic:T10410,W3003668884,T10410,COVID-19 epidemiological studies,0.9995999932289124
has_topic:publication:W3003668884->topic:T11243,has_topic,publication:W3003668884,topic:T11243,W3003668884,T11243,Respiratory viral infections research,0.996399998664856
has_topic:publication:W2096287682->topic:T10129,has_topic,publication:W2096287682,topic:T10129,W2096287682,T10129,Glioma Diagnosis and Treatment,1.0
has_topic:publication:W2096287682->topic:T11600,has_topic,publication:W2096287682,topic:T11600,W2096287682,T11600,Brain Metastases and Treatment,0.996999979019165
has_topic:publication:W2096287682->topic:T10522,has_topic,publication:W2096287682,topic:T10522,W2096287682,T10522,Medical Imaging Techniques and Applications,0.9957000017166138
has_topic:publication:W2158822657->topic:T11339,has_topic,publication:W2158822657,topic:T11339,W2158822657,T11339,"Metabolism, Diabetes, and Cancer",0.9994000196456909
has_topic:publication:W2158822657->topic:T12539,has_topic,publication:W2158822657,topic:T12539,W2158822657,T12539,Pharmacology and Obesity Treatment,0.9993000030517578
has_topic:publication:W2158822657->topic:T10027,has_topic,publication:W2158822657,topic:T10027,W2158822657,T10027,"Diabetes, Cardiovascular Risks, and Lipoproteins",0.9988999962806702
has_topic:publication:W2324841714->topic:T12955,has_topic,publication:W2324841714,topic:T12955,W2324841714,T12955,Atherosclerosis and Cardiovascular Diseases,0.9994999766349792
has_topic:publication:W2324841714->topic:T10528,has_topic,publication:W2324841714,topic:T10528,W2324841714,T10528,"Adipokines, Inflammation, and Metabolic Diseases",0.9973999857902527
has_topic:publication:W2324841714->topic:T10394,has_topic,publication:W2324841714,topic:T10394,W2324841714,T10394,Lipoproteins and Cardiovascular Health,0.996999979019165
has_topic:publication:W2769264260->topic:T10027,has_topic,publication:W2769264260,topic:T10027,W2769264260,T10027,"Diabetes, Cardiovascular Risks, and Lipoproteins",0.9972000122070312
has_topic:publication:W2769264260->topic:T10560,has_topic,publication:W2769264260,topic:T10560,W2769264260,T10560,Diabetes Management and Research,0.9945999979972839
has_topic:publication:W2769264260->topic:T10170,has_topic,publication:W2769264260,topic:T10170,W2769264260,T10170,Retinal Diseases and Treatments,0.9944000244140625
has_topic:publication:W2128158076->topic:T10597,has_topic,publication:W2128158076,topic:T10597,W2128158076,T10597,Nuclear reactor physics and engineering,0.9969000220298767
has_topic:publication:W2128158076->topic:T11044,has_topic,publication:W2128158076,topic:T11044,W2128158076,T11044,Particle Detector Development and Performance,0.9969000220298767
has_topic:publication:W2128158076->topic:T11176,has_topic,publication:W2128158076,topic:T11176,W2128158076,T11176,Radiation Therapy and Dosimetry,0.9966999888420105
has_topic:publication:W2900569176->topic:T10887,has_topic,publication:W2900569176,topic:T10887,W2900569176,T10887,Bioinformatics and Genomic Networks,0.9998999834060669
has_topic:publication:W2900569176->topic:T10932,has_topic,publication:W2900569176,topic:T10932,W2900569176,T10932,Microbial Metabolic Engineering and Bioproduction,0.9864000082015991
has_topic:publication:W2900569176->topic:T11710,has_topic,publication:W2900569176,topic:T11710,W2900569176,T11710,Biomedical Text Mining and Ontologies,0.9782999753952026
has_topic:publication:W2146512944->topic:T11970,has_topic,publication:W2146512944,topic:T11970,W2146512944,T11970,Molecular Biology Techniques and Applications,0.9991999864578247
has_topic:publication:W2146512944->topic:T10885,has_topic,publication:W2146512944,topic:T10885,W2146512944,T10885,Gene expression and cancer classification,0.9991000294685364
has_topic:publication:W2146512944->topic:T10604,has_topic,publication:W2146512944,topic:T10604,W2146512944,T10604,RNA Research and Splicing,0.9988999962806702
has_topic:publication:W2034285706->topic:T10015,has_topic,publication:W2034285706,topic:T10015,W2034285706,T10015,Genomics and Phylogenetic Studies,0.9997000098228455
has_topic:publication:W2034285706->topic:T11791,has_topic,publication:W2034285706,topic:T11791,W2034285706,T11791,Microbial Community Ecology and Physiology,0.9980000257492065
has_topic:publication:W2034285706->topic:T11482,has_topic,publication:W2034285706,topic:T11482,W2034285706,T11482,RNA modifications and cancer,0.9887999892234802
has_topic:publication:W2132926880->topic:T10015,has_topic,publication:W2132926880,topic:T10015,W2132926880,T10015,Genomics and Phylogenetic Studies,0.9998999834060669
has_topic:publication:W2132926880->topic:T10521,has_topic,publication:W2132926880,topic:T10521,W2132926880,T10521,RNA and protein synthesis mechanisms,0.9936000108718872
has_topic:publication:W2132926880->topic:T10602,has_topic,publication:W2132926880,topic:T10602,W2132926880,T10602,Glycosylation and Glycoproteins Research,0.989300012588501
has_topic:publication:W2127774996->topic:T10015,has_topic,publication:W2127774996,topic:T10015,W2127774996,T10015,Genomics and Phylogenetic Studies,0.9998000264167786
has_topic:publication:W2127774996->topic:T11269,has_topic,publication:W2127774996,topic:T11269,W2127774996,T11269,Algorithms and Data Compression,0.9896000027656555
has_topic:publication:W2127774996->topic:T10521,has_topic,publication:W2127774996,topic:T10521,W2127774996,T10521,RNA and protein synthesis mechanisms,0.9843999743461609
has_topic:publication:W2108244474->topic:T11970,has_topic,publication:W2108244474,topic:T11970,W2108244474,T11970,Molecular Biology Techniques and Applications,0.9994999766349792
has_topic:publication:W2108244474->topic:T11316,has_topic,publication:W2108244474,topic:T11316,W2108244474,T11316,Mycobacterium research and diagnosis,0.9617000222206116
has_topic:publication:W2108244474->topic:T10885,has_topic,publication:W2108244474,topic:T10885,W2108244474,T10885,Gene expression and cancer classification,0.9578999876976013
has_topic:publication:W4294216483->topic:T10932,has_topic,publication:W4294216483,topic:T10932,W4294216483,T10932,Microbial Metabolic Engineering and Bioproduction,0.9645000100135803
has_topic:publication:W4294216483->topic:T10887,has_topic,publication:W4294216483,topic:T10887,W4294216483,T10887,Bioinformatics and Genomic Networks,0.927299976348877
has_topic:publication:W4294216483->topic:T13937,has_topic,publication:W4294216483,topic:T13937,W4294216483,T13937,"Genetics, Bioinformatics, and Biomedical Research",0.9171000123023987
has_topic:publication:W2130479394->topic:T10044,has_topic,publication:W2130479394,topic:T10044,W2130479394,T10044,Protein Structure and Dynamics,0.9986000061035156
has_topic:publication:W2130479394->topic:T11162,has_topic,publication:W2130479394,topic:T11162,W2130479394,T11162,Enzyme Structure and Function,0.9957000017166138
has_topic:publication:W2130479394->topic:T10887,has_topic,publication:W2130479394,topic:T10887,W2130479394,T10887,Bioinformatics and Genomic Networks,0.9901000261306763
has_topic:publication:W2159482845->topic:T10887,has_topic,publication:W2159482845,topic:T10887,W2159482845,T10887,Bioinformatics and Genomic Networks,0.9980999827384949
has_topic:publication:W2159482845->topic:T10015,has_topic,publication:W2159482845,topic:T10015,W2159482845,T10015,Genomics and Phylogenetic Studies,0.9980000257492065
has_topic:publication:W2159482845->topic:T10932,has_topic,publication:W2159482845,topic:T10932,W2159482845,T10932,Microbial Metabolic Engineering and Bioproduction,0.996999979019165
has_topic:publication:W2158714788->topic:T10015,has_topic,publication:W2158714788,topic:T10015,W2158714788,T10015,Genomics and Phylogenetic Studies,0.9990000128746033
has_topic:publication:W2158714788->topic:T11269,has_topic,publication:W2158714788,topic:T11269,W2158714788,T11269,Algorithms and Data Compression,0.9904000163078308
has_topic:publication:W2158714788->topic:T10521,has_topic,publication:W2158714788,topic:T10521,W2158714788,T10521,RNA and protein synthesis mechanisms,0.9884999990463257
has_topic:publication:W2097382368->topic:T10015,has_topic,publication:W2097382368,topic:T10015,W2097382368,T10015,Genomics and Phylogenetic Studies,0.9969000220298767
has_topic:publication:W2097382368->topic:T13650,has_topic,publication:W2097382368,topic:T13650,W2097382368,T13650,Computational Physics and Python Applications,0.9496999979019165
has_topic:publication:W2097382368->topic:T11269,has_topic,publication:W2097382368,topic:T11269,W2097382368,T11269,Algorithms and Data Compression,0.942799985408783
has_topic:publication:W2106882534->topic:T10015,has_topic,publication:W2106882534,topic:T10015,W2106882534,T10015,Genomics and Phylogenetic Studies,0.9998999834060669
has_topic:publication:W2106882534->topic:T12254,has_topic,publication:W2106882534,topic:T12254,W2106882534,T12254,Machine Learning in Bioinformatics,0.9988999962806702
has_topic:publication:W2106882534->topic:T10521,has_topic,publication:W2106882534,topic:T10521,W2106882534,T10521,RNA and protein synthesis mechanisms,0.9958999752998352
has_topic:publication:W2118094114->topic:T10123,has_topic,publication:W2118094114,topic:T10123,W2118094114,T10123,DNA Repair Mechanisms,0.9387000203132629
has_topic:publication:W2118094114->topic:T10433,has_topic,publication:W2118094114,topic:T10433,W2118094114,T10433,Carcinogens and Genotoxicity Assessment,0.9294999837875366
has_topic:publication:W1483247593->topic:T13240,has_topic,publication:W1483247593,topic:T13240,W1483247593,T13240,Bioeconomy and Sustainability Development,0.7450000047683716
has_topic:publication:W1483247593->topic:T10856,has_topic,publication:W1483247593,topic:T10856,W1483247593,T10856,Intellectual Property and Patents,0.7111999988555908
has_topic:publication:W1483247593->topic:T12255,has_topic,publication:W1483247593,topic:T12255,W1483247593,T12255,Biosimilars and Bioanalytical Methods,0.6628000140190125
has_topic:publication:W2169528473->topic:T12516,has_topic,publication:W2169528473,topic:T12516,W2169528473,T12516,Advanced Mathematical Theories and Applications,0.7073000073432922
has_topic:publication:W2122328334->topic:T12880,has_topic,publication:W2122328334,topic:T12880,W2122328334,T12880,Qualitative Research Methods and Applications,0.9570000171661377
has_topic:publication:W2122328334->topic:T12790,has_topic,publication:W2122328334,topic:T12790,W2122328334,T12790,Nursing Diagnosis and Documentation,0.9257000088691711
has_topic:publication:W2122328334->topic:T10186,has_topic,publication:W2122328334,topic:T10186,W2122328334,T10186,Nursing education and management,0.9075999855995178
has_topic:publication:W2146691185->topic:T13051,has_topic,publication:W2146691185,topic:T13051,W2146691185,T13051,Qualitative Comparative Analysis Research,0.1777999997138977
has_topic:publication:W2398350456->topic:T13984,has_topic,publication:W2398350456,topic:T13984,W2398350456,T13984,"Nutrition, Genetics, and Disease",0.364300012588501
has_topic:publication:W2035618305->topic:T10887,has_topic,publication:W2035618305,topic:T10887,W2035618305,T10887,Bioinformatics and Genomic Networks,0.9998999834060669
has_topic:publication:W2035618305->topic:T10885,has_topic,publication:W2035618305,topic:T10885,W2035618305,T10885,Gene expression and cancer classification,0.9995999932289124
has_topic:publication:W2035618305->topic:T12254,has_topic,publication:W2035618305,topic:T12254,W2035618305,T12254,Machine Learning in Bioinformatics,0.9908999800682068
has_topic:publication:W2132454116->topic:T11810,has_topic,publication:W2132454116,topic:T11810,W2132454116,T11810,Complex Systems and Decision Making,0.9876000285148621
has_topic:publication:W2132454116->topic:T10003,has_topic,publication:W2132454116,topic:T10003,W2132454116,T10003,Innovation and Knowledge Management,0.9843999743461609
has_topic:publication:W2132454116->topic:T13163,has_topic,publication:W2132454116,topic:T13163,W2132454116,T13163,Organizational Learning and Leadership,0.9674000144004822
has_topic:publication:W2164284962->topic:T13402,has_topic,publication:W2164284962,topic:T13402,W2164284962,T13402,Business Strategy and Innovation,0.9819999933242798
has_topic:publication:W2164284962->topic:T10785,has_topic,publication:W2164284962,topic:T10785,W2164284962,T10785,Economic Theory and Institutions,0.9710000157356262
has_topic:publication:W2164284962->topic:T11810,has_topic,publication:W2164284962,topic:T11810,W2164284962,T11810,Complex Systems and Decision Making,0.964900016784668
has_topic:publication:W2099697766->topic:T11542,has_topic,publication:W2099697766,topic:T11542,W2099697766,T11542,Behavioral Health and Interventions,0.9901000261306763
has_topic:publication:W2099697766->topic:T10826,has_topic,publication:W2099697766,topic:T10826,W2099697766,T10826,Behavioral and Psychological Studies,0.9771000146865845
has_topic:publication:W2099697766->topic:T10646,has_topic,publication:W2099697766,topic:T10646,W2099697766,T10646,Experimental Behavioral Economics Studies,0.9672999978065491
has_topic:publication:W3196369884->topic:T11577,has_topic,publication:W3196369884,topic:T11577,W3196369884,T11577,Cognitive Abilities and Testing,0.056299999356269836
has_topic:publication:W3196369884->topic:T13091,has_topic,publication:W3196369884,topic:T13091,W3196369884,T13091,Human Health and Disease,0.05469999834895134
has_topic:publication:W3196369884->topic:T10182,has_topic,publication:W3196369884,topic:T10182,W3196369884,T10182,Child and Adolescent Psychosocial and Emotional Development,0.051600001752376556
has_topic:publication:W2121393013->topic:T13938,has_topic,publication:W2121393013,topic:T13938,W2121393013,T13938,Historical and Contemporary Political Dynamics,0.33009999990463257
has_topic:publication:W2183707334->topic:T12417,has_topic,publication:W2183707334,topic:T12417,W2183707334,T12417,Morphological variations and asymmetry,0.9947999715805054
has_topic:publication:W2183707334->topic:T11354,has_topic,publication:W2183707334,topic:T11354,W2183707334,T11354,Evolution and Paleontology Studies,0.982200026512146
has_topic:publication:W2183707334->topic:T12157,has_topic,publication:W2183707334,topic:T12157,W2183707334,T12157,Geochemistry and Geologic Mapping,0.9708999991416931
has_topic:publication:W1781458262->topic:T12340,has_topic,publication:W1781458262,topic:T12340,W1781458262,T12340,Anodic Oxide Films and Nanostructures,0.6532999873161316
has_topic:publication:W1781458262->topic:T11948,has_topic,publication:W1781458262,topic:T11948,W1781458262,T11948,Machine Learning in Materials Science,0.6256999969482422
has_topic:publication:W2158698691->topic:T11652,has_topic,publication:W2158698691,topic:T11652,W2158698691,T11652,Imbalanced Data Classification Techniques,0.9972000122070312
has_topic:publication:W2158698691->topic:T11396,has_topic,publication:W2158698691,topic:T11396,W2158698691,T11396,Artificial Intelligence in Healthcare,0.9921000003814697
has_topic:publication:W2158698691->topic:T10538,has_topic,publication:W2158698691,topic:T10538,W2158698691,T10538,Data Mining Algorithms and Applications,0.9696000218391418
has_topic:publication:W2101157755->topic:T13163,has_topic,publication:W2101157755,topic:T13163,W2101157755,T13163,Organizational Learning and Leadership,0.9448999762535095
has_topic:publication:W2101157755->topic:T10162,has_topic,publication:W2101157755,topic:T10162,W2101157755,T10162,Online and Blended Learning,0.9251999855041504
has_topic:publication:W2009667219->topic:T11601,has_topic,publication:W2009667219,topic:T11601,W2009667219,T11601,Neuroscience and Neural Engineering,0.9998999834060669
has_topic:publication:W2009667219->topic:T10581,has_topic,publication:W2009667219,topic:T10581,W2009667219,T10581,Neural dynamics and brain function,0.9987999796867371
has_topic:publication:W2009667219->topic:T11255,has_topic,publication:W2009667219,topic:T11255,W2009667219,T11255,Microfluidic and Bio-sensing Technologies,0.9973999857902527
has_topic:publication:W2567289819->topic:T14380,has_topic,publication:W2567289819,topic:T14380,W2567289819,T14380,Libraries and Information Services,0.07069999724626541
has_topic:publication:W2567289819->topic:T13370,has_topic,publication:W2567289819,topic:T13370,W2567289819,T13370,Diverse Scientific and Economic Studies,0.06279999762773514
has_topic:publication:W2567289819->topic:T12527,has_topic,publication:W2567289819,topic:T12527,W2567289819,T12527,Chemistry and Stereochemistry Studies,0.05849999934434891
has_topic:publication:W1988091937->topic:T10002,has_topic,publication:W1988091937,topic:T10002,W1988091937,T10002,Advanced Chemical Physics Studies,0.9995999932289124
has_topic:publication:W1988091937->topic:T10798,has_topic,publication:W1988091937,topic:T10798,W1988091937,T10798,Crystallography and molecular interactions,0.9983999729156494
has_topic:publication:W1988091937->topic:T12613,has_topic,publication:W1988091937,topic:T12613,W1988091937,T12613,X-ray Diffraction in Crystallography,0.9979000091552734
has_topic:publication:W2230728100->topic:T10002,has_topic,publication:W2230728100,topic:T10002,W2230728100,T10002,Advanced Chemical Physics Studies,0.9998999834060669
has_topic:publication:W2230728100->topic:T10382,has_topic,publication:W2230728100,topic:T10382,W2230728100,T10382,Quantum and electron transport phenomena,0.9991000294685364
has_topic:publication:W2230728100->topic:T10913,has_topic,publication:W2230728100,topic:T10913,W2230728100,T10913,Molecular Junctions and Nanostructures,0.9984999895095825
has_topic:publication:W1986407511->topic:T10622,has_topic,publication:W1986407511,topic:T10622,W1986407511,T10622,Quantum Mechanics and Applications,0.9997000098228455
has_topic:publication:W1986407511->topic:T11520,has_topic,publication:W1986407511,topic:T11520,W1986407511,T11520,Advanced Thermodynamics and Statistical Mechanics,0.9800000190734863
has_topic:publication:W1986407511->topic:T10020,has_topic,publication:W1986407511,topic:T10020,W1986407511,T10020,Quantum Information and Cryptography,0.9696999788284302
has_topic:publication:W1981368803->topic:T10002,has_topic,publication:W1981368803,topic:T10002,W1981368803,T10002,Advanced Chemical Physics Studies,0.9998000264167786
has_topic:publication:W1981368803->topic:T11177,has_topic,publication:W1981368803,topic:T11177,W1981368803,T11177,Spectroscopy and Quantum Chemical Studies,0.9997000098228455
has_topic:publication:W1981368803->topic:T11965,has_topic,publication:W1981368803,topic:T11965,W1981368803,T11965,"Quantum, superfluid, helium dynamics",0.9994000196456909
has_topic:publication:W2086957099->topic:T10002,has_topic,publication:W2086957099,topic:T10002,W2086957099,T10002,Advanced Chemical Physics Studies,1.0
has_topic:publication:W2086957099->topic:T10382,has_topic,publication:W2086957099,topic:T10382,W2086957099,T10382,Quantum and electron transport phenomena,0.9995999932289124
has_topic:publication:W2086957099->topic:T10913,has_topic,publication:W2086957099,topic:T10913,W2086957099,T10913,Molecular Junctions and Nanostructures,0.9994999766349792
has_topic:publication:W1991794210->topic:T11520,has_topic,publication:W1991794210,topic:T11520,W1991794210,T11520,Advanced Thermodynamics and Statistical Mechanics,0.9975000023841858
has_topic:publication:W1991794210->topic:T12261,has_topic,publication:W1991794210,topic:T12261,W1991794210,T12261,Statistical Mechanics and Entropy,0.9955999851226807
has_topic:publication:W1991794210->topic:T10044,has_topic,publication:W1991794210,topic:T10044,W1991794210,T10044,Protein Structure and Dynamics,0.9952999949455261
has_topic:publication:W1979544533->topic:T10002,has_topic,publication:W1979544533,topic:T10002,W1979544533,T10002,Advanced Chemical Physics Studies,0.9998000264167786
has_topic:publication:W1979544533->topic:T10413,has_topic,publication:W1979544533,topic:T10413,W1979544533,T10413,High-pressure geophysics and materials,0.9991000294685364
has_topic:publication:W1979544533->topic:T11341,has_topic,publication:W1979544533,topic:T11341,W1979544533,T11341,Boron and Carbon Nanomaterials Research,0.9990000128746033
has_topic:publication:W2083222334->topic:T10002,has_topic,publication:W2083222334,topic:T10002,W2083222334,T10002,Advanced Chemical Physics Studies,0.9997000098228455
has_topic:publication:W2083222334->topic:T10037,has_topic,publication:W2083222334,topic:T10037,W2083222334,T10037,Physics of Superconductivity and Magnetism,0.9997000098228455
has_topic:publication:W2083222334->topic:T10382,has_topic,publication:W2083222334,topic:T10382,W2083222334,T10382,Quantum and electron transport phenomena,0.9994999766349792
has_topic:publication:W2087698390->topic:T10544,has_topic,publication:W2087698390,topic:T10544,W2087698390,T10544,Glass properties and applications,0.9994999766349792
has_topic:publication:W2087698390->topic:T10413,has_topic,publication:W2087698390,topic:T10413,W2087698390,T10413,High-pressure geophysics and materials,0.9991000294685364
has_topic:publication:W2087698390->topic:T10002,has_topic,publication:W2087698390,topic:T10002,W2087698390,T10002,Advanced Chemical Physics Studies,0.9986000061035156
has_topic:publication:W1970127494->topic:T10002,has_topic,publication:W1970127494,topic:T10002,W1970127494,T10002,Advanced Chemical Physics Studies,1.0
has_topic:publication:W1970127494->topic:T10523,has_topic,publication:W1970127494,topic:T10523,W1970127494,T10523,Atomic and Molecular Physics,0.9994999766349792
has_topic:publication:W1970127494->topic:T12044,has_topic,publication:W1970127494,topic:T12044,W1970127494,T12044,Advanced Physical and Chemical Molecular Interactions,0.9994999766349792
has_topic:publication:W2079105963->topic:T10413,has_topic,publication:W2079105963,topic:T10413,W2079105963,T10413,High-pressure geophysics and materials,0.9994999766349792
has_topic:publication:W2079105963->topic:T11177,has_topic,publication:W2079105963,topic:T11177,W2079105963,T11177,Spectroscopy and Quantum Chemical Studies,0.9994999766349792
has_topic:publication:W2079105963->topic:T11965,has_topic,publication:W2079105963,topic:T11965,W2079105963,T11965,"Quantum, superfluid, helium dynamics",0.9993000030517578
has_topic:publication:W1998866028->topic:T10002,has_topic,publication:W1998866028,topic:T10002,W1998866028,T10002,Advanced Chemical Physics Studies,0.9991999864578247
has_topic:publication:W1998866028->topic:T13531,has_topic,publication:W1998866028,topic:T13531,W1998866028,T13531,Surface and Thin Film Phenomena,0.9962999820709229
has_topic:publication:W1998866028->topic:T13104,has_topic,publication:W1998866028,topic:T13104,W1998866028,T13104,Chemical and Physical Properties of Materials,0.9940999746322632
has_topic:publication:W2049079467->topic:T10002,has_topic,publication:W2049079467,topic:T10002,W2049079467,T10002,Advanced Chemical Physics Studies,0.9998000264167786
has_topic:publication:W2049079467->topic:T10037,has_topic,publication:W2049079467,topic:T10037,W2049079467,T10037,Physics of Superconductivity and Magnetism,0.9997000098228455
has_topic:publication:W2049079467->topic:T10607,has_topic,publication:W2049079467,topic:T10607,W2049079467,T10607,Magnetic and transport properties of perovskites and related materials,0.9976999759674072
has_topic:publication:W3206606417->topic:T10002,has_topic,publication:W3206606417,topic:T10002,W3206606417,T10002,Advanced Chemical Physics Studies,0.9998000264167786
has_topic:publication:W3206606417->topic:T12613,has_topic,publication:W3206606417,topic:T12613,W3206606417,T12613,X-ray Diffraction in Crystallography,0.9979000091552734
has_topic:publication:W3206606417->topic:T13104,has_topic,publication:W3206606417,topic:T13104,W3206606417,T13104,Chemical and Physical Properties of Materials,0.9965999722480774
has_topic:publication:W2045596260->topic:T10413,has_topic,publication:W2045596260,topic:T10413,W2045596260,T10413,High-pressure geophysics and materials,0.9994999766349792
has_topic:publication:W2045596260->topic:T12762,has_topic,publication:W2045596260,topic:T12762,W2045596260,T12762,Crystallography and Radiation Phenomena,0.9943000078201294
has_topic:publication:W2045596260->topic:T11878,has_topic,publication:W2045596260,topic:T11878,W2045596260,T11878,Solid-state spectroscopy and crystallography,0.9937000274658203
has_topic:publication:W2087585288->topic:T10002,has_topic,publication:W2087585288,topic:T10002,W2087585288,T10002,Advanced Chemical Physics Studies,0.9997000098228455
has_topic:publication:W2087585288->topic:T10413,has_topic,publication:W2087585288,topic:T10413,W2087585288,T10413,High-pressure geophysics and materials,0.9994999766349792
has_topic:publication:W2087585288->topic:T10681,has_topic,publication:W2087585288,topic:T10681,W2087585288,T10681,Rare-earth and actinide compounds,0.9991999864578247
has_topic:publication:W2023271753->topic:T10002,has_topic,publication:W2023271753,topic:T10002,W2023271753,T10002,Advanced Chemical Physics Studies,0.9995999932289124
has_topic:publication:W2023271753->topic:T10523,has_topic,publication:W2023271753,topic:T10523,W2023271753,T10523,Atomic and Molecular Physics,0.9991999864578247
has_topic:publication:W2023271753->topic:T11177,has_topic,publication:W2023271753,topic:T11177,W2023271753,T11177,Spectroscopy and Quantum Chemical Studies,0.9976000189781189
has_topic:publication:W2030687437->topic:T10002,has_topic,publication:W2030687437,topic:T10002,W2030687437,T10002,Advanced Chemical Physics Studies,0.9998000264167786
has_topic:publication:W2030687437->topic:T13531,has_topic,publication:W2030687437,topic:T13531,W2030687437,T13531,Surface and Thin Film Phenomena,0.9988999962806702
has_topic:publication:W2030687437->topic:T10382,has_topic,publication:W2030687437,topic:T10382,W2030687437,T10382,Quantum and electron transport phenomena,0.9983999729156494
has_topic:publication:W2052637367->topic:T10002,has_topic,publication:W2052637367,topic:T10002,W2052637367,T10002,Advanced Chemical Physics Studies,0.9994000196456909
has_topic:publication:W2052637367->topic:T10607,has_topic,publication:W2052637367,topic:T10607,W2052637367,T10607,Magnetic and transport properties of perovskites and related materials,0.9991000294685364
has_topic:publication:W2052637367->topic:T11948,has_topic,publication:W2052637367,topic:T11948,W2052637367,T11948,Machine Learning in Materials Science,0.9984999895095825
has_topic:publication:W2036113194->topic:T11414,has_topic,publication:W2036113194,topic:T11414,W2036113194,T11414,Quantum optics and atomic interactions,0.979200005531311
has_topic:publication:W2036113194->topic:T11177,has_topic,publication:W2036113194,topic:T11177,W2036113194,T11177,Spectroscopy and Quantum Chemical Studies,0.9775000214576721
has_topic:publication:W2036113194->topic:T10299,has_topic,publication:W2036113194,topic:T10299,W2036113194,T10299,Photonic and Optical Devices,0.9653000235557556
has_topic:publication:W2083926174->topic:T13531,has_topic,publication:W2083926174,topic:T13531,W2083926174,T13531,Surface and Thin Film Phenomena,0.9997000098228455
has_topic:publication:W2083926174->topic:T13049,has_topic,publication:W2083926174,topic:T13049,W2083926174,T13049,Surface Roughness and Optical Measurements,0.9993000030517578
has_topic:publication:W2083926174->topic:T12039,has_topic,publication:W2083926174,topic:T12039,W2083926174,T12039,Electron and X-Ray Spectroscopy Techniques,0.9984999895095825
has_topic:publication:W2753533763->topic:T13937,has_topic,publication:W2753533763,topic:T13937,W2753533763,T13937,"Genetics, Bioinformatics, and Biomedical Research",0.40119999647140503
has_topic:publication:W2024556021->topic:T10825,has_topic,publication:W2024556021,topic:T10825,W2024556021,T10825,Plant Pathogens and Fungal Diseases,0.9969000220298767
has_topic:publication:W2024556021->topic:T10240,has_topic,publication:W2024556021,topic:T10240,W2024556021,T10240,Plant tissue culture and regeneration,0.9684000015258789
has_topic:publication:W2024556021->topic:T10451,has_topic,publication:W2024556021,topic:T10451,W2024556021,T10451,Mycorrhizal Fungi and Plant Interactions,0.9645000100135803
has_topic:publication:W2028823348->topic:T10014,has_topic,publication:W2028823348,topic:T10014,W2028823348,T10014,Plant Stress Responses and Tolerance,0.9933000206947327
has_topic:publication:W2028823348->topic:T11247,has_topic,publication:W2028823348,topic:T11247,W2028823348,T11247,Plant nutrient uptake and metabolism,0.9916999936103821
has_topic:publication:W2028823348->topic:T11745,has_topic,publication:W2028823348,topic:T11745,W2028823348,T11745,Potato Plant Research,0.9732999801635742
has_topic:publication:W1974907033->topic:T10303,has_topic,publication:W1974907033,topic:T10303,W1974907033,T10303,Photosynthetic Processes and Mechanisms,0.9276000261306763
has_topic:publication:W3038568908->topic:T10346,has_topic,publication:W3038568908,topic:T10346,W3038568908,T10346,Magnetic confinement fusion research,0.9991000294685364
has_topic:publication:W3038568908->topic:T11949,has_topic,publication:W3038568908,topic:T11949,W3038568908,T11949,Nuclear Physics and Applications,0.9987999796867371
has_topic:publication:W3038568908->topic:T10592,has_topic,publication:W3038568908,topic:T10592,W3038568908,T10592,Fusion materials and technologies,0.998199999332428
has_topic:publication:W4294215472->topic:T10206,has_topic,publication:W4294215472,topic:T10206,W4294215472,T10206,Meta-analysis and systematic reviews,0.9987000226974487
has_topic:publication:W4294215472->topic:T12664,has_topic,publication:W4294215472,topic:T12664,W4294215472,T12664,Clinical practice guidelines implementation,0.984000027179718
has_topic:publication:W4294215472->topic:T11744,has_topic,publication:W4294215472,topic:T11744,W4294215472,T11744,Health Sciences Research and Education,0.9836000204086304
has_topic:publication:W3022903699->topic:T10206,has_topic,publication:W3022903699,topic:T10206,W3022903699,T10206,Meta-analysis and systematic reviews,0.9991999864578247
has_topic:publication:W3022903699->topic:T11700,has_topic,publication:W3022903699,topic:T11700,W3022903699,T11700,Hemodynamic Monitoring and Therapy,0.9473000168800354
has_topic:publication:W3022903699->topic:T11744,has_topic,publication:W3022903699,topic:T11744,W3022903699,T11744,Health Sciences Research and Education,0.9412000179290771
has_topic:publication:W2599076725->topic:T10206,has_topic,publication:W2599076725,topic:T10206,W2599076725,T10206,Meta-analysis and systematic reviews,0.9980000257492065
has_topic:publication:W2599076725->topic:T13309,has_topic,publication:W2599076725,topic:T13309,W2599076725,T13309,Reliability and Agreement in Measurement,0.9714999794960022
has_topic:publication:W2599076725->topic:T12443,has_topic,publication:W2599076725,topic:T12443,W2599076725,T12443,Delphi Technique in Research,0.9652000069618225
has_topic:publication:W2056279562->topic:T10895,has_topic,publication:W2056279562,topic:T10895,W2056279562,T10895,Species Distribution and Climate Change,0.9713000059127808
has_topic:publication:W2056279562->topic:T13398,has_topic,publication:W2056279562,topic:T13398,W2056279562,T13398,Data Analysis with R,0.9663000106811523
has_topic:publication:W2056279562->topic:T12859,has_topic,publication:W2056279562,topic:T12859,W2056279562,T12859,Cell Image Analysis Techniques,0.963699996471405
has_topic:publication:W2031611770->topic:T10015,has_topic,publication:W2031611770,topic:T10015,W2031611770,T10015,Genomics and Phylogenetic Studies,0.9998999834060669
has_topic:publication:W2031611770->topic:T10521,has_topic,publication:W2031611770,topic:T10521,W2031611770,T10521,RNA and protein synthesis mechanisms,0.9909999966621399
has_topic:publication:W2031611770->topic:T11269,has_topic,publication:W2031611770,topic:T11269,W2031611770,T11269,Algorithms and Data Compression,0.9861999750137329
has_topic:publication:W3120106258->topic:T12816,has_topic,publication:W3120106258,topic:T12816,W3120106258,T12816,Global Public Health Policies and Epidemiology,0.19280000030994415
has_topic:publication:W3120106258->topic:T12781,has_topic,publication:W3120106258,topic:T12781,W3120106258,T12781,Global Health Care Issues,0.1762000024318695
has_topic:publication:W3039083618->topic:T10622,has_topic,publication:W3039083618,topic:T10622,W3039083618,T10622,Quantum Mechanics and Applications,0.9883999824523926
has_topic:publication:W3039083618->topic:T11683,has_topic,publication:W3039083618,topic:T11683,W3039083618,T11683,Quantum and Classical Electrodynamics,0.9697999954223633
has_topic:publication:W3039083618->topic:T13885,has_topic,publication:W3039083618,topic:T13885,W3039083618,T13885,Geophysics and Sensor Technology,0.955299973487854
has_topic:publication:W2155648052->topic:T11998,has_topic,publication:W2155648052,topic:T11998,W2155648052,T11998,Youth Development and Social Support,0.1875
has_topic:publication:W2112796928->topic:T10601,has_topic,publication:W2112796928,topic:T10601,W2112796928,T10601,Handwritten Text Recognition Techniques,0.9995999932289124
has_topic:publication:W2112796928->topic:T14339,has_topic,publication:W2112796928,topic:T14339,W2112796928,T14339,Image Processing and 3D Reconstruction,0.9968000054359436
has_topic:publication:W2112796928->topic:T10320,has_topic,publication:W2112796928,topic:T10320,W2112796928,T10320,Neural Networks and Applications,0.9950000047683716
has_topic:publication:W2125838338->topic:T11901,has_topic,publication:W2125838338,topic:T11901,W2125838338,T11901,Bayesian Methods and Mixture Models,0.9936000108718872
has_topic:publication:W2125838338->topic:T10201,has_topic,publication:W2125838338,topic:T10201,W2125838338,T10201,Speech Recognition and Synthesis,0.9921000003814697
has_topic:publication:W2125838338->topic:T12031,has_topic,publication:W2125838338,topic:T12031,W2125838338,T12031,Speech and dialogue systems,0.9847000241279602
has_topic:publication:W2130410032->topic:T10887,has_topic,publication:W2130410032,topic:T10887,W2130410032,T10887,Bioinformatics and Genomic Networks,0.9994999766349792
has_topic:publication:W2130410032->topic:T11482,has_topic,publication:W2130410032,topic:T11482,W2130410032,T11482,RNA modifications and cancer,0.9991999864578247
has_topic:publication:W2130410032->topic:T10885,has_topic,publication:W2130410032,topic:T10885,W2130410032,T10885,Gene expression and cancer classification,0.9991000294685364
has_topic:publication:W1971421925->topic:T10064,has_topic,publication:W1971421925,topic:T10064,W1971421925,T10064,Complex Network Analysis Techniques,0.9998999834060669
has_topic:publication:W1971421925->topic:T12592,has_topic,publication:W1971421925,topic:T12592,W1971421925,T12592,Opinion Dynamics and Social Influence,0.9908000230789185
has_topic:publication:W1971421925->topic:T10887,has_topic,publication:W1971421925,topic:T10887,W1971421925,T10887,Bioinformatics and Genomic Networks,0.989799976348877
has_topic:publication:W2150926065->topic:T10885,has_topic,publication:W2150926065,topic:T10885,W2150926065,T10885,Gene expression and cancer classification,0.9998000264167786
has_topic:publication:W2150926065->topic:T10887,has_topic,publication:W2150926065,topic:T10887,W2150926065,T10887,Bioinformatics and Genomic Networks,0.9918000102043152
has_topic:publication:W2150926065->topic:T11468,has_topic,publication:W2150926065,topic:T11468,W2150926065,T11468,Genetic Mapping and Diversity in Plants and Animals,0.9850999712944031
has_topic:publication:W2128084896->topic:T10581,has_topic,publication:W2128084896,topic:T10581,W2128084896,T10581,Neural dynamics and brain function,0.9973000288009644
has_topic:publication:W2128084896->topic:T10502,has_topic,publication:W2128084896,topic:T10502,W2128084896,T10502,Advanced Memory and Neural Computing,0.9958000183105469
has_topic:publication:W2128084896->topic:T10320,has_topic,publication:W2128084896,topic:T10320,W2128084896,T10320,Neural Networks and Applications,0.9955000281333923
has_topic:publication:W2101108802->topic:T11016,has_topic,publication:W2101108802,topic:T11016,W2101108802,T11016,Monoclonal and Polyclonal Antibodies Research,0.9973999857902527
has_topic:publication:W2101108802->topic:T10521,has_topic,publication:W2101108802,topic:T10521,W2101108802,T10521,RNA and protein synthesis mechanisms,0.9955000281333923
has_topic:publication:W2101108802->topic:T10602,has_topic,publication:W2101108802,topic:T10602,W2101108802,T10602,Glycosylation and Glycoproteins Research,0.9926999807357788
has_topic:publication:W2138270253->topic:T11048,has_topic,publication:W2138270253,topic:T11048,W2138270253,T11048,Bacteriophages and microbial interactions,0.9998000264167786
has_topic:publication:W2138270253->topic:T10521,has_topic,publication:W2138270253,topic:T10521,W2138270253,T10521,RNA and protein synthesis mechanisms,0.9979000091552734
has_topic:publication:W2138270253->topic:T10120,has_topic,publication:W2138270253,topic:T10120,W2138270253,T10120,Bacterial Genetics and Biotechnology,0.9922999739646912
has_topic:publication:W2007221293->topic:T12205,has_topic,publication:W2007221293,topic:T12205,W2007221293,T12205,Time Series Analysis and Forecasting,0.9768000245094299
has_topic:publication:W2007221293->topic:T12424,has_topic,publication:W2007221293,topic:T12424,W2007221293,T12424,Earthquake Detection and Analysis,0.9750000238418579
has_topic:publication:W2007221293->topic:T10640,has_topic,publication:W2007221293,topic:T10640,W2007221293,T10640,Spectroscopy and Chemometric Analyses,0.9710000157356262
has_topic:publication:W2112017750->topic:T10016,has_topic,publication:W2112017750,topic:T10016,W2112017750,T10016,Adsorption and biosorption for pollutant removal,0.9980000257492065
has_topic:publication:W2112017750->topic:T12240,has_topic,publication:W2112017750,topic:T12240,W2112017750,T12240,Nanomaterials for catalytic reactions,0.9872999787330627
has_topic:publication:W2112017750->topic:T11434,has_topic,publication:W2112017750,topic:T11434,W2112017750,T11434,Electrochemical Analysis and Applications,0.9815999865531921
has_topic:publication:W2151487996->topic:T10316,has_topic,publication:W2151487996,topic:T10316,W2151487996,T10316,Sleep and related disorders,0.9998000264167786
has_topic:publication:W2151487996->topic:T10009,has_topic,publication:W2151487996,topic:T10009,W2151487996,T10009,Dementia and Cognitive Impairment Research,0.9916999936103821
has_topic:publication:W2151487996->topic:T10853,has_topic,publication:W2151487996,topic:T10853,W2151487996,T10853,"Anxiety, Depression, Psychometrics, Treatment, Cognitive Processes",0.9886999726295471
has_topic:publication:W2081155210->topic:T10677,has_topic,publication:W2081155210,topic:T10677,W2081155210,T10677,Attachment and Relationship Dynamics,0.9998999834060669
has_topic:publication:W2081155210->topic:T10509,has_topic,publication:W2081155210,topic:T10509,W2081155210,T10509,"Religion, Spirituality, and Psychology",0.9951000213623047
has_topic:publication:W2081155210->topic:T12521,has_topic,publication:W2081155210,topic:T12521,W2081155210,T12521,Death Anxiety and Social Exclusion,0.9945999979972839
has_topic:publication:W2037557484->topic:T10778,has_topic,publication:W2037557484,topic:T10778,W2037557484,T10778,Philosophy and History of Science,0.8381999731063843
has_topic:publication:W2037557484->topic:T12114,has_topic,publication:W2037557484,topic:T12114,W2037557484,T12114,Sensory Analysis and Statistical Methods,0.8069999814033508
has_topic:publication:W2037557484->topic:T10826,has_topic,publication:W2037557484,topic:T10826,W2037557484,T10826,Behavioral and Psychological Studies,0.7350999712944031
has_topic:publication:W2018201949->topic:T11871,has_topic,publication:W2018201949,topic:T11871,W2018201949,T11871,Advanced Statistical Methods and Models,0.9902999997138977
has_topic:publication:W2018201949->topic:T10050,has_topic,publication:W2018201949,topic:T10050,W2018201949,T10050,Multi-Criteria Decision Making,0.986299991607666
has_topic:publication:W2018201949->topic:T10243,has_topic,publication:W2018201949,topic:T10243,W2018201949,T10243,Statistical Methods and Bayesian Inference,0.9764999747276306
has_topic:publication:W2122912498->topic:T10467,has_topic,publication:W2122912498,topic:T10467,W2122912498,T10467,Psychometric Methodologies and Testing,0.995199978351593
has_topic:publication:W2122912498->topic:T11400,has_topic,publication:W2122912498,topic:T11400,W2122912498,T11400,Motivation and Self-Concept in Sports,0.984000027179718
has_topic:publication:W2122912498->topic:T13748,has_topic,publication:W2122912498,topic:T13748,W2122912498,T13748,Advanced Statistical Modeling Techniques,0.9315000176429749
has_topic:publication:W2055461003->topic:T10235,has_topic,publication:W2055461003,topic:T10235,W2055461003,T10235,Health disparities and outcomes,0.9998000264167786
has_topic:publication:W2055461003->topic:T12947,has_topic,publication:W2055461003,topic:T12947,W2055461003,T12947,"Health, psychology, and well-being",0.9955000281333923
has_topic:publication:W2055461003->topic:T10475,has_topic,publication:W2055461003,topic:T10475,W2055461003,T10475,Psychological Well-being and Life Satisfaction,0.9904000163078308
has_topic:publication:W2149608872->topic:T10467,has_topic,publication:W2149608872,topic:T10467,W2149608872,T10467,Psychometric Methodologies and Testing,0.9793000221252441
has_topic:publication:W2149608872->topic:T13748,has_topic,publication:W2149608872,topic:T13748,W2149608872,T13748,Advanced Statistical Modeling Techniques,0.9789999723434448
has_topic:publication:W2149608872->topic:T11871,has_topic,publication:W2149608872,topic:T11871,W2149608872,T11871,Advanced Statistical Methods and Models,0.9718000292778015
has_topic:publication:W2141403362->topic:T13309,has_topic,publication:W2141403362,topic:T13309,W2141403362,T13309,Reliability and Agreement in Measurement,0.9977999925613403
has_topic:publication:W2141403362->topic:T11871,has_topic,publication:W2141403362,topic:T11871,W2141403362,T11871,Advanced Statistical Methods and Models,0.9858999848365784
has_topic:publication:W2141403362->topic:T11235,has_topic,publication:W2141403362,topic:T11235,W2141403362,T11235,Statistical Methods in Clinical Trials,0.9828000068664551
has_topic:publication:W2024509488->topic:T10467,has_topic,publication:W2024509488,topic:T10467,W2024509488,T10467,Psychometric Methodologies and Testing,0.9957000017166138
has_topic:publication:W2024509488->topic:T12114,has_topic,publication:W2024509488,topic:T12114,W2024509488,T12114,Sensory Analysis and Statistical Methods,0.9890999794006348
has_topic:publication:W2024509488->topic:T11871,has_topic,publication:W2024509488,topic:T11871,W2024509488,T11871,Advanced Statistical Methods and Models,0.9775000214576721
has_topic:publication:W2122517769->topic:T11400,has_topic,publication:W2122517769,topic:T11400,W2122517769,T11400,Motivation and Self-Concept in Sports,0.9998999834060669
has_topic:publication:W2122517769->topic:T11542,has_topic,publication:W2122517769,topic:T11542,W2122517769,T11542,Behavioral Health and Interventions,0.9972000122070312
has_topic:publication:W2122517769->topic:T11998,has_topic,publication:W2122517769,topic:T11998,W2122517769,T11998,Youth Development and Social Support,0.9807000160217285
has_topic:publication:W1984314602->topic:T12805,has_topic,publication:W1984314602,topic:T12805,W1984314602,T12805,Cognitive Science and Mapping,0.8877000212669373
has_topic:publication:W1984314602->topic:T14345,has_topic,publication:W1984314602,topic:T14345,W1984314602,T14345,Scientific Research and Philosophical Inquiry,0.8162000179290771
has_topic:publication:W1984314602->topic:T14394,has_topic,publication:W1984314602,topic:T14394,W1984314602,T14394,Cognitive Science and Education Research,0.8140000104904175
has_topic:publication:W2097780989->topic:T11454,has_topic,publication:W2097780989,topic:T11454,W2097780989,T11454,Cultural Differences and Values,0.9998000264167786
has_topic:publication:W2097780989->topic:T10907,has_topic,publication:W2097780989,topic:T10907,W2097780989,T10907,International Student and Expatriate Challenges,0.9570000171661377
has_topic:publication:W2097780989->topic:T12313,has_topic,publication:W2097780989,topic:T12313,W2097780989,T12313,Emotions and Moral Behavior,0.9060999751091003
has_topic:publication:W4292808503->topic:T12196,has_topic,publication:W4292808503,topic:T12196,W4292808503,T12196,Community Health and Development,0.3962000012397766
has_topic:publication:W2134049139->topic:T10826,has_topic,publication:W2134049139,topic:T10826,W2134049139,T10826,Behavioral and Psychological Studies,0.9990000128746033
has_topic:publication:W2134049139->topic:T10214,has_topic,publication:W2134049139,topic:T10214,W2134049139,T10214,Psychotherapy Techniques and Applications,0.9987999796867371
has_topic:publication:W2134049139->topic:T12430,has_topic,publication:W2134049139,topic:T12430,W2134049139,T12430,Academic and Historical Perspectives in Psychology,0.9944000244140625
has_topic:publication:W2579555219->topic:T10656,has_topic,publication:W2579555219,topic:T10656,W2579555219,T10656,Child and Animal Learning Development,0.44369998574256897
has_topic:publication:W2579555219->topic:T14394,has_topic,publication:W2579555219,topic:T14394,W2579555219,T14394,Cognitive Science and Education Research,0.427700012922287
has_topic:publication:W4292542163->topic:T12848,has_topic,publication:W4292542163,topic:T12848,W4292542163,T12848,Psychological Testing and Assessment,0.1673000007867813
has_topic:publication:W4292542163->topic:T12787,has_topic,publication:W4292542163,topic:T12787,W4292542163,T12787,Human Behavior and Motivation,0.03779999911785126
has_topic:publication:W4292542163->topic:T12430,has_topic,publication:W4292542163,topic:T12430,W4292542163,T12430,Academic and Historical Perspectives in Psychology,0.025499999523162842
has_topic:publication:W2159401492->topic:T13141,has_topic,publication:W2159401492,topic:T13141,W2159401492,T13141,Statistical Methods and Applications,0.05570000037550926
has_topic:publication:W2159401492->topic:T13748,has_topic,publication:W2159401492,topic:T13748,W2159401492,T13748,Advanced Statistical Modeling Techniques,0.04100000113248825
has_topic:publication:W2159306398->topic:T10467,has_topic,publication:W2159306398,topic:T10467,W2159306398,T10467,Psychometric Methodologies and Testing,0.992900013923645
has_topic:publication:W2159306398->topic:T13748,has_topic,publication:W2159306398,topic:T13748,W2159306398,T13748,Advanced Statistical Modeling Techniques,0.9914000034332275
has_topic:publication:W2159306398->topic:T11871,has_topic,publication:W2159306398,topic:T11871,W2159306398,T11871,Advanced Statistical Methods and Models,0.9498999714851379
has_topic:publication:W2991792334->topic:T10206,has_topic,publication:W2991792334,topic:T10206,W2991792334,T10206,Meta-analysis and systematic reviews,0.9994999766349792
has_topic:publication:W2991792334->topic:T11744,has_topic,publication:W2991792334,topic:T11744,W2991792334,T11744,Health Sciences Research and Education,0.9302999973297119
has_topic:publication:W1964184380->topic:T10516,has_topic,publication:W1964184380,topic:T10516,W1964184380,T10516,Parathyroid Disorders and Treatments,0.49219998717308044
has_topic:publication:W1964184380->topic:T12286,has_topic,publication:W1964184380,topic:T12286,W1964184380,T12286,Erythrocyte Function and Pathophysiology,0.12309999763965607
has_topic:publication:W1964184380->topic:T11219,has_topic,publication:W1964184380,topic:T11219,W1964184380,T11219,Bone Metabolism and Diseases,0.05649999901652336
has_topic:publication:W2037377025->topic:T10235,has_topic,publication:W2037377025,topic:T10235,W2037377025,T10235,Health disparities and outcomes,0.9957000017166138
has_topic:publication:W2037377025->topic:T12480,has_topic,publication:W2037377025,topic:T12480,W2037377025,T12480,Health and Wellbeing Research,0.9923999905586243
has_topic:publication:W2037377025->topic:T14212,has_topic,publication:W2037377025,topic:T14212,W2037377025,T14212,Health Promotion and Cardiovascular Prevention,0.9771000146865845
has_topic:publication:W843007777->topic:T10402,has_topic,publication:W843007777,topic:T10402,W843007777,T10402,Phase Equilibria and Thermodynamics,0.9995999932289124
has_topic:publication:W843007777->topic:T10353,has_topic,publication:W843007777,topic:T10353,W843007777,T10353,Zeolite Catalysis and Synthesis,0.9991999864578247
has_topic:publication:W843007777->topic:T13604,has_topic,publication:W843007777,topic:T13604,W843007777,T13604,"Adsorption, diffusion, and thermodynamic properties of materials",0.9990000128746033
has_topic:publication:W1980704616->topic:T10399,has_topic,publication:W1980704616,topic:T10399,W1980704616,T10399,Hydrocarbon exploration and reservoir analysis,0.6043999791145325
has_topic:publication:W1980704616->topic:T13604,has_topic,publication:W1980704616,topic:T13604,W1980704616,T13604,"Adsorption, diffusion, and thermodynamic properties of materials",0.5957000255584717
has_topic:publication:W2142225512->topic:T13349,has_topic,publication:W2142225512,topic:T13349,W2142225512,T13349,Educational Research and Analysis,0.9970999956130981
has_topic:publication:W2142225512->topic:T12880,has_topic,publication:W2142225512,topic:T12880,W2142225512,T12880,Qualitative Research Methods and Applications,0.9965000152587891
has_topic:publication:W2142225512->topic:T12790,has_topic,publication:W2142225512,topic:T12790,W2142225512,T12790,Nursing Diagnosis and Documentation,0.98089998960495
has_topic:publication:W1979290264->topic:T12196,has_topic,publication:W1979290264,topic:T12196,W1979290264,T12196,Community Health and Development,0.996399998664856
has_topic:publication:W1979290264->topic:T12010,has_topic,publication:W1979290264,topic:T12010,W1979290264,T12010,Evaluation and Performance Assessment,0.9865000247955322
has_topic:publication:W1979290264->topic:T13777,has_topic,publication:W1979290264,topic:T13777,W1979290264,T13777,Cognitive and psychological constructs research,0.98089998960495
has_topic:publication:W2950504429->topic:T12010,has_topic,publication:W2950504429,topic:T12010,W2950504429,T12010,Evaluation and Performance Assessment,0.9987999796867371
has_topic:publication:W2950504429->topic:T12196,has_topic,publication:W2950504429,topic:T12196,W2950504429,T12196,Community Health and Development,0.9865999817848206
has_topic:publication:W2950504429->topic:T10629,has_topic,publication:W2950504429,topic:T10629,W2950504429,T10629,Health Policy Implementation Science,0.9818999767303467
has_topic:publication:W3025949386->topic:T10029,has_topic,publication:W3025949386,topic:T10029,W3025949386,T10029,Climate variability and models,0.9998999834060669
has_topic:publication:W3025949386->topic:T10466,has_topic,publication:W3025949386,topic:T10466,W3025949386,T10466,Meteorological Phenomena and Simulations,0.9998000264167786
has_topic:publication:W3025949386->topic:T11320,has_topic,publication:W3025949386,topic:T11320,W3025949386,T11320,Atmospheric Ozone and Climate,0.9983000159263611
has_topic:publication:W2121745948->topic:T10029,has_topic,publication:W2121745948,topic:T10029,W2121745948,T10029,Climate variability and models,1.0
has_topic:publication:W2121745948->topic:T10466,has_topic,publication:W2121745948,topic:T10466,W2121745948,T10466,Meteorological Phenomena and Simulations,0.9998999834060669
has_topic:publication:W2121745948->topic:T11483,has_topic,publication:W2121745948,topic:T11483,W2121745948,T11483,Tropical and Extratropical Cyclones Research,0.9970999956130981
has_topic:publication:W2157825442->topic:T14400,has_topic,publication:W2157825442,topic:T14400,W2157825442,T14400,Medical Coding and Health Information,0.975600004196167
has_topic:publication:W2157825442->topic:T11314,has_topic,publication:W2157825442,topic:T11314,W2157825442,T11314,Clinical Laboratory Practices and Quality Control,0.9524000287055969
has_topic:publication:W2157825442->topic:T13309,has_topic,publication:W2157825442,topic:T13309,W2157825442,T13309,Reliability and Agreement in Measurement,0.9000999927520752
has_topic:publication:W2124758339->topic:T11911,has_topic,publication:W2124758339,topic:T11911,W2124758339,T11911,Spatial and Panel Data Analysis,0.9990000128746033
has_topic:publication:W2124758339->topic:T11770,has_topic,publication:W2124758339,topic:T11770,W2124758339,T11770,Fiscal Policy and Economic Growth,0.9959999918937683
has_topic:publication:W2124758339->topic:T10841,has_topic,publication:W2124758339,topic:T10841,W2124758339,T10841,Economic and Environmental Valuation,0.9922000169754028
has_topic:publication:W2102074887->topic:T10657,has_topic,publication:W2102074887,topic:T10657,W2102074887,T10657,Topological Materials and Phenomena,1.0
has_topic:publication:W2102074887->topic:T10083,has_topic,publication:W2102074887,topic:T10083,W2102074887,T10083,Graphene research and applications,0.9973000288009644
has_topic:publication:W2102074887->topic:T11682,has_topic,publication:W2102074887,topic:T11682,W2102074887,T11682,Advanced Condensed Matter Physics,0.9948999881744385
has_topic:publication:W2105685140->topic:T10083,has_topic,publication:W2105685140,topic:T10083,W2105685140,T10083,Graphene research and applications,1.0
has_topic:publication:W2105685140->topic:T10382,has_topic,publication:W2105685140,topic:T10382,W2105685140,T10382,Quantum and electron transport phenomena,0.9980000257492065
has_topic:publication:W2105685140->topic:T10018,has_topic,publication:W2105685140,topic:T10018,W2105685140,T10018,Advancements in Battery Materials,0.9976000189781189
has_topic:publication:W2124637492->topic:T10064,has_topic,publication:W2124637492,topic:T10064,W2124637492,T10064,Complex Network Analysis Techniques,1.0
has_topic:publication:W2124637492->topic:T12592,has_topic,publication:W2124637492,topic:T12592,W2124637492,T12592,Opinion Dynamics and Social Influence,0.9961000084877014
has_topic:publication:W2124637492->topic:T13283,has_topic,publication:W2124637492,topic:T13283,W2124637492,T13283,Mental Health Research Topics,0.9886000156402588
has_topic:publication:W2021365718->topic:T11530,has_topic,publication:W2021365718,topic:T11530,W2021365718,T11530,Business and Management Studies,0.852400004863739
has_topic:publication:W2021365718->topic:T13564,has_topic,publication:W2021365718,topic:T13564,W2021365718,T13564,Education and Public Policy,0.784600019454956
has_topic:publication:W2002664886->topic:T10826,has_topic,publication:W2002664886,topic:T10826,W2002664886,T10826,Behavioral and Psychological Studies,0.05249999836087227
has_topic:publication:W2002664886->topic:T12021,has_topic,publication:W2002664886,topic:T12021,W2002664886,T12021,Social and Educational Sciences,0.041600000113248825
has_topic:publication:W1658908529->topic:T12880,has_topic,publication:W1658908529,topic:T12880,W1658908529,T12880,Qualitative Research Methods and Applications,0.45890000462532043
has_topic:publication:W2121044470->topic:T11235,has_topic,publication:W2121044470,topic:T11235,W2121044470,T11235,Statistical Methods in Clinical Trials,0.9965999722480774
has_topic:publication:W2121044470->topic:T11798,has_topic,publication:W2121044470,topic:T11798,W2121044470,T11798,Optimal Experimental Design Methods,0.9933000206947327
has_topic:publication:W2121044470->topic:T13748,has_topic,publication:W2121044470,topic:T13748,W2121044470,T13748,Advanced Statistical Modeling Techniques,0.9320999979972839
has_topic:publication:W2140606211->topic:T10023,has_topic,publication:W2140606211,topic:T10023,W2140606211,T10023,Schizophrenia research and treatment,0.9998999834060669
has_topic:publication:W2140606211->topic:T13283,has_topic,publication:W2140606211,topic:T13283,W2140606211,T13283,Mental Health Research Topics,0.9995999932289124
has_topic:publication:W2140606211->topic:T11337,has_topic,publication:W2140606211,topic:T11337,W2140606211,T11337,Tryptophan and brain disorders,0.995199978351593
has_topic:publication:W2012034410->topic:T10519,has_topic,publication:W2012034410,topic:T10519,W2012034410,T10519,Advanced Proteomics Techniques and Applications,0.9991999864578247
has_topic:publication:W2012034410->topic:T10887,has_topic,publication:W2012034410,topic:T10887,W2012034410,T10887,Bioinformatics and Genomic Networks,0.9975000023841858
has_topic:publication:W2012034410->topic:T10885,has_topic,publication:W2012034410,topic:T10885,W2012034410,T10885,Gene expression and cancer classification,0.9945999979972839
has_topic:publication:W2064815984->topic:T10878,has_topic,publication:W2064815984,topic:T10878,W2064815984,T10878,CRISPR and Genetic Engineering,1.0
has_topic:publication:W2064815984->topic:T10981,has_topic,publication:W2064815984,topic:T10981,W2064815984,T10981,Cytomegalovirus and herpesvirus research,0.9559000134468079
has_topic:publication:W2064815984->topic:T12786,has_topic,publication:W2064815984,topic:T12786,W2064815984,T12786,Innovation and Socioeconomic Development,0.9559000134468079
has_topic:publication:W2141939342->topic:T10096,has_topic,publication:W2141939342,topic:T10096,W2141939342,T10096,Metal-Organic Frameworks: Synthesis and Applications,1.0
has_topic:publication:W2141939342->topic:T10353,has_topic,publication:W2141939342,topic:T10353,W2141939342,T10353,Zeolite Catalysis and Synthesis,0.9969000220298767
has_topic:publication:W2141939342->topic:T11948,has_topic,publication:W2141939342,topic:T11948,W2141939342,T11948,Machine Learning in Materials Science,0.9961000084877014
has_topic:publication:W2045435533->topic:T10878,has_topic,publication:W2045435533,topic:T10878,W2045435533,T10878,CRISPR and Genetic Engineering,1.0
has_topic:publication:W2045435533->topic:T10725,has_topic,publication:W2045435533,topic:T10725,W2045435533,T10725,RNA Interference and Gene Delivery,0.9851999878883362
has_topic:publication:W2045435533->topic:T10207,has_topic,publication:W2045435533,topic:T10207,W2045435533,T10207,Advanced biosensing and bioanalysis techniques,0.9761999845504761
has_topic:publication:W2097259163->topic:T10631,has_topic,publication:W2097259163,topic:T10631,W2097259163,T10631,"Cancer, Hypoxia, and Metabolism",1.0
has_topic:publication:W2097259163->topic:T11339,has_topic,publication:W2097259163,topic:T11339,W2097259163,T11339,"Metabolism, Diabetes, and Cancer",0.9990000128746033
has_topic:publication:W2097259163->topic:T12763,has_topic,publication:W2097259163,topic:T12763,W2097259163,T12763,ATP Synthase and ATPases Research,0.9988999962806702
has_topic:publication:W2010971702->topic:T10083,has_topic,publication:W2010971702,topic:T10083,W2010971702,T10083,Graphene research and applications,0.9998999834060669
has_topic:publication:W2010971702->topic:T10923,has_topic,publication:W2010971702,topic:T10923,W2010971702,T10923,Force Microscopy Techniques and Applications,0.9997000098228455
has_topic:publication:W2010971702->topic:T10074,has_topic,publication:W2010971702,topic:T10074,W2010971702,T10074,Carbon Nanotubes in Composites,0.9994000196456909
has_topic:publication:W2100495367->topic:T10320,has_topic,publication:W2100495367,topic:T10320,W2100495367,T10320,Neural Networks and Applications,0.9991999864578247
has_topic:publication:W2100495367->topic:T11206,has_topic,publication:W2100495367,topic:T11206,W2100495367,T11206,Model Reduction and Neural Networks,0.9871000051498413
has_topic:publication:W2100495367->topic:T10688,has_topic,publication:W2100495367,topic:T10688,W2100495367,T10688,Image and Signal Denoising Methods,0.9869999885559082
has_topic:publication:W2058122340->topic:T10083,has_topic,publication:W2058122340,topic:T10083,W2058122340,T10083,Graphene research and applications,1.0
has_topic:publication:W2058122340->topic:T10074,has_topic,publication:W2058122340,topic:T10074,W2058122340,T10074,Carbon Nanotubes in Composites,0.9998999834060669
has_topic:publication:W2058122340->topic:T10956,has_topic,publication:W2058122340,topic:T10956,W2058122340,T10956,Fullerene Chemistry and Applications,0.9998000264167786
has_topic:publication:W2008620264->topic:T10064,has_topic,publication:W2008620264,topic:T10064,W2008620264,T10064,Complex Network Analysis Techniques,0.9997000098228455
has_topic:publication:W2008620264->topic:T12592,has_topic,publication:W2008620264,topic:T12592,W2008620264,T12592,Opinion Dynamics and Social Influence,0.9991000294685364
has_topic:publication:W2008620264->topic:T11252,has_topic,publication:W2008620264,topic:T11252,W2008620264,T11252,Evolutionary Game Theory and Cooperation,0.9853000044822693
has_topic:publication:W2159999899->topic:T10176,has_topic,publication:W2159999899,topic:T10176,W2159999899,T10176,Mesenchymal stem cell research,0.9998999834060669
has_topic:publication:W2159999899->topic:T10105,has_topic,publication:W2159999899,topic:T10105,W2159999899,T10105,Osteoarthritis Treatment and Mechanisms,0.9979000091552734
has_topic:publication:W2159999899->topic:T10441,has_topic,publication:W2159999899,topic:T10441,W2159999899,T10441,Muscle Physiology and Disorders,0.9818000197410583
has_topic:publication:W2086943348->topic:T10505,has_topic,publication:W2086943348,topic:T10505,W2086943348,T10505,Pluripotent Stem Cells Research,0.9993000030517578
has_topic:publication:W2086943348->topic:T10176,has_topic,publication:W2086943348,topic:T10176,W2086943348,T10176,Mesenchymal stem cell research,0.9904999732971191
has_topic:publication:W2086943348->topic:T12264,has_topic,publication:W2086943348,topic:T12264,W2086943348,T12264,Tissue Engineering and Regenerative Medicine,0.9897000193595886
has_topic:publication:W2032118018->topic:T10878,has_topic,publication:W2032118018,topic:T10878,W2032118018,T10878,CRISPR and Genetic Engineering,0.9979000091552734
has_topic:publication:W2032118018->topic:T11970,has_topic,publication:W2032118018,topic:T11970,W2032118018,T11970,Molecular Biology Techniques and Applications,0.9965000152587891
has_topic:publication:W2032118018->topic:T12929,has_topic,publication:W2032118018,topic:T12929,W2032118018,T12929,Animal Genetics and Reproduction,0.9961000084877014
has_topic:publication:W2024060531->topic:T10591,has_topic,publication:W2024060531,topic:T10591,W2024060531,T10591,Theoretical and Computational Physics,0.9836999773979187
has_topic:publication:W2024060531->topic:T10848,has_topic,publication:W2024060531,topic:T10848,W2024060531,T10848,Advanced Multi-Objective Optimization Algorithms,0.9671000242233276
has_topic:publication:W2024060531->topic:T11522,has_topic,publication:W2024060531,topic:T11522,W2024060531,T11522,VLSI and FPGA Design Techniques,0.9634000062942505
has_topic:publication:W2062663664->topic:T11252,has_topic,publication:W2062663664,topic:T11252,W2062663664,T11252,Evolutionary Game Theory and Cooperation,0.9998000264167786
has_topic:publication:W2062663664->topic:T11118,has_topic,publication:W2062663664,topic:T11118,W2062663664,T11118,Evolutionary Psychology and Human Behavior,0.9886000156402588
has_topic:publication:W2062663664->topic:T10699,has_topic,publication:W2062663664,topic:T10699,W2062663664,T10699,Primate Behavior and Ecology,0.9767000079154968
has_topic:publication:W2096452841->topic:T10315,has_topic,publication:W2096452841,topic:T10315,W2096452841,T10315,Decision-Making and Behavioral Economics,0.9984999895095825
has_topic:publication:W4292157289->topic:T11875,has_topic,publication:W4292157289,topic:T11875,W4292157289,T11875,Statistics Education and Methodologies,0.9905999898910522
has_topic:publication:W4292157289->topic:T11918,has_topic,publication:W4292157289,topic:T11918,W4292157289,T11918,Forecasting Techniques and Applications,0.9666000008583069
has_topic:publication:W4292157289->topic:T10315,has_topic,publication:W4292157289,topic:T10315,W4292157289,T10315,Decision-Making and Behavioral Economics,0.9575999975204468
has_topic:publication:W2226396244->topic:T11252,has_topic,publication:W2226396244,topic:T11252,W2226396244,T11252,Evolutionary Game Theory and Cooperation,0.031300000846385956
has_topic:publication:W2226396244->topic:T12788,has_topic,publication:W2226396244,topic:T12788,W2226396244,T12788,Space Science and Extraterrestrial Life,0.02850000001490116
has_topic:publication:W2226396244->topic:T14350,has_topic,publication:W2226396244,topic:T14350,W2226396244,T14350,"Innovation, Sustainability, Human-Machine Systems",0.024399999529123306
has_topic:publication:W2737217596->topic:T10753,has_topic,publication:W2737217596,topic:T10753,W2737217596,T10753,Microplastics and Plastic Pollution,0.9995999932289124
has_topic:publication:W2737217596->topic:T12017,has_topic,publication:W2737217596,topic:T12017,W2737217596,T12017,Recycling and Waste Management Techniques,0.9842000007629395
has_topic:publication:W2114843025->topic:T10887,has_topic,publication:W2114843025,topic:T10887,W2114843025,T10887,Bioinformatics and Genomic Networks,0.9980999827384949
has_topic:publication:W2114843025->topic:T11287,has_topic,publication:W2114843025,topic:T11287,W2114843025,T11287,Cancer Genomics and Diagnostics,0.9976000189781189
has_topic:publication:W2114843025->topic:T10885,has_topic,publication:W2114843025,topic:T10885,W2114843025,T10885,Gene expression and cancer classification,0.9929999709129333
has_topic:publication:W2302501749->topic:T11937,has_topic,publication:W2302501749,topic:T11937,W2302501749,T11937,Research Data Management Practices,0.9993000030517578
has_topic:publication:W2302501749->topic:T11986,has_topic,publication:W2302501749,topic:T11986,W2302501749,T11986,Scientific Computing and Data Management,0.9991000294685364
has_topic:publication:W2302501749->topic:T11719,has_topic,publication:W2302501749,topic:T11719,W2302501749,T11719,Data Quality and Management,0.9340999722480774
has_topic:publication:W2580767461->topic:T10617,has_topic,publication:W2580767461,topic:T10617,W2580767461,T10617,Cellular transport and secretion,0.9995999932289124
has_topic:publication:W2580767461->topic:T11412,has_topic,publication:W2580767461,topic:T11412,W2580767461,T11412,Genetic and Kidney Cyst Diseases,0.9966999888420105
has_topic:publication:W2580767461->topic:T13437,has_topic,publication:W2580767461,topic:T13437,W2580767461,T13437,Mechanisms of cancer metastasis,0.9947999715805054
has_topic:publication:W2593436234->topic:T10211,has_topic,publication:W2593436234,topic:T10211,W2593436234,T10211,Computational Drug Discovery Methods,1.0
has_topic:publication:W2593436234->topic:T10908,has_topic,publication:W2593436234,topic:T10908,W2593436234,T10908,Analytical Chemistry and Chromatography,0.9994000196456909
has_topic:publication:W2593436234->topic:T10375,has_topic,publication:W2593436234,topic:T10375,W2593436234,T10375,Pharmacogenetics and Drug Metabolism,0.9983999729156494
has_topic:publication:W2150220236->topic:T10799,has_topic,publication:W2150220236,topic:T10799,W2150220236,T10799,Data Visualization and Analytics,0.9965000152587891
has_topic:publication:W2150220236->topic:T13976,has_topic,publication:W2150220236,topic:T13976,W2150220236,T13976,Web visibility and informetrics,0.972100019454956
has_topic:publication:W2150220236->topic:T10064,has_topic,publication:W2150220236,topic:T10064,W2150220236,T10064,Complex Network Analysis Techniques,0.9611999988555908
has_topic:publication:W2148606196->topic:T10064,has_topic,publication:W2148606196,topic:T10064,W2148606196,T10064,Complex Network Analysis Techniques,1.0
has_topic:publication:W2148606196->topic:T12592,has_topic,publication:W2148606196,topic:T12592,W2148606196,T12592,Opinion Dynamics and Social Influence,0.9994999766349792
has_topic:publication:W2148606196->topic:T11031,has_topic,publication:W2148606196,topic:T11031,W2148606196,T11031,Game Theory and Applications,0.970300018787384
has_topic:publication:W197066864->topic:T10985,has_topic,publication:W197066864,topic:T10985,W197066864,T10985,Sleep and Wakefulness Research,0.9995999932289124
has_topic:publication:W197066864->topic:T10316,has_topic,publication:W197066864,topic:T10316,W197066864,T10316,Sleep and related disorders,0.9937999844551086
has_topic:publication:W197066864->topic:T10234,has_topic,publication:W197066864,topic:T10234,W197066864,T10234,Obstructive Sleep Apnea Research,0.992900013923645
has_topic:publication:W2329395632->topic:T12880,has_topic,publication:W2329395632,topic:T12880,W2329395632,T12880,Qualitative Research Methods and Applications,0.21379999816417694
has_topic:publication:W2056944867->topic:T10064,has_topic,publication:W2056944867,topic:T10064,W2056944867,T10064,Complex Network Analysis Techniques,0.9997000098228455
has_topic:publication:W2056944867->topic:T12592,has_topic,publication:W2056944867,topic:T12592,W2056944867,T12592,Opinion Dynamics and Social Influence,0.9990000128746033
has_topic:publication:W2056944867->topic:T11031,has_topic,publication:W2056944867,topic:T11031,W2056944867,T11031,Game Theory and Applications,0.9828000068664551
has_topic:publication:W3210839039->topic:T10792,has_topic,publication:W3210839039,topic:T10792,W3210839039,T10792,Matrix Theory and Algorithms,0.8119000196456909
has_topic:publication:W1992193527->topic:T11871,has_topic,publication:W1992193527,topic:T11871,W1992193527,T11871,Advanced Statistical Methods and Models,0.982200026512146
has_topic:publication:W1992193527->topic:T10243,has_topic,publication:W1992193527,topic:T10243,W1992193527,T10243,Statistical Methods and Bayesian Inference,0.9800999760627747
has_topic:publication:W1992193527->topic:T10050,has_topic,publication:W1992193527,topic:T10050,W1992193527,T10050,Multi-Criteria Decision Making,0.9248999953269958
has_topic:publication:W1031578623->topic:T11809,has_topic,publication:W1031578623,topic:T11809,W1031578623,T11809,Advanced NMR Techniques and Applications,0.9993000030517578
has_topic:publication:W1031578623->topic:T10044,has_topic,publication:W1031578623,topic:T10044,W1031578623,T10044,Protein Structure and Dynamics,0.9987999796867371
has_topic:publication:W1031578623->topic:T11162,has_topic,publication:W1031578623,topic:T11162,W1031578623,T11162,Enzyme Structure and Function,0.9933000206947327
has_topic:publication:W2798643531->topic:T10243,has_topic,publication:W2798643531,topic:T10243,W2798643531,T10243,Statistical Methods and Bayesian Inference,0.03539999946951866
has_topic:publication:W2798643531->topic:T11871,has_topic,publication:W2798643531,topic:T11871,W2798643531,T11871,Advanced Statistical Methods and Models,0.02879999950528145
has_topic:publication:W2798643531->topic:T13398,has_topic,publication:W2798643531,topic:T13398,W2798643531,T13398,Data Analysis with R,0.022700000554323196
has_topic:publication:W2091160252->topic:T10716,has_topic,publication:W2091160252,topic:T10716,W2091160252,T10716,Soil and Unsaturated Flow,0.9010999798774719
has_topic:publication:W2162604832->topic:T10716,has_topic,publication:W2162604832,topic:T10716,W2162604832,T10716,Soil and Unsaturated Flow,0.9993000030517578
has_topic:publication:W2162604832->topic:T10894,has_topic,publication:W2162604832,topic:T10894,W2162604832,T10894,Groundwater flow and contamination studies,0.9944999814033508
has_topic:publication:W2162604832->topic:T11225,has_topic,publication:W2162604832,topic:T11225,W2162604832,T11225,Geothermal Energy Systems and Applications,0.9887999892234802
has_topic:publication:W3121147769->topic:T10785,has_topic,publication:W3121147769,topic:T10785,W3121147769,T10785,Economic Theory and Institutions,0.38370001316070557
has_topic:publication:W3121147769->topic:T12137,has_topic,publication:W3121147769,topic:T12137,W3121147769,T12137,Economic theories and models,0.3328999876976013
has_topic:publication:W4294214781->topic:T13283,has_topic,publication:W4294214781,topic:T13283,W4294214781,T13283,Mental Health Research Topics,0.19179999828338623
has_topic:publication:W2787894218->topic:T11875,has_topic,publication:W2787894218,topic:T11875,W2787894218,T11875,Statistics Education and Methodologies,0.14830000698566437
has_topic:publication:W1480376833->topic:T11875,has_topic,publication:W1480376833,topic:T11875,W1480376833,T11875,Statistics Education and Methodologies,0.4959000051021576
has_topic:publication:W2058815839->topic:T12261,has_topic,publication:W2058815839,topic:T12261,W2058815839,T12261,Statistical Mechanics and Entropy,0.9961000084877014
has_topic:publication:W2058815839->topic:T13487,has_topic,publication:W2058815839,topic:T13487,W2058815839,T13487,Statistical and numerical algorithms,0.9514999985694885
has_topic:publication:W2058815839->topic:T13500,has_topic,publication:W2058815839,topic:T13500,W2058815839,T13500,Probability and Statistical Research,0.9508000016212463
has_topic:publication:W1979300931->topic:T10136,has_topic,publication:W1979300931,topic:T10136,W1979300931,T10136,Statistical Methods and Inference,0.9721999764442444
has_topic:publication:W1979300931->topic:T10968,has_topic,publication:W1979300931,topic:T10968,W1979300931,T10968,Statistical Distribution Estimation and Applications,0.9632999897003174
has_topic:publication:W1979300931->topic:T10243,has_topic,publication:W1979300931,topic:T10243,W1979300931,T10243,Statistical Methods and Bayesian Inference,0.9509000182151794
has_topic:publication:W1580788756->topic:T12011,has_topic,publication:W1580788756,topic:T12011,W1580788756,T12011,"Insurance, Mortality, Demography, Risk Management",0.9995999932289124
has_topic:publication:W1580788756->topic:T14509,has_topic,publication:W1580788756,topic:T14509,W1580788756,T14509,demographic modeling and climate adaptation,0.9983000159263611
has_topic:publication:W1580788756->topic:T12781,has_topic,publication:W1580788756,topic:T12781,W1580788756,T12781,Global Health Care Issues,0.9764000177383423
has_topic:publication:W2337002970->topic:T11432,has_topic,publication:W2337002970,topic:T11432,W2337002970,T11432,Gender Politics and Representation,0.5703999996185303
has_topic:publication:W4300107936->topic:T11810,has_topic,publication:W4300107936,topic:T11810,W4300107936,T11810,Complex Systems and Decision Making,0.3248000144958496
has_topic:publication:W1513618424->topic:T11871,has_topic,publication:W1513618424,topic:T11871,W1513618424,T11871,Advanced Statistical Methods and Models,0.3222000002861023
has_topic:publication:W2148534890->topic:T11901,has_topic,publication:W2148534890,topic:T11901,W2148534890,T11901,Bayesian Methods and Mixture Models,0.9987000226974487
has_topic:publication:W2148534890->topic:T10243,has_topic,publication:W2148534890,topic:T10243,W2148534890,T10243,Statistical Methods and Bayesian Inference,0.9973999857902527
has_topic:publication:W2148534890->topic:T12814,has_topic,publication:W2148534890,topic:T12814,W2148534890,T12814,Gaussian Processes and Bayesian Inference,0.9739999771118164
has_topic:publication:W1518897246->topic:T13398,has_topic,publication:W1518897246,topic:T13398,W1518897246,T13398,Data Analysis with R,0.26649999618530273
has_topic:publication:W1518897246->topic:T10765,has_topic,publication:W1518897246,topic:T10765,W1518897246,T10765,Marine Biology and Ecology Research,0.03709999844431877
has_topic:publication:W1518897246->topic:T10643,has_topic,publication:W1518897246,topic:T10643,W1518897246,T10643,Marine and coastal plant biology,0.023499999195337296
has_topic:publication:W1528905581->topic:T11060,has_topic,publication:W1528905581,topic:T11060,W1528905581,T11060,Infant Development and Preterm Care,0.9853000044822693
has_topic:publication:W1528905581->topic:T10182,has_topic,publication:W1528905581,topic:T10182,W1528905581,T10182,Child and Adolescent Psychosocial and Emotional Development,0.9236999750137329
has_topic:publication:W2126930838->topic:T10206,has_topic,publication:W2126930838,topic:T10206,W2126930838,T10206,Meta-analysis and systematic reviews,0.9991999864578247
has_topic:publication:W2126930838->topic:T11700,has_topic,publication:W2126930838,topic:T11700,W2126930838,T11700,Hemodynamic Monitoring and Therapy,0.9584000110626221
has_topic:publication:W2126930838->topic:T11235,has_topic,publication:W2126930838,topic:T11235,W2126930838,T11235,Statistical Methods in Clinical Trials,0.92330002784729
has_topic:publication:W2123709218->topic:T10003,has_topic,publication:W2123709218,topic:T10003,W2123709218,T10003,Innovation and Knowledge Management,0.9973999857902527
has_topic:publication:W2123709218->topic:T13402,has_topic,publication:W2123709218,topic:T13402,W2123709218,T13402,Business Strategy and Innovation,0.9857000112533569
has_topic:publication:W2123709218->topic:T12851,has_topic,publication:W2123709218,topic:T12851,W2123709218,T12851,Firm Innovation and Growth,0.9678999781608582
has_topic:publication:W2140956556->topic:T10003,has_topic,publication:W2140956556,topic:T10003,W2140956556,T10003,Innovation and Knowledge Management,0.9851999878883362
has_topic:publication:W2140956556->topic:T13402,has_topic,publication:W2140956556,topic:T13402,W2140956556,T13402,Business Strategy and Innovation,0.9686999917030334
has_topic:publication:W2071666535->topic:T10467,has_topic,publication:W2071666535,topic:T10467,W2071666535,T10467,Psychometric Methodologies and Testing,0.9623000025749207
has_topic:publication:W2543580944->topic:T10100,has_topic,publication:W2543580944,topic:T10100,W2543580944,T10100,Metaheuristic Optimization Algorithms Research,0.9994999766349792
has_topic:publication:W2543580944->topic:T13717,has_topic,publication:W2543580944,topic:T13717,W2543580944,T13717,Advanced Algorithms and Applications,0.9909999966621399
has_topic:publication:W2543580944->topic:T12391,has_topic,publication:W2543580944,topic:T12391,W2543580944,T12391,Artificial Immune Systems Applications,0.9879000186920166
has_topic:publication:W2148698435->topic:T10015,has_topic,publication:W2148698435,topic:T10015,W2148698435,T10015,Genomics and Phylogenetic Studies,0.9965999722480774
has_topic:publication:W2148698435->topic:T11354,has_topic,publication:W2148698435,topic:T11354,W2148698435,T11354,Evolution and Paleontology Studies,0.9961000084877014
has_topic:publication:W2148698435->topic:T10012,has_topic,publication:W2148698435,topic:T10012,W2148698435,T10012,Genetic diversity and population structure,0.994700014591217
has_topic:publication:W2111211467->topic:T10015,has_topic,publication:W2111211467,topic:T10015,W2111211467,T10015,Genomics and Phylogenetic Studies,0.9994999766349792
has_topic:publication:W2111211467->topic:T10887,has_topic,publication:W2111211467,topic:T10887,W2111211467,T10887,Bioinformatics and Genomic Networks,0.9914000034332275
has_topic:publication:W2111211467->topic:T10012,has_topic,publication:W2111211467,topic:T10012,W2111211467,T10012,Genetic diversity and population structure,0.9868000149726868
has_topic:publication:W2103546861->topic:T10015,has_topic,publication:W2103546861,topic:T10015,W2103546861,T10015,Genomics and Phylogenetic Studies,0.9997000098228455
has_topic:publication:W2103546861->topic:T10434,has_topic,publication:W2103546861,topic:T10434,W2103546861,T10434,Chromosomal and Genetic Variations,0.9905999898910522
has_topic:publication:W2103546861->topic:T10012,has_topic,publication:W2103546861,topic:T10012,W2103546861,T10012,Genetic diversity and population structure,0.9797000288963318
has_topic:publication:W2560438049->topic:T10206,has_topic,publication:W2560438049,topic:T10206,W2560438049,T10206,Meta-analysis and systematic reviews,0.9370999932289124
has_topic:publication:W2161374186->topic:T10206,has_topic,publication:W2161374186,topic:T10206,W2161374186,T10206,Meta-analysis and systematic reviews,0.9991000294685364
has_topic:publication:W2161374186->topic:T12443,has_topic,publication:W2161374186,topic:T12443,W2161374186,T12443,Delphi Technique in Research,0.9818000197410583
has_topic:publication:W2161374186->topic:T10416,has_topic,publication:W2161374186,topic:T10416,W2161374186,T10416,Traumatic Brain Injury Research,0.960099995136261
has_topic:publication:W2034562813->topic:T14406,has_topic,publication:W2034562813,topic:T14406,W2034562813,T14406,Multidisciplinary Science and Engineering Research,0.15850000083446503
has_topic:publication:W2148603752->topic:T11975,has_topic,publication:W2148603752,topic:T11975,W2148603752,T11975,Evolutionary Algorithms and Applications,0.8125
has_topic:publication:W2148603752->topic:T10100,has_topic,publication:W2148603752,topic:T10100,W2148603752,T10100,Metaheuristic Optimization Algorithms Research,0.7876999974250793
has_topic:publication:W2148603752->topic:T10320,has_topic,publication:W2148603752,topic:T10320,W2148603752,T10320,Neural Networks and Applications,0.7864000201225281
has_topic:publication:W4300870773->topic:T12175,has_topic,publication:W4300870773,topic:T12175,W4300870773,T12175,Social Representations and Identity,0.8004999756813049
has_topic:publication:W4240402692->topic:T12175,has_topic,publication:W4240402692,topic:T12175,W4240402692,T12175,Social Representations and Identity,0.8004999756813049
has_topic:publication:W2801179766->topic:T14500,has_topic,publication:W2801179766,topic:T14500,W2801179766,T14500,Advanced Mathematical Theories,0.6712999939918518
has_topic:publication:W2317574555->topic:T13843,has_topic,publication:W2317574555,topic:T13843,W2317574555,T13843,African Sexualities and LGBTQ+ Issues,0.3188999891281128
has_topic:publication:W2317574555->topic:T12295,has_topic,publication:W2317574555,topic:T12295,W2317574555,T12295,"Foucault, Power, and Ethics",0.31189998984336853
has_topic:publication:W2161633633->topic:T10261,has_topic,publication:W2161633633,topic:T10261,W2161633633,T10261,Genetic Associations and Epidemiology,0.9994000196456909
has_topic:publication:W2161633633->topic:T11468,has_topic,publication:W2161633633,topic:T11468,W2161633633,T11468,Genetic Mapping and Diversity in Plants and Animals,0.9987999796867371
has_topic:publication:W2161633633->topic:T10887,has_topic,publication:W2161633633,topic:T10887,W2161633633,T10887,Bioinformatics and Genomic Networks,0.9868000149726868
has_topic:publication:W1965555277->topic:T12002,has_topic,publication:W1965555277,topic:T12002,W1965555277,T12002,"Computability, Logic, AI Algorithms",0.11990000307559967
has_topic:publication:W1678356000->topic:T10320,has_topic,publication:W1678356000,topic:T10320,W1678356000,T10320,Neural Networks and Applications,0.9986000061035156
has_topic:publication:W1678356000->topic:T12072,has_topic,publication:W1678356000,topic:T12072,W1678356000,T12072,Machine Learning and Algorithms,0.9955000281333923
has_topic:publication:W1678356000->topic:T11206,has_topic,publication:W1678356000,topic:T11206,W1678356000,T11206,Model Reduction and Neural Networks,0.9934999942779541
has_topic:publication:W2117897510->topic:T11871,has_topic,publication:W2117897510,topic:T11871,W2117897510,T11871,Advanced Statistical Methods and Models,0.9977999925613403
has_topic:publication:W2117897510->topic:T10136,has_topic,publication:W2117897510,topic:T10136,W2117897510,T10136,Statistical Methods and Inference,0.9925000071525574
has_topic:publication:W2117897510->topic:T11236,has_topic,publication:W2117897510,topic:T11236,W2117897510,T11236,Control Systems and Identification,0.9854000210762024
has_topic:publication:W2073832139->topic:T11323,has_topic,publication:W2073832139,topic:T11323,W2073832139,T11323,Gamma-ray bursts and supernovae,1.0
has_topic:publication:W2073832139->topic:T10039,has_topic,publication:W2073832139,topic:T10039,W2073832139,T10039,"Stellar, planetary, and galactic studies",0.9919000267982483
has_topic:publication:W2073832139->topic:T10463,has_topic,publication:W2073832139,topic:T10463,W2073832139,T10463,Pulsars and Gravitational Waves Research,0.9847999811172485
has_topic:publication:W1853767801->topic:T11323,has_topic,publication:W1853767801,topic:T11323,W1853767801,T11323,Gamma-ray bursts and supernovae,1.0
has_topic:publication:W1853767801->topic:T10039,has_topic,publication:W1853767801,topic:T10039,W1853767801,T10039,"Stellar, planetary, and galactic studies",0.9972000122070312
has_topic:publication:W1853767801->topic:T10463,has_topic,publication:W1853767801,topic:T10463,W1853767801,T10463,Pulsars and Gravitational Waves Research,0.9965000152587891
has_topic:publication:W2171074980->topic:T13487,has_topic,publication:W2171074980,topic:T13487,W2171074980,T13487,Statistical and numerical algorithms,0.9965000152587891
has_topic:publication:W2171074980->topic:T13126,has_topic,publication:W2171074980,topic:T13126,W2171074980,T13126,Scientific Research and Discoveries,0.9865999817848206
has_topic:publication:W2171074980->topic:T11236,has_topic,publication:W2171074980,topic:T11236,W2171074980,T11236,Control Systems and Identification,0.9851999878883362
has_topic:publication:W2137358449->topic:T12137,has_topic,publication:W2137358449,topic:T12137,W2137358449,T12137,Economic theories and models,0.6438999772071838
has_topic:publication:W2128529067->topic:T11265,has_topic,publication:W2128529067,topic:T11265,W2128529067,T11265,Aging and Gerontology Research,0.9171000123023987
has_topic:publication:W2127911529->topic:T10310,has_topic,publication:W2127911529,topic:T10310,W2127911529,T10310,Corrosion Behavior and Inhibition,0.9952999949455261
has_topic:publication:W2127911529->topic:T12039,has_topic,publication:W2127911529,topic:T12039,W2127911529,T12039,Electron and X-Ray Spectroscopy Techniques,0.9916999936103821
has_topic:publication:W2127911529->topic:T10736,has_topic,publication:W2127911529,topic:T10736,W2127911529,T10736,Hydrogen embrittlement and corrosion behaviors in metals,0.9850000143051147
has_topic:publication:W2092157292->topic:T10002,has_topic,publication:W2092157292,topic:T10002,W2092157292,T10002,Advanced Chemical Physics Studies,0.9998999834060669
has_topic:publication:W2092157292->topic:T10798,has_topic,publication:W2092157292,topic:T10798,W2092157292,T10798,Crystallography and molecular interactions,0.9994000196456909
has_topic:publication:W2092157292->topic:T12646,has_topic,publication:W2092157292,topic:T12646,W2092157292,T12646,Inorganic Fluorides and Related Compounds,0.9991999864578247
has_topic:publication:W2057477511->topic:T11177,has_topic,publication:W2057477511,topic:T11177,W2057477511,T11177,Spectroscopy and Quantum Chemical Studies,0.9990000128746033
has_topic:publication:W2057477511->topic:T10044,has_topic,publication:W2057477511,topic:T10044,W2057477511,T10044,Protein Structure and Dynamics,0.9973000288009644
has_topic:publication:W2057477511->topic:T10591,has_topic,publication:W2057477511,topic:T10591,W2057477511,T10591,Theoretical and Computational Physics,0.9969000220298767
has_topic:publication:W2085093563->topic:T10002,has_topic,publication:W2085093563,topic:T10002,W2085093563,T10002,Advanced Chemical Physics Studies,0.9998000264167786
has_topic:publication:W2085093563->topic:T10083,has_topic,publication:W2085093563,topic:T10083,W2085093563,T10083,Graphene research and applications,0.9998000264167786
has_topic:publication:W2085093563->topic:T10913,has_topic,publication:W2085093563,topic:T10913,W2085093563,T10913,Molecular Junctions and Nanostructures,0.9998000264167786
has_topic:publication:W2122427541->topic:T10002,has_topic,publication:W2122427541,topic:T10002,W2122427541,T10002,Advanced Chemical Physics Studies,0.9998999834060669
has_topic:publication:W2122427541->topic:T12646,has_topic,publication:W2122427541,topic:T12646,W2122427541,T12646,Inorganic Fluorides and Related Compounds,0.9966999888420105
has_topic:publication:W2122427541->topic:T11965,has_topic,publication:W2122427541,topic:T11965,W2122427541,T11965,"Quantum, superfluid, helium dynamics",0.9961000084877014
has_topic:publication:W2008423326->topic:T10002,has_topic,publication:W2008423326,topic:T10002,W2008423326,T10002,Advanced Chemical Physics Studies,0.9998999834060669
has_topic:publication:W2008423326->topic:T11177,has_topic,publication:W2008423326,topic:T11177,W2008423326,T11177,Spectroscopy and Quantum Chemical Studies,0.9991000294685364
has_topic:publication:W2008423326->topic:T11825,has_topic,publication:W2008423326,topic:T11825,W2008423326,T11825,Catalysis and Oxidation Reactions,0.9979000091552734
has_topic:publication:W2035687084->topic:T10044,has_topic,publication:W2035687084,topic:T10044,W2035687084,T10044,Protein Structure and Dynamics,0.9711999893188477
has_topic:publication:W2035687084->topic:T10402,has_topic,publication:W2035687084,topic:T10402,W2035687084,T10402,Phase Equilibria and Thermodynamics,0.957099974155426
has_topic:publication:W2035687084->topic:T10026,has_topic,publication:W2035687084,topic:T10026,W2035687084,T10026,"Galaxies: Formation, Evolution, Phenomena",0.9441999793052673
has_topic:publication:W1982356449->topic:T10002,has_topic,publication:W1982356449,topic:T10002,W1982356449,T10002,Advanced Chemical Physics Studies,0.9998999834060669
has_topic:publication:W1982356449->topic:T10798,has_topic,publication:W1982356449,topic:T10798,W1982356449,T10798,Crystallography and molecular interactions,0.9991999864578247
has_topic:publication:W1982356449->topic:T11177,has_topic,publication:W1982356449,topic:T11177,W1982356449,T11177,Spectroscopy and Quantum Chemical Studies,0.9991999864578247
has_topic:publication:W2143981217->topic:T10002,has_topic,publication:W2143981217,topic:T10002,W2143981217,T10002,Advanced Chemical Physics Studies,0.9998999834060669
has_topic:publication:W2143981217->topic:T11177,has_topic,publication:W2143981217,topic:T11177,W2143981217,T11177,Spectroscopy and Quantum Chemical Studies,0.9994999766349792
has_topic:publication:W2143981217->topic:T11825,has_topic,publication:W2143981217,topic:T11825,W2143981217,T11825,Catalysis and Oxidation Reactions,0.9977999925613403
has_topic:publication:W2067174909->topic:T13126,has_topic,publication:W2067174909,topic:T13126,W2067174909,T13126,Scientific Research and Discoveries,0.9986000061035156
has_topic:publication:W2067174909->topic:T10591,has_topic,publication:W2067174909,topic:T10591,W2067174909,T10591,Theoretical and Computational Physics,0.9944000244140625
has_topic:publication:W2067174909->topic:T12274,has_topic,publication:W2067174909,topic:T12274,W2067174909,T12274,Electrostatics and Colloid Interactions,0.9908999800682068
has_topic:publication:W2069006374->topic:T10002,has_topic,publication:W2069006374,topic:T10002,W2069006374,T10002,Advanced Chemical Physics Studies,0.9998000264167786
has_topic:publication:W2069006374->topic:T11948,has_topic,publication:W2069006374,topic:T11948,W2069006374,T11948,Machine Learning in Materials Science,0.9983999729156494
has_topic:publication:W2069006374->topic:T11177,has_topic,publication:W2069006374,topic:T11177,W2069006374,T11177,Spectroscopy and Quantum Chemical Studies,0.9977999925613403
has_topic:publication:W2017196167->topic:T11177,has_topic,publication:W2017196167,topic:T11177,W2017196167,T11177,Spectroscopy and Quantum Chemical Studies,0.9998999834060669
has_topic:publication:W2017196167->topic:T10002,has_topic,publication:W2017196167,topic:T10002,W2017196167,T10002,Advanced Chemical Physics Studies,0.9995999932289124
has_topic:publication:W2017196167->topic:T11965,has_topic,publication:W2017196167,topic:T11965,W2017196167,T11965,"Quantum, superfluid, helium dynamics",0.9983999729156494
has_topic:publication:W2035266068->topic:T11177,has_topic,publication:W2035266068,topic:T11177,W2035266068,T11177,Spectroscopy and Quantum Chemical Studies,0.9997000098228455
has_topic:publication:W2035266068->topic:T10402,has_topic,publication:W2035266068,topic:T10402,W2035266068,T10402,Phase Equilibria and Thermodynamics,0.9994999766349792
has_topic:publication:W2035266068->topic:T11520,has_topic,publication:W2035266068,topic:T11520,W2035266068,T11520,Advanced Thermodynamics and Statistical Mechanics,0.9990000128746033
has_topic:publication:W1976499671->topic:T11936,has_topic,publication:W1976499671,topic:T11936,W1976499671,T11936,Chemical and Physical Properties in Aqueous Solutions,0.9959999918937683
has_topic:publication:W1976499671->topic:T11177,has_topic,publication:W1976499671,topic:T11177,W1976499671,T11177,Spectroscopy and Quantum Chemical Studies,0.9950000047683716
has_topic:publication:W1976499671->topic:T10402,has_topic,publication:W1976499671,topic:T10402,W1976499671,T10402,Phase Equilibria and Thermodynamics,0.9886000156402588
has_topic:publication:W1971275758->topic:T10002,has_topic,publication:W1971275758,topic:T10002,W1971275758,T10002,Advanced Chemical Physics Studies,0.9998999834060669
has_topic:publication:W1971275758->topic:T12748,has_topic,publication:W1971275758,topic:T12748,W1971275758,T12748,Molecular spectroscopy and chirality,0.9983000159263611
has_topic:publication:W1971275758->topic:T11177,has_topic,publication:W1971275758,topic:T11177,W1971275758,T11177,Spectroscopy and Quantum Chemical Studies,0.998199999332428
has_topic:publication:W2046412723->topic:T12327,has_topic,publication:W2046412723,topic:T12327,W2046412723,T12327,Various Chemistry Research Topics,0.9980999827384949
has_topic:publication:W2046412723->topic:T12852,has_topic,publication:W2046412723,topic:T12852,W2046412723,T12852,Chemical Thermodynamics and Molecular Structure,0.996399998664856
has_topic:publication:W2046412723->topic:T10002,has_topic,publication:W2046412723,topic:T10002,W2046412723,T10002,Advanced Chemical Physics Studies,0.9890000224113464
has_topic:publication:W2056760934->topic:T10402,has_topic,publication:W2056760934,topic:T10402,W2056760934,T10402,Phase Equilibria and Thermodynamics,0.9973999857902527
has_topic:publication:W2056760934->topic:T11520,has_topic,publication:W2056760934,topic:T11520,W2056760934,T11520,Advanced Thermodynamics and Statistical Mechanics,0.9909999966621399
has_topic:publication:W2056760934->topic:T12202,has_topic,publication:W2056760934,topic:T12202,W2056760934,T12202,nanoparticles nucleation surface interactions,0.9769999980926514
has_topic:publication:W3171418018->topic:T12308,has_topic,publication:W3171418018,topic:T12308,W3171418018,T12308,Mental Health and Psychiatry,0.9470999836921692
has_topic:publication:W3121693921->topic:T10019,has_topic,publication:W3121693921,topic:T10019,W3121693921,T10019,Corporate Finance and Governance,0.9973000288009644
has_topic:publication:W3121693921->topic:T12509,has_topic,publication:W3121693921,topic:T12509,W3121693921,T12509,Corporate Insolvency and Governance,0.9955999851226807
has_topic:publication:W3121693921->topic:T14102,has_topic,publication:W3121693921,topic:T14102,W3121693921,T14102,Corporate Governance and Law,0.9789999723434448
has_topic:publication:W2136120210->topic:T10047,has_topic,publication:W2136120210,topic:T10047,W2136120210,T10047,Financial Markets and Investment Strategies,0.9998999834060669
has_topic:publication:W2136120210->topic:T10019,has_topic,publication:W2136120210,topic:T10019,W2136120210,T10019,Corporate Finance and Governance,0.996999979019165
has_topic:publication:W2136120210->topic:T10081,has_topic,publication:W2136120210,topic:T10081,W2136120210,T10081,"Auditing, Earnings Management, Governance",0.9937000274658203
has_topic:publication:W2131773668->topic:T10047,has_topic,publication:W2131773668,topic:T10047,W2131773668,T10047,Financial Markets and Investment Strategies,0.9994000196456909
has_topic:publication:W2131773668->topic:T10632,has_topic,publication:W2131773668,topic:T10632,W2131773668,T10632,Housing Market and Economics,0.9976000189781189
has_topic:publication:W2131773668->topic:T10007,has_topic,publication:W2131773668,topic:T10007,W2131773668,T10007,Monetary Policy and Economic Impact,0.9945999979972839
has_topic:publication:W2029056003->topic:T12137,has_topic,publication:W2029056003,topic:T12137,W2029056003,T12137,Economic theories and models,0.942799985408783
has_topic:publication:W2029056003->topic:T10047,has_topic,publication:W2029056003,topic:T10047,W2029056003,T10047,Financial Markets and Investment Strategies,0.9406999945640564
has_topic:publication:W2029056003->topic:T11976,has_topic,publication:W2029056003,topic:T11976,W2029056003,T11976,Capital Investment and Risk Analysis,0.9092000126838684
has_topic:publication:W2056879345->topic:T12889,has_topic,publication:W2056879345,topic:T12889,W2056879345,T12889,"Psychoanalysis, Philosophy, and Politics",0.10180000215768814
has_topic:publication:W2056879345->topic:T11743,has_topic,publication:W2056879345,topic:T11743,W2056879345,T11743,Political Economy and Marxism,0.08760000020265579
has_topic:publication:W2056879345->topic:T10785,has_topic,publication:W2056879345,topic:T10785,W2056879345,T10785,Economic Theory and Institutions,0.08190000057220459
has_topic:publication:W3122859634->topic:T11365,has_topic,publication:W3122859634,topic:T11365,W3122859634,T11365,Islamic Finance and Banking Studies,0.9987999796867371
has_topic:publication:W3122859634->topic:T11257,has_topic,publication:W3122859634,topic:T11257,W3122859634,T11257,Taxation and Compliance Studies,0.9876000285148621
has_topic:publication:W3122859634->topic:T11508,has_topic,publication:W3122859634,topic:T11508,W3122859634,T11508,Corporate Taxation and Avoidance,0.9753999710083008
has_topic:publication:W1988050849->topic:T10154,has_topic,publication:W1988050849,topic:T10154,W1988050849,T10154,Customer Service Quality and Loyalty,0.9975000023841858
has_topic:publication:W1988050849->topic:T10145,has_topic,publication:W1988050849,topic:T10145,W1988050849,T10145,Consumer Behavior in Brand Consumption and Identification,0.9822999835014343
has_topic:publication:W1988050849->topic:T10068,has_topic,publication:W1988050849,topic:T10068,W1988050849,T10068,Technology Adoption and User Behaviour,0.9782999753952026
has_topic:publication:W2006479099->topic:T12880,has_topic,publication:W2006479099,topic:T12880,W2006479099,T12880,Qualitative Research Methods and Applications,0.022299999371170998
has_topic:publication:W2006479099->topic:T14153,has_topic,publication:W2006479099,topic:T14153,W2006479099,T14153,Social Development and Education Research,0.008299999870359898
has_topic:publication:W2006479099->topic:T12926,has_topic,publication:W2006479099,topic:T12926,W2006479099,T12926,Business Strategies and Management Research,0.007899999618530273
has_topic:publication:W2990427812->topic:T11986,has_topic,publication:W2990427812,topic:T11986,W2990427812,T11986,Scientific Computing and Data Management,0.9955999851226807
has_topic:publication:W2990427812->topic:T11937,has_topic,publication:W2990427812,topic:T11937,W2990427812,T11937,Research Data Management Practices,0.9574000239372253
has_topic:publication:W2990427812->topic:T13398,has_topic,publication:W2990427812,topic:T13398,W2990427812,T13398,Data Analysis with R,0.9282000064849854
has_topic:publication:W2148284063->topic:T12748,has_topic,publication:W2148284063,topic:T12748,W2148284063,T12748,Molecular spectroscopy and chirality,0.9995999932289124
has_topic:publication:W2148284063->topic:T11177,has_topic,publication:W2148284063,topic:T11177,W2148284063,T11177,Spectroscopy and Quantum Chemical Studies,0.9994999766349792
has_topic:publication:W2148284063->topic:T12044,has_topic,publication:W2148284063,topic:T12044,W2148284063,T12044,Advanced Physical and Chemical Molecular Interactions,0.9915000200271606
has_topic:publication:W2030841140->topic:T11520,has_topic,publication:W2030841140,topic:T11520,W2030841140,T11520,Advanced Thermodynamics and Statistical Mechanics,0.9115999937057495
has_topic:publication:W2030841140->topic:T11177,has_topic,publication:W2030841140,topic:T11177,W2030841140,T11177,Spectroscopy and Quantum Chemical Studies,0.909500002861023
has_topic:publication:W2011215428->topic:T11177,has_topic,publication:W2011215428,topic:T11177,W2011215428,T11177,Spectroscopy and Quantum Chemical Studies,0.9998999834060669
has_topic:publication:W2011215428->topic:T11129,has_topic,publication:W2011215428,topic:T11129,W2011215428,T11129,Photochemistry and Electron Transfer Studies,0.9997000098228455
has_topic:publication:W2011215428->topic:T13013,has_topic,publication:W2011215428,topic:T13013,W2011215428,T13013,Free Radicals and Antioxidants,0.9991999864578247
has_topic:publication:W1985940938->topic:T11601,has_topic,publication:W1985940938,topic:T11601,W1985940938,T11601,Neuroscience and Neural Engineering,0.9887999892234802
has_topic:publication:W1985940938->topic:T10923,has_topic,publication:W1985940938,topic:T10923,W1985940938,T10923,Force Microscopy Techniques and Applications,0.9815999865531921
has_topic:publication:W1985940938->topic:T11449,has_topic,publication:W1985940938,topic:T11449,W1985940938,T11449,Mechanical and Optical Resonators,0.9800000190734863
has_topic:publication:W2164059021->topic:T11011,has_topic,publication:W2164059021,topic:T11011,W2164059021,T11011,Frailty in Older Adults,0.9997000098228455
has_topic:publication:W2164059021->topic:T10397,has_topic,publication:W2164059021,topic:T10397,W2164059021,T10397,Nutrition and Health in Aging,0.9968000054359436
has_topic:publication:W2164059021->topic:T10804,has_topic,publication:W2164059021,topic:T10804,W2164059021,T10804,"Health Systems, Economic Evaluations, Quality of Life",0.9961000084877014
has_topic:publication:W3009885589->topic:T10041,has_topic,publication:W3009885589,topic:T10041,W3009885589,T10041,COVID-19 Clinical Research Studies,0.9998000264167786
has_topic:publication:W3009885589->topic:T11368,has_topic,publication:W3009885589,topic:T11368,W3009885589,T11368,Long-Term Effects of COVID-19,0.9972000122070312
has_topic:publication:W3009885589->topic:T10218,has_topic,publication:W3009885589,topic:T10218,W3009885589,T10218,Sepsis Diagnosis and Treatment,0.995199978351593
has_topic:publication:W3001118548->topic:T10118,has_topic,publication:W3001118548,topic:T10118,W3001118548,T10118,SARS-CoV-2 and COVID-19 Research,1.0
has_topic:publication:W3001118548->topic:T10041,has_topic,publication:W3001118548,topic:T10041,W3001118548,T10041,COVID-19 Clinical Research Studies,0.9986000061035156
has_topic:publication:W3001118548->topic:T10976,has_topic,publication:W3001118548,topic:T10976,W3001118548,T10976,Viral gastroenteritis research and epidemiology,0.9983999729156494
has_topic:publication:W3002108456->topic:T10118,has_topic,publication:W3002108456,topic:T10118,W3002108456,T10118,SARS-CoV-2 and COVID-19 Research,0.9998999834060669
has_topic:publication:W3002108456->topic:T10041,has_topic,publication:W3002108456,topic:T10041,W3002108456,T10041,COVID-19 Clinical Research Studies,0.9975000023841858
has_topic:publication:W3002108456->topic:T11775,has_topic,publication:W3002108456,topic:T11775,W3002108456,T11775,COVID-19 diagnosis using AI,0.9970999956130981
has_topic:publication:W3092849554->topic:T11244,has_topic,publication:W3092849554,topic:T11244,W3092849554,T11244,Climate Change and Health Impacts,0.9933000206947327
has_topic:publication:W3092849554->topic:T13555,has_topic,publication:W3092849554,topic:T13555,W3092849554,T13555,"Healthcare cost, quality, practices",0.9819999933242798
has_topic:publication:W3092849554->topic:T12816,has_topic,publication:W3092849554,topic:T12816,W3092849554,T12816,Global Public Health Policies and Epidemiology,0.9807000160217285
has_topic:publication:W3006659024->topic:T10168,has_topic,publication:W3006659024,topic:T10168,W3006659024,T10168,COVID-19 and Mental Health,0.9991000294685364
has_topic:publication:W3006659024->topic:T10242,has_topic,publication:W3006659024,topic:T10242,W3006659024,T10242,Posttraumatic Stress Disorder Research,0.9973999857902527
has_topic:publication:W3006659024->topic:T10795,has_topic,publication:W3006659024,topic:T10795,W3006659024,T10795,Healthcare professionals’ stress and burnout,0.9966999888420105
has_topic:publication:W2275737843->topic:T10206,has_topic,publication:W2275737843,topic:T10206,W2275737843,T10206,Meta-analysis and systematic reviews,0.996999979019165
has_topic:publication:W2275737843->topic:T13309,has_topic,publication:W2275737843,topic:T13309,W2275737843,T13309,Reliability and Agreement in Measurement,0.9771999716758728
has_topic:publication:W2275737843->topic:T12443,has_topic,publication:W2275737843,topic:T12443,W2275737843,T12443,Delphi Technique in Research,0.968999981880188
has_topic:publication:W2337454357->topic:T10027,has_topic,publication:W2337454357,topic:T10027,W2337454357,T10027,"Diabetes, Cardiovascular Risks, and Lipoproteins",0.9995999932289124
has_topic:publication:W2337454357->topic:T10560,has_topic,publication:W2337454357,topic:T10560,W2337454357,T10560,Diabetes Management and Research,0.9994999766349792
has_topic:publication:W2337454357->topic:T10401,has_topic,publication:W2337454357,topic:T10401,W2337454357,T10401,Diabetes Treatment and Management,0.9988999962806702
has_topic:publication:W2015795623->topic:T11700,has_topic,publication:W2015795623,topic:T11700,W2015795623,T11700,Hemodynamic Monitoring and Therapy,0.46050000190734863
has_topic:publication:W2015795623->topic:T11314,has_topic,publication:W2015795623,topic:T11314,W2015795623,T11314,Clinical Laboratory Practices and Quality Control,0.08860000222921371
has_topic:publication:W2015795623->topic:T13309,has_topic,publication:W2015795623,topic:T13309,W2015795623,T13309,Reliability and Agreement in Measurement,0.04820000007748604
has_topic:publication:W2465692541->topic:T13504,has_topic,publication:W2465692541,topic:T13504,W2465692541,T13504,African history and culture analysis,0.18150000274181366
has_topic:publication:W2990138404->topic:T10320,has_topic,publication:W2990138404,topic:T10320,W2990138404,T10320,Neural Networks and Applications,0.7071999907493591
has_topic:publication:W1497256448->topic:T11975,has_topic,publication:W1497256448,topic:T11975,W1497256448,T11975,Evolutionary Algorithms and Applications,0.1826000064611435
has_topic:publication:W1497256448->topic:T10462,has_topic,publication:W1497256448,topic:T10462,W1497256448,T10462,Reinforcement Learning in Robotics,0.07490000128746033
has_topic:publication:W1497256448->topic:T11031,has_topic,publication:W1497256448,topic:T11031,W1497256448,T11031,Game Theory and Applications,0.04039999842643738
has_topic:publication:W2116122104->topic:T10240,has_topic,publication:W2116122104,topic:T10240,W2116122104,T10240,Plant tissue culture and regeneration,1.0
has_topic:publication:W2116122104->topic:T10184,has_topic,publication:W2116122104,topic:T10184,W2116122104,T10184,Plant Molecular Biology Research,0.9919999837875366
has_topic:publication:W2116122104->topic:T11927,has_topic,publication:W2116122104,topic:T11927,W2116122104,T11927,Plant Reproductive Biology,0.991100013256073
has_topic:publication:W2100826189->topic:T10826,has_topic,publication:W2100826189,topic:T10826,W2100826189,T10826,Behavioral and Psychological Studies,0.9980000257492065
has_topic:publication:W2156109180->topic:T12428,has_topic,publication:W2156109180,topic:T12428,W2156109180,T12428,Global Trade and Competitiveness,0.30979999899864197
has_topic:publication:W2070631858->topic:T11742,has_topic,publication:W2070631858,topic:T11742,W2070631858,T11742,Economic Theory and Policy,0.8134999871253967
has_topic:publication:W2070631858->topic:T10785,has_topic,publication:W2070631858,topic:T10785,W2070631858,T10785,Economic Theory and Institutions,0.7175999879837036
has_topic:publication:W2070631858->topic:T10393,has_topic,publication:W2070631858,topic:T10393,W2070631858,T10393,Economic Growth and Productivity,0.6741999983787537
has_topic:publication:W2025610165->topic:T11911,has_topic,publication:W2025610165,topic:T11911,W2025610165,T11911,Spatial and Panel Data Analysis,0.9994000196456909
has_topic:publication:W2025610165->topic:T10007,has_topic,publication:W2025610165,topic:T10007,W2025610165,T10007,Monetary Policy and Economic Impact,0.9983999729156494
has_topic:publication:W2025610165->topic:T11770,has_topic,publication:W2025610165,topic:T11770,W2025610165,T11770,Fiscal Policy and Economic Growth,0.9983999729156494
has_topic:publication:W2150697053->topic:T10002,has_topic,publication:W2150697053,topic:T10002,W2150697053,T10002,Advanced Chemical Physics Studies,0.9998999834060669
has_topic:publication:W2150697053->topic:T10798,has_topic,publication:W2150697053,topic:T10798,W2150697053,T10798,Crystallography and molecular interactions,0.9995999932289124
has_topic:publication:W2150697053->topic:T11948,has_topic,publication:W2150697053,topic:T11948,W2150697053,T11948,Machine Learning in Materials Science,0.9988999962806702
has_topic:publication:W2094642658->topic:T10002,has_topic,publication:W2094642658,topic:T10002,W2094642658,T10002,Advanced Chemical Physics Studies,1.0
has_topic:publication:W2094642658->topic:T11177,has_topic,publication:W2094642658,topic:T11177,W2094642658,T11177,Spectroscopy and Quantum Chemical Studies,0.9975000023841858
has_topic:publication:W2094642658->topic:T11965,has_topic,publication:W2094642658,topic:T11965,W2094642658,T11965,"Quantum, superfluid, helium dynamics",0.996999979019165
has_topic:publication:W2145150141->topic:T10329,has_topic,publication:W2145150141,topic:T10329,W2145150141,T10329,Thyroid Cancer Diagnosis and Treatment,0.9987999796867371
has_topic:publication:W2145150141->topic:T10206,has_topic,publication:W2145150141,topic:T10206,W2145150141,T10206,Meta-analysis and systematic reviews,0.9416999816894531
has_topic:publication:W2145150141->topic:T11728,has_topic,publication:W2145150141,topic:T11728,W2145150141,T11728,Thyroid and Parathyroid Surgery,0.9075000286102295
has_topic:publication:W3099878876->topic:T11269,has_topic,publication:W3099878876,topic:T11269,W3099878876,T11269,Algorithms and Data Compression,0.9987000226974487
has_topic:publication:W3099878876->topic:T12162,has_topic,publication:W3099878876,topic:T12162,W3099878876,T12162,Cellular Automata and Applications,0.9970999956130981
has_topic:publication:W3099878876->topic:T11975,has_topic,publication:W3099878876,topic:T11975,W3099878876,T11975,Evolutionary Algorithms and Applications,0.9950000047683716
has_topic:publication:W2939474406->topic:T13530,has_topic,publication:W2939474406,topic:T13530,W2939474406,T13530,Climate Change and Environmental Impact,0.09220000356435776
has_topic:publication:W2939474406->topic:T14329,has_topic,publication:W2939474406,topic:T14329,W2939474406,T14329,Science and Climate Studies,0.08250000327825546
has_topic:publication:W4254687493->topic:T13398,has_topic,publication:W4254687493,topic:T13398,W4254687493,T13398,Data Analysis with R,0.3224000036716461
has_topic:publication:W244186264->topic:T11667,has_topic,publication:W244186264,topic:T11667,W244186264,T11667,Advanced Chemical Sensor Technologies,0.8960000276565552
has_topic:publication:W244186264->topic:T14249,has_topic,publication:W244186264,topic:T14249,W244186264,T14249,Water Quality Monitoring and Analysis,0.8361999988555908
has_topic:publication:W244186264->topic:T11434,has_topic,publication:W244186264,topic:T11434,W244186264,T11434,Electrochemical Analysis and Applications,0.7484999895095825
has_topic:publication:W2150290224->topic:T11871,has_topic,publication:W2150290224,topic:T11871,W2150290224,T11871,Advanced Statistical Methods and Models,0.13989999890327454
has_topic:publication:W2118502261->topic:T11539,has_topic,publication:W2118502261,topic:T11539,W2118502261,T11539,Survey Methodology and Nonresponse,0.9807999730110168
has_topic:publication:W2118502261->topic:T13030,has_topic,publication:W2118502261,topic:T13030,W2118502261,T13030,Survey Sampling and Estimation Techniques,0.9678999781608582
has_topic:publication:W2118502261->topic:T10243,has_topic,publication:W2118502261,topic:T10243,W2118502261,T10243,Statistical Methods and Bayesian Inference,0.96670001745224
has_topic:publication:W1689771227->topic:T10154,has_topic,publication:W1689771227,topic:T10154,W1689771227,T10154,Customer Service Quality and Loyalty,1.0
has_topic:publication:W1689771227->topic:T11536,has_topic,publication:W1689771227,topic:T11536,W1689771227,T11536,Consumer Retail Behavior Studies,0.9929999709129333
has_topic:publication:W1689771227->topic:T10145,has_topic,publication:W1689771227,topic:T10145,W1689771227,T10145,Consumer Behavior in Brand Consumption and Identification,0.9886999726295471
has_topic:publication:W2787959293->topic:T10288,has_topic,publication:W2787959293,topic:T10288,W2787959293,T10288,Fractional Differential Equations Solutions,0.9902999997138977
has_topic:publication:W2787959293->topic:T11416,has_topic,publication:W2787959293,topic:T11416,W2787959293,T11416,Numerical methods for differential equations,0.9595999717712402
has_topic:publication:W2787959293->topic:T10541,has_topic,publication:W2787959293,topic:T10541,W2787959293,T10541,Nonlinear Differential Equations Analysis,0.9480999708175659
has_topic:publication:W1803273808->topic:T11891,has_topic,publication:W1803273808,topic:T11891,W1803273808,T11891,Big Data and Business Intelligence,0.06449999660253525
has_topic:publication:W4320013936->topic:T11674,has_topic,publication:W4320013936,topic:T11674,W4320013936,T11674,Sports Analytics and Performance,0.8708000183105469
has_topic:publication:W4320013936->topic:T11918,has_topic,publication:W4320013936,topic:T11918,W4320013936,T11918,Forecasting Techniques and Applications,0.866100013256073
has_topic:publication:W4320013936->topic:T12026,has_topic,publication:W4320013936,topic:T12026,W4320013936,T12026,Explainable Artificial Intelligence (XAI),0.8616999983787537
has_topic:publication:W4367314869->topic:T11592,has_topic,publication:W4367314869,topic:T11592,W4367314869,T11592,Phenomenology and Existential Philosophy,0.09480000287294388
has_topic:publication:W4367314869->topic:T10297,has_topic,publication:W4367314869,topic:T10297,W4367314869,T10297,Philosophical Ethics and Theory,0.030300000682473183
has_topic:publication:W4367314869->topic:T10258,has_topic,publication:W4367314869,topic:T10258,W4367314869,T10258,Philosophy and Theoretical Science,0.02160000056028366
has_topic:publication:W2963341956->topic:T10028,has_topic,publication:W2963341956,topic:T10028,W2963341956,T10028,Topic Modeling,0.9998999834060669
has_topic:publication:W2963341956->topic:T10181,has_topic,publication:W2963341956,topic:T10181,W2963341956,T10181,Natural Language Processing Techniques,0.9998000264167786
has_topic:publication:W2963341956->topic:T13910,has_topic,publication:W2963341956,topic:T13910,W2963341956,T13910,Computational and Text Analysis Methods,0.9847999811172485
has_topic:publication:W1990513740->topic:T13498,has_topic,publication:W1990513740,topic:T13498,W1990513740,T13498,Economic Development and Digital Transformation,0.3919000029563904
has_topic:publication:W2129905273->topic:T10320,has_topic,publication:W2129905273,topic:T10320,W2129905273,T10320,Neural Networks and Applications,0.37560001015663147
has_topic:publication:W1533200881->topic:T12903,has_topic,publication:W1533200881,topic:T12903,W1533200881,T12903,Globalization and Cultural Identity,0.08070000261068344
has_topic:publication:W1533200881->topic:T11895,has_topic,publication:W1533200881,topic:T11895,W1533200881,T11895,Social and Cultural Dynamics,0.07779999822378159
has_topic:publication:W2963163009->topic:T10036,has_topic,publication:W2963163009,topic:T10036,W2963163009,T10036,Advanced Neural Network Applications,0.9998999834060669
has_topic:publication:W2963163009->topic:T11689,has_topic,publication:W2963163009,topic:T11689,W2963163009,T11689,Adversarial Robustness in Machine Learning,0.998199999332428
has_topic:publication:W2963163009->topic:T11512,has_topic,publication:W2963163009,topic:T11512,W2963163009,T11512,Anomaly Detection Techniques and Applications,0.9962000250816345
has_topic:publication:W2124192278->topic:T10998,has_topic,publication:W2124192278,topic:T10998,W2124192278,T10998,Heat Transfer and Optimization,0.3407999873161316
has_topic:publication:W2124192278->topic:T12250,has_topic,publication:W2124192278,topic:T12250,W2124192278,T12250,Experimental and Theoretical Physics Studies,0.3379000127315521
has_topic:publication:W2752782242->topic:T10036,has_topic,publication:W2752782242,topic:T10036,W2752782242,T10036,Advanced Neural Network Applications,0.9993000030517578
has_topic:publication:W2752782242->topic:T11307,has_topic,publication:W2752782242,topic:T11307,W2752782242,T11307,Domain Adaptation and Few-Shot Learning,0.9991999864578247
has_topic:publication:W2752782242->topic:T12131,has_topic,publication:W2752782242,topic:T12131,W2752782242,T12131,Wireless Signal Modulation Classification,0.9943000078201294
has_topic:publication:W2412247133->topic:T12414,has_topic,publication:W2412247133,topic:T12414,W2412247133,T12414,Coastal and Marine Management,0.9416999816894531
has_topic:publication:W2041902442->topic:T10474,has_topic,publication:W2041902442,topic:T10474,W2041902442,T10474,Material Dynamics and Properties,0.9945999979972839
has_topic:publication:W2041902442->topic:T10402,has_topic,publication:W2041902442,topic:T10402,W2041902442,T10402,Phase Equilibria and Thermodynamics,0.9886000156402588
has_topic:publication:W2041902442->topic:T11520,has_topic,publication:W2041902442,topic:T11520,W2041902442,T11520,Advanced Thermodynamics and Statistical Mechanics,0.9835000038146973
has_topic:publication:W2963446712->topic:T10036,has_topic,publication:W2963446712,topic:T10036,W2963446712,T10036,Advanced Neural Network Applications,1.0
has_topic:publication:W2963446712->topic:T11307,has_topic,publication:W2963446712,topic:T11307,W2963446712,T11307,Domain Adaptation and Few-Shot Learning,0.9994999766349792
has_topic:publication:W2963446712->topic:T10812,has_topic,publication:W2963446712,topic:T10812,W2963446712,T10812,Human Pose and Action Recognition,0.9991999864578247
has_topic:publication:W2249595199->topic:T10162,has_topic,publication:W2249595199,topic:T10162,W2249595199,T10162,Online and Blended Learning,0.352400004863739
has_topic:publication:W2249595199->topic:T11875,has_topic,publication:W2249595199,topic:T11875,W2249595199,T11875,Statistics Education and Methodologies,0.3215999901294708
has_topic:publication:W2565639579->topic:T10036,has_topic,publication:W2565639579,topic:T10036,W2565639579,T10036,Advanced Neural Network Applications,0.9998999834060669
has_topic:publication:W2565639579->topic:T10627,has_topic,publication:W2565639579,topic:T10627,W2565639579,T10627,Advanced Image and Video Retrieval Techniques,0.9993000030517578
has_topic:publication:W2565639579->topic:T11307,has_topic,publication:W2565639579,topic:T11307,W2565639579,T11307,Domain Adaptation and Few-Shot Learning,0.9965000152587891
has_topic:publication:W2963351448->topic:T10036,has_topic,publication:W2963351448,topic:T10036,W2963351448,T10036,Advanced Neural Network Applications,0.9998000264167786
has_topic:publication:W2963351448->topic:T10331,has_topic,publication:W2963351448,topic:T10331,W2963351448,T10331,Video Surveillance and Tracking Methods,0.9988999962806702
has_topic:publication:W2963351448->topic:T11307,has_topic,publication:W2963351448,topic:T11307,W2963351448,T11307,Domain Adaptation and Few-Shot Learning,0.9973999857902527
has_topic:publication:W2962858109->topic:T11714,has_topic,publication:W2962858109,topic:T11714,W2962858109,T11714,Multimodal Machine Learning Applications,0.9998999834060669
has_topic:publication:W2962858109->topic:T12026,has_topic,publication:W2962858109,topic:T12026,W2962858109,T12026,Explainable Artificial Intelligence (XAI),0.998199999332428
has_topic:publication:W2962858109->topic:T11307,has_topic,publication:W2962858109,topic:T11307,W2962858109,T11307,Domain Adaptation and Few-Shot Learning,0.996999979019165
has_topic:publication:W2963150697->topic:T10036,has_topic,publication:W2963150697,topic:T10036,W2963150697,T10036,Advanced Neural Network Applications,0.9998999834060669
has_topic:publication:W2963150697->topic:T10812,has_topic,publication:W2963150697,topic:T10812,W2963150697,T10812,Human Pose and Action Recognition,0.9987000226974487
has_topic:publication:W2963150697->topic:T10627,has_topic,publication:W2963150697,topic:T10627,W2963150697,T10627,Advanced Image and Video Retrieval Techniques,0.9965000152587891
has_topic:publication:W2971035958->topic:T14060,has_topic,publication:W2971035958,topic:T14060,W2971035958,T14060,Education and Communication Studies,0.7412999868392944
has_topic:publication:W2971035958->topic:T10561,has_topic,publication:W2971035958,topic:T10561,W2971035958,T10561,Educational Research and Methods,0.7150999903678894
has_topic:publication:W2971035958->topic:T12952,has_topic,publication:W2971035958,topic:T12952,W2971035958,T12952,School Leadership and Teacher Performance,0.6869000196456909
has_topic:publication:W1515587369->topic:T12880,has_topic,publication:W1515587369,topic:T12880,W1515587369,T12880,Qualitative Research Methods and Applications,0.21439999341964722
has_topic:publication:W2962793481->topic:T10775,has_topic,publication:W2962793481,topic:T10775,W2962793481,T10775,Generative Adversarial Networks and Image Synthesis,0.9976999759674072
has_topic:publication:W2962793481->topic:T11105,has_topic,publication:W2962793481,topic:T11105,W2962793481,T11105,Advanced Image Processing Techniques,0.9908999800682068
has_topic:publication:W2962793481->topic:T10531,has_topic,publication:W2962793481,topic:T10531,W2962793481,T10531,Advanced Vision and Imaging,0.9871000051498413
has_topic:publication:W2531409750->topic:T11307,has_topic,publication:W2531409750,topic:T11307,W2531409750,T11307,Domain Adaptation and Few-Shot Learning,0.9997000098228455
has_topic:publication:W2531409750->topic:T11689,has_topic,publication:W2531409750,topic:T11689,W2531409750,T11689,Adversarial Robustness in Machine Learning,0.9994999766349792
has_topic:publication:W2531409750->topic:T10036,has_topic,publication:W2531409750,topic:T10036,W2531409750,T10036,Advanced Neural Network Applications,0.9994000196456909
has_topic:publication:W2570343428->topic:T10036,has_topic,publication:W2570343428,topic:T10036,W2570343428,T10036,Advanced Neural Network Applications,1.0
has_topic:publication:W2570343428->topic:T10627,has_topic,publication:W2570343428,topic:T10627,W2570343428,T10627,Advanced Image and Video Retrieval Techniques,0.9983000159263611
has_topic:publication:W2570343428->topic:T11714,has_topic,publication:W2570343428,topic:T11714,W2570343428,T11714,Multimodal Machine Learning Applications,0.9927999973297119
has_topic:publication:W2502134830->topic:T12379,has_topic,publication:W2502134830,topic:T12379,W2502134830,T12379,Cancer Diagnosis and Treatment,0.9789000153541565
has_topic:publication:W2502134830->topic:T10158,has_topic,publication:W2502134830,topic:T10158,W2502134830,T10158,Cancer Immunotherapy and Biomarkers,0.9714000225067139
has_topic:publication:W2502134830->topic:T11287,has_topic,publication:W2502134830,topic:T11287,W2502134830,T11287,Cancer Genomics and Diagnostics,0.97079998254776
has_topic:publication:W2194775991->topic:T10036,has_topic,publication:W2194775991,topic:T10036,W2194775991,T10036,Advanced Neural Network Applications,1.0
has_topic:publication:W2194775991->topic:T11307,has_topic,publication:W2194775991,topic:T11307,W2194775991,T11307,Domain Adaptation and Few-Shot Learning,0.9998000264167786
has_topic:publication:W2194775991->topic:T10627,has_topic,publication:W2194775991,topic:T10627,W2194775991,T10627,Advanced Image and Video Retrieval Techniques,0.9993000030517578
has_topic:publication:W2183341477->topic:T10036,has_topic,publication:W2183341477,topic:T10036,W2183341477,T10036,Advanced Neural Network Applications,0.9998999834060669
has_topic:publication:W2183341477->topic:T11689,has_topic,publication:W2183341477,topic:T11689,W2183341477,T11689,Adversarial Robustness in Machine Learning,0.9994999766349792
has_topic:publication:W2183341477->topic:T11512,has_topic,publication:W2183341477,topic:T11512,W2183341477,T11512,Anomaly Detection Techniques and Applications,0.9993000030517578
has_topic:publication:W3106250896->topic:T11181,has_topic,publication:W3106250896,topic:T11181,W3106250896,T11181,Advanced Data Storage Technologies,0.9969000220298767
has_topic:publication:W3106250896->topic:T10036,has_topic,publication:W3106250896,topic:T10036,W3106250896,T10036,Advanced Neural Network Applications,0.9909999966621399
has_topic:publication:W3106250896->topic:T11992,has_topic,publication:W3106250896,topic:T11992,W3106250896,T11992,CCD and CMOS Imaging Sensors,0.9732000231742859
has_topic:publication:W2295598076->topic:T12535,has_topic,publication:W2295598076,topic:T12535,W2295598076,T12535,Machine Learning and Data Classification,0.9995999932289124
has_topic:publication:W2295598076->topic:T12072,has_topic,publication:W2295598076,topic:T12072,W2295598076,T12072,Machine Learning and Algorithms,0.9991999864578247
has_topic:publication:W2295598076->topic:T11269,has_topic,publication:W2295598076,topic:T11269,W2295598076,T11269,Algorithms and Data Compression,0.9965999722480774
has_topic:publication:W1677182931->topic:T10036,has_topic,publication:W1677182931,topic:T10036,W1677182931,T10036,Advanced Neural Network Applications,0.9998999834060669
has_topic:publication:W1677182931->topic:T11307,has_topic,publication:W1677182931,topic:T11307,W1677182931,T11307,Domain Adaptation and Few-Shot Learning,0.9995999932289124
has_topic:publication:W1677182931->topic:T11689,has_topic,publication:W1677182931,topic:T11689,W1677182931,T11689,Adversarial Robustness in Machine Learning,0.9976999759674072
has_topic:publication:W1536680647->topic:T10036,has_topic,publication:W1536680647,topic:T10036,W1536680647,T10036,Advanced Neural Network Applications,1.0
has_topic:publication:W1536680647->topic:T10627,has_topic,publication:W1536680647,topic:T10627,W1536680647,T10627,Advanced Image and Video Retrieval Techniques,0.9994999766349792
has_topic:publication:W1536680647->topic:T10331,has_topic,publication:W1536680647,topic:T10331,W1536680647,T10331,Video Surveillance and Tracking Methods,0.9944000244140625
has_topic:publication:W1903029394->topic:T10036,has_topic,publication:W1903029394,topic:T10036,W1903029394,T10036,Advanced Neural Network Applications,0.9998999834060669
has_topic:publication:W1903029394->topic:T11307,has_topic,publication:W1903029394,topic:T11307,W1903029394,T11307,Domain Adaptation and Few-Shot Learning,0.9993000030517578
has_topic:publication:W1903029394->topic:T11714,has_topic,publication:W1903029394,topic:T11714,W1903029394,T11714,Multimodal Machine Learning Applications,0.9987999796867371
has_topic:publication:W2097117768->topic:T10036,has_topic,publication:W2097117768,topic:T10036,W2097117768,T10036,Advanced Neural Network Applications,0.9998999834060669
has_topic:publication:W2097117768->topic:T10627,has_topic,publication:W2097117768,topic:T10627,W2097117768,T10627,Advanced Image and Video Retrieval Techniques,0.9994999766349792
has_topic:publication:W2097117768->topic:T11307,has_topic,publication:W2097117768,topic:T11307,W2097117768,T11307,Domain Adaptation and Few-Shot Learning,0.9993000030517578
has_topic:publication:W2132905138->topic:T11746,has_topic,publication:W2132905138,topic:T11746,W2132905138,T11746,Inorganic and Organometallic Chemistry,0.051100000739097595
has_topic:publication:W2132905138->topic:T12044,has_topic,publication:W2132905138,topic:T12044,W2132905138,T12044,Advanced Physical and Chemical Molecular Interactions,0.04910000041127205
has_topic:publication:W2132905138->topic:T14311,has_topic,publication:W2132905138,topic:T14311,W2132905138,T14311,Electrical and Electromagnetic Research,0.01549999974668026
has_topic:publication:W2095705004->topic:T12535,has_topic,publication:W2095705004,topic:T12535,W2095705004,T12535,Machine Learning and Data Classification,0.9994000196456909
has_topic:publication:W2095705004->topic:T12072,has_topic,publication:W2095705004,topic:T12072,W2095705004,T12072,Machine Learning and Algorithms,0.9983999729156494
has_topic:publication:W2095705004->topic:T10320,has_topic,publication:W2095705004,topic:T10320,W2095705004,T10320,Neural Networks and Applications,0.9969000220298767
has_topic:publication:W2250539671->topic:T10028,has_topic,publication:W2250539671,topic:T10028,W2250539671,T10028,Topic Modeling,1.0
has_topic:publication:W2250539671->topic:T10181,has_topic,publication:W2250539671,topic:T10181,W2250539671,T10181,Natural Language Processing Techniques,0.9998999834060669
has_topic:publication:W2250539671->topic:T11550,has_topic,publication:W2250539671,topic:T11550,W2250539671,T11550,Text and Document Classification Technologies,0.9943000078201294
has_topic:publication:W2157331557->topic:T10181,has_topic,publication:W2157331557,topic:T10181,W2157331557,T10181,Natural Language Processing Techniques,1.0
has_topic:publication:W2157331557->topic:T10028,has_topic,publication:W2157331557,topic:T10028,W2157331557,T10028,Topic Modeling,0.9998999834060669
has_topic:publication:W2157331557->topic:T10201,has_topic,publication:W2157331557,topic:T10201,W2157331557,T10201,Speech Recognition and Synthesis,0.9961000084877014
has_topic:publication:W377384883->topic:T12880,has_topic,publication:W377384883,topic:T12880,W377384883,T12880,Qualitative Research Methods and Applications,0.1266999989748001
has_topic:publication:W2102605133->topic:T10036,has_topic,publication:W2102605133,topic:T10036,W2102605133,T10036,Advanced Neural Network Applications,1.0
has_topic:publication:W2102605133->topic:T10627,has_topic,publication:W2102605133,topic:T10627,W2102605133,T10627,Advanced Image and Video Retrieval Techniques,0.9997000098228455
has_topic:publication:W2102605133->topic:T11307,has_topic,publication:W2102605133,topic:T11307,W2102605133,T11307,Domain Adaptation and Few-Shot Learning,0.9988999962806702
has_topic:publication:W1849190772->topic:T13748,has_topic,publication:W1849190772,topic:T13748,W1849190772,T13748,Advanced Statistical Modeling Techniques,0.3790999948978424
has_topic:publication:W4299627282->topic:T12175,has_topic,publication:W4299627282,topic:T12175,W4299627282,T12175,Social Representations and Identity,0.7950000166893005
has_topic:publication:W1530155851->topic:T11761,has_topic,publication:W1530155851,topic:T11761,W1530155851,T11761,Resilience and Mental Health,0.24369999766349792
has_topic:publication:W1554944419->topic:T10538,has_topic,publication:W1554944419,topic:T10538,W1554944419,T10538,Data Mining Algorithms and Applications,0.17470000684261322
has_topic:publication:W2799061466->topic:T10057,has_topic,publication:W2799061466,topic:T10057,W2799061466,T10057,Face and Expression Recognition,0.9970999956130981
has_topic:publication:W2799061466->topic:T10320,has_topic,publication:W2799061466,topic:T10320,W2799061466,T10320,Neural Networks and Applications,0.996399998664856
has_topic:publication:W2799061466->topic:T10824,has_topic,publication:W2799061466,topic:T10824,W2799061466,T10824,Image Retrieval and Classification Techniques,0.9708999991416931
has_topic:publication:W1535803599->topic:T10446,has_topic,publication:W1535803599,topic:T10446,W1535803599,T10446,"Income, Poverty, and Inequality",0.31049999594688416
has_topic:publication:W1587026990->topic:T13398,has_topic,publication:W1587026990,topic:T13398,W1587026990,T13398,Data Analysis with R,0.45249998569488525
has_topic:publication:W1516534262->topic:T12880,has_topic,publication:W1516534262,topic:T12880,W1516534262,T12880,Qualitative Research Methods and Applications,0.09229999780654907
has_topic:publication:W1516534262->topic:T10164,has_topic,publication:W1516534262,topic:T10164,W1516534262,T10164,Quality and Supply Management,0.06379999965429306
has_topic:publication:W1598602811->topic:T10206,has_topic,publication:W1598602811,topic:T10206,W1598602811,T10206,Meta-analysis and systematic reviews,0.9957000017166138
has_topic:publication:W1598602811->topic:T12664,has_topic,publication:W1598602811,topic:T12664,W1598602811,T12664,Clinical practice guidelines implementation,0.9724000096321106
has_topic:publication:W1598602811->topic:T11744,has_topic,publication:W1598602811,topic:T11744,W1598602811,T11744,Health Sciences Research and Education,0.9664000272750854
has_topic:publication:W3144127399->topic:T12880,has_topic,publication:W3144127399,topic:T12880,W3144127399,T12880,Qualitative Research Methods and Applications,0.9995999932289124
has_topic:publication:W3144127399->topic:T14153,has_topic,publication:W3144127399,topic:T14153,W3144127399,T14153,Social Development and Education Research,0.9745000004768372
has_topic:publication:W3144127399->topic:T11981,has_topic,publication:W3144127399,topic:T11981,W3144127399,T11981,Qualitative Research Methods and Ethics,0.9690999984741211
has_topic:publication:W273955616->topic:T10320,has_topic,publication:W273955616,topic:T10320,W273955616,T10320,Neural Networks and Applications,0.9585999846458435
has_topic:publication:W1520428197->topic:T13530,has_topic,publication:W1520428197,topic:T13530,W1520428197,T13530,Climate Change and Environmental Impact,0.7878000140190125
has_topic:publication:W2798333393->topic:T12885,has_topic,publication:W2798333393,topic:T12885,W2798333393,T12885,Digital Innovation in Industries,0.04899999871850014
has_topic:publication:W2798333393->topic:T12720,has_topic,publication:W2798333393,topic:T12720,W2798333393,T12720,Multimedia Communication and Technology,0.047600001096725464
has_topic:publication:W2798333393->topic:T13745,has_topic,publication:W2798333393,topic:T13745,W2798333393,T13745,Media and Digital Communication,0.04600000008940697
has_topic:publication:W1542932561->topic:T12998,has_topic,publication:W1542932561,topic:T12998,W1542932561,T12998,Education and Islamic Studies,0.29269999265670776
has_topic:publication:W1542932561->topic:T10162,has_topic,publication:W1542932561,topic:T10162,W1542932561,T10162,Online and Blended Learning,0.26579999923706055
has_topic:publication:W1605824561->topic:T12880,has_topic,publication:W1605824561,topic:T12880,W1605824561,T12880,Qualitative Research Methods and Applications,0.5633999705314636
has_topic:publication:W2491458126->topic:T11472,has_topic,publication:W2491458126,topic:T11472,W2491458126,T11472,Analytical Chemistry and Sensors,0.792900025844574
has_topic:publication:W2491458126->topic:T10212,has_topic,publication:W2491458126,topic:T10212,W2491458126,T10212,Electrochemical sensors and biosensors,0.769599974155426
has_topic:publication:W2491458126->topic:T10640,has_topic,publication:W2491458126,topic:T10640,W2491458126,T10640,Spectroscopy and Chemometric Analyses,0.677299976348877
has_topic:publication:W2161969291->topic:T10331,has_topic,publication:W2161969291,topic:T10331,W2161969291,T10331,Video Surveillance and Tracking Methods,0.9994000196456909
has_topic:publication:W2161969291->topic:T10627,has_topic,publication:W2161969291,topic:T10627,W2161969291,T10627,Advanced Image and Video Retrieval Techniques,0.9993000030517578
has_topic:publication:W2161969291->topic:T10812,has_topic,publication:W2161969291,topic:T10812,W2161969291,T10812,Human Pose and Action Recognition,0.9936000108718872
has_topic:publication:W3145128584->topic:T12002,has_topic,publication:W3145128584,topic:T12002,W3145128584,T12002,"Computability, Logic, AI Algorithms",0.019700000062584877
has_topic:publication:W3145128584->topic:T11435,has_topic,publication:W3145128584,topic:T11435,W3145128584,T11435,Polynomial and algebraic computation,0.01269999984651804
has_topic:publication:W3145128584->topic:T12797,has_topic,publication:W3145128584,topic:T12797,W3145128584,T12797,History of Computing Technologies,0.010499999858438969
has_topic:publication:W1665332082->topic:T10467,has_topic,publication:W1665332082,topic:T10467,W1665332082,T10467,Psychometric Methodologies and Testing,0.4756999909877777
has_topic:publication:W1665332082->topic:T13447,has_topic,publication:W1665332082,topic:T13447,W1665332082,T13447,Educational and Psychological Assessments,0.0272000003606081
has_topic:publication:W1665332082->topic:T13283,has_topic,publication:W1665332082,topic:T13283,W1665332082,T13283,Mental Health Research Topics,0.007799999788403511
has_topic:publication:W2164598857->topic:T10627,has_topic,publication:W2164598857,topic:T10627,W2164598857,T10627,Advanced Image and Video Retrieval Techniques,0.9970999956130981
has_topic:publication:W2164598857->topic:T11605,has_topic,publication:W2164598857,topic:T11605,W2164598857,T11605,Visual Attention and Saliency Detection,0.9966999888420105
has_topic:publication:W2164598857->topic:T10057,has_topic,publication:W2164598857,topic:T10057,W2164598857,T10057,Face and Expression Recognition,0.9958999752998352
has_topic:publication:W2296616510->topic:T10500,has_topic,publication:W2296616510,topic:T10500,W2296616510,T10500,Sparse and Compressive Sensing Techniques,0.9998999834060669
has_topic:publication:W2296616510->topic:T10688,has_topic,publication:W2296616510,topic:T10688,W2296616510,T10688,Image and Signal Denoising Methods,0.9990000128746033
has_topic:publication:W2296616510->topic:T12015,has_topic,publication:W2296616510,topic:T12015,W2296616510,T12015,Photoacoustic and Ultrasonic Imaging,0.9980000257492065
has_topic:publication:W2052417512->topic:T14196,has_topic,publication:W2052417512,topic:T14196,W2052417512,T14196,Multidisciplinary Warburg-centric Studies,0.9998999834060669
has_topic:publication:W2052417512->topic:T13497,has_topic,publication:W2052417512,topic:T13497,W2052417512,T13497,Hermeneutics and Narrative Identity,0.9333000183105469
has_topic:publication:W2052417512->topic:T13558,has_topic,publication:W2052417512,topic:T13558,W2052417512,T13558,"Philosophy, Science, and History",0.9061999917030334
has_topic:publication:W2904250082->topic:T10100,has_topic,publication:W2904250082,topic:T10100,W2904250082,T10100,Metaheuristic Optimization Algorithms Research,0.13840000331401825
has_topic:publication:W2152195021->topic:T10100,has_topic,publication:W2152195021,topic:T10100,W2152195021,T10100,Metaheuristic Optimization Algorithms Research,0.9764999747276306
has_topic:publication:W2152195021->topic:T10320,has_topic,publication:W2152195021,topic:T10320,W2152195021,T10320,Neural Networks and Applications,0.9521999955177307
has_topic:publication:W2145417574->topic:T10575,has_topic,publication:W2145417574,topic:T10575,W2145417574,T10575,Wireless Communication Networks Research,0.5149999856948853
has_topic:publication:W2145417574->topic:T10651,has_topic,publication:W2145417574,topic:T10651,W2145417574,T10651,"IPv6, Mobility, Handover, Networks, Security",0.49309998750686646
has_topic:publication:W2101105183->topic:T10181,has_topic,publication:W2101105183,topic:T10181,W2101105183,T10181,Natural Language Processing Techniques,1.0
has_topic:publication:W2101105183->topic:T10028,has_topic,publication:W2101105183,topic:T10028,W2101105183,T10028,Topic Modeling,0.9988999962806702
has_topic:publication:W2101105183->topic:T13629,has_topic,publication:W2101105183,topic:T13629,W2101105183,T13629,Text Readability and Simplification,0.9919000267982483
has_topic:publication:W1539265701->topic:T13299,has_topic,publication:W1539265701,topic:T13299,W1539265701,T13299,Educational Leadership and Administration,0.11429999768733978
has_topic:publication:W2099111195->topic:T10050,has_topic,publication:W2099111195,topic:T10050,W2099111195,T10050,Multi-Criteria Decision Making,0.6917999982833862
has_topic:publication:W2099111195->topic:T12002,has_topic,publication:W2099111195,topic:T12002,W2099111195,T12002,"Computability, Logic, AI Algorithms",0.6090999841690063
has_topic:publication:W2099111195->topic:T12261,has_topic,publication:W2099111195,topic:T12261,W2099111195,T12261,Statistical Mechanics and Entropy,0.5849000215530396
has_topic:publication:W4299689471->topic:T11871,has_topic,publication:W4299689471,topic:T11871,W4299689471,T11871,Advanced Statistical Methods and Models,0.32440000772476196
has_topic:publication:W4299689471->topic:T12368,has_topic,publication:W4299689471,topic:T12368,W4299689471,T12368,Grey System Theory Applications,0.29739999771118164
has_topic:publication:W4299689471->topic:T12135,has_topic,publication:W4299689471,topic:T12135,W4299689471,T12135,Fuzzy Systems and Optimization,0.2646999955177307
has_topic:publication:W1607071030->topic:T10360,has_topic,publication:W1607071030,topic:T10360,W1607071030,T10360,Fluid Dynamics and Turbulent Flows,0.6380000114440918
has_topic:publication:W1607071030->topic:T11254,has_topic,publication:W1607071030,topic:T11254,W1607071030,T11254,Fluid Dynamics and Vibration Analysis,0.6333000063896179
has_topic:publication:W1607071030->topic:T13951,has_topic,publication:W1607071030,topic:T13951,W1607071030,T13951,Fluid dynamics and aerodynamics studies,0.6182000041007996
has_topic:publication:W1505626160->topic:T12167,has_topic,publication:W1505626160,topic:T12167,W1505626160,T12167,Bacterial Identification and Susceptibility Testing,0.9950000047683716
has_topic:publication:W1505626160->topic:T10147,has_topic,publication:W1505626160,topic:T10147,W1505626160,T10147,Antibiotic Resistance in Bacteria,0.9745000004768372
has_topic:publication:W1505626160->topic:T10897,has_topic,publication:W1505626160,topic:T10897,W1505626160,T10897,Antibiotic Use and Resistance,0.9623000025749207
has_topic:publication:W2036149274->topic:T13748,has_topic,publication:W2036149274,topic:T13748,W2036149274,T13748,Advanced Statistical Modeling Techniques,0.2732999920845032
has_topic:publication:W2036149274->topic:T14260,has_topic,publication:W2036149274,topic:T14260,W2036149274,T14260,Impact of AI and Big Data on Business and Society,0.26159998774528503
has_topic:publication:W1780382453->topic:T11806,has_topic,publication:W1780382453,topic:T11806,W1780382453,T11806,Service-Learning and Community Engagement,0.6467999815940857
has_topic:publication:W2124386111->topic:T10824,has_topic,publication:W2124386111,topic:T10824,W2124386111,T10824,Image Retrieval and Classification Techniques,0.9994000196456909
has_topic:publication:W2124386111->topic:T12549,has_topic,publication:W2124386111,topic:T12549,W2124386111,T12549,Image and Object Detection Techniques,0.9988999962806702
has_topic:publication:W2124386111->topic:T10627,has_topic,publication:W2124386111,topic:T10627,W2124386111,T10627,Advanced Image and Video Retrieval Techniques,0.9987000226974487
has_topic:publication:W2129995310->topic:T11472,has_topic,publication:W2129995310,topic:T11472,W2129995310,T11472,Analytical Chemistry and Sensors,0.8507000207901001
has_topic:publication:W2129995310->topic:T10640,has_topic,publication:W2129995310,topic:T10640,W2129995310,T10640,Spectroscopy and Chemometric Analyses,0.8363999724388123
has_topic:publication:W2129995310->topic:T10212,has_topic,publication:W2129995310,topic:T10212,W2129995310,T10212,Electrochemical sensors and biosensors,0.7960000038146973
has_topic:publication:W1672766972->topic:T11877,has_topic,publication:W1672766972,topic:T11877,W1672766972,T11877,Iron oxide chemistry and applications,0.20839999616146088
has_topic:publication:W1487923163->topic:T11404,has_topic,publication:W1487923163,topic:T11404,W1487923163,T11404,Irrigation Practices and Water Management,0.48980000615119934
has_topic:publication:W1487923163->topic:T10266,has_topic,publication:W1487923163,topic:T10266,W1487923163,T10266,Plant Water Relations and Carbon Dynamics,0.4650999903678894
has_topic:publication:W2124776405->topic:T10320,has_topic,publication:W2124776405,topic:T10320,W2124776405,T10320,Neural Networks and Applications,0.2619999945163727
has_topic:publication:W2028954902->topic:T12880,has_topic,publication:W2028954902,topic:T12880,W2028954902,T12880,Qualitative Research Methods and Applications,0.13830000162124634
has_topic:publication:W1673310716->topic:T11106,has_topic,publication:W1673310716,topic:T11106,W1673310716,T11106,Data Management and Algorithms,0.9997000098228455
has_topic:publication:W1673310716->topic:T10538,has_topic,publication:W1673310716,topic:T10538,W1673310716,T10538,Data Mining Algorithms and Applications,0.9983000159263611
has_topic:publication:W1673310716->topic:T10637,has_topic,publication:W1673310716,topic:T10637,W1673310716,T10637,Advanced Clustering Algorithms Research,0.9976000189781189
has_topic:publication:W2912565176->topic:T10820,has_topic,publication:W2912565176,topic:T10820,W2912565176,T10820,Fuzzy Logic and Control Systems,0.12630000710487366
has_topic:publication:W4388147587->topic:T13057,has_topic,publication:W4388147587,topic:T13057,W4388147587,T13057,Asian Industrial and Economic Development,0.45350000262260437
has_topic:publication:W2156909104->topic:T10320,has_topic,publication:W2156909104,topic:T10320,W2156909104,T10320,Neural Networks and Applications,0.9437999725341797
has_topic:publication:W1995945562->topic:T10136,has_topic,publication:W1995945562,topic:T10136,W1995945562,T10136,Statistical Methods and Inference,0.06650000065565109
has_topic:publication:W1649645444->topic:T12490,has_topic,publication:W1649645444,topic:T12490,W1649645444,T12490,Software Engineering and Design Patterns,0.9984999895095825
has_topic:publication:W1649645444->topic:T10317,has_topic,publication:W1649645444,topic:T10317,W1649645444,T10317,Advanced Database Systems and Queries,0.9886999726295471
has_topic:publication:W1649645444->topic:T11450,has_topic,publication:W1649645444,topic:T11450,W1649645444,T11450,Model-Driven Software Engineering Techniques,0.9782000184059143
has_topic:publication:W1763243278->topic:T10305,has_topic,publication:W1763243278,topic:T10305,W1763243278,T10305,Power System Optimization and Stability,0.9998999834060669
has_topic:publication:W1763243278->topic:T11102,has_topic,publication:W1763243278,topic:T11102,W1763243278,T11102,HVDC Systems and Fault Protection,0.9973999857902527
has_topic:publication:W1763243278->topic:T10972,has_topic,publication:W1763243278,topic:T10972,W1763243278,T10972,Power Systems Fault Detection,0.9927999973297119
has_topic:publication:W1714723801->topic:T11994,has_topic,publication:W1714723801,topic:T11994,W1714723801,T11994,Human Resource Development and Performance Evaluation,0.08150000125169754
has_topic:publication:W1714723801->topic:T12880,has_topic,publication:W1714723801,topic:T12880,W1714723801,T12880,Qualitative Research Methods and Applications,0.07800000160932541
has_topic:publication:W1714723801->topic:T12010,has_topic,publication:W1714723801,topic:T12010,W1714723801,T12010,Evaluation and Performance Assessment,0.06889999657869339
has_topic:publication:W2061901927->topic:T10064,has_topic,publication:W2061901927,topic:T10064,W2061901927,T10064,Complex Network Analysis Techniques,0.991599977016449
has_topic:publication:W2061901927->topic:T12592,has_topic,publication:W2061901927,topic:T12592,W2061901927,T12592,Opinion Dynamics and Social Influence,0.9099000096321106
has_topic:publication:W3106889297->topic:T13398,has_topic,publication:W3106889297,topic:T13398,W3106889297,T13398,Data Analysis with R,0.012500000186264515
has_topic:publication:W3106889297->topic:T10467,has_topic,publication:W3106889297,topic:T10467,W3106889297,T10467,Psychometric Methodologies and Testing,0.009600000455975533
has_topic:publication:W3106889297->topic:T13307,has_topic,publication:W3106889297,topic:T13307,W3106889297,T13307,Diverse Scientific and Engineering Research,0.007799999788403511
has_topic:publication:W2125055259->topic:T11975,has_topic,publication:W2125055259,topic:T11975,W2125055259,T11975,Evolutionary Algorithms and Applications,0.732699990272522
has_topic:publication:W3214833809->topic:T11994,has_topic,publication:W3214833809,topic:T11994,W3214833809,T11994,Human Resource Development and Performance Evaluation,0.29429998993873596
has_topic:publication:W3214833809->topic:T12010,has_topic,publication:W3214833809,topic:T12010,W3214833809,T12010,Evaluation and Performance Assessment,0.2581000030040741
has_topic:publication:W4301861531->topic:T10243,has_topic,publication:W4301861531,topic:T10243,W4301861531,T10243,Statistical Methods and Bayesian Inference,0.11060000211000443
has_topic:publication:W4301861531->topic:T11871,has_topic,publication:W4301861531,topic:T11871,W4301861531,T11871,Advanced Statistical Methods and Models,0.029200000688433647
has_topic:publication:W4301861531->topic:T11901,has_topic,publication:W4301861531,topic:T11901,W4301861531,T11901,Bayesian Methods and Mixture Models,0.022199999541044235
has_topic:publication:W2144634347->topic:T13937,has_topic,publication:W2144634347,topic:T13937,W2144634347,T13937,"Genetics, Bioinformatics, and Biomedical Research",0.840499997138977
has_topic:publication:W4298091299->topic:T14484,has_topic,publication:W4298091299,topic:T14484,W4298091299,T14484,Technology and Data Analysis,0.06019999831914902
has_topic:publication:W4298091299->topic:T13748,has_topic,publication:W4298091299,topic:T13748,W4298091299,T13748,Advanced Statistical Modeling Techniques,0.05249999836087227
has_topic:publication:W1639032689->topic:T10100,has_topic,publication:W1639032689,topic:T10100,W1639032689,T10100,Metaheuristic Optimization Algorithms Research,0.6876999735832214
has_topic:publication:W2159080219->topic:T11303,has_topic,publication:W2159080219,topic:T11303,W2159080219,T11303,Bayesian Modeling and Causal Inference,0.9979000091552734
has_topic:publication:W2159080219->topic:T11010,has_topic,publication:W2159080219,topic:T11010,W2159080219,T11010,"Logic, Reasoning, and Knowledge",0.9968000054359436
has_topic:publication:W2159080219->topic:T10906,has_topic,publication:W2159080219,topic:T10906,W2159080219,T10906,AI-based Problem Solving and Planning,0.994700014591217
has_topic:publication:W1965324089->topic:T12565,has_topic,publication:W1965324089,topic:T12565,W1965324089,T12565,Physics and Engineering Research Articles,0.34880000352859497
has_topic:publication:W1536690700->topic:T12422,has_topic,publication:W1536690700,topic:T12422,W1536690700,T12422,Radiomics and Machine Learning in Medical Imaging,0.6794000267982483
has_topic:publication:W1517229207->topic:T12175,has_topic,publication:W1517229207,topic:T12175,W1517229207,T12175,Social Representations and Identity,0.9879000186920166
has_topic:publication:W1517229207->topic:T13777,has_topic,publication:W1517229207,topic:T13777,W1517229207,T13777,Cognitive and psychological constructs research,0.9837999939918518
has_topic:publication:W1517229207->topic:T11542,has_topic,publication:W1517229207,topic:T11542,W1517229207,T11542,Behavioral Health and Interventions,0.9829999804496765
has_topic:publication:W2052729098->topic:T11400,has_topic,publication:W2052729098,topic:T11400,W2052729098,T11400,Motivation and Self-Concept in Sports,0.17339999973773956
has_topic:publication:W2052729098->topic:T12848,has_topic,publication:W2052729098,topic:T12848,W2052729098,T12848,Psychological Testing and Assessment,0.065700002014637
has_topic:publication:W2052729098->topic:T12430,has_topic,publication:W2052729098,topic:T12430,W2052729098,T12430,Academic and Historical Perspectives in Psychology,0.024299999698996544
has_topic:publication:W2610857016->topic:T10792,has_topic,publication:W2610857016,topic:T10792,W2610857016,T10792,Matrix Theory and Algorithms,0.3871000111103058
has_topic:publication:W1527311855->topic:T13913,has_topic,publication:W1527311855,topic:T13913,W1527311855,T13913,Blockchain Technology in Education and Learning,0.1688999980688095
has_topic:publication:W1527311855->topic:T10561,has_topic,publication:W1527311855,topic:T10561,W1527311855,T10561,Educational Research and Methods,0.16459999978542328
has_topic:publication:W1527311855->topic:T11734,has_topic,publication:W1527311855,topic:T11734,W1527311855,T11734,Decision Support System Applications,0.15299999713897705
has_topic:publication:W1515810707->topic:T11743,has_topic,publication:W1515810707,topic:T11743,W1515810707,T11743,Political Economy and Marxism,0.6818000078201294
has_topic:publication:W2170644967->topic:T12997,has_topic,publication:W2170644967,topic:T12997,W2170644967,T12997,Outdoor and Experiential Education,0.9896000027656555
has_topic:publication:W2170644967->topic:T10731,has_topic,publication:W2170644967,topic:T10731,W2170644967,T10731,Educational Games and Gamification,0.9613999724388123
has_topic:publication:W2170644967->topic:T14308,has_topic,publication:W2170644967,topic:T14308,W2170644967,T14308,Psychological and Educational Research Studies,0.9417999982833862
has_topic:publication:W1484864026->topic:T11871,has_topic,publication:W1484864026,topic:T11871,W1484864026,T11871,Advanced Statistical Methods and Models,0.04619999974966049
has_topic:publication:W1484864026->topic:T13141,has_topic,publication:W1484864026,topic:T13141,W1484864026,T13141,Statistical Methods and Applications,0.045499999076128006
has_topic:publication:W1484864026->topic:T13580,has_topic,publication:W1484864026,topic:T13580,W1484864026,T13580,Management and Performance Evaluation,0.04019999876618385
has_topic:publication:W2113076747->topic:T10820,has_topic,publication:W2113076747,topic:T10820,W2113076747,T10820,Fuzzy Logic and Control Systems,0.8119999766349792
has_topic:publication:W2113076747->topic:T10320,has_topic,publication:W2113076747,topic:T10320,W2113076747,T10320,Neural Networks and Applications,0.7226999998092651
has_topic:publication:W1855283887->topic:T13402,has_topic,publication:W1855283887,topic:T13402,W1855283887,T13402,Business Strategy and Innovation,0.6585000157356262
has_topic:publication:W1989157562->topic:T11434,has_topic,publication:W1989157562,topic:T11434,W1989157562,T11434,Electrochemical Analysis and Applications,0.8626000285148621
has_topic:publication:W1597750586->topic:T12295,has_topic,publication:W1597750586,topic:T12295,W1597750586,T12295,"Foucault, Power, and Ethics",0.11900000274181366
has_topic:publication:W115394847->topic:T12880,has_topic,publication:W115394847,topic:T12880,W115394847,T12880,Qualitative Research Methods and Applications,0.01640000008046627
has_topic:publication:W115394847->topic:T12010,has_topic,publication:W115394847,topic:T12010,W115394847,T12010,Evaluation and Performance Assessment,0.01549999974668026
has_topic:publication:W115394847->topic:T14153,has_topic,publication:W115394847,topic:T14153,W115394847,T14153,Social Development and Education Research,0.01080000028014183
has_topic:publication:W1491644571->topic:T12904,has_topic,publication:W1491644571,topic:T12904,W1491644571,T12904,Diverse Educational Innovations Studies,0.09719999879598618
has_topic:publication:W2011039300->topic:T10260,has_topic,publication:W2011039300,topic:T10260,W2011039300,T10260,Software Engineering Research,0.9593999981880188
has_topic:publication:W2011039300->topic:T10430,has_topic,publication:W2011039300,topic:T10430,W2011039300,T10430,Software Engineering Techniques and Practices,0.9332000017166138
has_topic:publication:W2046002177->topic:T13297,has_topic,publication:W2046002177,topic:T13297,W2046002177,T13297,History and advancements in chemistry,0.7710999846458435
has_topic:publication:W2046002177->topic:T12327,has_topic,publication:W2046002177,topic:T12327,W2046002177,T12327,Various Chemistry Research Topics,0.753000020980835
has_topic:publication:W2036389121->topic:T10315,has_topic,publication:W2036389121,topic:T10315,W2036389121,T10315,Decision-Making and Behavioral Economics,0.08250000327825546
has_topic:publication:W2036389121->topic:T11542,has_topic,publication:W2036389121,topic:T11542,W2036389121,T11542,Behavioral Health and Interventions,0.06960000097751617
has_topic:publication:W2036389121->topic:T10314,has_topic,publication:W2036389121,topic:T10314,W2036389121,T10314,Social and Intergroup Psychology,0.03750000149011612
has_topic:publication:W158727920->topic:T11875,has_topic,publication:W158727920,topic:T11875,W158727920,T11875,Statistics Education and Methodologies,0.9872999787330627
has_topic:publication:W158727920->topic:T11918,has_topic,publication:W158727920,topic:T11918,W158727920,T11918,Forecasting Techniques and Applications,0.9463000297546387
has_topic:publication:W158727920->topic:T12773,has_topic,publication:W158727920,topic:T12773,W158727920,T12773,Water Quality and Resources Studies,0.9442999958992004
has_topic:publication:W2264742718->topic:T12558,has_topic,publication:W2264742718,topic:T12558,W2264742718,T12558,Wittgensteinian philosophy and applications,0.11129999905824661
has_topic:publication:W1546783991->topic:T13937,has_topic,publication:W1546783991,topic:T13937,W1546783991,T13937,"Genetics, Bioinformatics, and Biomedical Research",0.16439999639987946
has_topic:publication:W1607171655->topic:T14313,has_topic,publication:W1607171655,topic:T14313,W1607171655,T14313,Health and Well-being Studies,0.1234000027179718
has_topic:publication:W1607171655->topic:T14040,has_topic,publication:W1607171655,topic:T14040,W1607171655,T14040,Problem Solving Skills Development,0.11230000108480453
has_topic:publication:W1607171655->topic:T10182,has_topic,publication:W1607171655,topic:T10182,W1607171655,T10182,Child and Adolescent Psychosocial and Emotional Development,0.11110000312328339
has_topic:publication:W1720881856->topic:T10677,has_topic,publication:W1720881856,topic:T10677,W1720881856,T10677,Attachment and Relationship Dynamics,0.967199981212616
has_topic:publication:W1720881856->topic:T11380,has_topic,publication:W1720881856,topic:T11380,W1720881856,T11380,Child Welfare and Adoption,0.9254999756813049
has_topic:publication:W1720881856->topic:T11388,has_topic,publication:W1720881856,topic:T11388,W1720881856,T11388,"Grief, Bereavement, and Mental Health",0.9090999960899353
has_topic:publication:W1546962148->topic:T13398,has_topic,publication:W1546962148,topic:T13398,W1546962148,T13398,Data Analysis with R,0.21649999916553497
has_topic:publication:W2752853835->topic:T10533,has_topic,publication:W2752853835,topic:T10533,W2752853835,T10533,Teaching and Learning Programming,0.25699999928474426
has_topic:publication:W2752853835->topic:T12002,has_topic,publication:W2752853835,topic:T12002,W2752853835,T12002,"Computability, Logic, AI Algorithms",0.22089999914169312
has_topic:publication:W2282054059->topic:T10932,has_topic,publication:W2282054059,topic:T10932,W2282054059,T10932,Microbial Metabolic Engineering and Bioproduction,0.9020000100135803
has_topic:publication:W2798456356->topic:T10622,has_topic,publication:W2798456356,topic:T10622,W2798456356,T10622,Quantum Mechanics and Applications,0.1785999983549118
has_topic:publication:W1992897439->topic:T11875,has_topic,publication:W1992897439,topic:T11875,W1992897439,T11875,Statistics Education and Methodologies,0.022099999710917473
has_topic:publication:W1992897439->topic:T13546,has_topic,publication:W1992897439,topic:T13546,W1992897439,T13546,Census and Population Estimation,0.02199999988079071
has_topic:publication:W1992897439->topic:T10243,has_topic,publication:W1992897439,topic:T10243,W1992897439,T10243,Statistical Methods and Bayesian Inference,0.011500000022351742
has_topic:publication:W1591593323->topic:T12100,has_topic,publication:W1591593323,topic:T12100,W1591593323,T12100,Advanced Mathematical Modeling in Engineering,0.809499979019165
has_topic:publication:W1614549126->topic:T12430,has_topic,publication:W1614549126,topic:T12430,W1614549126,T12430,Academic and Historical Perspectives in Psychology,0.7358999848365784
has_topic:publication:W1614549126->topic:T10214,has_topic,publication:W1614549126,topic:T10214,W1614549126,T10214,Psychotherapy Techniques and Applications,0.7325999736785889
has_topic:publication:W2002729176->topic:T11565,has_topic,publication:W2002729176,topic:T11565,W2002729176,T11565,Thermoelastic and Magnetoelastic Phenomena,0.5958999991416931
has_topic:publication:W2002729176->topic:T11520,has_topic,publication:W2002729176,topic:T11520,W2002729176,T11520,Advanced Thermodynamics and Statistical Mechanics,0.5867999792098999
has_topic:publication:W2002729176->topic:T11558,has_topic,publication:W2002729176,topic:T11558,W2002729176,T11558,Composite Material Mechanics,0.5343000292778015
