id,type,source,target,year,publication_id
published_in_year:year:2009->publication:W2108598243,published_in_year,year:2009,publication:W2108598243,2009,W2108598243
published_in_year:year:2021->publication:W3138516171,published_in_year,year:2021,publication:W3138516171,2021,W3138516171
published_in_year:year:2007->publication:W2167928095,published_in_year,year:2007,publication:W2167928095,2007,W2167928095
published_in_year:year:2002->publication:W2081228936,published_in_year,year:2002,publication:W2081228936,2002,W2081228936
published_in_year:year:1996->publication:W201578715,published_in_year,year:1996,publication:W201578715,1996,W201578715
published_in_year:year:1989->publication:W2141951329,published_in_year,year:1989,publication:W2141951329,1989,W2141951329
published_in_year:year:1989->publication:W3123397884,published_in_year,year:1989,publication:W3123397884,1989,W3123397884
published_in_year:year:2009->publication:W2133990480,published_in_year,year:2009,publication:W2133990480,2009,W2133990480
published_in_year:year:2001->publication:W2764347725,published_in_year,year:2001,publication:W2764347725,2001,W2764347725
published_in_year:year:2011->publication:W2153635508,published_in_year,year:2011,publication:W2153635508,2011,W2153635508
published_in_year:year:1976->publication:W2167590372,published_in_year,year:1976,publication:W2167590372,1976,W2167590372
published_in_year:year:2014->publication:W2132454074,published_in_year,year:2014,publication:W2132454074,2014,W2132454074
published_in_year:year:2007->publication:W2131350133,published_in_year,year:2007,publication:W2131350133,2007,W2131350133
published_in_year:year:1990->publication:W2148066840,published_in_year,year:1990,publication:W2148066840,1990,W2148066840
published_in_year:year:2014->publication:W1969360633,published_in_year,year:2014,publication:W1969360633,2014,W1969360633
published_in_year:year:2010->publication:W2180229411,published_in_year,year:2010,publication:W2180229411,2010,W2180229411
published_in_year:year:2010->publication:W4248872320,published_in_year,year:2010,publication:W4248872320,2010,W4248872320
published_in_year:year:2010->publication:W2124026197,published_in_year,year:2010,publication:W2124026197,2010,W2124026197
published_in_year:year:2004->publication:W2144081223,published_in_year,year:2004,publication:W2144081223,2004,W2144081223
published_in_year:year:1998->publication:W1995017064,published_in_year,year:1998,publication:W1995017064,1998,W1995017064
published_in_year:year:1994->publication:W2001641653,published_in_year,year:1994,publication:W2001641653,1994,W2001641653
published_in_year:year:2016->publication:W2366536035,published_in_year,year:2016,publication:W2366536035,2016,W2366536035
published_in_year:year:1991->publication:W2052742260,published_in_year,year:1991,publication:W2052742260,1991,W2052742260
published_in_year:year:1983->publication:W2166281097,published_in_year,year:1983,publication:W2166281097,1983,W2166281097
published_in_year:year:1993->publication:W2140918013,published_in_year,year:1993,publication:W2140918013,1993,W2140918013
published_in_year:year:1990->publication:W2108795964,published_in_year,year:1990,publication:W2108795964,1990,W2108795964
published_in_year:year:2001->publication:W2135732933,published_in_year,year:2001,publication:W2135732933,2001,W2135732933
published_in_year:year:2014->publication:W2061438946,published_in_year,year:2014,publication:W2061438946,2014,W2061438946
published_in_year:year:2022->publication:W4214907476,published_in_year,year:2022,publication:W4214907476,2022,W4214907476
published_in_year:year:2004->publication:W2061977616,published_in_year,year:2004,publication:W2061977616,2004,W2061977616
published_in_year:year:2004->publication:W1993663609,published_in_year,year:2004,publication:W1993663609,2004,W1993663609
published_in_year:year:1961->publication:W2069687969,published_in_year,year:1961,publication:W2069687969,1961,W2069687969
published_in_year:year:1994->publication:W1974097079,published_in_year,year:1994,publication:W1974097079,1994,W1974097079
published_in_year:year:2011->publication:W2115017507,published_in_year,year:2011,publication:W2115017507,2011,W2115017507
published_in_year:year:1986->publication:W3121131820,published_in_year,year:1986,publication:W3121131820,1986,W3121131820
published_in_year:year:1966->publication:W2136931384,published_in_year,year:1966,publication:W2136931384,1966,W2136931384
published_in_year:year:1965->publication:W2114004260,published_in_year,year:1965,publication:W2114004260,1965,W2114004260
published_in_year:year:1938->publication:W2256756668,published_in_year,year:1938,publication:W2256756668,1938,W2256756668
published_in_year:year:2002->publication:W1631356911,published_in_year,year:2002,publication:W1631356911,2002,W1631356911
published_in_year:year:1983->publication:W2078206416,published_in_year,year:1983,publication:W2078206416,1983,W2078206416
published_in_year:year:1966->publication:W2120062331,published_in_year,year:1966,publication:W2120062331,1966,W2120062331
published_in_year:year:1957->publication:W1974085346,published_in_year,year:1957,publication:W1974085346,1957,W1974085346
published_in_year:year:1957->publication:W2056722718,published_in_year,year:1957,publication:W2056722718,1957,W2056722718
published_in_year:year:1998->publication:W2116839388,published_in_year,year:1998,publication:W2116839388,1998,W2116839388
published_in_year:year:2012->publication:W2127951128,published_in_year,year:2012,publication:W2127951128,2012,W2127951128
published_in_year:year:1988->publication:W3123534837,published_in_year,year:1988,publication:W3123534837,1988,W3123534837
published_in_year:year:1985->publication:W3022339544,published_in_year,year:1985,publication:W3022339544,1985,W3022339544
published_in_year:year:1977->publication:W1965278510,published_in_year,year:1977,publication:W1965278510,1977,W1965278510
published_in_year:year:1973->publication:W2109469951,published_in_year,year:1973,publication:W2109469951,1973,W2109469951
published_in_year:year:2019->publication:W2144846366,published_in_year,year:2019,publication:W2144846366,2019,W2144846366
published_in_year:year:2013->publication:W4247665917,published_in_year,year:2013,publication:W4247665917,2013,W4247665917
published_in_year:year:2022->publication:W4281687410,published_in_year,year:2022,publication:W4281687410,2022,W4281687410
published_in_year:year:2000->publication:W4242883546,published_in_year,year:2000,publication:W4242883546,2000,W4242883546
published_in_year:year:2000->publication:W2141846678,published_in_year,year:2000,publication:W2141846678,2000,W2141846678
published_in_year:year:1983->publication:W3123282572,published_in_year,year:1983,publication:W3123282572,1983,W3123282572
published_in_year:year:1967->publication:W2073506374,published_in_year,year:1967,publication:W2073506374,1967,W2073506374
published_in_year:year:1956->publication:W2044950274,published_in_year,year:1956,publication:W2044950274,1956,W2044950274
published_in_year:year:1962->publication:W2075435443,published_in_year,year:1962,publication:W2075435443,1962,W2075435443
published_in_year:year:1996->publication:W2165292984,published_in_year,year:1996,publication:W2165292984,1996,W2165292984
published_in_year:year:1990->publication:W2314225431,published_in_year,year:1990,publication:W2314225431,1990,W2314225431
published_in_year:year:1990->publication:W1856219842,published_in_year,year:1990,publication:W1856219842,1990,W1856219842
published_in_year:year:1987->publication:W4294216491,published_in_year,year:1987,publication:W4294216491,1987,W4294216491
published_in_year:year:1987->publication:W2134812217,published_in_year,year:1987,publication:W2134812217,1987,W2134812217
published_in_year:year:1985->publication:W4232534952,published_in_year,year:1985,publication:W4232534952,1985,W4232534952
published_in_year:year:1983->publication:W2014669590,published_in_year,year:1983,publication:W2014669590,1983,W2014669590
published_in_year:year:1979->publication:W1983310681,published_in_year,year:1979,publication:W1983310681,1979,W1983310681
published_in_year:year:1976->publication:W2128635872,published_in_year,year:1976,publication:W2128635872,1976,W2128635872
published_in_year:year:1976->publication:W4293247451,published_in_year,year:1976,publication:W4293247451,1976,W4293247451
published_in_year:year:1980->publication:W2298230951,published_in_year,year:1980,publication:W2298230951,1980,W2298230951
published_in_year:year:1964->publication:W2109606373,published_in_year,year:1964,publication:W2109606373,1964,W2109606373
published_in_year:year:1959->publication:W2009674410,published_in_year,year:1959,publication:W2009674410,1959,W2009674410
published_in_year:year:1956->publication:W1968834637,published_in_year,year:1956,publication:W1968834637,1956,W1968834637
published_in_year:year:2006->publication:W593898368,published_in_year,year:2006,publication:W593898368,2006,W593898368
published_in_year:year:1962->publication:W1584697775,published_in_year,year:1962,publication:W1584697775,1962,W1584697775
published_in_year:year:2018->publication:W2891378911,published_in_year,year:2018,publication:W2891378911,2018,W2891378911
published_in_year:year:2009->publication:W2155965977,published_in_year,year:2009,publication:W2155965977,2009,W2155965977
published_in_year:year:2009->publication:W2005501262,published_in_year,year:2009,publication:W2005501262,2009,W2005501262
published_in_year:year:2007->publication:W2059796825,published_in_year,year:2007,publication:W2059796825,2007,W2059796825
published_in_year:year:1990->publication:W1485044783,published_in_year,year:1990,publication:W1485044783,1990,W1485044783
published_in_year:year:2004->publication:W2096998881,published_in_year,year:2004,publication:W2096998881,2004,W2096998881
published_in_year:year:1964->publication:W2111301002,published_in_year,year:1964,publication:W2111301002,1964,W2111301002
published_in_year:year:1949->publication:W1983649348,published_in_year,year:1949,publication:W1983649348,1949,W1983649348
published_in_year:year:1973->publication:W2011303397,published_in_year,year:1973,publication:W2011303397,1973,W2011303397
published_in_year:year:2001->publication:W2130354913,published_in_year,year:2001,publication:W2130354913,2001,W2130354913
published_in_year:year:2009->publication:W2108718991,published_in_year,year:2009,publication:W2108718991,2009,W2108718991
published_in_year:year:2007->publication:W2152885278,published_in_year,year:2007,publication:W2152885278,2007,W2152885278
published_in_year:year:1983->publication:W2089876099,published_in_year,year:1983,publication:W2089876099,1983,W2089876099
published_in_year:year:1977->publication:W2112778345,published_in_year,year:1977,publication:W2112778345,1977,W2112778345
published_in_year:year:1959->publication:W2006370393,published_in_year,year:1959,publication:W2006370393,1959,W2006370393
published_in_year:year:2005->publication:W2118826874,published_in_year,year:2005,publication:W2118826874,2005,W2118826874
published_in_year:year:1961->publication:W2067495470,published_in_year,year:1961,publication:W2067495470,1961,W2067495470
published_in_year:year:2006->publication:W2043705607,published_in_year,year:2006,publication:W2043705607,2006,W2043705607
published_in_year:year:1988->publication:W2152348310,published_in_year,year:1988,publication:W2152348310,1988,W2152348310
published_in_year:year:2016->publication:W1485283179,published_in_year,year:2016,publication:W1485283179,2016,W1485283179
published_in_year:year:2007->publication:W1914972138,published_in_year,year:2007,publication:W1914972138,2007,W1914972138
published_in_year:year:2009->publication:W2072500831,published_in_year,year:2009,publication:W2072500831,2009,W2072500831
published_in_year:year:2008->publication:W2038702827,published_in_year,year:2008,publication:W2038702827,2008,W2038702827
published_in_year:year:2007->publication:W2087484885,published_in_year,year:2007,publication:W2087484885,2007,W2087484885
published_in_year:year:2004->publication:W1995031937,published_in_year,year:2004,publication:W1995031937,2004,W1995031937
published_in_year:year:1985->publication:W2212401464,published_in_year,year:1985,publication:W2212401464,1985,W2212401464
published_in_year:year:1948->publication:W1995875735,published_in_year,year:1948,publication:W1995875735,1948,W1995875735
published_in_year:year:2012->publication:W4294214983,published_in_year,year:2012,publication:W4294214983,2012,W4294214983
published_in_year:year:1983->publication:W1513717105,published_in_year,year:1983,publication:W1513717105,1983,W1513717105
published_in_year:year:1961->publication:W1971048984,published_in_year,year:1961,publication:W1971048984,1961,W1971048984
published_in_year:year:1979->publication:W2060333964,published_in_year,year:1979,publication:W2060333964,1979,W2060333964
published_in_year:year:2018->publication:W2951912016,published_in_year,year:2018,publication:W2951912016,2018,W2951912016
published_in_year:year:2018->publication:W2789843538,published_in_year,year:2018,publication:W2789843538,2018,W2789843538
published_in_year:year:2014->publication:W2134526812,published_in_year,year:2014,publication:W2134526812,2014,W2134526812
published_in_year:year:2014->publication:W2096093282,published_in_year,year:2014,publication:W2096093282,2014,W2096093282
published_in_year:year:2014->publication:W2141052558,published_in_year,year:2014,publication:W2141052558,2014,W2141052558
published_in_year:year:2014->publication:W2131271579,published_in_year,year:2014,publication:W2131271579,2014,W2131271579
published_in_year:year:2013->publication:W2138207763,published_in_year,year:2013,publication:W2138207763,2013,W2138207763
published_in_year:year:2012->publication:W2128880918,published_in_year,year:2012,publication:W2128880918,2012,W2128880918
published_in_year:year:2012->publication:W2169456326,published_in_year,year:2012,publication:W2169456326,2012,W2169456326
published_in_year:year:2011->publication:W2149992227,published_in_year,year:2011,publication:W2149992227,2011,W2149992227
published_in_year:year:2010->publication:W2102619694,published_in_year,year:2010,publication:W2102619694,2010,W2102619694
published_in_year:year:2010->publication:W2124351063,published_in_year,year:2010,publication:W2124351063,2010,W2124351063
published_in_year:year:2009->publication:W2114104545,published_in_year,year:2009,publication:W2114104545,2009,W2114104545
published_in_year:year:2009->publication:W2154845780,published_in_year,year:2009,publication:W2154845780,2009,W2154845780
published_in_year:year:2009->publication:W2103441770,published_in_year,year:2009,publication:W2103441770,2009,W2103441770
published_in_year:year:2009->publication:W2108234281,published_in_year,year:2009,publication:W2108234281,2009,W2108234281
published_in_year:year:2007->publication:W2137015675,published_in_year,year:2007,publication:W2137015675,2007,W2137015675
published_in_year:year:2006->publication:W2168696662,published_in_year,year:2006,publication:W2168696662,2006,W2168696662
published_in_year:year:2003->publication:W2146058063,published_in_year,year:2003,publication:W2146058063,2003,W2146058063
published_in_year:year:2001->publication:W2161444534,published_in_year,year:2001,publication:W2161444534,2001,W2161444534
published_in_year:year:1998->publication:W2082928585,published_in_year,year:1998,publication:W2082928585,1998,W2082928585
published_in_year:year:1994->publication:W1964435302,published_in_year,year:1994,publication:W1964435302,1994,W1964435302
published_in_year:year:1988->publication:W2328176404,published_in_year,year:1988,publication:W2328176404,1988,W2328176404
published_in_year:year:1984->publication:W1594031697,published_in_year,year:1984,publication:W1594031697,1984,W1594031697
published_in_year:year:1982->publication:W2141088880,published_in_year,year:1982,publication:W2141088880,1982,W2141088880
published_in_year:year:1977->publication:W2164777277,published_in_year,year:1977,publication:W2164777277,1977,W2164777277
published_in_year:year:1955->publication:W2092713296,published_in_year,year:1955,publication:W2092713296,1955,W2092713296
published_in_year:year:1988->publication:W2097580026,published_in_year,year:1988,publication:W2097580026,1988,W2097580026
published_in_year:year:1986->publication:W2149860264,published_in_year,year:1986,publication:W2149860264,1986,W2149860264
published_in_year:year:1983->publication:W2150291618,published_in_year,year:1983,publication:W2150291618,1983,W2150291618
published_in_year:year:1965->publication:W2168745915,published_in_year,year:1965,publication:W2168745915,1965,W2168745915
published_in_year:year:1983->publication:W2008708467,published_in_year,year:1983,publication:W2008708467,1983,W2008708467
published_in_year:year:2013->publication:W2159707944,published_in_year,year:2013,publication:W2159707944,2013,W2159707944
published_in_year:year:2011->publication:W1999574084,published_in_year,year:2011,publication:W1999574084,2011,W1999574084
published_in_year:year:2009->publication:W2142678478,published_in_year,year:2009,publication:W2142678478,2009,W2142678478
published_in_year:year:2008->publication:W1966327575,published_in_year,year:2008,publication:W1966327575,2008,W1966327575
published_in_year:year:2021->publication:W3118615836,published_in_year,year:2021,publication:W3118615836,2021,W3118615836
published_in_year:year:2019->publication:W2970684805,published_in_year,year:2019,publication:W2970684805,2019,W2970684805
published_in_year:year:2016->publication:W2531269403,published_in_year,year:2016,publication:W2531269403,2016,W2531269403
published_in_year:year:2011->publication:W2098923148,published_in_year,year:2011,publication:W2098923148,2011,W2098923148
published_in_year:year:2009->publication:W2156098321,published_in_year,year:2009,publication:W2156098321,2009,W2156098321
published_in_year:year:2009->publication:W2134833483,published_in_year,year:2009,publication:W2134833483,2009,W2134833483
published_in_year:year:2008->publication:W2165010366,published_in_year,year:2008,publication:W2165010366,2008,W2165010366
published_in_year:year:2003->publication:W2125435699,published_in_year,year:2003,publication:W2125435699,2003,W2125435699
published_in_year:year:2000->publication:W2104129218,published_in_year,year:2000,publication:W2104129218,2000,W2104129218
published_in_year:year:1997->publication:W2157823046,published_in_year,year:1997,publication:W2157823046,1997,W2157823046
published_in_year:year:1996->publication:W2106952837,published_in_year,year:1996,publication:W2106952837,1996,W2106952837
published_in_year:year:2012->publication:W2121960517,published_in_year,year:2012,publication:W2121960517,2012,W2121960517
published_in_year:year:2016->publication:W2560367415,published_in_year,year:2016,publication:W2560367415,2016,W2560367415
published_in_year:year:1972->publication:W2052853635,published_in_year,year:1972,publication:W2052853635,1972,W2052853635
published_in_year:year:1994->publication:W2033952602,published_in_year,year:1994,publication:W2033952602,1994,W2033952602
published_in_year:year:1943->publication:W1995341919,published_in_year,year:1943,publication:W1995341919,1943,W1995341919
published_in_year:year:1996->publication:W2173251738,published_in_year,year:1996,publication:W2173251738,1996,W2173251738
published_in_year:year:2009->publication:W2121001699,published_in_year,year:2009,publication:W2121001699,2009,W2121001699
published_in_year:year:2024->publication:W4393935425,published_in_year,year:2024,publication:W4393935425,2024,W4393935425
published_in_year:year:2023->publication:W4315754639,published_in_year,year:2023,publication:W4315754639,2023,W4315754639
published_in_year:year:2022->publication:W4206841660,published_in_year,year:2022,publication:W4206841660,2022,W4206841660
published_in_year:year:2021->publication:W3119005666,published_in_year,year:2021,publication:W3119005666,2021,W3119005666
published_in_year:year:2021->publication:W3128646645,published_in_year,year:2021,publication:W3128646645,2021,W3128646645
published_in_year:year:2020->publication:W2999417355,published_in_year,year:2020,publication:W2999417355,2020,W2999417355
published_in_year:year:2019->publication:W2911188335,published_in_year,year:2019,publication:W2911188335,2019,W2911188335
published_in_year:year:2018->publication:W2781525129,published_in_year,year:2018,publication:W2781525129,2018,W2781525129
published_in_year:year:2018->publication:W2889646458,published_in_year,year:2018,publication:W2889646458,2018,W2889646458
published_in_year:year:2016->publication:W2272984102,published_in_year,year:2016,publication:W2272984102,2016,W2272984102
published_in_year:year:2016->publication:W2235523093,published_in_year,year:2016,publication:W2235523093,2016,W2235523093
published_in_year:year:2015->publication:W2917837889,published_in_year,year:2015,publication:W2917837889,2015,W2917837889
published_in_year:year:2011->publication:W2106787323,published_in_year,year:2011,publication:W2106787323,2011,W2106787323
published_in_year:year:2005->publication:W2020830322,published_in_year,year:2005,publication:W2020830322,2005,W2020830322
published_in_year:year:2014->publication:W4300009529,published_in_year,year:2014,publication:W4300009529,2014,W4300009529
published_in_year:year:2004->publication:W2296319761,published_in_year,year:2004,publication:W2296319761,2004,W2296319761
published_in_year:year:2004->publication:W2033819227,published_in_year,year:2004,publication:W2033819227,2004,W2033819227
published_in_year:year:1999->publication:W1666853924,published_in_year,year:1999,publication:W1666853924,1999,W1666853924
published_in_year:year:1998->publication:W4210702550,published_in_year,year:1998,publication:W4210702550,1998,W4210702550
published_in_year:year:1994->publication:W950821216,published_in_year,year:1994,publication:W950821216,1994,W950821216
published_in_year:year:1991->publication:W4245961435,published_in_year,year:1991,publication:W4245961435,1991,W4245961435
published_in_year:year:1990->publication:W4233654598,published_in_year,year:1990,publication:W4233654598,1990,W4233654598
published_in_year:year:1990->publication:W4298413470,published_in_year,year:1990,publication:W4298413470,1990,W4298413470
published_in_year:year:1988->publication:W2133469585,published_in_year,year:1988,publication:W2133469585,1988,W2133469585
published_in_year:year:1977->publication:W4301056702,published_in_year,year:1977,publication:W4301056702,1977,W4301056702
published_in_year:year:2012->publication:W2118338381,published_in_year,year:2012,publication:W2118338381,2012,W2118338381
published_in_year:year:1959->publication:W2152311269,published_in_year,year:1959,publication:W2152311269,1959,W2152311269
published_in_year:year:1959->publication:W2300552860,published_in_year,year:1959,publication:W2300552860,1959,W2300552860
published_in_year:year:1980->publication:W2038533471,published_in_year,year:1980,publication:W2038533471,1980,W2038533471
published_in_year:year:1998->publication:W1999130958,published_in_year,year:1998,publication:W1999130958,1998,W1999130958
published_in_year:year:2012->publication:W2149441684,published_in_year,year:2012,publication:W2149441684,2012,W2149441684
published_in_year:year:2020->publication:W3009912996,published_in_year,year:2020,publication:W3009912996,2020,W3009912996
published_in_year:year:2019->publication:W2949177718,published_in_year,year:2019,publication:W2949177718,2019,W2949177718
published_in_year:year:2012->publication:W1997183854,published_in_year,year:2012,publication:W1997183854,2012,W1997183854
published_in_year:year:2011->publication:W2117692326,published_in_year,year:2011,publication:W2117692326,2011,W2117692326
published_in_year:year:2009->publication:W2162674813,published_in_year,year:2009,publication:W2162674813,2009,W2162674813
published_in_year:year:2007->publication:W2138977668,published_in_year,year:2007,publication:W2138977668,2007,W2138977668
published_in_year:year:2006->publication:W2125987139,published_in_year,year:2006,publication:W2125987139,2006,W2125987139
published_in_year:year:2004->publication:W144423133,published_in_year,year:2004,publication:W144423133,2004,W144423133
published_in_year:year:2000->publication:W2034269086,published_in_year,year:2000,publication:W2034269086,2000,W2034269086
published_in_year:year:2015->publication:W1523693806,published_in_year,year:2015,publication:W1523693806,2015,W1523693806
published_in_year:year:2013->publication:W2018289835,published_in_year,year:2013,publication:W2018289835,2013,W2018289835
published_in_year:year:1991->publication:W1487127700,published_in_year,year:1991,publication:W1487127700,1991,W1487127700
published_in_year:year:2005->publication:W1997151511,published_in_year,year:2005,publication:W1997151511,2005,W1997151511
published_in_year:year:1995->publication:W2110540540,published_in_year,year:1995,publication:W2110540540,1995,W2110540540
published_in_year:year:1988->publication:W2038767330,published_in_year,year:1988,publication:W2038767330,1988,W2038767330
published_in_year:year:2012->publication:W2140190241,published_in_year,year:2012,publication:W2140190241,2012,W2140190241
published_in_year:year:2007->publication:W1815596065,published_in_year,year:2007,publication:W1815596065,2007,W1815596065
published_in_year:year:2000->publication:W2147264455,published_in_year,year:2000,publication:W2147264455,2000,W2147264455
published_in_year:year:1997->publication:W4293586167,published_in_year,year:1997,publication:W4293586167,1997,W4293586167
published_in_year:year:1995->publication:W2122410182,published_in_year,year:1995,publication:W2122410182,1995,W2122410182
published_in_year:year:1994->publication:W1554663460,published_in_year,year:1994,publication:W1554663460,1994,W1554663460
published_in_year:year:1993->publication:W2432517183,published_in_year,year:1993,publication:W2432517183,1993,W2432517183
published_in_year:year:1992->publication:W2797247465,published_in_year,year:1992,publication:W2797247465,1992,W2797247465
published_in_year:year:1990->publication:W1973948212,published_in_year,year:1990,publication:W1973948212,1990,W1973948212
published_in_year:year:1990->publication:W2153943092,published_in_year,year:1990,publication:W2153943092,1990,W2153943092
published_in_year:year:1990->publication:W1541515907,published_in_year,year:1990,publication:W1541515907,1990,W1541515907
published_in_year:year:1990->publication:W2157207849,published_in_year,year:1990,publication:W2157207849,1990,W2157207849
published_in_year:year:1989->publication:W3023540311,published_in_year,year:1989,publication:W3023540311,1989,W3023540311
published_in_year:year:1988->publication:W2160456562,published_in_year,year:1988,publication:W2160456562,1988,W2160456562
published_in_year:year:1996->publication:W2285072859,published_in_year,year:1996,publication:W2285072859,1996,W2285072859
published_in_year:year:1989->publication:W3199943451,published_in_year,year:1989,publication:W3199943451,1989,W3199943451
published_in_year:year:1930->publication:W2004778468,published_in_year,year:1930,publication:W2004778468,1930,W2004778468
published_in_year:year:2001->publication:W1866311589,published_in_year,year:2001,publication:W1866311589,2001,W1866311589
published_in_year:year:1995->publication:W1575147392,published_in_year,year:1995,publication:W1575147392,1995,W1575147392
published_in_year:year:2009->publication:W2168420558,published_in_year,year:2009,publication:W2168420558,2009,W2168420558
published_in_year:year:1972->publication:W2116404316,published_in_year,year:1972,publication:W2116404316,1972,W2116404316
published_in_year:year:2017->publication:W2163605009,published_in_year,year:2017,publication:W2163605009,2017,W2163605009
published_in_year:year:2008->publication:W2173213060,published_in_year,year:2008,publication:W2173213060,2008,W2173213060
published_in_year:year:1981->publication:W2085261163,published_in_year,year:1981,publication:W2085261163,1981,W2085261163
published_in_year:year:1996->publication:W2007395042,published_in_year,year:1996,publication:W2007395042,1996,W2007395042
published_in_year:year:2002->publication:W2168452204,published_in_year,year:2002,publication:W2168452204,2002,W2168452204
published_in_year:year:1998->publication:W2066636486,published_in_year,year:1998,publication:W2066636486,1998,W2066636486
published_in_year:year:1990->publication:W2107031757,published_in_year,year:1990,publication:W2107031757,1990,W2107031757
published_in_year:year:2007->publication:W2011301426,published_in_year,year:2007,publication:W2011301426,2007,W2011301426
published_in_year:year:2000->publication:W2170899200,published_in_year,year:2000,publication:W2170899200,2000,W2170899200
published_in_year:year:1993->publication:W2324392187,published_in_year,year:1993,publication:W2324392187,1993,W2324392187
published_in_year:year:1992->publication:W2000117884,published_in_year,year:1992,publication:W2000117884,1992,W2000117884
published_in_year:year:1992->publication:W2005061283,published_in_year,year:1992,publication:W2005061283,1992,W2005061283
published_in_year:year:1991->publication:W2059334100,published_in_year,year:1991,publication:W2059334100,1991,W2059334100
published_in_year:year:1978->publication:W1550621568,published_in_year,year:1978,publication:W1550621568,1978,W1550621568
published_in_year:year:1996->publication:W1986215651,published_in_year,year:1996,publication:W1986215651,1996,W1986215651
published_in_year:year:1986->publication:W2107328434,published_in_year,year:1986,publication:W2107328434,1986,W2107328434
published_in_year:year:2006->publication:W2025371271,published_in_year,year:2006,publication:W2025371271,2006,W2025371271
published_in_year:year:2025->publication:W2964015378,published_in_year,year:2025,publication:W2964015378,2025,W2964015378
published_in_year:year:1998->publication:W2139212933,published_in_year,year:1998,publication:W2139212933,1998,W2139212933
published_in_year:year:1967->publication:W2127218421,published_in_year,year:1967,publication:W2127218421,1967,W2127218421
published_in_year:year:2013->publication:W2148080316,published_in_year,year:2013,publication:W2148080316,2013,W2148080316
published_in_year:year:1985->publication:W2160234571,published_in_year,year:1985,publication:W2160234571,1985,W2160234571
published_in_year:year:2023->publication:W4385245566,published_in_year,year:2023,publication:W4385245566,2023,W4385245566
published_in_year:year:2021->publication:W2964121744,published_in_year,year:2021,publication:W2964121744,2021,W2964121744
published_in_year:year:2019->publication:W2965373594,published_in_year,year:2019,publication:W2965373594,2019,W2965373594
published_in_year:year:2018->publication:W2896457183,published_in_year,year:2018,publication:W2896457183,2018,W2896457183
published_in_year:year:2020->publication:W3165656738,published_in_year,year:2020,publication:W3165656738,2020,W3165656738
published_in_year:year:2005->publication:W2139416101,published_in_year,year:2005,publication:W2139416101,2005,W2139416101
published_in_year:year:1996->publication:W4229954146,published_in_year,year:1996,publication:W4229954146,1996,W4229954146
published_in_year:year:1987->publication:W2117178635,published_in_year,year:1987,publication:W2117178635,1987,W2117178635
published_in_year:year:1987->publication:W2110603299,published_in_year,year:1987,publication:W2110603299,1987,W2110603299
published_in_year:year:1982->publication:W1979575715,published_in_year,year:1982,publication:W1979575715,1982,W1979575715
published_in_year:year:1980->publication:W2108818539,published_in_year,year:1980,publication:W2108818539,1980,W2108818539
published_in_year:year:1979->publication:W3011865677,published_in_year,year:1979,publication:W3011865677,1979,W3011865677
published_in_year:year:1979->publication:W2139122730,published_in_year,year:1979,publication:W2139122730,1979,W2139122730
published_in_year:year:1978->publication:W2112352537,published_in_year,year:1978,publication:W2112352537,1978,W2112352537
published_in_year:year:1969->publication:W2178225550,published_in_year,year:1969,publication:W2178225550,1969,W2178225550
published_in_year:year:1945->publication:W2318680928,published_in_year,year:1945,publication:W2318680928,1945,W2318680928
published_in_year:year:1937->publication:W2015930340,published_in_year,year:1937,publication:W2015930340,1937,W2015930340
published_in_year:year:1970->publication:W1736209534,published_in_year,year:1970,publication:W1736209534,1970,W1736209534
published_in_year:year:1960->publication:W2053154970,published_in_year,year:1960,publication:W2053154970,1960,W2053154970
published_in_year:year:1986->publication:W2140369176,published_in_year,year:1986,publication:W2140369176,1986,W2140369176
published_in_year:year:1978->publication:W2332086916,published_in_year,year:1978,publication:W2332086916,1978,W2332086916
published_in_year:year:2011->publication:W1570448133,published_in_year,year:2011,publication:W1570448133,2011,W1570448133
published_in_year:year:2011->publication:W2124614417,published_in_year,year:2011,publication:W2124614417,2011,W2124614417
published_in_year:year:2000->publication:W2085491458,published_in_year,year:2000,publication:W2085491458,2000,W2085491458
published_in_year:year:1999->publication:W2115755118,published_in_year,year:1999,publication:W2115755118,1999,W2115755118
published_in_year:year:1995->publication:W1542649433,published_in_year,year:1995,publication:W1542649433,1995,W1542649433
published_in_year:year:1990->publication:W2120644786,published_in_year,year:1990,publication:W2120644786,1990,W2120644786
published_in_year:year:1985->publication:W2162123284,published_in_year,year:1985,publication:W2162123284,1985,W2162123284
published_in_year:year:1982->publication:W2163815564,published_in_year,year:1982,publication:W2163815564,1982,W2163815564
published_in_year:year:1980->publication:W2157005274,published_in_year,year:1980,publication:W2157005274,1980,W2157005274
published_in_year:year:2011->publication:W2036897871,published_in_year,year:2011,publication:W2036897871,2011,W2036897871
published_in_year:year:2024->publication:W4392145873,published_in_year,year:2024,publication:W4392145873,2024,W4392145873
published_in_year:year:2007->publication:W75231382,published_in_year,year:2007,publication:W75231382,2007,W75231382
published_in_year:year:2018->publication:W2905811773,published_in_year,year:2018,publication:W2905811773,2018,W2905811773
published_in_year:year:2008->publication:W2019607817,published_in_year,year:2008,publication:W2019607817,2008,W2019607817
published_in_year:year:2010->publication:W2116475791,published_in_year,year:2010,publication:W2116475791,2010,W2116475791
published_in_year:year:1978->publication:W2076452041,published_in_year,year:1978,publication:W2076452041,1978,W2076452041
published_in_year:year:2005->publication:W2125078269,published_in_year,year:2005,publication:W2125078269,2005,W2125078269
published_in_year:year:2011->publication:W2133766618,published_in_year,year:2011,publication:W2133766618,2011,W2133766618
published_in_year:year:1985->publication:W2030966943,published_in_year,year:1985,publication:W2030966943,1985,W2030966943
published_in_year:year:1985->publication:W4254275792,published_in_year,year:1985,publication:W4254275792,1985,W4254275792
published_in_year:year:1984->publication:W1997476591,published_in_year,year:1984,publication:W1997476591,1984,W1997476591
published_in_year:year:1991->publication:W2038600245,published_in_year,year:1991,publication:W2038600245,1991,W2038600245
published_in_year:year:1988->publication:W3146083582,published_in_year,year:1988,publication:W3146083582,1988,W3146083582
published_in_year:year:2005->publication:W2129660502,published_in_year,year:2005,publication:W2129660502,2005,W2129660502
published_in_year:year:2011->publication:W4292363360,published_in_year,year:2011,publication:W4292363360,2011,W4292363360
published_in_year:year:1999->publication:W2012991711,published_in_year,year:1999,publication:W2012991711,1999,W2012991711
published_in_year:year:1986->publication:W1980564456,published_in_year,year:1986,publication:W1980564456,1986,W1980564456
published_in_year:year:1991->publication:W2010094123,published_in_year,year:1991,publication:W2010094123,1991,W2010094123
published_in_year:year:2000->publication:W2098126593,published_in_year,year:2000,publication:W2098126593,2000,W2098126593
published_in_year:year:2015->publication:W2051978340,published_in_year,year:2015,publication:W2051978340,2015,W2051978340
published_in_year:year:2014->publication:W2179438025,published_in_year,year:2014,publication:W2179438025,2014,W2179438025
published_in_year:year:2011->publication:W2133856765,published_in_year,year:2011,publication:W2133856765,2011,W2133856765
published_in_year:year:2010->publication:W2152239989,published_in_year,year:2010,publication:W2152239989,2010,W2152239989
published_in_year:year:2009->publication:W2124985265,published_in_year,year:2009,publication:W2124985265,2009,W2124985265
published_in_year:year:2008->publication:W2171808845,published_in_year,year:2008,publication:W2171808845,2008,W2171808845
published_in_year:year:2002->publication:W1577577364,published_in_year,year:2002,publication:W1577577364,2002,W1577577364
published_in_year:year:1989->publication:W2138522501,published_in_year,year:1989,publication:W2138522501,1989,W2138522501
published_in_year:year:2015->publication:W2167311298,published_in_year,year:2015,publication:W2167311298,2015,W2167311298
published_in_year:year:2014->publication:W2008854521,published_in_year,year:2014,publication:W2008854521,2014,W2008854521
published_in_year:year:1979->publication:W2073775990,published_in_year,year:1979,publication:W2073775990,1979,W2073775990
published_in_year:year:1987->publication:W2153000380,published_in_year,year:1987,publication:W2153000380,1987,W2153000380
published_in_year:year:1979->publication:W2254735081,published_in_year,year:1979,publication:W2254735081,1979,W2254735081
published_in_year:year:1990->publication:W2473786944,published_in_year,year:1990,publication:W2473786944,1990,W2473786944
published_in_year:year:2015->publication:W2149868499,published_in_year,year:2015,publication:W2149868499,2015,W2149868499
published_in_year:year:1954->publication:W2157300266,published_in_year,year:1954,publication:W2157300266,1954,W2157300266
published_in_year:year:1974->publication:W2142635246,published_in_year,year:1974,publication:W2142635246,1974,W2142635246
published_in_year:year:2002->publication:W2126105956,published_in_year,year:2002,publication:W2126105956,2002,W2126105956
published_in_year:year:2004->publication:W2133665775,published_in_year,year:2004,publication:W2133665775,2004,W2133665775
published_in_year:year:2006->publication:W4250955649,published_in_year,year:2006,publication:W4250955649,2006,W4250955649
published_in_year:year:2006->publication:W2145096794,published_in_year,year:2006,publication:W2145096794,2006,W2145096794
published_in_year:year:1967->publication:W2122111042,published_in_year,year:1967,publication:W2122111042,1967,W2122111042
published_in_year:year:2009->publication:W2165698076,published_in_year,year:2009,publication:W2165698076,2009,W2165698076
published_in_year:year:2005->publication:W2121863487,published_in_year,year:2005,publication:W2121863487,2005,W2121863487
published_in_year:year:1998->publication:W4214717370,published_in_year,year:1998,publication:W4214717370,1998,W4214717370
published_in_year:year:2017->publication:W2412782625,published_in_year,year:2017,publication:W2412782625,2017,W2412782625
published_in_year:year:2016->publication:W639708223,published_in_year,year:2016,publication:W639708223,2016,W639708223
published_in_year:year:2000->publication:W2121947440,published_in_year,year:2000,publication:W2121947440,2000,W2121947440
published_in_year:year:1992->publication:W2049981393,published_in_year,year:1992,publication:W2049981393,1992,W2049981393
published_in_year:year:1989->publication:W2132984323,published_in_year,year:1989,publication:W2132984323,1989,W2132984323
published_in_year:year:1986->publication:W2145023731,published_in_year,year:1986,publication:W2145023731,1986,W2145023731
published_in_year:year:1984->publication:W2020999234,published_in_year,year:1984,publication:W2020999234,1984,W2020999234
published_in_year:year:1993->publication:W2019207321,published_in_year,year:1993,publication:W2019207321,1993,W2019207321
published_in_year:year:1985->publication:W2079325629,published_in_year,year:1985,publication:W2079325629,1985,W2079325629
published_in_year:year:1979->publication:W2133059825,published_in_year,year:1979,publication:W2133059825,1979,W2133059825
published_in_year:year:1973->publication:W2044465660,published_in_year,year:1973,publication:W2044465660,1973,W2044465660
published_in_year:year:1999->publication:W2561675875,published_in_year,year:1999,publication:W2561675875,1999,W2561675875
published_in_year:year:1965->publication:W4211007335,published_in_year,year:1965,publication:W4211007335,1965,W4211007335
published_in_year:year:2015->publication:W246286872,published_in_year,year:2015,publication:W246286872,2015,W246286872
published_in_year:year:2010->publication:W1797402740,published_in_year,year:2010,publication:W1797402740,2010,W1797402740
published_in_year:year:2007->publication:W2138664283,published_in_year,year:2007,publication:W2138664283,2007,W2138664283
published_in_year:year:2014->publication:W1757407923,published_in_year,year:2014,publication:W1757407923,2014,W1757407923
published_in_year:year:2010->publication:W1981989535,published_in_year,year:2010,publication:W1981989535,2010,W1981989535
published_in_year:year:2017->publication:W2614464134,published_in_year,year:2017,publication:W2614464134,2017,W2614464134
published_in_year:year:2005->publication:W2112776483,published_in_year,year:2005,publication:W2112776483,2005,W2112776483
published_in_year:year:2015->publication:W2117539524,published_in_year,year:2015,publication:W2117539524,2015,W2117539524
published_in_year:year:2009->publication:W2031489346,published_in_year,year:2009,publication:W2031489346,2009,W2031489346
published_in_year:year:2004->publication:W2151103935,published_in_year,year:2004,publication:W2151103935,2004,W2151103935
published_in_year:year:1988->publication:W2104095591,published_in_year,year:1988,publication:W2104095591,1988,W2104095591
published_in_year:year:1992->publication:W1513281941,published_in_year,year:1992,publication:W1513281941,1992,W1513281941
published_in_year:year:1988->publication:W1517701247,published_in_year,year:1988,publication:W1517701247,1988,W1517701247
published_in_year:year:1990->publication:W2390008750,published_in_year,year:1990,publication:W2390008750,1990,W2390008750
published_in_year:year:1985->publication:W79229537,published_in_year,year:1985,publication:W79229537,1985,W79229537
published_in_year:year:2015->publication:W2000380427,published_in_year,year:2015,publication:W2000380427,2015,W2000380427
published_in_year:year:2005->publication:W2075950485,published_in_year,year:2005,publication:W2075950485,2005,W2075950485
published_in_year:year:1998->publication:W2004038836,published_in_year,year:1998,publication:W2004038836,1998,W2004038836
published_in_year:year:2020->publication:W3008028633,published_in_year,year:2020,publication:W3008028633,2020,W3008028633
published_in_year:year:2020->publication:W3005079553,published_in_year,year:2020,publication:W3005079553,2020,W3005079553
published_in_year:year:2016->publication:W2280404143,published_in_year,year:2016,publication:W2280404143,2016,W2280404143
published_in_year:year:2013->publication:W4292528167,published_in_year,year:2013,publication:W4292528167,2013,W4292528167
published_in_year:year:2003->publication:W2156121263,published_in_year,year:2003,publication:W2156121263,2003,W2156121263
published_in_year:year:2002->publication:W1593442063,published_in_year,year:2002,publication:W1593442063,2002,W1593442063
published_in_year:year:2001->publication:W4238251256,published_in_year,year:2001,publication:W4238251256,2001,W4238251256
published_in_year:year:2000->publication:W1979423827,published_in_year,year:2000,publication:W1979423827,2000,W1979423827
published_in_year:year:1993->publication:W2118310760,published_in_year,year:1993,publication:W2118310760,1993,W2118310760
published_in_year:year:2000->publication:W2139248078,published_in_year,year:2000,publication:W2139248078,2000,W2139248078
published_in_year:year:1993->publication:W2167571044,published_in_year,year:1993,publication:W2167571044,1993,W2167571044
published_in_year:year:2012->publication:W2798909945,published_in_year,year:2012,publication:W2798909945,2012,W2798909945
published_in_year:year:1974->publication:W4230354434,published_in_year,year:1974,publication:W4230354434,1974,W4230354434
published_in_year:year:2008->publication:W2067404301,published_in_year,year:2008,publication:W2067404301,2008,W2067404301
published_in_year:year:1980->publication:W1933657216,published_in_year,year:1980,publication:W1933657216,1980,W1933657216
published_in_year:year:1975->publication:W1566830427,published_in_year,year:1975,publication:W1566830427,1975,W1566830427
published_in_year:year:2011->publication:W2028056984,published_in_year,year:2011,publication:W2028056984,2011,W2028056984
published_in_year:year:2009->publication:W2059205366,published_in_year,year:2009,publication:W2059205366,2009,W2059205366
published_in_year:year:2007->publication:W2163341755,published_in_year,year:2007,publication:W2163341755,2007,W2163341755
published_in_year:year:1999->publication:W2063334178,published_in_year,year:1999,publication:W2063334178,1999,W2063334178
published_in_year:year:1997->publication:W2059020082,published_in_year,year:1997,publication:W2059020082,1997,W2059020082
published_in_year:year:1993->publication:W1986191025,published_in_year,year:1993,publication:W1986191025,1993,W1986191025
published_in_year:year:1969->publication:W2016260972,published_in_year,year:1969,publication:W2016260972,1969,W2016260972
published_in_year:year:2001->publication:W1966910378,published_in_year,year:2001,publication:W1966910378,2001,W1966910378
published_in_year:year:1981->publication:W2081693079,published_in_year,year:1981,publication:W2081693079,1981,W2081693079
published_in_year:year:2003->publication:W2106096361,published_in_year,year:2003,publication:W2106096361,2003,W2106096361
published_in_year:year:2002->publication:W2148143831,published_in_year,year:2002,publication:W2148143831,2002,W2148143831
published_in_year:year:1960->publication:W2105934661,published_in_year,year:1960,publication:W2105934661,1960,W2105934661
published_in_year:year:1985->publication:W2141260882,published_in_year,year:1985,publication:W2141260882,1985,W2141260882
published_in_year:year:1975->publication:W1606423922,published_in_year,year:1975,publication:W1606423922,1975,W1606423922
published_in_year:year:1974->publication:W1581414347,published_in_year,year:1974,publication:W1581414347,1974,W1581414347
published_in_year:year:1969->publication:W1625660792,published_in_year,year:1969,publication:W1625660792,1969,W1625660792
published_in_year:year:1957->publication:W2168526937,published_in_year,year:1957,publication:W2168526937,1957,W2168526937
published_in_year:year:1951->publication:W1775749144,published_in_year,year:1951,publication:W1775749144,1951,W1775749144
published_in_year:year:1949->publication:W1506043065,published_in_year,year:1949,publication:W1506043065,1949,W1506043065
published_in_year:year:1925->publication:W2153435210,published_in_year,year:1925,publication:W2153435210,1925,W2153435210
published_in_year:year:2019->publication:W2944434778,published_in_year,year:2019,publication:W2944434778,2019,W2944434778
published_in_year:year:2008->publication:W2093274439,published_in_year,year:2008,publication:W2093274439,2008,W2093274439
published_in_year:year:1995->publication:W2169821755,published_in_year,year:1995,publication:W2169821755,1995,W2169821755
published_in_year:year:2008->publication:W1966078827,published_in_year,year:2008,publication:W1966078827,2008,W1966078827
published_in_year:year:2016->publication:W2327037637,published_in_year,year:2016,publication:W2327037637,2016,W2327037637
published_in_year:year:1987->publication:W2000445173,published_in_year,year:1987,publication:W2000445173,1987,W2000445173
published_in_year:year:2009->publication:W2468996569,published_in_year,year:2009,publication:W2468996569,2009,W2468996569
published_in_year:year:2008->publication:W4292229870,published_in_year,year:2008,publication:W4292229870,2008,W4292229870
published_in_year:year:1999->publication:W1562208008,published_in_year,year:1999,publication:W1562208008,1999,W1562208008
published_in_year:year:1987->publication:W1987971958,published_in_year,year:1987,publication:W1987971958,1987,W1987971958
published_in_year:year:2012->publication:W2120902911,published_in_year,year:2012,publication:W2120902911,2012,W2120902911
published_in_year:year:2011->publication:W2096747776,published_in_year,year:2011,publication:W2096747776,2011,W2096747776
published_in_year:year:2011->publication:W2132525235,published_in_year,year:2011,publication:W2132525235,2011,W2132525235
published_in_year:year:2009->publication:W2134967712,published_in_year,year:2009,publication:W2134967712,2009,W2134967712
published_in_year:year:2009->publication:W2105668062,published_in_year,year:2009,publication:W2105668062,2009,W2105668062
published_in_year:year:2006->publication:W2044591029,published_in_year,year:2006,publication:W2044591029,2006,W2044591029
published_in_year:year:2005->publication:W2171268876,published_in_year,year:2005,publication:W2171268876,2005,W2171268876
published_in_year:year:2005->publication:W2150981663,published_in_year,year:2005,publication:W2150981663,2005,W2150981663
published_in_year:year:2004->publication:W2147993766,published_in_year,year:2004,publication:W2147993766,2004,W2147993766
published_in_year:year:2004->publication:W2132629607,published_in_year,year:2004,publication:W2132629607,2004,W2132629607
published_in_year:year:1997->publication:W2128572087,published_in_year,year:1997,publication:W2128572087,1997,W2128572087
published_in_year:year:1993->publication:W2022950330,published_in_year,year:1993,publication:W2022950330,1993,W2022950330
published_in_year:year:1995->publication:W2019465613,published_in_year,year:1995,publication:W2019465613,1995,W2019465613
published_in_year:year:1977->publication:W2106140689,published_in_year,year:1977,publication:W2106140689,1977,W2106140689
published_in_year:year:1997->publication:W1988790447,published_in_year,year:1997,publication:W1988790447,1997,W1988790447
published_in_year:year:2007->publication:W1985749074,published_in_year,year:2007,publication:W1985749074,2007,W1985749074
published_in_year:year:1991->publication:W1997087247,published_in_year,year:1991,publication:W1997087247,1991,W1997087247
published_in_year:year:1998->publication:W3121403162,published_in_year,year:1998,publication:W3121403162,1998,W3121403162
published_in_year:year:1995->publication:W2035554302,published_in_year,year:1995,publication:W2035554302,1995,W2035554302
published_in_year:year:1986->publication:W1999996900,published_in_year,year:1986,publication:W1999996900,1986,W1999996900
published_in_year:year:1988->publication:W2153562738,published_in_year,year:1988,publication:W2153562738,1988,W2153562738
published_in_year:year:1925->publication:W2123036062,published_in_year,year:1925,publication:W2123036062,1925,W2123036062
published_in_year:year:2007->publication:W1663973292,published_in_year,year:2007,publication:W1663973292,2007,W1663973292
published_in_year:year:1994->publication:W1556808170,published_in_year,year:1994,publication:W1556808170,1994,W1556808170
published_in_year:year:1935->publication:W2120357670,published_in_year,year:1935,publication:W2120357670,1935,W2120357670
published_in_year:year:1993->publication:W1995834279,published_in_year,year:1993,publication:W1995834279,1993,W1995834279
published_in_year:year:1984->publication:W3124114405,published_in_year,year:1984,publication:W3124114405,1984,W3124114405
published_in_year:year:1976->publication:W2752617332,published_in_year,year:1976,publication:W2752617332,1976,W2752617332
published_in_year:year:2001->publication:W2132322340,published_in_year,year:2001,publication:W2132322340,2001,W2132322340
published_in_year:year:1997->publication:W1595159159,published_in_year,year:1997,publication:W1595159159,1997,W1595159159
published_in_year:year:1983->publication:W1996299251,published_in_year,year:1983,publication:W1996299251,1983,W1996299251
published_in_year:year:1970->publication:W2033904036,published_in_year,year:1970,publication:W2033904036,1970,W2033904036
published_in_year:year:1983->publication:W2114918609,published_in_year,year:1983,publication:W2114918609,1983,W2114918609
published_in_year:year:2017->publication:W2099471712,published_in_year,year:2017,publication:W2099471712,2017,W2099471712
published_in_year:year:2008->publication:W2187089797,published_in_year,year:2008,publication:W2187089797,2008,W2187089797
published_in_year:year:2003->publication:W1880262756,published_in_year,year:2003,publication:W1880262756,2003,W1880262756
published_in_year:year:1991->publication:W3124536214,published_in_year,year:1991,publication:W3124536214,1991,W3124536214
published_in_year:year:1986->publication:W2150238850,published_in_year,year:1986,publication:W2150238850,1986,W2150238850
published_in_year:year:1994->publication:W2137247419,published_in_year,year:1994,publication:W2137247419,1994,W2137247419
published_in_year:year:1991->publication:W2013386523,published_in_year,year:1991,publication:W2013386523,1991,W2013386523
published_in_year:year:1985->publication:W2026368098,published_in_year,year:1985,publication:W2026368098,1985,W2026368098
published_in_year:year:1992->publication:W3022607203,published_in_year,year:1992,publication:W3022607203,1992,W3022607203
published_in_year:year:1981->publication:W4235678817,published_in_year,year:1981,publication:W4235678817,1981,W4235678817
published_in_year:year:1981->publication:W1987258130,published_in_year,year:1981,publication:W1987258130,1981,W1987258130
published_in_year:year:1977->publication:W2313953460,published_in_year,year:1977,publication:W2313953460,1977,W2313953460
published_in_year:year:1992->publication:W2086933933,published_in_year,year:1992,publication:W2086933933,1992,W2086933933
published_in_year:year:1990->publication:W2055043387,published_in_year,year:1990,publication:W2055043387,1990,W2055043387
published_in_year:year:1982->publication:W1975304761,published_in_year,year:1982,publication:W1975304761,1982,W1975304761
published_in_year:year:1975->publication:W2063450941,published_in_year,year:1975,publication:W2063450941,1975,W2063450941
published_in_year:year:1980->publication:W2065461553,published_in_year,year:1980,publication:W2065461553,1980,W2065461553
published_in_year:year:1996->publication:W2029667189,published_in_year,year:1996,publication:W2029667189,1996,W2029667189
published_in_year:year:1988->publication:W4234347480,published_in_year,year:1988,publication:W4234347480,1988,W4234347480
published_in_year:year:1960->publication:W2114613490,published_in_year,year:1960,publication:W2114613490,1960,W2114613490
published_in_year:year:2004->publication:W2128495200,published_in_year,year:2004,publication:W2128495200,2004,W2128495200
published_in_year:year:1988->publication:W4292994367,published_in_year,year:1988,publication:W4292994367,1988,W4292994367
published_in_year:year:1988->publication:W2148905283,published_in_year,year:1988,publication:W2148905283,1988,W2148905283
published_in_year:year:1986->publication:W1971440513,published_in_year,year:1986,publication:W1971440513,1986,W1971440513
published_in_year:year:1986->publication:W4292811746,published_in_year,year:1986,publication:W4292811746,1986,W4292811746
published_in_year:year:1980->publication:W2149628368,published_in_year,year:1980,publication:W2149628368,1980,W2149628368
published_in_year:year:2009->publication:W2120145199,published_in_year,year:2009,publication:W2120145199,2009,W2120145199
published_in_year:year:1985->publication:W2568476927,published_in_year,year:1985,publication:W2568476927,1985,W2568476927
published_in_year:year:1998->publication:W3121759882,published_in_year,year:1998,publication:W3121759882,1998,W3121759882
published_in_year:year:1990->publication:W2162484441,published_in_year,year:1990,publication:W2162484441,1990,W2162484441
published_in_year:year:1986->publication:W2168605160,published_in_year,year:1986,publication:W2168605160,1986,W2168605160
published_in_year:year:1973->publication:W2077791698,published_in_year,year:1973,publication:W2077791698,1973,W2077791698
published_in_year:year:1975->publication:W1847168837,published_in_year,year:1975,publication:W1847168837,1975,W1847168837
published_in_year:year:2008->publication:W2131681506,published_in_year,year:2008,publication:W2131681506,2008,W2131681506
published_in_year:year:2017->publication:W2774486220,published_in_year,year:2017,publication:W2774486220,2017,W2774486220
published_in_year:year:2015->publication:W1951724000,published_in_year,year:2015,publication:W1951724000,2015,W1951724000
published_in_year:year:2012->publication:W1913957972,published_in_year,year:2012,publication:W1913957972,2012,W1913957972
published_in_year:year:2010->publication:W2139168999,published_in_year,year:2010,publication:W2139168999,2010,W2139168999
published_in_year:year:2010->publication:W4294541781,published_in_year,year:2010,publication:W4294541781,2010,W4294541781
published_in_year:year:2005->publication:W2070227796,published_in_year,year:2005,publication:W2070227796,2005,W2070227796
published_in_year:year:2014->publication:W2105846236,published_in_year,year:2014,publication:W2105846236,2014,W2105846236
published_in_year:year:1988->publication:W4243667233,published_in_year,year:1988,publication:W4243667233,1988,W4243667233
published_in_year:year:1988->publication:W2118016181,published_in_year,year:1988,publication:W2118016181,1988,W2118016181
published_in_year:year:2009->publication:W2057327293,published_in_year,year:2009,publication:W2057327293,2009,W2057327293
published_in_year:year:1958->publication:W4233194460,published_in_year,year:1958,publication:W4233194460,1958,W4233194460
published_in_year:year:1954->publication:W2314659927,published_in_year,year:1954,publication:W2314659927,1954,W2314659927
published_in_year:year:1938->publication:W2011254969,published_in_year,year:1938,publication:W2011254969,1938,W2011254969
published_in_year:year:1918->publication:W1986113254,published_in_year,year:1918,publication:W1986113254,1918,W1986113254
published_in_year:year:1994->publication:W4297081765,published_in_year,year:1994,publication:W4297081765,1994,W4297081765
published_in_year:year:1993->publication:W4301377693,published_in_year,year:1993,publication:W4301377693,1993,W4301377693
published_in_year:year:2005->publication:W2165758561,published_in_year,year:2005,publication:W2165758561,2005,W2165758561
published_in_year:year:2015->publication:W2124624517,published_in_year,year:2015,publication:W2124624517,2015,W2124624517
published_in_year:year:1989->publication:W2044758663,published_in_year,year:1989,publication:W2044758663,1989,W2044758663
published_in_year:year:1989->publication:W2037124948,published_in_year,year:1989,publication:W2037124948,1989,W2037124948
published_in_year:year:1986->publication:W3085162807,published_in_year,year:1986,publication:W3085162807,1986,W3085162807
published_in_year:year:1985->publication:W2319410825,published_in_year,year:1985,publication:W2319410825,1985,W2319410825
published_in_year:year:1984->publication:W2153222072,published_in_year,year:1984,publication:W2153222072,1984,W2153222072
published_in_year:year:1984->publication:W1667165204,published_in_year,year:1984,publication:W1667165204,1984,W1667165204
published_in_year:year:1979->publication:W1975994995,published_in_year,year:1979,publication:W1975994995,1979,W1975994995
published_in_year:year:1963->publication:W2016381774,published_in_year,year:1963,publication:W2016381774,1963,W2016381774
published_in_year:year:1958->publication:W4293241248,published_in_year,year:1958,publication:W4293241248,1958,W4293241248
published_in_year:year:1963->publication:W2141394518,published_in_year,year:1963,publication:W2141394518,1963,W2141394518
published_in_year:year:1958->publication:W2751862591,published_in_year,year:1958,publication:W2751862591,1958,W2751862591
published_in_year:year:1959->publication:W2730193802,published_in_year,year:1959,publication:W2730193802,1959,W2730193802
published_in_year:year:1991->publication:W2752885492,published_in_year,year:1991,publication:W2752885492,1991,W2752885492
published_in_year:year:1973->publication:W3015634246,published_in_year,year:1973,publication:W3015634246,1973,W3015634246
published_in_year:year:1957->publication:W2162180338,published_in_year,year:1957,publication:W2162180338,1957,W2162180338
published_in_year:year:2005->publication:W2122825543,published_in_year,year:2005,publication:W2122825543,2005,W2122825543
published_in_year:year:1996->publication:W2135046866,published_in_year,year:1996,publication:W2135046866,1996,W2135046866
published_in_year:year:1995->publication:W2110065044,published_in_year,year:1995,publication:W2110065044,1995,W2110065044
published_in_year:year:1977->publication:W2049633694,published_in_year,year:1977,publication:W2049633694,1977,W2049633694
published_in_year:year:1972->publication:W3147894994,published_in_year,year:1972,publication:W3147894994,1972,W3147894994
published_in_year:year:1963->publication:W2087070363,published_in_year,year:1963,publication:W2087070363,1963,W2087070363
published_in_year:year:1964->publication:W2063792498,published_in_year,year:1964,publication:W2063792498,1964,W2063792498
published_in_year:year:2003->publication:W2009435671,published_in_year,year:2003,publication:W2009435671,2003,W2009435671
published_in_year:year:2017->publication:W2607031541,published_in_year,year:2017,publication:W2607031541,2017,W2607031541
published_in_year:year:2010->publication:W2289205268,published_in_year,year:2010,publication:W2289205268,2010,W2289205268
published_in_year:year:1992->publication:W2175723801,published_in_year,year:1992,publication:W2175723801,1992,W2175723801
published_in_year:year:2018->publication:W2884585870,published_in_year,year:2018,publication:W2884585870,2018,W2884585870
published_in_year:year:2016->publication:W2193145675,published_in_year,year:2016,publication:W2193145675,2016,W2193145675
published_in_year:year:2015->publication:W1901129140,published_in_year,year:2015,publication:W1901129140,2015,W1901129140
published_in_year:year:2014->publication:W1861492603,published_in_year,year:2014,publication:W1861492603,2014,W1861492603
published_in_year:year:1988->publication:W3021722416,published_in_year,year:1988,publication:W3021722416,1988,W3021722416
published_in_year:year:1993->publication:W3124872368,published_in_year,year:1993,publication:W3124872368,1993,W3124872368
published_in_year:year:1993->publication:W1820801730,published_in_year,year:1993,publication:W1820801730,1993,W1820801730
published_in_year:year:1995->publication:W2065853716,published_in_year,year:1995,publication:W2065853716,1995,W2065853716
published_in_year:year:2017->publication:W1966114254,published_in_year,year:2017,publication:W1966114254,2017,W1966114254
published_in_year:year:2017->publication:W2118882740,published_in_year,year:2017,publication:W2118882740,2017,W2118882740
published_in_year:year:2001->publication:W2911964244,published_in_year,year:2001,publication:W2911964244,2001,W2911964244
published_in_year:year:1996->publication:W2912934387,published_in_year,year:1996,publication:W2912934387,1996,W2912934387
published_in_year:year:1996->publication:W4212883601,published_in_year,year:1996,publication:W4212883601,1996,W4212883601
published_in_year:year:1995->publication:W4239510810,published_in_year,year:1995,publication:W4239510810,1995,W4239510810
published_in_year:year:1995->publication:W2119821739,published_in_year,year:1995,publication:W2119821739,1995,W2119821739
published_in_year:year:1994->publication:W2116199508,published_in_year,year:1994,publication:W2116199508,1994,W2116199508
published_in_year:year:2000->publication:W2168569455,published_in_year,year:2000,publication:W2168569455,2000,W2168569455
published_in_year:year:1989->publication:W2033943395,published_in_year,year:1989,publication:W2033943395,1989,W2033943395
published_in_year:year:1984->publication:W2129763896,published_in_year,year:1984,publication:W2129763896,1984,W2129763896
published_in_year:year:1965->publication:W4300223101,published_in_year,year:1965,publication:W4300223101,1965,W4300223101
published_in_year:year:1962->publication:W1989314580,published_in_year,year:1962,publication:W1989314580,1962,W1989314580
published_in_year:year:1996->publication:W2172151487,published_in_year,year:1996,publication:W2172151487,1996,W2172151487
published_in_year:year:1992->publication:W4292806894,published_in_year,year:1992,publication:W4292806894,1992,W4292806894
published_in_year:year:2014->publication:W2612891587,published_in_year,year:2014,publication:W2612891587,2014,W2612891587
published_in_year:year:2007->publication:W3120740533,published_in_year,year:2007,publication:W3120740533,2007,W3120740533
published_in_year:year:2002->publication:W255996521,published_in_year,year:2002,publication:W255996521,2002,W255996521
published_in_year:year:2000->publication:W1573234480,published_in_year,year:2000,publication:W1573234480,2000,W1573234480
published_in_year:year:1998->publication:W1590154464,published_in_year,year:1998,publication:W1590154464,1998,W1590154464
published_in_year:year:1995->publication:W3089485186,published_in_year,year:1995,publication:W3089485186,1995,W3089485186
published_in_year:year:1985->publication:W2888190061,published_in_year,year:1985,publication:W2888190061,1985,W2888190061
published_in_year:year:1978->publication:W2135943618,published_in_year,year:1978,publication:W2135943618,1978,W2135943618
published_in_year:year:2003->publication:W2171129594,published_in_year,year:2003,publication:W2171129594,2003,W2171129594
published_in_year:year:1982->publication:W2004008756,published_in_year,year:1982,publication:W2004008756,1982,W2004008756
published_in_year:year:2001->publication:W2107277218,published_in_year,year:2001,publication:W2107277218,2001,W2107277218
published_in_year:year:1999->publication:W1559903407,published_in_year,year:1999,publication:W1559903407,1999,W1559903407
published_in_year:year:1997->publication:W1539796472,published_in_year,year:1997,publication:W1539796472,1997,W1539796472
published_in_year:year:1984->publication:W191793640,published_in_year,year:1984,publication:W191793640,1984,W191793640
published_in_year:year:1958->publication:W1977825494,published_in_year,year:1958,publication:W1977825494,1958,W1977825494
published_in_year:year:2003->publication:W2100379340,published_in_year,year:2003,publication:W2100379340,2003,W2100379340
published_in_year:year:1989->publication:W1791587663,published_in_year,year:1989,publication:W1791587663,1989,W1791587663
published_in_year:year:2009->publication:W2047968138,published_in_year,year:2009,publication:W2047968138,2009,W2047968138
published_in_year:year:1996->publication:W2056330418,published_in_year,year:1996,publication:W2056330418,1996,W2056330418
published_in_year:year:1993->publication:W2329223578,published_in_year,year:1993,publication:W2329223578,1993,W2329223578
published_in_year:year:2021->publication:W4251751280,published_in_year,year:2021,publication:W4251751280,2021,W4251751280
published_in_year:year:2020->publication:W3005235420,published_in_year,year:2020,publication:W3005235420,2020,W3005235420
published_in_year:year:2018->publication:W2799524357,published_in_year,year:2018,publication:W2799524357,2018,W2799524357
published_in_year:year:2016->publication:W2311203695,published_in_year,year:2016,publication:W2311203695,2016,W2311203695
published_in_year:year:2014->publication:W2111647009,published_in_year,year:2014,publication:W2111647009,2014,W2111647009
published_in_year:year:2013->publication:W2160378127,published_in_year,year:2013,publication:W2160378127,2013,W2160378127
published_in_year:year:2013->publication:W2152207030,published_in_year,year:2013,publication:W2152207030,2013,W2152207030
published_in_year:year:2011->publication:W2132632499,published_in_year,year:2011,publication:W2132632499,2011,W2132632499
published_in_year:year:2007->publication:W2125121305,published_in_year,year:2007,publication:W2125121305,2007,W2125121305
published_in_year:year:1987->publication:W2097706568,published_in_year,year:1987,publication:W2097706568,1987,W2097706568
published_in_year:year:2005->publication:W2161339576,published_in_year,year:2005,publication:W2161339576,2005,W2161339576
published_in_year:year:2005->publication:W2004444667,published_in_year,year:2005,publication:W2004444667,2005,W2004444667
published_in_year:year:2010->publication:W1990074132,published_in_year,year:2010,publication:W1990074132,2010,W1990074132
published_in_year:year:1970->publication:W2148941593,published_in_year,year:1970,publication:W2148941593,1970,W2148941593
published_in_year:year:2011->publication:W2127322768,published_in_year,year:2011,publication:W2127322768,2011,W2127322768
published_in_year:year:2011->publication:W2955504961,published_in_year,year:2011,publication:W2955504961,2011,W2955504961
published_in_year:year:2021->publication:W3177828909,published_in_year,year:2021,publication:W3177828909,2021,W3177828909
published_in_year:year:2020->publication:W3004280078,published_in_year,year:2020,publication:W3004280078,2020,W3004280078
published_in_year:year:2020->publication:W3035965352,published_in_year,year:2020,publication:W3035965352,2020,W3035965352
published_in_year:year:2016->publication:W2257979135,published_in_year,year:2016,publication:W2257979135,2016,W2257979135
published_in_year:year:2015->publication:W2104549677,published_in_year,year:2015,publication:W2104549677,2015,W2104549677
published_in_year:year:2015->publication:W2919115771,published_in_year,year:2015,publication:W2919115771,2015,W2919115771
published_in_year:year:2015->publication:W2145339207,published_in_year,year:2015,publication:W2145339207,2015,W2145339207
published_in_year:year:2012->publication:W2259938310,published_in_year,year:2012,publication:W2259938310,2012,W2259938310
published_in_year:year:2008->publication:W2006318126,published_in_year,year:2008,publication:W2006318126,2008,W2006318126
published_in_year:year:2005->publication:W2125284466,published_in_year,year:2005,publication:W2125284466,2005,W2125284466
published_in_year:year:2001->publication:W2168909179,published_in_year,year:2001,publication:W2168909179,2001,W2168909179
published_in_year:year:2001->publication:W1949231392,published_in_year,year:2001,publication:W1949231392,2001,W1949231392
published_in_year:year:2000->publication:W2162348455,published_in_year,year:2000,publication:W2162348455,2000,W2162348455
published_in_year:year:2000->publication:W2097255042,published_in_year,year:2000,publication:W2097255042,2000,W2097255042
published_in_year:year:1998->publication:W2112090702,published_in_year,year:1998,publication:W2112090702,1998,W2112090702
published_in_year:year:1997->publication:W2746485780,published_in_year,year:1997,publication:W2746485780,1997,W2746485780
published_in_year:year:1992->publication:W2042602209,published_in_year,year:1992,publication:W2042602209,1992,W2042602209
published_in_year:year:1991->publication:W1980216394,published_in_year,year:1991,publication:W1980216394,1991,W1980216394
published_in_year:year:1991->publication:W2018858346,published_in_year,year:1991,publication:W2018858346,1991,W2018858346
published_in_year:year:1986->publication:W1498436455,published_in_year,year:1986,publication:W1498436455,1986,W1498436455
published_in_year:year:1985->publication:W11476871,published_in_year,year:1985,publication:W11476871,1985,W11476871
published_in_year:year:1975->publication:W2030522563,published_in_year,year:1975,publication:W2030522563,1975,W2030522563
published_in_year:year:1972->publication:W2042492216,published_in_year,year:1972,publication:W2042492216,1972,W2042492216
published_in_year:year:1970->publication:W2100837269,published_in_year,year:1970,publication:W2100837269,1970,W2100837269
published_in_year:year:2019->publication:W2963276645,published_in_year,year:2019,publication:W2963276645,2019,W2963276645
published_in_year:year:2011->publication:W2126419817,published_in_year,year:2011,publication:W2126419817,2011,W2126419817
published_in_year:year:2011->publication:W2021341670,published_in_year,year:2011,publication:W2021341670,2011,W2021341670
published_in_year:year:2010->publication:W2141458291,published_in_year,year:2010,publication:W2141458291,2010,W2141458291
published_in_year:year:2008->publication:W2080752012,published_in_year,year:2008,publication:W2080752012,2008,W2080752012
published_in_year:year:2000->publication:W2103017472,published_in_year,year:2000,publication:W2103017472,2000,W2103017472
published_in_year:year:2008->publication:W2053328406,published_in_year,year:2008,publication:W2053328406,2008,W2053328406
published_in_year:year:2007->publication:W2014935324,published_in_year,year:2007,publication:W2014935324,2007,W2014935324
published_in_year:year:2020->publication:W3003257820,published_in_year,year:2020,publication:W3003257820,2020,W3003257820
published_in_year:year:2017->publication:W2614081736,published_in_year,year:2017,publication:W2614081736,2017,W2614081736
published_in_year:year:2016->publication:W2401404581,published_in_year,year:2016,publication:W2401404581,2016,W2401404581
published_in_year:year:2015->publication:W2102278945,published_in_year,year:2015,publication:W2102278945,2015,W2102278945
published_in_year:year:2013->publication:W2088833470,published_in_year,year:2013,publication:W2088833470,2013,W2088833470
published_in_year:year:2012->publication:W2170551349,published_in_year,year:2012,publication:W2170551349,2012,W2170551349
published_in_year:year:2012->publication:W2167279371,published_in_year,year:2012,publication:W2167279371,2012,W2167279371
published_in_year:year:2012->publication:W1969042907,published_in_year,year:2012,publication:W1969042907,2012,W1969042907
published_in_year:year:2012->publication:W2099540110,published_in_year,year:2012,publication:W2099540110,2012,W2099540110
published_in_year:year:2010->publication:W2072970694,published_in_year,year:2010,publication:W2072970694,2010,W2072970694
published_in_year:year:2012->publication:W2115786064,published_in_year,year:2012,publication:W2115786064,2012,W2115786064
published_in_year:year:2008->publication:W2114570899,published_in_year,year:2008,publication:W2114570899,2008,W2114570899
published_in_year:year:2008->publication:W2158217645,published_in_year,year:2008,publication:W2158217645,2008,W2158217645
published_in_year:year:2017->publication:W2588681363,published_in_year,year:2017,publication:W2588681363,2017,W2588681363
published_in_year:year:2006->publication:W2136922672,published_in_year,year:2006,publication:W2136922672,2006,W2136922672
published_in_year:year:1997->publication:W2064675550,published_in_year,year:1997,publication:W2064675550,1997,W2064675550
published_in_year:year:2014->publication:W2076063813,published_in_year,year:2014,publication:W2076063813,2014,W2076063813
published_in_year:year:1989->publication:W2137983211,published_in_year,year:1989,publication:W2137983211,1989,W2137983211
published_in_year:year:1997->publication:W1981276685,published_in_year,year:1997,publication:W1981276685,1997,W1981276685
published_in_year:year:2002->publication:W2058046532,published_in_year,year:2002,publication:W2058046532,2002,W2058046532
published_in_year:year:1984->publication:W2156220037,published_in_year,year:1984,publication:W2156220037,1984,W2156220037
published_in_year:year:1983->publication:W249845531,published_in_year,year:1983,publication:W249845531,1983,W249845531
published_in_year:year:1971->publication:W2136022845,published_in_year,year:1971,publication:W2136022845,1971,W2136022845
published_in_year:year:2020->publication:W3001897055,published_in_year,year:2020,publication:W3001897055,2020,W3001897055
published_in_year:year:2020->publication:W3008827533,published_in_year,year:2020,publication:W3008827533,2020,W3008827533
published_in_year:year:2020->publication:W3003668884,published_in_year,year:2020,publication:W3003668884,2020,W3003668884
published_in_year:year:2005->publication:W2096287682,published_in_year,year:2005,publication:W2096287682,2005,W2096287682
published_in_year:year:2002->publication:W2158822657,published_in_year,year:2002,publication:W2158822657,2002,W2158822657
published_in_year:year:1999->publication:W2324841714,published_in_year,year:1999,publication:W2324841714,1999,W2324841714
published_in_year:year:1993->publication:W2769264260,published_in_year,year:1993,publication:W2769264260,1993,W2769264260
published_in_year:year:2003->publication:W2128158076,published_in_year,year:2003,publication:W2128158076,2003,W2128158076
published_in_year:year:2018->publication:W2900569176,published_in_year,year:2018,publication:W2900569176,2018,W2900569176
published_in_year:year:2015->publication:W2146512944,published_in_year,year:2015,publication:W2146512944,2015,W2146512944
published_in_year:year:2012->publication:W2034285706,published_in_year,year:2012,publication:W2034285706,2012,W2034285706
published_in_year:year:2004->publication:W2132926880,published_in_year,year:2004,publication:W2132926880,2004,W2132926880
published_in_year:year:2002->publication:W2127774996,published_in_year,year:2002,publication:W2127774996,2002,W2127774996
published_in_year:year:2001->publication:W2108244474,published_in_year,year:2001,publication:W2108244474,2001,W2108244474
published_in_year:year:2000->publication:W4294216483,published_in_year,year:2000,publication:W4294216483,2000,W4294216483
published_in_year:year:2000->publication:W2130479394,published_in_year,year:2000,publication:W2130479394,2000,W2130479394
published_in_year:year:1999->publication:W2159482845,published_in_year,year:1999,publication:W2159482845,1999,W2159482845
published_in_year:year:1997->publication:W2158714788,published_in_year,year:1997,publication:W2158714788,1997,W2158714788
published_in_year:year:1997->publication:W2097382368,published_in_year,year:1997,publication:W2097382368,1997,W2097382368
published_in_year:year:1994->publication:W2106882534,published_in_year,year:1994,publication:W2106882534,1994,W2106882534
published_in_year:year:1988->publication:W2118094114,published_in_year,year:1988,publication:W2118094114,1988,W2118094114
published_in_year:year:1999->publication:W1483247593,published_in_year,year:1999,publication:W1483247593,1999,W1483247593
published_in_year:year:1959->publication:W2169528473,published_in_year,year:1959,publication:W2169528473,1959,W2169528473
published_in_year:year:2003->publication:W2122328334,published_in_year,year:2003,publication:W2122328334,2003,W2122328334
published_in_year:year:1968->publication:W2146691185,published_in_year,year:1968,publication:W2146691185,1968,W2146691185
published_in_year:year:2009->publication:W2398350456,published_in_year,year:2009,publication:W2398350456,2009,W2398350456
published_in_year:year:2012->publication:W2035618305,published_in_year,year:2012,publication:W2035618305,2012,W2035618305
published_in_year:year:1994->publication:W2132454116,published_in_year,year:1994,publication:W2132454116,1994,W2132454116
published_in_year:year:1991->publication:W2164284962,published_in_year,year:1991,publication:W2164284962,1991,W2164284962
published_in_year:year:1991->publication:W2099697766,published_in_year,year:1991,publication:W2099697766,1991,W2099697766
published_in_year:year:2000->publication:W3196369884,published_in_year,year:2000,publication:W3196369884,2000,W3196369884
published_in_year:year:1985->publication:W2121393013,published_in_year,year:1985,publication:W2121393013,1985,W2121393013
published_in_year:year:2001->publication:W2183707334,published_in_year,year:2001,publication:W2183707334,2001,W2183707334
published_in_year:year:1984->publication:W1781458262,published_in_year,year:1984,publication:W1781458262,1984,W1781458262
published_in_year:year:2005->publication:W2158698691,published_in_year,year:2005,publication:W2158698691,2005,W2158698691
published_in_year:year:1991->publication:W2101157755,published_in_year,year:1991,publication:W2101157755,1991,W2101157755
published_in_year:year:1981->publication:W2009667219,published_in_year,year:1981,publication:W2009667219,1981,W2009667219
published_in_year:year:2016->publication:W2567289819,published_in_year,year:2016,publication:W2567289819,2016,W2567289819
published_in_year:year:2005->publication:W1988091937,published_in_year,year:2005,publication:W1988091937,2005,W1988091937
published_in_year:year:1965->publication:W2230728100,published_in_year,year:1965,publication:W2230728100,1965,W2230728100
published_in_year:year:1935->publication:W1986407511,published_in_year,year:1935,publication:W1986407511,1935,W1986407511
published_in_year:year:1996->publication:W1981368803,published_in_year,year:1996,publication:W1981368803,1996,W1981368803
published_in_year:year:1988->publication:W2086957099,published_in_year,year:1988,publication:W2086957099,1988,W2086957099
published_in_year:year:1985->publication:W1991794210,published_in_year,year:1985,publication:W1991794210,1985,W1991794210
published_in_year:year:1999->publication:W1979544533,published_in_year,year:1999,publication:W1979544533,1999,W1979544533
published_in_year:year:1996->publication:W2083222334,published_in_year,year:1996,publication:W2083222334,1996,W2083222334
published_in_year:year:1994->publication:W2087698390,published_in_year,year:1994,publication:W2087698390,1994,W2087698390
published_in_year:year:1994->publication:W1970127494,published_in_year,year:1994,publication:W1970127494,1994,W1970127494
published_in_year:year:1993->publication:W2079105963,published_in_year,year:1993,publication:W2079105963,1993,W2079105963
published_in_year:year:1993->publication:W1998866028,published_in_year,year:1993,publication:W1998866028,1993,W1998866028
published_in_year:year:1992->publication:W2049079467,published_in_year,year:1992,publication:W2049079467,1992,W2049079467
published_in_year:year:1992->publication:W3206606417,published_in_year,year:1992,publication:W3206606417,1992,W3206606417
published_in_year:year:1991->publication:W2045596260,published_in_year,year:1991,publication:W2045596260,1991,W2045596260
published_in_year:year:1990->publication:W2087585288,published_in_year,year:1990,publication:W2087585288,1990,W2087585288
published_in_year:year:1988->publication:W2023271753,published_in_year,year:1988,publication:W2023271753,1988,W2023271753
published_in_year:year:1986->publication:W2030687437,published_in_year,year:1986,publication:W2030687437,1986,W2030687437
published_in_year:year:1981->publication:W2052637367,published_in_year,year:1981,publication:W2052637367,1981,W2052637367
published_in_year:year:1976->publication:W2036113194,published_in_year,year:1976,publication:W2036113194,1976,W2036113194
published_in_year:year:1972->publication:W2083926174,published_in_year,year:1972,publication:W2083926174,1972,W2083926174
published_in_year:year:1963->publication:W2753533763,published_in_year,year:1963,publication:W2753533763,1963,W2753533763
published_in_year:year:1962->publication:W2024556021,published_in_year,year:1962,publication:W2024556021,1962,W2024556021
published_in_year:year:1973->publication:W2028823348,published_in_year,year:1973,publication:W2028823348,1973,W2028823348
published_in_year:year:1949->publication:W1974907033,published_in_year,year:1949,publication:W1974907033,1949,W1974907033
published_in_year:year:2020->publication:W3038568908,published_in_year,year:2020,publication:W3038568908,2020,W3038568908
published_in_year:year:2009->publication:W4294215472,published_in_year,year:2009,publication:W4294215472,2009,W4294215472
published_in_year:year:2009->publication:W3022903699,published_in_year,year:2009,publication:W3022903699,2009,W3022903699
published_in_year:year:2007->publication:W2599076725,published_in_year,year:2007,publication:W2599076725,2007,W2599076725
published_in_year:year:2013->publication:W2056279562,published_in_year,year:2013,publication:W2056279562,2013,W2056279562
published_in_year:year:2010->publication:W2031611770,published_in_year,year:2010,publication:W2031611770,2010,W2031611770
published_in_year:year:2008->publication:W3120106258,published_in_year,year:2008,publication:W3120106258,2008,W3120106258
published_in_year:year:2020->publication:W3039083618,published_in_year,year:2020,publication:W3039083618,2020,W3039083618
published_in_year:year:1965->publication:W2155648052,published_in_year,year:1965,publication:W2155648052,1965,W2155648052
published_in_year:year:1998->publication:W2112796928,published_in_year,year:1998,publication:W2112796928,1998,W2112796928
published_in_year:year:1989->publication:W2125838338,published_in_year,year:1989,publication:W2125838338,1989,W2125838338
published_in_year:year:2005->publication:W2130410032,published_in_year,year:2005,publication:W2130410032,2005,W2130410032
published_in_year:year:2002->publication:W1971421925,published_in_year,year:2002,publication:W1971421925,2002,W1971421925
published_in_year:year:1998->publication:W2150926065,published_in_year,year:1998,publication:W2150926065,1998,W2150926065
published_in_year:year:1982->publication:W2128084896,published_in_year,year:1982,publication:W2128084896,1982,W2128084896
published_in_year:year:1979->publication:W2101108802,published_in_year,year:1979,publication:W2101108802,1979,W2101108802
published_in_year:year:1977->publication:W2138270253,published_in_year,year:1977,publication:W2138270253,1977,W2138270253
published_in_year:year:1998->publication:W2007221293,published_in_year,year:1998,publication:W2007221293,1998,W2007221293
published_in_year:year:1999->publication:W2112017750,published_in_year,year:1999,publication:W2112017750,1999,W2112017750
published_in_year:year:1989->publication:W2151487996,published_in_year,year:1989,publication:W2151487996,1989,W2151487996
published_in_year:year:1995->publication:W2081155210,published_in_year,year:1995,publication:W2081155210,1995,W2081155210
published_in_year:year:1992->publication:W2037557484,published_in_year,year:1992,publication:W2037557484,1992,W2037557484
published_in_year:year:1990->publication:W2018201949,published_in_year,year:1990,publication:W2018201949,1990,W2018201949
published_in_year:year:1988->publication:W2122912498,published_in_year,year:1988,publication:W2122912498,1988,W2122912498
published_in_year:year:1985->publication:W2055461003,published_in_year,year:1985,publication:W2055461003,1985,W2055461003
published_in_year:year:1980->publication:W2149608872,published_in_year,year:1980,publication:W2149608872,1980,W2149608872
published_in_year:year:1979->publication:W2141403362,published_in_year,year:1979,publication:W2141403362,1979,W2141403362
published_in_year:year:1959->publication:W2024509488,published_in_year,year:1959,publication:W2024509488,1959,W2024509488
published_in_year:year:2000->publication:W2122517769,published_in_year,year:2000,publication:W2122517769,2000,W2122517769
published_in_year:year:1994->publication:W1984314602,published_in_year,year:1994,publication:W1984314602,1994,W1984314602
published_in_year:year:1991->publication:W2097780989,published_in_year,year:1991,publication:W2097780989,1991,W2097780989
published_in_year:year:1977->publication:W4292808503,published_in_year,year:1977,publication:W4292808503,1977,W4292808503
published_in_year:year:1977->publication:W2134049139,published_in_year,year:1977,publication:W2134049139,1977,W2134049139
published_in_year:year:1956->publication:W2579555219,published_in_year,year:1956,publication:W2579555219,1956,W2579555219
published_in_year:year:1943->publication:W4292542163,published_in_year,year:1943,publication:W4292542163,1943,W4292542163
published_in_year:year:2014->publication:W2159401492,published_in_year,year:2014,publication:W2159401492,2014,W2159401492
published_in_year:year:1951->publication:W2159306398,published_in_year,year:1951,publication:W2159306398,1951,W2159306398
published_in_year:year:2009->publication:W2991792334,published_in_year,year:2009,publication:W2991792334,2009,W2991792334
published_in_year:year:1997->publication:W1964184380,published_in_year,year:1997,publication:W1964184380,1997,W1964184380
published_in_year:year:1992->publication:W2037377025,published_in_year,year:1992,publication:W2037377025,1992,W2037377025
published_in_year:year:2015->publication:W843007777,published_in_year,year:2015,publication:W843007777,2015,W843007777
published_in_year:year:1985->publication:W1980704616,published_in_year,year:1985,publication:W1980704616,1985,W1980704616
published_in_year:year:2005->publication:W2142225512,published_in_year,year:2005,publication:W2142225512,2005,W2142225512
published_in_year:year:2006->publication:W1979290264,published_in_year,year:2006,publication:W1979290264,2006,W1979290264
published_in_year:year:2019->publication:W2950504429,published_in_year,year:2019,publication:W2950504429,2019,W2950504429
published_in_year:year:2020->publication:W3025949386,published_in_year,year:2020,publication:W3025949386,2020,W3025949386
published_in_year:year:2011->publication:W2121745948,published_in_year,year:2011,publication:W2121745948,2011,W2121745948
published_in_year:year:1982->publication:W2157825442,published_in_year,year:1982,publication:W2157825442,1982,W2157825442
published_in_year:year:2001->publication:W2124758339,published_in_year,year:2001,publication:W2124758339,2001,W2124758339
published_in_year:year:2010->publication:W2102074887,published_in_year,year:2010,publication:W2102074887,2010,W2102074887
published_in_year:year:2009->publication:W2105685140,published_in_year,year:2009,publication:W2105685140,2009,W2105685140
published_in_year:year:2002->publication:W2124637492,published_in_year,year:2002,publication:W2124637492,2002,W2124637492
published_in_year:year:2003->publication:W2021365718,published_in_year,year:2003,publication:W2021365718,2003,W2021365718
published_in_year:year:1958->publication:W2002664886,published_in_year,year:1958,publication:W2002664886,1958,W2002664886
published_in_year:year:1998->publication:W1658908529,published_in_year,year:1998,publication:W1658908529,1998,W1658908529
published_in_year:year:1979->publication:W2121044470,published_in_year,year:1979,publication:W2121044470,1979,W2121044470
published_in_year:year:1987->publication:W2140606211,published_in_year,year:1987,publication:W2140606211,1987,W2140606211
published_in_year:year:2015->publication:W2012034410,published_in_year,year:2015,publication:W2012034410,2015,W2012034410
published_in_year:year:2013->publication:W2064815984,published_in_year,year:2013,publication:W2064815984,2013,W2064815984
published_in_year:year:2013->publication:W2141939342,published_in_year,year:2013,publication:W2141939342,2013,W2141939342
published_in_year:year:2012->publication:W2045435533,published_in_year,year:2012,publication:W2045435533,2012,W2045435533
published_in_year:year:2009->publication:W2097259163,published_in_year,year:2009,publication:W2097259163,2009,W2097259163
published_in_year:year:2008->publication:W2010971702,published_in_year,year:2008,publication:W2010971702,2008,W2010971702
published_in_year:year:2006->publication:W2100495367,published_in_year,year:2006,publication:W2100495367,2006,W2100495367
published_in_year:year:2004->publication:W2058122340,published_in_year,year:2004,publication:W2058122340,2004,W2058122340
published_in_year:year:1999->publication:W2008620264,published_in_year,year:1999,publication:W2008620264,1999,W2008620264
published_in_year:year:1999->publication:W2159999899,published_in_year,year:1999,publication:W2159999899,1999,W2159999899
published_in_year:year:1998->publication:W2086943348,published_in_year,year:1998,publication:W2086943348,1998,W2086943348
published_in_year:year:1988->publication:W2032118018,published_in_year,year:1988,publication:W2032118018,1988,W2032118018
published_in_year:year:1983->publication:W2024060531,published_in_year,year:1983,publication:W2024060531,1983,W2024060531
published_in_year:year:1981->publication:W2062663664,published_in_year,year:1981,publication:W2062663664,1981,W2062663664
published_in_year:year:1981->publication:W2096452841,published_in_year,year:1981,publication:W2096452841,1981,W2096452841
published_in_year:year:1974->publication:W4292157289,published_in_year,year:1974,publication:W4292157289,1974,W4292157289
published_in_year:year:1968->publication:W2226396244,published_in_year,year:1968,publication:W2226396244,1968,W2226396244
published_in_year:year:2017->publication:W2737217596,published_in_year,year:2017,publication:W2737217596,2017,W2737217596
published_in_year:year:2013->publication:W2114843025,published_in_year,year:2013,publication:W2114843025,2013,W2114843025
published_in_year:year:2016->publication:W2302501749,published_in_year,year:2016,publication:W2302501749,2016,W2302501749
published_in_year:year:2017->publication:W2580767461,published_in_year,year:2017,publication:W2580767461,2017,W2580767461
published_in_year:year:2017->publication:W2593436234,published_in_year,year:2017,publication:W2593436234,2017,W2593436234
published_in_year:year:2009->publication:W2150220236,published_in_year,year:2009,publication:W2150220236,2009,W2150220236
published_in_year:year:2003->publication:W2148606196,published_in_year,year:2003,publication:W2148606196,2003,W2148606196
published_in_year:year:1991->publication:W197066864,published_in_year,year:1991,publication:W197066864,1991,W197066864
published_in_year:year:1968->publication:W2329395632,published_in_year,year:1968,publication:W2329395632,1968,W2329395632
published_in_year:year:1978->publication:W2056944867,published_in_year,year:1978,publication:W2056944867,1978,W2056944867
published_in_year:year:1994->publication:W3210839039,published_in_year,year:1994,publication:W3210839039,1994,W3210839039
published_in_year:year:1992->publication:W1992193527,published_in_year,year:1992,publication:W1992193527,1992,W1992193527
published_in_year:year:2015->publication:W1031578623,published_in_year,year:2015,publication:W1031578623,2015,W1031578623
published_in_year:year:1939->publication:W2798643531,published_in_year,year:1939,publication:W2798643531,1939,W2798643531
published_in_year:year:1934->publication:W2091160252,published_in_year,year:1934,publication:W2091160252,1934,W2091160252
published_in_year:year:1980->publication:W2162604832,published_in_year,year:1980,publication:W2162604832,1980,W2162604832
published_in_year:year:1991->publication:W3121147769,published_in_year,year:1991,publication:W3121147769,1991,W3121147769
published_in_year:year:1997->publication:W4294214781,published_in_year,year:1997,publication:W4294214781,1997,W4294214781
published_in_year:year:2009->publication:W2787894218,published_in_year,year:2009,publication:W2787894218,2009,W2787894218
published_in_year:year:2001->publication:W1480376833,published_in_year,year:2001,publication:W1480376833,2001,W1480376833
published_in_year:year:1998->publication:W2058815839,published_in_year,year:1998,publication:W2058815839,1998,W2058815839
published_in_year:year:1992->publication:W1979300931,published_in_year,year:1992,publication:W1979300931,1992,W1979300931
published_in_year:year:1992->publication:W1580788756,published_in_year,year:1992,publication:W1580788756,1992,W1580788756
published_in_year:year:1991->publication:W2337002970,published_in_year,year:1991,publication:W2337002970,1991,W2337002970
published_in_year:year:1957->publication:W4300107936,published_in_year,year:1957,publication:W4300107936,1957,W4300107936
published_in_year:year:2002->publication:W1513618424,published_in_year,year:2002,publication:W1513618424,2002,W1513618424
published_in_year:year:1992->publication:W2148534890,published_in_year,year:1992,publication:W2148534890,1992,W2148534890
published_in_year:year:2009->publication:W1518897246,published_in_year,year:2009,publication:W1518897246,2009,W1518897246
published_in_year:year:2005->publication:W1528905581,published_in_year,year:2005,publication:W1528905581,2005,W1528905581
published_in_year:year:2002->publication:W2126930838,published_in_year,year:2002,publication:W2126930838,2002,W2126930838
published_in_year:year:1997->publication:W2123709218,published_in_year,year:1997,publication:W2123709218,1997,W2123709218
published_in_year:year:1984->publication:W2140956556,published_in_year,year:1984,publication:W2140956556,1984,W2140956556
published_in_year:year:1999->publication:W2071666535,published_in_year,year:1999,publication:W2071666535,1999,W2071666535
published_in_year:year:2007->publication:W2543580944,published_in_year,year:2007,publication:W2543580944,2007,W2543580944
published_in_year:year:2012->publication:W2148698435,published_in_year,year:2012,publication:W2148698435,2012,W2148698435
published_in_year:year:2010->publication:W2111211467,published_in_year,year:2010,publication:W2111211467,2010,W2111211467
published_in_year:year:2003->publication:W2103546861,published_in_year,year:2003,publication:W2103546861,2003,W2103546861
published_in_year:year:2016->publication:W2560438049,published_in_year,year:2016,publication:W2560438049,2016,W2560438049
published_in_year:year:2015->publication:W2161374186,published_in_year,year:2015,publication:W2161374186,2015,W2161374186
published_in_year:year:2005->publication:W2034562813,published_in_year,year:2005,publication:W2034562813,2005,W2034562813
published_in_year:year:1999->publication:W2148603752,published_in_year,year:1999,publication:W2148603752,1999,W2148603752
published_in_year:year:1989->publication:W4300870773,published_in_year,year:1989,publication:W4300870773,1989,W4300870773
published_in_year:year:1989->publication:W4240402692,published_in_year,year:1989,publication:W4240402692,1989,W4240402692
published_in_year:year:1965->publication:W2801179766,published_in_year,year:1965,publication:W2801179766,1965,W2801179766
published_in_year:year:1978->publication:W2317574555,published_in_year,year:1978,publication:W2317574555,1978,W2317574555
published_in_year:year:2007->publication:W2161633633,published_in_year,year:2007,publication:W2161633633,2007,W2161633633
published_in_year:year:1951->publication:W1965555277,published_in_year,year:1951,publication:W1965555277,1951,W1965555277
published_in_year:year:2001->publication:W1678356000,published_in_year,year:2001,publication:W1678356000,2001,W1678356000
published_in_year:year:1979->publication:W2117897510,published_in_year,year:1979,publication:W2117897510,1979,W2117897510
published_in_year:year:1998->publication:W2073832139,published_in_year,year:1998,publication:W2073832139,1998,W2073832139
published_in_year:year:1999->publication:W1853767801,published_in_year,year:1999,publication:W1853767801,1999,W1853767801
published_in_year:year:1965->publication:W2171074980,published_in_year,year:1965,publication:W2171074980,1965,W2171074980
published_in_year:year:1983->publication:W2137358449,published_in_year,year:1983,publication:W2137358449,1983,W2137358449
published_in_year:year:1969->publication:W2128529067,published_in_year,year:1969,publication:W2128529067,1969,W2128529067
published_in_year:year:1963->publication:W2127911529,published_in_year,year:1963,publication:W2127911529,1963,W2127911529
published_in_year:year:2010->publication:W2092157292,published_in_year,year:2010,publication:W2092157292,2010,W2092157292
published_in_year:year:2007->publication:W2057477511,published_in_year,year:2007,publication:W2057477511,2007,W2057477511
published_in_year:year:2003->publication:W2085093563,published_in_year,year:2003,publication:W2085093563,2003,W2085093563
published_in_year:year:2000->publication:W2122427541,published_in_year,year:2000,publication:W2122427541,2000,W2122427541
published_in_year:year:1999->publication:W2008423326,published_in_year,year:1999,publication:W2008423326,1999,W2008423326
published_in_year:year:1995->publication:W2035687084,published_in_year,year:1995,publication:W2035687084,1995,W2035687084
published_in_year:year:1993->publication:W1982356449,published_in_year,year:1993,publication:W1982356449,1993,W1982356449
published_in_year:year:1993->publication:W2143981217,published_in_year,year:1993,publication:W2143981217,1993,W2143981217
published_in_year:year:1993->publication:W2067174909,published_in_year,year:1993,publication:W2067174909,1993,W2067174909
published_in_year:year:1989->publication:W2069006374,published_in_year,year:1989,publication:W2069006374,1989,W2069006374
published_in_year:year:1984->publication:W2017196167,published_in_year,year:1984,publication:W2017196167,1984,W2017196167
published_in_year:year:1984->publication:W2035266068,published_in_year,year:1984,publication:W2035266068,1984,W2035266068
published_in_year:year:1983->publication:W1976499671,published_in_year,year:1983,publication:W1976499671,1983,W1976499671
published_in_year:year:1980->publication:W1971275758,published_in_year,year:1980,publication:W1971275758,1980,W1971275758
published_in_year:year:1972->publication:W2046412723,published_in_year,year:1972,publication:W2046412723,1972,W2046412723
published_in_year:year:1953->publication:W2056760934,published_in_year,year:1953,publication:W2056760934,1953,W2056760934
published_in_year:year:1998->publication:W3171418018,published_in_year,year:1998,publication:W3171418018,1998,W3171418018
published_in_year:year:1997->publication:W3121693921,published_in_year,year:1997,publication:W3121693921,1997,W3121693921
published_in_year:year:1997->publication:W2136120210,published_in_year,year:1997,publication:W2136120210,1997,W2136120210
published_in_year:year:1970->publication:W2131773668,published_in_year,year:1970,publication:W2131773668,1970,W2131773668
published_in_year:year:1964->publication:W2029056003,published_in_year,year:1964,publication:W2029056003,1964,W2029056003
published_in_year:year:1989->publication:W2056879345,published_in_year,year:1989,publication:W2056879345,1989,W2056879345
published_in_year:year:1983->publication:W3122859634,published_in_year,year:1983,publication:W3122859634,1983,W3122859634
published_in_year:year:2011->publication:W1988050849,published_in_year,year:2011,publication:W1988050849,2011,W1988050849
published_in_year:year:1991->publication:W2006479099,published_in_year,year:1991,publication:W2006479099,1991,W2006479099
published_in_year:year:2019->publication:W2990427812,published_in_year,year:2019,publication:W2990427812,2019,W2990427812
published_in_year:year:1994->publication:W2148284063,published_in_year,year:1994,publication:W2148284063,1994,W2148284063
published_in_year:year:1964->publication:W2030841140,published_in_year,year:1964,publication:W2030841140,1964,W2030841140
published_in_year:year:2009->publication:W2011215428,published_in_year,year:2009,publication:W2011215428,2009,W2011215428
published_in_year:year:1952->publication:W1985940938,published_in_year,year:1952,publication:W1985940938,1952,W1985940938
published_in_year:year:2001->publication:W2164059021,published_in_year,year:2001,publication:W2164059021,2001,W2164059021
published_in_year:year:2020->publication:W3009885589,published_in_year,year:2020,publication:W3009885589,2020,W3009885589
published_in_year:year:2020->publication:W3001118548,published_in_year,year:2020,publication:W3001118548,2020,W3001118548
published_in_year:year:2020->publication:W3002108456,published_in_year,year:2020,publication:W3002108456,2020,W3002108456
published_in_year:year:2020->publication:W3092849554,published_in_year,year:2020,publication:W3092849554,2020,W3092849554
published_in_year:year:2020->publication:W3006659024,published_in_year,year:2020,publication:W3006659024,2020,W3006659024
published_in_year:year:2007->publication:W2275737843,published_in_year,year:2007,publication:W2275737843,2007,W2275737843
published_in_year:year:1998->publication:W2337454357,published_in_year,year:1998,publication:W2337454357,1998,W2337454357
published_in_year:year:1986->publication:W2015795623,published_in_year,year:1986,publication:W2015795623,1986,W2015795623
published_in_year:year:1965->publication:W2465692541,published_in_year,year:1965,publication:W2465692541,1965,W2465692541
published_in_year:year:2007->publication:W2990138404,published_in_year,year:2007,publication:W2990138404,2007,W2990138404
published_in_year:year:1992->publication:W1497256448,published_in_year,year:1992,publication:W1497256448,1992,W1497256448
published_in_year:year:1998->publication:W2116122104,published_in_year,year:1998,publication:W2116122104,1998,W2116122104
published_in_year:year:1966->publication:W2100826189,published_in_year,year:1966,publication:W2100826189,1966,W2100826189
published_in_year:year:1970->publication:W2156109180,published_in_year,year:1970,publication:W2156109180,1970,W2156109180
published_in_year:year:1956->publication:W2070631858,published_in_year,year:1956,publication:W2070631858,1956,W2070631858
published_in_year:year:1991->publication:W2025610165,published_in_year,year:1991,publication:W2025610165,1991,W2025610165
published_in_year:year:2007->publication:W2150697053,published_in_year,year:2007,publication:W2150697053,2007,W2150697053
published_in_year:year:1973->publication:W2094642658,published_in_year,year:1973,publication:W2094642658,1973,W2094642658
published_in_year:year:2015->publication:W2145150141,published_in_year,year:2015,publication:W2145150141,2015,W2145150141
published_in_year:year:2020->publication:W3099878876,published_in_year,year:2020,publication:W3099878876,2020,W3099878876
published_in_year:year:2007->publication:W2939474406,published_in_year,year:2007,publication:W2939474406,2007,W2939474406
published_in_year:year:2016->publication:W4254687493,published_in_year,year:2016,publication:W4254687493,2016,W4254687493
published_in_year:year:1982->publication:W244186264,published_in_year,year:1982,publication:W244186264,1982,W244186264
published_in_year:year:2003->publication:W2150290224,published_in_year,year:2003,publication:W2150290224,2003,W2150290224
published_in_year:year:1987->publication:W2118502261,published_in_year,year:1987,publication:W2118502261,1987,W2118502261
published_in_year:year:1988->publication:W1689771227,published_in_year,year:1988,publication:W1689771227,1988,W1689771227
published_in_year:year:2025->publication:W2787959293,published_in_year,year:2025,publication:W2787959293,2025,W2787959293
published_in_year:year:2025->publication:W1803273808,published_in_year,year:2025,publication:W1803273808,2025,W1803273808
published_in_year:year:2023->publication:W4320013936,published_in_year,year:2023,publication:W4320013936,2023,W4320013936
published_in_year:year:2023->publication:W4367314869,published_in_year,year:2023,publication:W4367314869,2023,W4367314869
published_in_year:year:2019->publication:W2963341956,published_in_year,year:2019,publication:W2963341956,2019,W2963341956
published_in_year:year:2019->publication:W1990513740,published_in_year,year:2019,publication:W1990513740,2019,W1990513740
published_in_year:year:2018->publication:W2129905273,published_in_year,year:2018,publication:W2129905273,2018,W2129905273
published_in_year:year:2018->publication:W1533200881,published_in_year,year:2018,publication:W1533200881,2018,W1533200881
published_in_year:year:2018->publication:W2963163009,published_in_year,year:2018,publication:W2963163009,2018,W2963163009
published_in_year:year:2018->publication:W2124192278,published_in_year,year:2018,publication:W2124192278,2018,W2124192278
published_in_year:year:2018->publication:W2752782242,published_in_year,year:2018,publication:W2752782242,2018,W2752782242
published_in_year:year:2018->publication:W2412247133,published_in_year,year:2018,publication:W2412247133,2018,W2412247133
published_in_year:year:2017->publication:W2041902442,published_in_year,year:2017,publication:W2041902442,2017,W2041902442
published_in_year:year:2017->publication:W2963446712,published_in_year,year:2017,publication:W2963446712,2017,W2963446712
published_in_year:year:2017->publication:W2249595199,published_in_year,year:2017,publication:W2249595199,2017,W2249595199
published_in_year:year:2017->publication:W2565639579,published_in_year,year:2017,publication:W2565639579,2017,W2565639579
published_in_year:year:2017->publication:W2963351448,published_in_year,year:2017,publication:W2963351448,2017,W2963351448
published_in_year:year:2017->publication:W2962858109,published_in_year,year:2017,publication:W2962858109,2017,W2962858109
published_in_year:year:2017->publication:W2963150697,published_in_year,year:2017,publication:W2963150697,2017,W2963150697
published_in_year:year:2017->publication:W2971035958,published_in_year,year:2017,publication:W2971035958,2017,W2971035958
published_in_year:year:2017->publication:W1515587369,published_in_year,year:2017,publication:W1515587369,2017,W1515587369
published_in_year:year:2017->publication:W2962793481,published_in_year,year:2017,publication:W2962793481,2017,W2962793481
published_in_year:year:2017->publication:W2531409750,published_in_year,year:2017,publication:W2531409750,2017,W2531409750
published_in_year:year:2017->publication:W2570343428,published_in_year,year:2017,publication:W2570343428,2017,W2570343428
published_in_year:year:2016->publication:W2502134830,published_in_year,year:2016,publication:W2502134830,2016,W2502134830
published_in_year:year:2016->publication:W2194775991,published_in_year,year:2016,publication:W2194775991,2016,W2194775991
published_in_year:year:2016->publication:W2183341477,published_in_year,year:2016,publication:W2183341477,2016,W2183341477
published_in_year:year:2016->publication:W3106250896,published_in_year,year:2016,publication:W3106250896,2016,W3106250896
published_in_year:year:2016->publication:W2295598076,published_in_year,year:2016,publication:W2295598076,2016,W2295598076
published_in_year:year:2015->publication:W1677182931,published_in_year,year:2015,publication:W1677182931,2015,W1677182931
published_in_year:year:2015->publication:W1536680647,published_in_year,year:2015,publication:W1536680647,2015,W1536680647
published_in_year:year:2015->publication:W1903029394,published_in_year,year:2015,publication:W1903029394,2015,W1903029394
published_in_year:year:2015->publication:W2097117768,published_in_year,year:2015,publication:W2097117768,2015,W2097117768
published_in_year:year:2014->publication:W2132905138,published_in_year,year:2014,publication:W2132905138,2014,W2132905138
published_in_year:year:2014->publication:W2095705004,published_in_year,year:2014,publication:W2095705004,2014,W2095705004
published_in_year:year:2014->publication:W2250539671,published_in_year,year:2014,publication:W2250539671,2014,W2250539671
published_in_year:year:2014->publication:W2157331557,published_in_year,year:2014,publication:W2157331557,2014,W2157331557
published_in_year:year:2014->publication:W377384883,published_in_year,year:2014,publication:W377384883,2014,W377384883
published_in_year:year:2014->publication:W2102605133,published_in_year,year:2014,publication:W2102605133,2014,W2102605133
published_in_year:year:2013->publication:W1849190772,published_in_year,year:2013,publication:W1849190772,2013,W1849190772
published_in_year:year:2013->publication:W4299627282,published_in_year,year:2013,publication:W4299627282,2013,W4299627282
published_in_year:year:2013->publication:W1530155851,published_in_year,year:2013,publication:W1530155851,2013,W1530155851
published_in_year:year:2013->publication:W1554944419,published_in_year,year:2013,publication:W1554944419,2013,W1554944419
published_in_year:year:2012->publication:W2799061466,published_in_year,year:2012,publication:W2799061466,2012,W2799061466
published_in_year:year:2009->publication:W1535803599,published_in_year,year:2009,publication:W1535803599,2009,W1535803599
published_in_year:year:2009->publication:W1587026990,published_in_year,year:2009,publication:W1587026990,2009,W1587026990
published_in_year:year:2009->publication:W1516534262,published_in_year,year:2009,publication:W1516534262,2009,W1516534262
published_in_year:year:2008->publication:W1598602811,published_in_year,year:2008,publication:W1598602811,2008,W1598602811
published_in_year:year:2008->publication:W3144127399,published_in_year,year:2008,publication:W3144127399,2008,W3144127399
published_in_year:year:2007->publication:W273955616,published_in_year,year:2007,publication:W273955616,2007,W273955616
published_in_year:year:2007->publication:W1520428197,published_in_year,year:2007,publication:W1520428197,2007,W1520428197
published_in_year:year:2007->publication:W2798333393,published_in_year,year:2007,publication:W2798333393,2007,W2798333393
published_in_year:year:2007->publication:W1542932561,published_in_year,year:2007,publication:W1542932561,2007,W1542932561
published_in_year:year:2006->publication:W1605824561,published_in_year,year:2006,publication:W1605824561,2006,W1605824561
published_in_year:year:2006->publication:W2491458126,published_in_year,year:2006,publication:W2491458126,2006,W2491458126
published_in_year:year:2005->publication:W2161969291,published_in_year,year:2005,publication:W2161969291,2005,W2161969291
published_in_year:year:2005->publication:W3145128584,published_in_year,year:2005,publication:W3145128584,2005,W3145128584
published_in_year:year:2005->publication:W1665332082,published_in_year,year:2005,publication:W1665332082,2005,W1665332082
published_in_year:year:2005->publication:W2164598857,published_in_year,year:2005,publication:W2164598857,2005,W2164598857
published_in_year:year:2004->publication:W2296616510,published_in_year,year:2004,publication:W2296616510,2004,W2296616510
published_in_year:year:2003->publication:W2052417512,published_in_year,year:2003,publication:W2052417512,2003,W2052417512
published_in_year:year:2002->publication:W2904250082,published_in_year,year:2002,publication:W2904250082,2002,W2904250082
published_in_year:year:2002->publication:W2152195021,published_in_year,year:2002,publication:W2152195021,2002,W2152195021
published_in_year:year:2002->publication:W2145417574,published_in_year,year:2002,publication:W2145417574,2002,W2145417574
published_in_year:year:2001->publication:W2101105183,published_in_year,year:2001,publication:W2101105183,2001,W2101105183
published_in_year:year:2001->publication:W1539265701,published_in_year,year:2001,publication:W1539265701,2001,W1539265701
published_in_year:year:2001->publication:W2099111195,published_in_year,year:2001,publication:W2099111195,2001,W2099111195
published_in_year:year:2000->publication:W4299689471,published_in_year,year:2000,publication:W4299689471,2000,W4299689471
published_in_year:year:2000->publication:W1607071030,published_in_year,year:2000,publication:W1607071030,2000,W1607071030
published_in_year:year:2000->publication:W1505626160,published_in_year,year:2000,publication:W1505626160,2000,W1505626160
published_in_year:year:2000->publication:W2036149274,published_in_year,year:2000,publication:W2036149274,2000,W2036149274
published_in_year:year:1999->publication:W1780382453,published_in_year,year:1999,publication:W1780382453,1999,W1780382453
published_in_year:year:1999->publication:W2124386111,published_in_year,year:1999,publication:W2124386111,1999,W2124386111
published_in_year:year:1999->publication:W2129995310,published_in_year,year:1999,publication:W2129995310,1999,W2129995310
published_in_year:year:1998->publication:W1672766972,published_in_year,year:1998,publication:W1672766972,1998,W1672766972
published_in_year:year:1998->publication:W1487923163,published_in_year,year:1998,publication:W1487923163,1998,W1487923163
published_in_year:year:1998->publication:W2124776405,published_in_year,year:1998,publication:W2124776405,1998,W2124776405
published_in_year:year:1998->publication:W2028954902,published_in_year,year:1998,publication:W2028954902,1998,W2028954902
published_in_year:year:1996->publication:W1673310716,published_in_year,year:1996,publication:W1673310716,1996,W1673310716
published_in_year:year:1996->publication:W2912565176,published_in_year,year:1996,publication:W2912565176,1996,W2912565176
published_in_year:year:1995->publication:W4388147587,published_in_year,year:1995,publication:W4388147587,1995,W4388147587
published_in_year:year:1995->publication:W2156909104,published_in_year,year:1995,publication:W2156909104,1995,W2156909104
published_in_year:year:1994->publication:W1995945562,published_in_year,year:1994,publication:W1995945562,1994,W1995945562
published_in_year:year:1994->publication:W1649645444,published_in_year,year:1994,publication:W1649645444,1994,W1649645444
published_in_year:year:1994->publication:W1763243278,published_in_year,year:1994,publication:W1763243278,1994,W1763243278
published_in_year:year:1994->publication:W1714723801,published_in_year,year:1994,publication:W1714723801,1994,W1714723801
published_in_year:year:1994->publication:W2061901927,published_in_year,year:1994,publication:W2061901927,1994,W2061901927
published_in_year:year:1993->publication:W3106889297,published_in_year,year:1993,publication:W3106889297,1993,W3106889297
published_in_year:year:1992->publication:W2125055259,published_in_year,year:1992,publication:W2125055259,1992,W2125055259
published_in_year:year:1990->publication:W3214833809,published_in_year,year:1990,publication:W3214833809,1990,W3214833809
published_in_year:year:1989->publication:W4301861531,published_in_year,year:1989,publication:W4301861531,1989,W4301861531
published_in_year:year:1989->publication:W2144634347,published_in_year,year:1989,publication:W2144634347,1989,W2144634347
published_in_year:year:1989->publication:W4298091299,published_in_year,year:1989,publication:W4298091299,1989,W4298091299
published_in_year:year:1988->publication:W1639032689,published_in_year,year:1988,publication:W1639032689,1988,W1639032689
published_in_year:year:1988->publication:W2159080219,published_in_year,year:1988,publication:W2159080219,1988,W2159080219
published_in_year:year:1987->publication:W1965324089,published_in_year,year:1987,publication:W1965324089,1987,W1965324089
published_in_year:year:1987->publication:W1536690700,published_in_year,year:1987,publication:W1536690700,1987,W1536690700
published_in_year:year:1985->publication:W1517229207,published_in_year,year:1985,publication:W1517229207,1985,W1517229207
published_in_year:year:1985->publication:W2052729098,published_in_year,year:1985,publication:W2052729098,1985,W2052729098
published_in_year:year:1985->publication:W2610857016,published_in_year,year:1985,publication:W2610857016,1985,W2610857016
published_in_year:year:1984->publication:W1527311855,published_in_year,year:1984,publication:W1527311855,1984,W1527311855
published_in_year:year:1984->publication:W1515810707,published_in_year,year:1984,publication:W1515810707,1984,W1515810707
published_in_year:year:1983->publication:W2170644967,published_in_year,year:1983,publication:W2170644967,1983,W2170644967
published_in_year:year:1983->publication:W1484864026,published_in_year,year:1983,publication:W1484864026,1983,W1484864026
published_in_year:year:1981->publication:W2113076747,published_in_year,year:1981,publication:W2113076747,1981,W2113076747
published_in_year:year:1980->publication:W1855283887,published_in_year,year:1980,publication:W1855283887,1980,W1855283887
published_in_year:year:1980->publication:W1989157562,published_in_year,year:1980,publication:W1989157562,1980,W1989157562
published_in_year:year:1980->publication:W1597750586,published_in_year,year:1980,publication:W1597750586,1980,W1597750586
published_in_year:year:1980->publication:W115394847,published_in_year,year:1980,publication:W115394847,1980,W115394847
published_in_year:year:1980->publication:W1491644571,published_in_year,year:1980,publication:W1491644571,1980,W1491644571
published_in_year:year:1979->publication:W2011039300,published_in_year,year:1979,publication:W2011039300,1979,W2011039300
published_in_year:year:1979->publication:W2046002177,published_in_year,year:1979,publication:W2046002177,1979,W2046002177
published_in_year:year:1975->publication:W2036389121,published_in_year,year:1975,publication:W2036389121,1975,W2036389121
published_in_year:year:1975->publication:W158727920,published_in_year,year:1975,publication:W158727920,1975,W158727920
published_in_year:year:1975->publication:W2264742718,published_in_year,year:1975,publication:W2264742718,1975,W2264742718
published_in_year:year:1972->publication:W1546783991,published_in_year,year:1972,publication:W1546783991,1972,W1546783991
published_in_year:year:1970->publication:W1607171655,published_in_year,year:1970,publication:W1607171655,1970,W1607171655
published_in_year:year:1969->publication:W1720881856,published_in_year,year:1969,publication:W1720881856,1969,W1720881856
published_in_year:year:1969->publication:W1546962148,published_in_year,year:1969,publication:W1546962148,1969,W1546962148
published_in_year:year:1968->publication:W2752853835,published_in_year,year:1968,publication:W2752853835,1968,W2752853835
published_in_year:year:1966->publication:W2282054059,published_in_year,year:1966,publication:W2282054059,1966,W2282054059
published_in_year:year:1961->publication:W2798456356,published_in_year,year:1961,publication:W2798456356,1961,W2798456356
published_in_year:year:1960->publication:W1992897439,published_in_year,year:1960,publication:W1992897439,1960,W1992897439
published_in_year:year:1956->publication:W1591593323,published_in_year,year:1956,publication:W1591593323,1956,W1591593323
published_in_year:year:1953->publication:W1614549126,published_in_year,year:1953,publication:W1614549126,1953,W1614549126
published_in_year:year:1947->publication:W2002729176,published_in_year,year:1947,publication:W2002729176,1947,W2002729176
