id,type,person_id,label,display_name,orcid
person:W2108234281-person-9,person,W2108234281-person-9,1000 Genome Project Data Processing Subgroup,1000 Genome Project Data Processing Subgroup,
person:W2149992227-person-12,person,W2149992227-person-12,1000 Genomes Project Analysis Group,1000 Genomes Project Analysis Group,
person:A5088596046,person,A5088596046,A Currie,A Currie,https://orcid.org/0000-0002-6528-3326
person:A5088008640,person,A5088008640,A H BECKETT,A H BECKETT,
person:A5112790833,person,A5112790833,A H Wyllie,A H Wyllie,
person:W1964184380-person-11,person,W1964184380-person-11,A Iida,A Iida,
person:A5074895828,person,A5074895828,A Mortazavi,A Mortazavi,https://orcid.org/0000-0002-4259-6362
person:W1666853924-person-2,person,W1666853924-person-2,A. B. Bhatia,A. B. Bhatia,
person:A5111564046,person,A5111564046,A. Bondì,A. Bondì,
person:A5070967626,person,A5070967626,A. Brunengo,A. Brunengo,https://orcid.org/0000-0003-2169-5473
person:A5043185084,person,A5043185084,A. Charnes,A. Charnes,
person:A5067881179,person,A5067881179,A. Clocchiatti,A. Clocchiatti,https://orcid.org/0000-0003-3068-4258
person:A5112228911,person,A5112228911,A. Cull,A. Cull,
person:A5106497523,person,A5106497523,A. Dell’Acqua,A. Dell’Acqua,https://orcid.org/0000-0003-2453-7745
person:A5057597679,person,A5057597679,A. DiNola,A. DiNola,
person:A5113678219,person,A5113678219,A. F. Huxley,A. F. Huxley,
person:A5004071084,person,A5004071084,A. Farr,A. Farr,
person:A5090259574,person,A5090259574,A. Feliciello,A. Feliciello,https://orcid.org/0000-0001-5823-9733
person:A5063745414,person,A5063745414,A. Filiberti,A. Filiberti,
person:A5107940813,person,A5107940813,A. Forti,A. Forti,
person:A5021501281,person,A5021501281,A. Goobar,A. Goobar,https://orcid.org/0000-0002-4163-4996
person:A5071795042,person,A5071795042,A. Grossheim,A. Grossheim,
person:A5001361375,person,A5001361375,A. H. Castro Neto,A. H. Castro Neto,https://orcid.org/0000-0003-0613-4010
person:A5103229841,person,A5103229841,A. Heikkinen,A. Heikkinen,https://orcid.org/0000-0003-4012-4780
person:A5114072579,person,A5114072579,A. Howard,A. Howard,
person:A5086244205,person,A5086244205,A. J. Simmons,A. J. Simmons,https://orcid.org/0000-0002-7327-6310
person:A5107843783,person,A5107843783,A. Johnson,A. Johnson,
person:A5058357018,person,A5058357018,A. K. Geǐm,A. K. Geǐm,https://orcid.org/0000-0003-2861-8331
person:A5056734735,person,A5056734735,A. Krishna Mallia,A. Krishna Mallia,
person:A5030452986,person,A5030452986,A. L. Hodgkin,A. L. Hodgkin,
person:A5113580052,person,A5113580052,A. Liberati,A. Liberati,
person:W1666853924-person-6,person,W1666853924-person-6,A. M. Taylor,A. M. Taylor,
person:A5109053731,person,A5109053731,A. Michael Huberman,A. Michael Huberman,
person:A5008304919,person,A5008304919,A. P. Dempster,A. P. Dempster,
person:A5068060699,person,A5068060699,A. P. McNally,A. P. McNally,
person:A5062523968,person,A5062523968,A. Papoulis,A. Papoulis,
person:A5108603030,person,A5108603030,A. Parasuraman,A. Parasuraman,
person:A5083386713,person,A5083386713,A. Pfeiffer,A. Pfeiffer,https://orcid.org/0000-0001-5328-448X
person:W1666853924-person-5,person,W1666853924-person-5,A. R. Stokes,A. R. Stokes,
person:A5047190718,person,A5047190718,A. Rahman,A. Rahman,https://orcid.org/0009-0002-3779-5209
person:A5109988286,person,A5109988286,A. Rudenski,A. Rudenski,
person:A5055371146,person,A5055371146,A. S. Fruchter,A. S. Fruchter,https://orcid.org/0000-0002-6652-9279
person:A5007379298,person,A5007379298,A. S. Zigmond,A. S. Zigmond,
person:A5044578338,person,A5044578338,A. V. Filippenko,A. V. Filippenko,https://orcid.org/0000-0003-3460-0103
person:A5109908960,person,A5109908960,A. W. F. Edwards,A. W. F. Edwards,
person:A5110789229,person,A5110789229,A.M. Rybin,A.M. Rybin,
person:A5047169338,person,A5047169338,Aaron E. Darling,Aaron E. Darling,https://orcid.org/0000-0003-2397-7925
person:A5079803961,person,A5079803961,Aaron R. Quinlan,Aaron R. Quinlan,https://orcid.org/0000-0003-1756-0859
person:A5059319052,person,A5059319052,Aaron T. Beck,Aaron T. Beck,https://orcid.org/0000-0001-6210-9528
person:W3099878876-person-23,person,W3099878876-person-23,"Abbasi, H","Abbasi, H",
person:A5024753707,person,A5024753707,Abdelrahman Ibrahim Abushouk,Abdelrahman Ibrahim Abushouk,https://orcid.org/0000-0003-1399-6487
person:A5020229477,person,A5020229477,Abderrahim Nemmar,Abderrahim Nemmar,https://orcid.org/0000-0002-0699-1015
person:A5075629581,person,A5075629581,Abdu A. Adamu,Abdu A. Adamu,https://orcid.org/0000-0003-3317-1319
person:A5074742346,person,A5074742346,Abel L. Packer,Abel L. Packer,https://orcid.org/0000-0001-9610-5728
person:W2118882740-person-0,person,W2118882740-person-0,Abena Dadze-Arthur,Abena Dadze-Arthur,
person:A5102972112,person,A5102972112,Abhishek Das,Abhishek Das,https://orcid.org/0000-0002-4718-4316
person:A5025529228,person,A5025529228,Abraham Fiszbein,Abraham Fiszbein,
person:A5109091920,person,A5109091920,Abraham H. Maslow,Abraham H. Maslow,
person:A5064251359,person,A5064251359,Abraham. Savitzky,Abraham. Savitzky,
person:A5082289559,person,A5082289559,Ad Bax,Ad Bax,https://orcid.org/0000-0002-9809-5700
person:A5047245152,person,A5047245152,Adam Auton,Adam Auton,https://orcid.org/0000-0002-1630-1225
person:W2104549677-person-1,person,W2104549677-person-1,Adam Auton,Adam Auton,
person:A5017158718,person,A5017158718,Adam G. Riess,Adam G. Riess,https://orcid.org/0000-0002-6124-1196
person:A5066623854,person,A5066623854,Adam P. Arkin,Adam P. Arkin,https://orcid.org/0000-0002-4999-2931
person:A5085522942,person,A5085522942,Adam R. Rivers,Adam R. Rivers,https://orcid.org/0000-0002-3703-834X
person:A5058664442,person,A5058664442,Adhi Harmoko S,Adhi Harmoko S,
person:A5033316206,person,A5033316206,Adil Mardinoğlu,Adil Mardinoğlu,https://orcid.org/0000-0002-4254-6090
person:A5104110845,person,A5104110845,Aditya Khosla,Aditya Khosla,
person:W3003257820-person-35,person,W3003257820-person-35,Aditya Vijaykumar,Aditya Vijaykumar,
person:A5011923288,person,A5011923288,Adrian Aldcroft,Adrian Aldcroft,https://orcid.org/0000-0003-0106-720X
person:A5074615066,person,A5074615066,Adrian Bauman,Adrian Bauman,https://orcid.org/0000-0002-0369-4621
person:A5102019094,person,A5102019094,Adrienne Hunt,Adrienne Hunt,https://orcid.org/0000-0002-1227-0310
person:A5060754876,person,A5060754876,Adrián Leguina,Adrián Leguina,https://orcid.org/0000-0002-9229-2033
person:A5065404687,person,A5065404687,Afsaneh Arzani,Afsaneh Arzani,https://orcid.org/0000-0002-0562-4176
person:A5057096952,person,A5057096952,Agneta Yngve,Agneta Yngve,https://orcid.org/0000-0002-7165-279X
person:A5015750563,person,A5015750563,Ahmad Turan Naimey,Ahmad Turan Naimey,
person:A5004128917,person,A5004128917,Ahmed Abdelalim,Ahmed Abdelalim,https://orcid.org/0000-0001-6445-5539
person:A5089912733,person,A5089912733,Ahmed K. Elmagarmid,Ahmed K. Elmagarmid,https://orcid.org/0000-0002-0044-458X
person:A5009198168,person,A5009198168,Ahmedin Jemal,Ahmedin Jemal,https://orcid.org/0000-0002-0000-4111
person:A5103453342,person,A5103453342,Airlie J. McCoy,Airlie J. McCoy,https://orcid.org/0009-0001-6855-9631
person:A5006011042,person,A5006011042,Aja Huang,Aja Huang,
person:A5088714049,person,A5088714049,Ajay Mehra,Ajay Mehra,
person:A5083492946,person,A5083492946,Akihiro Kojima,Akihiro Kojima,
person:A5110769784,person,A5110769784,Akira Fujishima,Akira Fujishima,
person:A5048930001,person,A5048930001,Akira Kimura,Akira Kimura,https://orcid.org/0000-0003-0220-5678
person:A5111843956,person,A5111843956,Alain F. Zuur,Alain F. Zuur,
person:A5028004517,person,A5028004517,Alain Marty,Alain Marty,https://orcid.org/0000-0001-6478-6880
person:A5075463806,person,A5075463806,Alan C. Bovik,Alan C. Bovik,https://orcid.org/0000-0001-6067-710X
person:A5110225174,person,A5110225174,Alan Coulson,Alan Coulson,
person:A5060550957,person,A5060550957,Alan E. Mark,Alan E. Mark,https://orcid.org/0000-0001-5880-4798
person:A5007769955,person,A5007769955,Alan E. Reed,Alan E. Reed,
person:A5111452408,person,A5111452408,Alan Filipski,Alan Filipski,
person:A5022496698,person,A5022496698,Alan Geer,Alan Geer,https://orcid.org/0000-0002-9476-5519
person:A5066147484,person,A5066147484,Alan H. Diercks,Alan H. Diercks,https://orcid.org/0000-0002-5236-6130
person:A5084397587,person,A5084397587,Alan K. Jarmusch,Alan K. Jarmusch,https://orcid.org/0000-0002-2228-6308
person:A5109189964,person,A5109189964,Alan Przybyla,Alan Przybyla,
person:A5039244906,person,A5039244906,Alan Sheridan,Alan Sheridan,
person:A5086706224,person,A5086706224,Alan Yuille,Alan Yuille,https://orcid.org/0000-0001-5207-9249
person:A5016133956,person,A5016133956,Alasdair J. G. Gray,Alasdair J. G. Gray,https://orcid.org/0000-0002-5711-4872
person:A5108244617,person,A5108244617,Alastair M. Mackay,Alastair M. Mackay,
person:A5087336206,person,A5087336206,Alba A. Brandes,Alba A. Brandes,https://orcid.org/0000-0002-2503-9089
person:W4292808503-person-0,person,W4292808503-person-0,Albert Bandura,Albert Bandura,
person:A5110910530,person,A5110910530,Albert Bandura,Albert Bandura,
person:A5042603640,person,A5042603640,Albert Cardona,Albert Cardona,https://orcid.org/0000-0003-4941-6536
person:A5083138872,person,A5083138872,Albert Einstein,Albert Einstein,
person:A5039601178,person,A5039601178,Albert Messiah,Albert Messiah,
person:A5082106745,person,A5082106745,Albert Mons,Albert Mons,https://orcid.org/0000-0001-8038-7572
person:A5073193174,person,A5073193174,Albert-Georg Lang,Albert-Georg Lang,
person:A5056263250,person,A5056263250,Albert-Georg Lang,Albert-Georg Lang,
person:A5038976962,person,A5038976962,Albert-Ĺaszló Barabási,Albert-Ĺaszló Barabási,https://orcid.org/0000-0002-4028-3522
person:A5090190126,person,A5090190126,Alec Wysoker,Alec Wysoker,
person:A5086246448,person,A5086246448,Alejandra González-Beltrán,Alejandra González-Beltrán,https://orcid.org/0000-0003-3499-8262
person:A5103096187,person,A5103096187,Alejandro Castro,Alejandro Castro,https://orcid.org/0000-0003-0561-5971
person:A5040320731,person,A5040320731,Alejandro R. Jadad,Alejandro R. Jadad,https://orcid.org/0000-0002-9591-5099
person:A5061017744,person,A5061017744,Aleksandr V. Marenich,Aleksandr V. Marenich,https://orcid.org/0000-0003-0288-843X
person:A5091863515,person,A5091863515,Aleksandr Y. Aravkin,Aleksandr Y. Aravkin,https://orcid.org/0000-0002-1875-1801
person:W2005501262-person-1,person,W2005501262-person-1,Alessandro Liberati,Alessandro Liberati,
person:A5113499690,person,A5113499690,Alessandro Liberati,Alessandro Liberati,
person:W3003257820-person-36,person,W3003257820-person-36,Alessandro Pietro Bardelli,Alessandro Pietro Bardelli,
person:A5027154958,person,A5027154958,Alex Bridgland,Alex Bridgland,
person:A5110792587,person,A5110792587,Alex Cooper,Alex Cooper,
person:A5043473089,person,A5043473089,Alex Graves,Alex Graves,
person:A5068971199,person,A5068971199,Alex Hayes,Alex Hayes,https://orcid.org/0000-0002-4985-5160
person:A5002013850,person,A5002013850,Alex Kim,Alex Kim,https://orcid.org/0000-0001-6315-8743
person:A5031152245,person,A5031152245,Alex Krizhevsky,Alex Krizhevsky,
person:W3003257820-person-37,person,W3003257820-person-37,Alex Rothberg,Alex Rothberg,
person:A5007886751,person,A5007886751,Alex Zunger,Alex Zunger,https://orcid.org/0000-0001-5525-3003
person:A5104361813,person,A5104361813,Alexander C. Berg,Alexander C. Berg,
person:W2193145675-person-6,person,W2193145675-person-6,Alexander C. Berg,Alexander C. Berg,
person:A5019977651,person,A5019977651,Alexander Dobin,Alexander Dobin,https://orcid.org/0000-0002-4115-9128
person:A5112771077,person,A5112771077,Alexander Gordon,Alexander Gordon,
person:A5006363776,person,A5006363776,Alexander Junge,Alexander Junge,https://orcid.org/0000-0002-2410-9671
person:W1966114254-person-1,person,W1966114254-person-1,Alexander O’Connor,Alexander O’Connor,
person:A5086953586,person,A5086953586,Alexander Pergamenschikov,Alexander Pergamenschikov,
person:A5062883663,person,A5062883663,Alexander Pritzel,Alexander Pritzel,https://orcid.org/0000-0002-4233-9040
person:A5045174507,person,A5045174507,Alexander S. Kulikov,Alexander S. Kulikov,https://orcid.org/0000-0002-5656-0336
person:A5069651035,person,A5069651035,Alexander Sirotkin,Alexander Sirotkin,https://orcid.org/0000-0002-6251-4651
person:A5082490820,person,A5082490820,Alexander Smogunov,Alexander Smogunov,https://orcid.org/0000-0003-2398-3073
person:A5045015029,person,A5045015029,Alexander Stukowski,Alexander Stukowski,https://orcid.org/0000-0001-6750-3401
person:A5013313042,person,A5013313042,Alexander V. Neimark,Alexander V. Neimark,https://orcid.org/0000-0002-3443-0389
person:A5070348662,person,A5070348662,Alexandra Kuznetsova,Alexandra Kuznetsova,https://orcid.org/0000-0001-6458-2597
person:A5065678849,person,A5065678849,Alexandra M. Cantley,Alexandra M. Cantley,
person:A5041376769,person,A5041376769,Alexandra McAleenan,Alexandra McAleenan,https://orcid.org/0000-0003-2119-5604
person:A5025640090,person,A5025640090,Alexandros Stamatakis,Alexandros Stamatakis,https://orcid.org/0000-0003-0353-0691
person:A5077436220,person,A5077436220,Alexei A. Efros,Alexei A. Efros,https://orcid.org/0000-0001-5720-8070
person:A5079724732,person,A5079724732,Alexei J. Drummond,Alexei J. Drummond,https://orcid.org/0000-0003-4454-2576
person:A5030895995,person,A5030895995,Alexey Gurevich,Alexey Gurevich,https://orcid.org/0000-0002-5855-3519
person:A5077954098,person,A5077954098,Alexey Pyshkin,Alexey Pyshkin,
person:A5011189475,person,A5011189475,Alexey V. Melnik,Alexey V. Melnik,https://orcid.org/0000-0002-4645-8880
person:A5058480606,person,A5058480606,Alfred W. Bauer,Alfred W. Bauer,
person:A5033544377,person,A5033544377,Alfredo Pasquarello,Alfredo Pasquarello,https://orcid.org/0000-0002-9142-2799
person:A5077743551,person,A5077743551,Ali A. Asadi‐Pooya,Ali A. Asadi‐Pooya,https://orcid.org/0000-0002-2598-7601
person:A5101576595,person,A5101576595,Ali Farhadi,Ali Farhadi,https://orcid.org/0000-0001-7249-2380
person:A5082875930,person,A5082875930,Ali Kırık,Ali Kırık,https://orcid.org/0000-0002-7982-9262
person:A5022776797,person,A5022776797,Alireza Ahmadi,Alireza Ahmadi,https://orcid.org/0000-0001-8327-2420
person:A5110997178,person,A5110997178,Alireza Ansari-Moghaddam,Alireza Ansari-Moghaddam,https://orcid.org/0000-0002-3267-7193
person:A5064421389,person,A5064421389,Alison L. Marshall,Alison L. Marshall,https://orcid.org/0000-0001-5707-9424
person:A5031499097,person,A5031499097,Alison M. Spitz,Alison M. Spitz,https://orcid.org/0009-0002-5243-5412
person:A5053179789,person,A5053179789,Alissa Resch,Alissa Resch,
person:A5111437163,person,A5111437163,Allan G. Gornall,Allan G. Gornall,
person:W3035965352-person-15,person,W3035965352-person-15,Allan Haldane,Allan Haldane,
person:A5015115712,person,A5015115712,Allan L. Coates,Allan L. Coates,https://orcid.org/0000-0002-1298-1868
person:A5064334598,person,A5064334598,Allan Peter Davis,Allan Peter Davis,https://orcid.org/0000-0002-5741-7128
person:A5111586792,person,A5111586792,Allan T. van Oosterom,Allan T. van Oosterom,
person:A5067074103,person,A5067074103,Allan Walkley,Allan Walkley,
person:A5005657217,person,A5005657217,Allen J. Bard,Allen J. Bard,https://orcid.org/0000-0002-8517-0230
person:A5038884690,person,A5038884690,Allison Tong,Allison Tong,https://orcid.org/0000-0001-8973-9538
person:A5058948939,person,A5058948939,Alyssa Acebedo,Alyssa Acebedo,
person:A5081044991,person,A5081044991,Amanda A. McMurray,Amanda A. McMurray,https://orcid.org/0000-0001-8237-3289
person:A5022925020,person,A5022925020,Amanda G. Paulovich,Amanda G. Paulovich,https://orcid.org/0000-0001-6532-6499
person:A5101501222,person,A5101501222,Amartya Sen,Amartya Sen,https://orcid.org/0000-0002-6203-4674
person:A5000364987,person,A5000364987,American Psychiatric Association,American Psychiatric Association,
person:W1856219842-person-3,person,W1856219842-person-3,American Public Health Association.,American Public Health Association.,
person:W1856219842-person-2,person,W1856219842-person-2,American Water Works Association.,American Water Works Association.,
person:A5100781180,person,A5100781180,Amir Almasi‐Hashiani,Amir Almasi‐Hashiani,https://orcid.org/0000-0003-4434-561X
person:A5012250683,person,A5012250683,Amir Sadik,Amir Sadik,
person:A5000234995,person,A5000234995,Amos Tversky,Amos Tversky,
person:A5003443596,person,A5003443596,Amrit Pratap,Amrit Pratap,
person:A5013259998,person,A5013259998,Amy Jo A Johnson,Amy Jo A Johnson,
person:A5030458650,person,A5030458650,Amy Shuen,Amy Shuen,
person:A5033023543,person,A5033023543,Amy Wilson,Amy Wilson,https://orcid.org/0000-0003-2789-0480
person:A5004561815,person,A5004561815,Ananth Sekher Pannala,Ananth Sekher Pannala,https://orcid.org/0000-0003-4681-4854
person:A5048370266,person,A5048370266,Anatoly A. Saveliev,Anatoly A. Saveliev,https://orcid.org/0000-0002-6270-7744
person:A5049766408,person,A5049766408,Anders J. Skanderup,Anders J. Skanderup,https://orcid.org/0000-0001-6847-4980
person:A5059264529,person,A5059264529,Anderson da Costa Armstrong,Anderson da Costa Armstrong,https://orcid.org/0000-0003-3161-8922
person:A5048705669,person,A5048705669,Andra Waagmeester,Andra Waagmeester,https://orcid.org/0000-0001-9773-4008
person:A5088411429,person,A5088411429,Andras J. Bauer,Andras J. Bauer,
person:A5074901391,person,A5074901391,Andrea C. Tricco,Andrea C. Tricco,https://orcid.org/0000-0002-4114-8971
person:A5024485922,person,A5024485922,Andrea Dal Corso,Andrea Dal Corso,https://orcid.org/0000-0003-1186-5133
person:A5030131864,person,A5030131864,Andreas D. Hartkopf,Andreas D. Hartkopf,https://orcid.org/0000-0003-1227-1118
person:A5032865587,person,A5032865587,Andreas Fidjeland,Andreas Fidjeland,https://orcid.org/0009-0005-7769-6266
person:A5109465150,person,A5109465150,Andreas Gnirke,Andreas Gnirke,
person:W3003257820-person-38,person,W3003257820-person-38,Andreas Hilboll,Andreas Hilboll,
person:A5005379209,person,A5005379209,Andreas Kaplan,Andreas Kaplan,https://orcid.org/0000-0002-5016-0841
person:W3003257820-person-39,person,W3003257820-person-39,Andreas Kloeckner,Andreas Kloeckner,
person:A5007303691,person,A5007303691,Andreas Nitsche,Andreas Nitsche,https://orcid.org/0000-0001-8185-3176
person:A5080262061,person,A5080262061,Andreas Stang,Andreas Stang,https://orcid.org/0000-0001-6363-9061
person:A5052657395,person,A5052657395,Andreas von Deimling,Andreas von Deimling,https://orcid.org/0000-0002-5863-540X
person:A5036376802,person,A5036376802,Andreas Wilm,Andreas Wilm,https://orcid.org/0000-0002-7344-3764
person:A5101742327,person,A5101742327,Andrei A. Rusu,Andrei A. Rusu,https://orcid.org/0000-0001-9395-8223
person:A5110890240,person,A5110890240,Andrei Shleifer,Andrei Shleifer,
person:A5009290031,person,A5009290031,Andrej Karpathy,Andrej Karpathy,
person:A5042529830,person,A5042529830,Andrew Butler,Andrew Butler,https://orcid.org/0000-0003-3608-0463
person:A5085902321,person,A5085902321,Andrew Cowie,Andrew Cowie,https://orcid.org/0000-0002-4491-1434
person:A5082652200,person,A5082652200,Andrew D Oxman,Andrew D Oxman,https://orcid.org/0000-0002-5608-5061
person:A5015421859,person,A5015421859,Andrew Dalke,Andrew Dalke,https://orcid.org/0000-0001-8933-8830
person:A5025839359,person,A5025839359,Andrew Delehaunty,Andrew Delehaunty,
person:A5082633816,person,A5082633816,Andrew Dunham,Andrew Dunham,
person:A5020822578,person,A5020822578,Andrew F. Bent,Andrew F. Bent,https://orcid.org/0000-0001-6610-9525
person:A5075890029,person,A5075890029,Andrew F. Hayes,Andrew F. Hayes,https://orcid.org/0000-0002-8329-1696
person:W2104549677-person-8,person,W2104549677-person-8,Andrew G. Clark,Andrew G. Clark,
person:A5074093929,person,A5074093929,Andrew Gelman,Andrew Gelman,https://orcid.org/0000-0002-6975-2601
person:A5109270097,person,A5109270097,Andrew Han,Andrew Han,
person:A5039655262,person,A5039655262,Andrew Heaford,Andrew Heaford,
person:A5037015491,person,A5037015491,Andrew Howard,Andrew Howard,
person:A5079907259,person,A5079907259,Andrew J. Ballard,Andrew J. Ballard,
person:A5052194762,person,A5052194762,Andrew J. Mungall,Andrew J. Mungall,https://orcid.org/0000-0002-0905-2742
person:A5032714338,person,A5032714338,Andrew Kasarskis,Andrew Kasarskis,https://orcid.org/0000-0001-6454-9076
person:A5063313173,person,A5063313173,Andrew Lewis,Andrew Lewis,https://orcid.org/0000-0002-0122-2532
person:A5074378026,person,A5074378026,Andrew P. Feinberg,Andrew P. Feinberg,https://orcid.org/0000-0002-8364-1991
person:W3003257820-person-15,person,W3003257820-person-15,Andrew R. J. Nelson,Andrew R. J. Nelson,https://orcid.org/0000-0002-4548-3558
person:A5026452365,person,A5026452365,Andrew Rabinovich,Andrew Rabinovich,https://orcid.org/0000-0003-3078-6705
person:A5032690087,person,A5032690087,Andrew S. Levey,Andrew S. Levey,https://orcid.org/0000-0003-1491-501X
person:A5079708487,person,A5079708487,Andrew Senior,Andrew Senior,https://orcid.org/0000-0002-2401-5691
person:A5034317303,person,A5034317303,Andrew Sheridan,Andrew Sheridan,
person:A5007629193,person,A5007629193,Andrew Witkin,Andrew Witkin,
person:A5112456378,person,A5112456378,Andrew Y. Ng,Andrew Y. Ng,https://orcid.org/0000-0001-5547-3196
person:A5057678172,person,A5057678172,Andrew Zisserman,Andrew Zisserman,https://orcid.org/0000-0002-8945-8573
person:A5020845045,person,A5020845045,Andrey D. Prjibelski,Andrey D. Prjibelski,https://orcid.org/0000-0003-2816-4608
person:A5113984302,person,A5113984302,Andrey Zhmoginov,Andrey Zhmoginov,
person:A5026176713,person,A5026176713,András Kis,András Kis,https://orcid.org/0000-0002-3426-7702
person:A5012057261,person,A5012057261,Andrés Mauricio Caraballo‐Rodríguez,Andrés Mauricio Caraballo‐Rodríguez,https://orcid.org/0000-0001-5499-2728
person:A5113708591,person,A5113708591,Andy Barto,Andy Barto,
person:A5038971318,person,A5038971318,Andy Jarvis,Andy Jarvis,https://orcid.org/0000-0001-6543-0798
person:A5018772991,person,A5018772991,Andy Liaw,Andy Liaw,
person:A5067146589,person,A5067146589,Andy P. Field,Andy P. Field,https://orcid.org/0000-0003-3306-4695
person:A5040090561,person,A5040090561,Anja Thormann,Anja Thormann,https://orcid.org/0000-0001-8858-5506
person:A5113666085,person,A5113666085,Anna Asplund,Anna Asplund,
person:A5027785364,person,A5027785364,Anna M. Sawka,Anna M. Sawka,https://orcid.org/0000-0003-4152-5578
person:A5030626083,person,A5030626083,Anna Potapenko,Anna Potapenko,https://orcid.org/0000-0003-0962-0794
person:A5023455192,person,A5023455192,Anna R. Proteggente,Anna R. Proteggente,
person:A5089458669,person,A5089458669,Anne B. Newman,Anne B. Newman,https://orcid.org/0000-0002-0106-1150
person:A5106426567,person,A5106426567,Anne De Paepe,Anne De Paepe,
person:W3003257820-person-30,person,W3003257820-person-30,Anne M. Archibald,Anne M. Archibald,
person:A5105408392,person,A5105408392,Anne S. Olsen,Anne S. Olsen,https://orcid.org/0000-0003-0431-5723
person:A5118904555,person,A5118904555,Annette Lolk,Annette Lolk,
person:A5083875677,person,A5083875677,Anne‐Lise Børresen‐Dale,Anne‐Lise Børresen‐Dale,
person:A5084346756,person,A5084346756,Annie John,Annie John,https://orcid.org/0000-0001-8953-4372
person:A5010825633,person,A5010825633,Annika L. Gable,Annika L. Gable,https://orcid.org/0000-0002-8965-0848
person:A5014218178,person,A5014218178,Anouk Allgeier,Anouk Allgeier,
person:A5108677812,person,A5108677812,Anselm L. Strauss,Anselm L. Strauss,
person:A5108589982,person,A5108589982,Anselm Strauss,Anselm Strauss,
person:A5027039912,person,A5027039912,Anthony Bolger,Anthony Bolger,
person:A5034980949,person,A5034980949,Anthony Giddens,Anthony Giddens,
person:A5007022165,person,A5007022165,Anthony J. Brookes,Anthony J. Brookes,https://orcid.org/0000-0001-8686-0017
person:A5064614811,person,A5064614811,Anthony J. Downs,Anthony J. Downs,https://orcid.org/0000-0002-7072-0033
person:A5074824731,person,A5074824731,Anthony Reid,Anthony Reid,https://orcid.org/0000-0003-1842-6520
person:A5091405146,person,A5091405146,Anthony S. Bryk,Anthony S. Bryk,
person:W3003257820-person-40,person,W3003257820-person-40,Anthony Scopatz,Anthony Scopatz,
person:A5088300158,person,A5088300158,Antoine Daina,Antoine Daina,https://orcid.org/0000-0002-0074-7601
person:A5069872108,person,A5069872108,Anton Bankevich,Anton Bankevich,https://orcid.org/0000-0003-0609-9542
person:A5055141479,person,A5055141479,Anton Beljaars,Anton Beljaars,https://orcid.org/0000-0003-2794-2631
person:A5016251946,person,A5016251946,Anton Kokalj,Anton Kokalj,https://orcid.org/0000-0001-7237-0041
person:A5052712328,person,A5052712328,Antonio Anzueto,Antonio Anzueto,https://orcid.org/0000-0002-7007-588X
person:A5101532298,person,A5101532298,Antonio González,Antonio González,https://orcid.org/0000-0002-5900-3965
person:A5002676856,person,A5002676856,Antonio González Peña,Antonio González Peña,
person:W3003257820-person-41,person,W3003257820-person-41,Antony Lee,Antony Lee,
person:A5001184000,person,A5001184000,Ants Leetmaa,Ants Leetmaa,
person:A5102811817,person,A5102811817,Antônio Carlos Gil,Antônio Carlos Gil,https://orcid.org/0000-0002-1833-3183
person:W3003257820-person-31,person,W3003257820-person-31,Antônio H. Ribeiro,Antônio H. Ribeiro,https://orcid.org/0000-0003-3632-8529
person:A5060283036,person,A5060283036,Anupriya Tripathi,Anupriya Tripathi,https://orcid.org/0000-0001-8912-9684
person:A5022120849,person,A5022120849,Anurag Agrawal,Anurag Agrawal,https://orcid.org/0000-0002-0340-5252
person:A5053750539,person,A5053750539,An‐Wen Chan,An‐Wen Chan,https://orcid.org/0000-0002-4498-3382
person:A5046336198,person,A5046336198,Aram V. Chobanian,Aram V. Chobanian,
person:A5109532899,person,A5109532899,Aravind Subramanian,Aravind Subramanian,
person:W2104549677-person-7,person,W2104549677-person-7,Aravinda Chakravarti,Aravinda Chakravarti,
person:A5026989187,person,A5026989187,Ari P. Seitsonen,Ari P. Seitsonen,https://orcid.org/0000-0003-4331-0650
person:A5048877321,person,A5048877321,Arianna Maever L. Amit,Arianna Maever L. Amit,https://orcid.org/0000-0003-4571-400X
person:A5009563598,person,A5009563598,Arianna W. Rosenbluth,Arianna W. Rosenbluth,
person:A5103172054,person,A5103172054,Arie Baak,Arie Baak,https://orcid.org/0000-0003-2829-6715
person:A5052983963,person,A5052983963,Arie Perry,Arie Perry,https://orcid.org/0000-0002-8300-7261
person:W3003257820-person-42,person,W3003257820-person-42,Ariel Rokem,Ariel Rokem,
person:A5019075743,person,A5019075743,Arjun Appadurai,Arjun Appadurai,https://orcid.org/0000-0003-0929-7157
person:A5050723566,person,A5050723566,Armand Keating,Armand Keating,https://orcid.org/0000-0002-7676-6059
person:A5083504756,person,A5083504756,Arnaud Delorme,Arnaud Delorme,https://orcid.org/0000-0002-0799-3557
person:A5085983122,person,A5085983122,Arndt von Haeseler,Arndt von Haeseler,https://orcid.org/0000-0002-3366-4458
person:A5073261976,person,A5073261976,Arron Shiffer,Arron Shiffer,
person:A5079042094,person,A5079042094,Arthur A. Gomez,Arthur A. Gomez,
person:A5011959718,person,A5011959718,Arthur Asuncion,Arthur Asuncion,
person:A5009305837,person,A5009305837,Arthur Guez,Arthur Guez,
person:A5058956938,person,A5058956938,Arthur J. Olson,Arthur J. Olson,https://orcid.org/0000-0003-0558-4618
person:A5066362880,person,A5066362880,Arthur P. Goldberg,Arthur P. Goldberg,https://orcid.org/0000-0003-2772-1484
person:W1990513740-person-1,person,W1990513740-person-1,Arvind Singhal,Arvind Singhal,
person:A5044347523,person,A5044347523,Arwen Bunce,Arwen Bunce,https://orcid.org/0000-0003-2243-972X
person:A5062037359,person,A5062037359,Arya Aminorroaya,Arya Aminorroaya,https://orcid.org/0000-0003-3197-2657
person:A5110728949,person,A5110728949,Asbjørn Hróbjartsson,Asbjørn Hróbjartsson,https://orcid.org/0000-0002-2451-5012
person:A5028948429,person,A5028948429,Ashkan Afshin,Ashkan Afshin,https://orcid.org/0000-0001-6239-8809
person:A5111889793,person,A5111889793,Asier Roa,Asier Roa,
person:A5023572924,person,A5023572924,Asif Chinwalla,Asif Chinwalla,https://orcid.org/0000-0001-7831-3996
person:A5051319454,person,A5051319454,Asker Brejnrod,Asker Brejnrod,https://orcid.org/0000-0002-1327-2051
person:A5080021425,person,A5080021425,Augusta H. Teller,Augusta H. Teller,
person:A5009567462,person,A5009567462,Augustin Žídek,Augustin Žídek,https://orcid.org/0000-0002-0748-9684
person:A5034983879,person,A5034983879,Auke Tellegen,Auke Tellegen,
person:A5005856984,person,A5005856984,Austin D. Swafford,Austin D. Swafford,https://orcid.org/0000-0001-5655-8300
person:A5004067604,person,A5004067604,Aviv Regev,Aviv Regev,https://orcid.org/0000-0003-3293-3158
person:A5000202082,person,A5000202082,Axel Buchner,Axel Buchner,https://orcid.org/0000-0003-4529-3444
person:A5015077264,person,A5015077264,Axel D. Becke,Axel D. Becke,https://orcid.org/0000-0002-6668-7728
person:A5056911622,person,A5056911622,Axel T. Brünger,Axel T. Brünger,https://orcid.org/0000-0001-5121-2036
person:A5048895008,person,A5048895008,B A Naylor,B A Naylor,
person:A5058470461,person,A5058470461,B Bernstein,B Bernstein,https://orcid.org/0000-0002-5726-6278
person:A5056820199,person,A5056820199,B Wold,B Wold,https://orcid.org/0000-0003-3235-8130
person:A5027606126,person,A5027606126,B. D. Cullity,B. D. Cullity,
person:A5006582101,person,A5006582101,B. D. Ripley,B. D. Ripley,
person:A5108435406,person,A5108435406,B. Efron,B. Efron,
person:A5106512453,person,A5106512453,B. J. Boyle,B. J. Boyle,
person:A5110342669,person,A5110342669,B. J. Davis,B. J. Davis,
person:A5032652391,person,A5032652391,B. J. WINER,B. J. WINER,
person:A5081952162,person,A5081952162,B. Leibundgut,B. Leibundgut,https://orcid.org/0000-0002-4413-7733
person:A5009376065,person,A5009376065,B. R. Ko,B. R. Ko,https://orcid.org/0000-0002-4591-5269
person:A5110903563,person,A5110903563,B. S. Weir,B. S. Weir,
person:A5054049925,person,A5054049925,B. Sakmann,B. Sakmann,
person:A5023063594,person,A5023063594,B. Schmidt,B. Schmidt,https://orcid.org/0000-0002-8538-9195
person:A5114258143,person,A5114258143,B.A. Lewis,B.A. Lewis,
person:A5014642814,person,A5014642814,B.W. Silverman,B.W. Silverman,
person:A5078926615,person,A5078926615,Babak Asghari,Babak Asghari,https://orcid.org/0000-0002-4038-9618
person:A5101666011,person,A5101666011,Baining Guo,Baining Guo,https://orcid.org/0000-0001-8349-8868
person:A5063481153,person,A5063481153,Baoying Huang,Baoying Huang,https://orcid.org/0000-0001-9516-1146
person:A5059637641,person,A5059637641,Barbara E. Ainsworth,Barbara E. Ainsworth,https://orcid.org/0000-0002-4199-692X
person:A5110436793,person,A5110436793,Barbara Fisher,Barbara Fisher,
person:A5020096432,person,A5020096432,Barbara G. Tabachnick,Barbara G. Tabachnick,
person:A5110202214,person,A5110202214,Barbara J. McNeil,Barbara J. McNeil,
person:A5087188826,person,A5087188826,Barbara M. Byrne,Barbara M. Byrne,
person:A5019039663,person,A5019039663,Barclay Morrison,Barclay Morrison,https://orcid.org/0000-0001-7676-0864
person:A5070745825,person,A5070745825,Barend Mons,Barend Mons,
person:A5049611346,person,A5049611346,Barnaby C Reeves,Barnaby C Reeves,https://orcid.org/0000-0002-5101-9487
person:A5044483808,person,A5044483808,Barney G. Glaser,Barney G. Glaser,
person:A5033832195,person,A5033832195,Barry C. Field,Barry C. Field,
person:A5085765784,person,A5085765784,Barry Checkoway,Barry Checkoway,
person:A5057127344,person,A5057127344,Bart van Merriënboer,Bart van Merriënboer,
person:W2104549677-person-16,person,W2104549677-person-16,Bartha M. Knoppers,Bartha M. Knoppers,
person:W2121863487-person-1,person,W2121863487-person-1,"Barto, Andrew G","Barto, Andrew G",
person:A5089650299,person,A5089650299,Beatriz M. Monge-Sanz,Beatriz M. Monge-Sanz,https://orcid.org/0000-0001-6067-8858
person:A5100356466,person,A5100356466,Bei Li,Bei Li,https://orcid.org/0009-0007-6702-4276
person:A5027183726,person,A5027183726,Belinda Phipson,Belinda Phipson,https://orcid.org/0000-0002-1711-7454
person:A5103013886,person,A5103013886,Ben Hu,Ben Hu,https://orcid.org/0000-0001-9194-3474
person:A5009556658,person,A5009556658,Ben Langmead,Ben Langmead,https://orcid.org/0000-0003-2437-1976
person:A5041412476,person,A5041412476,Benedetta Mennucci,Benedetta Mennucci,https://orcid.org/0000-0002-4394-0129
person:A5111374375,person,A5111374375,Benedict Anderson,Benedict Anderson,
person:A5044764887,person,A5044764887,Bengt Bergman,Bengt Bergman,
person:A5052620448,person,A5052620448,Bengt Persson,Bengt Persson,https://orcid.org/0000-0003-3165-5344
person:A5069233200,person,A5069233200,Benjamin D. Kaehler,Benjamin D. Kaehler,https://orcid.org/0000-0002-5318-9551
person:A5026873890,person,A5026873890,Benjamin Groß,Benjamin Groß,https://orcid.org/0000-0003-4976-8304
person:A5063135788,person,A5063135788,Benjamin Hillmann,Benjamin Hillmann,https://orcid.org/0000-0003-4276-1329
person:A5027561072,person,A5027561072,Benjamin J. Callahan,Benjamin J. Callahan,https://orcid.org/0000-0002-8752-117X
person:A5074151633,person,A5074151633,Benjamin J. Cowling,Benjamin J. Cowling,https://orcid.org/0000-0002-6297-7154
person:A5070668676,person,A5070668676,Benjamin L. Ebert,Benjamin L. Ebert,https://orcid.org/0000-0003-0197-5451
person:A5021063042,person,A5021063042,Benjamin M. Bolker,Benjamin M. Bolker,https://orcid.org/0000-0002-2127-0443
person:A5015235673,person,A5015235673,Benjamin M. Neale,Benjamin M. Neale,https://orcid.org/0000-0003-1513-6077
person:A5003321899,person,A5003321899,Benjamin Schmid,Benjamin Schmid,https://orcid.org/0000-0002-9327-2296
person:A5109952461,person,A5109952461,Benoît B. Mandelbrot,Benoît B. Mandelbrot,
person:W3099878876-person-8,person,W3099878876-person-8,"Berg, S","Berg, S",
person:A5053818126,person,A5053818126,Berit Lundman,Berit Lundman,https://orcid.org/0000-0003-2929-9248
person:A5050108763,person,A5050108763,Berk Hess,Berk Hess,https://orcid.org/0000-0002-7498-7763
person:A5040742305,person,A5040742305,Bernard Mazoyer,Bernard Mazoyer,https://orcid.org/0000-0003-0970-2837
person:A5088601308,person,A5088601308,Bernardino Romera‐Paredes,Bernardino Romera‐Paredes,https://orcid.org/0000-0003-3604-3590
person:A5078610104,person,A5078610104,Bernd Löwe,Bernd Löwe,https://orcid.org/0000-0003-4220-3378
person:A5112010242,person,A5112010242,Bernhard Krämer,Bernhard Krämer,
person:A5073942998,person,A5073942998,Bernhard Lohkamp,Bernhard Lohkamp,https://orcid.org/0000-0002-5646-2090
person:A5087785022,person,A5087785022,Bernhard Pfahringer,Bernhard Pfahringer,https://orcid.org/0000-0002-3732-5787
person:A5072858943,person,A5072858943,Bert Vogelstein,Bert Vogelstein,https://orcid.org/0000-0003-0766-3854
person:A5050837683,person,A5050837683,Beryl W. Dominy,Beryl W. Dominy,
person:A5110728734,person,A5110728734,Beverly Shea,Beverly Shea,
person:W2104549677-person-40,person,W2104549677-person-40,BGI-Shenzhen,BGI-Shenzhen,
person:A5101647390,person,A5101647390,Bharath Hariharan,Bharath Hariharan,https://orcid.org/0000-0002-2309-4703
person:W2964015378-person-6,person,W2964015378-person-6,"Bian, Pan","Bian, Pan",https://orcid.org/0000-0003-0844-4805
person:A5058567619,person,A5058567619,Biao Yan,Biao Yan,https://orcid.org/0000-0002-7338-6413
person:A5015001509,person,A5015001509,Bill Bell,Bill Bell,https://orcid.org/0000-0002-8151-5449
person:A5043913986,person,A5043913986,Bill Thies,Bill Thies,
person:A5062363302,person,A5062363302,Bill Triggs,Bill Triggs,https://orcid.org/0000-0003-4116-6296
person:A5100613209,person,A5100613209,Bin Cao,Bin Cao,https://orcid.org/0000-0001-6991-0350
person:A5012294390,person,A5012294390,Bin Du,Bin Du,https://orcid.org/0000-0001-6237-2895
person:A5077957037,person,A5077957037,Bin Song,Bin Song,https://orcid.org/0000-0002-7269-2101
person:W3005079553-person-6,person,W3005079553-person-6,Binbin Wang,Binbin Wang,
person:A5012216290,person,A5012216290,Bing Yan,Bing Yan,https://orcid.org/0000-0002-7970-6764
person:W2010094123-person-11,person,W2010094123-person-11,Biology Owens,Biology Owens,
person:A5029664893,person,A5029664893,Birger Wernerfelt,Birger Wernerfelt,
person:W1554663460-person-0,person,W1554663460-person-0,"Bishop, Christopher M. 1959-","Bishop, Christopher M. 1959-",
person:A5111957223,person,A5111957223,Björn M. Hallström,Björn M. Hallström,
person:A5011858960,person,A5011858960,Björn Usadel,Björn Usadel,https://orcid.org/0000-0003-0921-8041
person:A5010358439,person,A5010358439,Blas P. Uberuaga,Blas P. Uberuaga,https://orcid.org/0000-0001-6934-6219
person:A5058558119,person,A5058558119,Blaž Stres,Blaž Stres,https://orcid.org/0000-0003-2972-2907
person:A5019189772,person,A5019189772,Blessing Akombi-Inyang,Blessing Akombi-Inyang,https://orcid.org/0000-0002-6410-4154
person:W3005079553-person-1,person,W3005079553-person-1,Bo Hu,Bo Hu,
person:A5100374493,person,A5100374493,Bo Li,Bo Li,https://orcid.org/0000-0003-0668-1620
person:A5003334032,person,A5003334032,Bo Wang,Bo Wang,https://orcid.org/0000-0002-6016-8775
person:A5072820962,person,A5072820962,Bo Yang,Bo Yang,https://orcid.org/0000-0002-3183-5567
person:A5084379194,person,A5084379194,Boris Podolsky,Boris Podolsky,
person:A5086570651,person,A5086570651,Boris Reva,Boris Reva,https://orcid.org/0000-0002-8805-389X
person:W4292363360-person-3,person,W4292363360-person-3,Borja Peleato,Borja Peleato,
person:A5035157608,person,A5035157608,Boxi Liu,Boxi Liu,https://orcid.org/0000-0003-0476-4510
person:A5070432400,person,A5070432400,Brad T. Sherman,Brad T. Sherman,https://orcid.org/0000-0001-5815-7359
person:A5044617944,person,A5044617944,Bradley E. Schaefer,Bradley E. Schaefer,https://orcid.org/0000-0002-2659-8763
person:A5108567924,person,A5108567924,Bradley Efron,Bradley Efron,
person:A5041746028,person,A5041746028,Bradley J. S. C. Olson,Bradley J. S. C. Olson,https://orcid.org/0000-0002-4751-8347
person:A5068688487,person,A5068688487,Bradley T. Hyman,Bradley T. Hyman,https://orcid.org/0000-0002-7959-9401
person:A5088605588,person,A5088605588,Brenda L. Minor,Brenda L. Minor,https://orcid.org/0000-0003-4425-2317
person:A5042311778,person,A5042311778,Brendan Vaughan,Brendan Vaughan,https://orcid.org/0000-0002-2199-1267
person:A5030207693,person,A5030207693,Brent R. Stockwell,Brent R. Stockwell,https://orcid.org/0000-0002-3532-3868
person:A5053292653,person,A5053292653,Bret Larget,Bret Larget,
person:W3099878876-person-14,person,W3099878876-person-14,"Brett, M","Brett, M",
person:A5101518313,person,A5101518313,Brian A. Williams,Brian A. Williams,https://orcid.org/0000-0003-3253-611X
person:A5085359279,person,A5085359279,Brian B. Oakley,Brian B. Oakley,https://orcid.org/0000-0003-2098-6439
person:A5074738502,person,A5074738502,Brian C. O’Regan,Brian C. O’Regan,https://orcid.org/0000-0001-5464-1450
person:A5081824427,person,A5081824427,Brian D. Muegge,Brian D. Muegge,https://orcid.org/0000-0002-0044-3704
person:A5019458580,person,A5019458580,Brian J. Haas,Brian J. Haas,https://orcid.org/0000-0002-6609-4973
person:A5084654258,person,A5084654258,Brian J. Loasby,Brian J. Loasby,
person:A5010878774,person,A5010878774,Brian Massumi,Brian Massumi,https://orcid.org/0000-0001-9559-7767
person:A5054656780,person,A5054656780,Brian Rowan,Brian Rowan,
person:A5038278091,person,A5038278091,Brigitte Landeau,Brigitte Landeau,
person:A5078003144,person,A5078003144,Bruce Ashton,Bruce Ashton,
person:A5030681852,person,A5030681852,Bruce Hannon,Bruce Hannon,
person:A5084781189,person,A5084781189,Bruce Levin,Bruce Levin,
person:A5057368279,person,A5057368279,Bruce Poppe,Bruce Poppe,https://orcid.org/0000-0002-8504-690X
person:A5079355119,person,A5079355119,Bruce Ravel,Bruce Ravel,https://orcid.org/0000-0002-4126-872X
person:A5021669455,person,A5021669455,Bruce W. Birren,Bruce W. Birren,https://orcid.org/0000-0001-6971-945X
person:A5022081563,person,A5022081563,Bryan D Martin,Bryan D Martin,https://orcid.org/0000-0002-8002-5296
person:A5073085667,person,A5073085667,Bryan R. Haugen,Bryan R. Haugen,https://orcid.org/0000-0001-7005-8994
person:A5071476945,person,A5071476945,Burton G. Malkiel,Burton G. Malkiel,https://orcid.org/0009-0003-3388-1211
person:A5007747377,person,A5007747377,Byoung-Kwon Park,Byoung-Kwon Park,
person:A5019880902,person,A5019880902,Bùi Quang Minh,Bùi Quang Minh,https://orcid.org/0000-0002-5535-6560
person:A5020220136,person,A5020220136,Bülent Arman Aksoy,Bülent Arman Aksoy,https://orcid.org/0000-0002-0135-2505
person:W3003257820-person-19,person,W3003257820-person-19,C J Carey,C J Carey,
person:A5111508374,person,A5111508374,C. C. Tung,C. C. Tung,
person:A5038410960,person,A5038410960,C. Clark Cockerham,C. Clark Cockerham,
person:A5043473326,person,A5043473326,C. D. Gelatt,C. D. Gelatt,
person:A5045522187,person,A5045522187,C. Delsol,C. Delsol,
person:A5110889177,person,A5110889177,C. Ferguson,C. Ferguson,
person:A5002401862,person,A5002401862,C. J. Stone,C. J. Stone,
person:A5080716647,person,A5080716647,C. J. Tranter,C. J. Tranter,
person:A5111445595,person,A5111445595,C. Kittel,C. Kittel,
person:A5003262716,person,A5003262716,C. L. Kane,C. L. Kane,https://orcid.org/0000-0002-9551-2177
person:A5058450549,person,A5058450549,C. Lawrence Zitnick,C. Lawrence Zitnick,
person:A5080812976,person,A5080812976,C. Lidman,C. Lidman,https://orcid.org/0000-0003-1731-0497
person:A5025898289,person,A5025898289,C. Minder,C. Minder,
person:W3003257820-person-43,person,W3003257820-person-43,C. Nathan Woods,C. Nathan Woods,
person:A5003889596,person,A5003889596,C. Pennypacker,C. Pennypacker,
person:A5103589646,person,A5103589646,C. Ronald MacKenzie,C. Ronald MacKenzie,
person:A5002363681,person,A5002363681,C. Ropelewski,C. Ropelewski,
person:A5109276346,person,A5109276346,C. S. Holling,C. S. Holling,
person:A5075307649,person,A5075307649,C. S. van der Voort,C. S. van der Voort,
person:A5036229691,person,A5036229691,C. Titus Brown,C. Titus Brown,https://orcid.org/0000-0001-6001-2677
person:A5110206207,person,A5110206207,C. W. J. Granger,C. W. J. Granger,
person:A5090973034,person,A5090973034,C. W. Stubbs,C. W. Stubbs,https://orcid.org/0000-0003-0347-1724
person:A5031539199,person,A5031539199,C.P.M. van der Grinten,C.P.M. van der Grinten,
person:A5064902745,person,A5064902745,Caitlin J. Byrne,Caitlin J. Byrne,
person:A5031077891,person,A5031077891,Calvin H. Hirsch,Calvin H. Hirsch,https://orcid.org/0000-0001-6516-9307
person:W1966114254-person-0,person,W1966114254-person-0,Camille Morvan,Camille Morvan,
person:A5112522986,person,A5112522986,Carl Abelardo T Antonio,Carl Abelardo T Antonio,
person:A5051507868,person,A5051507868,Carl T. Wittwer,Carl T. Wittwer,https://orcid.org/0000-0002-9993-8263
person:A5069821016,person,A5069821016,Carlo Adamo,Carlo Adamo,https://orcid.org/0000-0002-2638-2735
person:A5029838099,person,A5029838099,Carlo Cavazzoni,Carlo Cavazzoni,https://orcid.org/0000-0002-9589-4785
person:A5042147507,person,A5042147507,Carlo Sbraccia,Carlo Sbraccia,
person:A5033943944,person,A5033943944,Carlos Fiolhais,Carlos Fiolhais,https://orcid.org/0000-0002-1527-0738
person:W2295598076-person-1,person,W2295598076-person-1,Carlos Guestrin,Carlos Guestrin,
person:A5027899893,person,A5027899893,Carole Goble,Carole Goble,https://orcid.org/0000-0003-1219-2137
person:A5088422081,person,A5088422081,Carole Peubey,Carole Peubey,
person:A5111881458,person,A5111881458,Caroline A Schneider,Caroline A Schneider,
person:A5040309991,person,A5040309991,Caroline E. Gleason,Caroline E. Gleason,https://orcid.org/0009-0003-9290-7792
person:A5111811912,person,A5111811912,Caroline Kampf,Caroline Kampf,
person:A5013949250,person,A5013949250,Carolyn Ellis,Carolyn Ellis,https://orcid.org/0000-0002-3160-8436
person:A5042231087,person,A5042231087,Carolyn F. Weber,Carolyn F. Weber,
person:A5111593857,person,A5111593857,Carrie Davis,Carrie Davis,
person:A5080618346,person,A5080618346,Carrie Sougnez,Carrie Sougnez,
person:A5015041475,person,A5015041475,Carsten Kutzner,Carsten Kutzner,https://orcid.org/0000-0002-8719-0307
person:A5020026036,person,A5020026036,Cary F. Chabalowski,Cary F. Chabalowski,
person:A5113321696,person,A5113321696,Catherine A. Ball,Catherine A. Ball,
person:A5086938254,person,A5086938254,Catherine Lozupone,Catherine Lozupone,https://orcid.org/0000-0003-4786-7202
person:A5113963958,person,A5113963958,Catherine M Antony,Catherine M Antony,
person:A5026563364,person,A5026563364,Catherine M. Tangen,Catherine M. Tangen,https://orcid.org/0000-0001-8825-8660
person:A5081513258,person,A5081513258,Catherine Rice‐Evans,Catherine Rice‐Evans,
person:A5005053706,person,A5005053706,Cathy D. Sherbourne,Cathy D. Sherbourne,
person:A5029528576,person,A5029528576,Cecilia Lindskog,Cecilia Lindskog,https://orcid.org/0000-0001-5611-1015
person:W3003257820-person-44,person,W3003257820-person-44,Chad Fulton,Chad Fulton,
person:A5049581540,person,A5049581540,Chad Nusbaum,Chad Nusbaum,https://orcid.org/0000-0002-2777-1708
person:W3005079553-person-2,person,W3005079553-person-2,Chang Hu,Chang Hu,
person:W2964015378-person-5,person,W2964015378-person-5,"Chang, Xiaoning","Chang, Xiaoning",
person:A5018142228,person,A5018142228,Chang-jiang Ye,Chang-jiang Ye,
person:A5102758719,person,A5102758719,Changgu Lee,Changgu Lee,https://orcid.org/0000-0002-8915-7746
person:A5001327852,person,A5001327852,Chantelle Garritty,Chantelle Garritty,https://orcid.org/0000-0002-2207-9958
person:A5100323172,person,A5100323172,Chao Li,Chao Li,https://orcid.org/0000-0002-1950-0190
person:A5101094927,person,A5101094927,Chao-Lin Huang,Chao-Lin Huang,
person:A5101545030,person,A5101545030,Chaolin Huang,Chaolin Huang,https://orcid.org/0000-0001-6240-7963
person:A5006353479,person,A5006353479,Charity W. Law,Charity W. Law,https://orcid.org/0000-0001-6082-6814
person:A5018388854,person,A5018388854,Charles Beattie,Charles Beattie,https://orcid.org/0000-0003-1840-054X
person:A5033496466,person,A5033496466,Charles D. Spielberger,Charles D. Spielberger,
person:A5027618658,person,A5027618658,Charles E. Leiserson,Charles E. Leiserson,https://orcid.org/0000-0001-6386-5552
person:A5064264687,person,A5064264687,Charles F. Reynolds,Charles F. Reynolds,https://orcid.org/0000-0002-2605-7887
person:A5056960004,person,A5056960004,Charles J. Bardawill,Charles J. Bardawill,
person:A5066074267,person,A5066074267,Charles J. Stone,Charles J. Stone,
person:A5100716198,person,A5100716198,Charles Lee,Charles Lee,https://orcid.org/0000-0001-7317-6662
person:A5062498736,person,A5062498736,Charles M. Perou,Charles M. Perou,https://orcid.org/0000-0001-9827-2247
person:W3003257820-person-45,person,W3003257820-person-45,Charles Masson,Charles Masson,
person:W3035965352-person-0,person,W3035965352-person-0,Charles R. Harris,Charles R. Harris,
person:W3003257820-person-29,person,W3003257820-person-29,Charles R. Harris,Charles R. Harris,
person:A5111066366,person,A5111066366,Charles R. Johnson,Charles R. Johnson,https://orcid.org/0000-0001-8707-8596
person:A5015401603,person,A5015401603,Charles T. Kresge,Charles T. Kresge,
person:A5035782352,person,A5035782352,Charlie Ashbaugh,Charlie Ashbaugh,
person:W2964121744-person-0,person,W2964121744-person-0,"Chen, Kuan-Lin","Chen, Kuan-Lin",
person:W2964015378-person-0,person,W2964015378-person-0,"Chen, Tianyu","Chen, Tianyu",https://orcid.org/0000-0001-7164-2789
person:W2193145675-person-5,person,W2193145675-person-5,Cheng-Yang Fu,Cheng-Yang Fu,
person:A5049788468,person,A5049788468,Chengteh Lee,Chengteh Lee,
person:A5029081403,person,A5029081403,Cher Miranda,Cher Miranda,
person:A5021314151,person,A5021314151,Cheryl F. Williams,Cheryl F. Williams,
person:A5020035710,person,A5020035710,Cheryl Poth,Cheryl Poth,https://orcid.org/0000-0002-7217-7599
person:A5103432521,person,A5103432521,Chih-Chung Chang,Chih-Chung Chang,
person:A5068223640,person,A5068223640,Chih‐Jen Lin,Chih‐Jen Lin,https://orcid.org/0000-0003-4684-8747
person:A5066162583,person,A5066162583,Chongbing Yan,Chongbing Yan,https://orcid.org/0000-0002-1580-5755
person:A5042879860,person,A5042879860,Chris Duran,Chris Duran,
person:A5054711904,person,A5054711904,Chris J. Maddison,Chris J. Maddison,
person:A5008166270,person,A5008166270,Chris Sander,Chris Sander,https://orcid.org/0000-0001-6059-6270
person:A5075750072,person,A5075750072,Chris T. Evelo,Chris T. Evelo,https://orcid.org/0000-0002-5301-3142
person:A5027700148,person,A5027700148,Chris Zaleski,Chris Zaleski,
person:A5064004959,person,A5064004959,Christiam Camacho,Christiam Camacho,https://orcid.org/0000-0002-6709-8298
person:A5087718708,person,A5087718708,Christian A. Rees,Christian A. Rees,
person:A5012823292,person,A5012823292,Christian C. Abnet,Christian C. Abnet,https://orcid.org/0000-0002-3008-7843
person:A5004117093,person,A5004117093,Christian Diener,Christian Diener,https://orcid.org/0000-0002-7476-0868
person:A5011461272,person,A5011461272,Christian Drosten,Christian Drosten,https://orcid.org/0000-0001-7923-0519
person:A5081796051,person,A5081796051,Christian F. Edwardson,Christian F. Edwardson,https://orcid.org/0000-0001-7524-7209
person:W3003257820-person-46,person,W3003257820-person-46,Christian Häggström,Christian Häggström,
person:A5087109003,person,A5087109003,Christian M. Ringle,Christian M. Ringle,https://orcid.org/0000-0002-7027-8804
person:A5079683358,person,A5079683358,Christian Quast,Christian Quast,https://orcid.org/0000-0001-6409-2352
person:A5010965658,person,A5010965658,Christian Sander,Christian Sander,https://orcid.org/0000-0002-5402-6631
person:W2193145675-person-3,person,W2193145675-person-3,Christian Szegedy,Christian Szegedy,
person:A5002183320,person,A5002183320,Christian Szegedy,Christian Szegedy,https://orcid.org/0000-0003-4295-1851
person:A5000334281,person,A5000334281,Christian von Mering,Christian von Mering,https://orcid.org/0000-0001-7734-9102
person:A5110259138,person,A5110259138,Christie Kovar,Christie Kovar,
person:A5110600183,person,A5110600183,Christina B. Walter,Christina B. Walter,
person:A5068524232,person,A5068524232,Christina Godfrey,Christina Godfrey,https://orcid.org/0000-0002-9292-3237
person:A5041551178,person,A5041551178,Christina Knyaz,Christina Knyaz,
person:A5108778543,person,A5108778543,Christina Raymond,Christina Raymond,
person:A5009335676,person,A5009335676,Christina Tavolato,Christina Tavolato,
person:A5080252384,person,A5080252384,Christine Chang,Christine Chang,
person:A5041308386,person,A5041308386,Christine Lloyd,Christine Lloyd,
person:A5053746026,person,A5053746026,Christine Marosi,Christine Marosi,https://orcid.org/0000-0003-0631-672X
person:W3035965352-person-24,person,W3035965352-person-24,Christoph Gohlke,Christoph Gohlke,https://orcid.org/0000-0001-8108-7707
person:A5072183933,person,A5072183933,Christoph Hafemeister,Christoph Hafemeister,https://orcid.org/0000-0001-6365-8254
person:A5076283101,person,A5076283101,Christophe Chipot,Christophe Chipot,https://orcid.org/0000-0002-9122-1698
person:A5040688597,person,A5040688597,Christopher A. Lipinski,Christopher A. Lipinski,https://orcid.org/0000-0001-7355-7254
person:A5048041187,person,A5048041187,Christopher Clee,Christopher Clee,
person:A5046006076,person,A5046006076,Christopher D. Manning,Christopher D. Manning,https://orcid.org/0000-0001-6155-649X
person:A5101973849,person,A5101973849,Christopher H. Schmid,Christopher H. Schmid,https://orcid.org/0000-0002-0855-5313
person:A5065716950,person,A5065716950,Christopher J Cates,Christopher J Cates,https://orcid.org/0000-0002-7056-9433
person:A5034285513,person,A5034285513,Christopher J. C. Burges,Christopher J. C. Burges,
person:A5048985028,person,A5048985028,Christopher J. Cramer,Christopher J. Cramer,https://orcid.org/0000-0001-5048-1859
person:A5071062782,person,A5071062782,Christopher J. Elkin,Christopher J. Elkin,
person:A5080713659,person,A5080713659,Christopher K. I. Williams,Christopher K. I. Williams,https://orcid.org/0000-0002-6270-4703
person:A5043637496,person,A5043637496,Christopher R. Keefe,Christopher R. Keefe,https://orcid.org/0000-0002-4289-0991
person:A5105662495,person,A5105662495,Christopher W. Seymour,Christopher W. Seymour,https://orcid.org/0000-0002-6257-6764
person:A5087078143,person,A5087078143,Christos Gougoussis,Christos Gougoussis,
person:A5042452119,person,A5042452119,Chuding Chen,Chuding Chen,
person:A5103136145,person,A5103136145,Chunli Tang,Chunli Tang,https://orcid.org/0009-0004-7902-2620
person:A5110843713,person,A5110843713,Chunliang Lei,Chunliang Lei,
person:A5101506716,person,A5101506716,Chun‐Quan Ou,Chun‐Quan Ou,https://orcid.org/0000-0001-6866-7213
person:W4385245566-person-1,person,W4385245566-person-1,"Chvalovský, Karel","Chvalovský, Karel",https://orcid.org/0000-0002-0541-3889
person:A5002395686,person,A5002395686,Cihat Şarkış,Cihat Şarkış,
person:A5047556013,person,A5047556013,Claes Fornell,Claes Fornell,
person:A5078594398,person,A5078594398,Claire Duvallet,Claire Duvallet,https://orcid.org/0000-0002-8093-8394
person:A5009540046,person,A5009540046,Clarisse Marotz,Clarisse Marotz,https://orcid.org/0000-0002-1520-8854
person:W3003257820-person-47,person,W3003257820-person-47,Clark Fitzgerald,Clark Fitzgerald,
person:A5108520736,person,A5108520736,Claude E. Shannon,Claude E. Shannon,
person:A5027380724,person,A5027380724,Claudette Berset,Claudette Berset,
person:A5078760561,person,A5078760561,Claudia H. Kawas,Claudia H. Kawas,https://orcid.org/0000-0001-9577-230X
person:A5070411498,person,A5070411498,Claus O. Wilke,Claus O. Wilke,https://orcid.org/0000-0002-7470-9261
person:A5059684830,person,A5059684830,Claus Vogelmeier,Claus Vogelmeier,https://orcid.org/0000-0002-9798-2527
person:A5067459456,person,A5067459456,Clemens Meyer,Clemens Meyer,https://orcid.org/0000-0003-1165-6104
person:A5021521447,person,A5021521447,Clifford A. Meyer,Clifford A. Meyer,https://orcid.org/0000-0002-8321-2839
person:A5007410239,person,A5007410239,Clifford C. Clogg,Clifford C. Clogg,
person:A5110330477,person,A5110330477,Clifford Geertz,Clifford Geertz,
person:A5005099850,person,A5005099850,Clifford R. Jack,Clifford R. Jack,https://orcid.org/0000-0001-7916-622X
person:A5091517222,person,A5091517222,Clifford S. Deutschman,Clifford S. Deutschman,https://orcid.org/0000-0001-9490-4024
person:A5105834520,person,A5105834520,Clive W. J. Granger,Clive W. J. Granger,
person:W2098923148-person-10,person,W2098923148-person-10,Cochrane Bias Methods Group,Cochrane Bias Methods Group,
person:W1598602811-person-1,person,W1598602811-person-1,Cochrane Collaboration,Cochrane Collaboration,
person:W2098923148-person-11,person,W2098923148-person-11,Cochrane Statistical Methods Group,Cochrane Statistical Methods Group,
person:W2107031757-person-0,person,W2107031757-person-0,"Cohen, Jacob 1923-1998","Cohen, Jacob 1923-1998",
person:A5016854384,person,A5016854384,Cole Trapnell,Cole Trapnell,https://orcid.org/0000-0002-8105-4347
person:A5079054289,person,A5079054289,Colin B. Begg,Colin B. Begg,https://orcid.org/0000-0003-3772-1795
person:A5000856048,person,A5000856048,Colin Brislawn,Colin Brislawn,https://orcid.org/0000-0002-9109-1950
person:A5017781099,person,A5017781099,Colin Gordon,Colin Gordon,https://orcid.org/0000-0002-8417-7182
person:A5017081649,person,A5017081649,Colin Mathers,Colin Mathers,https://orcid.org/0000-0002-0617-6731
person:A5032698492,person,A5032698492,Colin N. Dewey,Colin N. Dewey,https://orcid.org/0000-0003-1498-9254
person:A5111598904,person,A5111598904,Conrad C. Huang,Conrad C. Huang,
person:A5107863366,person,A5107863366,Cora L. Craig,Cora L. Craig,
person:A5013243115,person,A5013243115,Corinna Cortes,Corinna Cortes,
person:A5028740204,person,A5028740204,Corinna M. Elliott,Corinna M. Elliott,https://orcid.org/0000-0001-6368-1200
person:A5060475316,person,A5060475316,Cornel Soci,Cornel Soci,https://orcid.org/0009-0008-9692-748X
person:A5039983345,person,A5039983345,Cornelis A. Albers,Cornelis A. Albers,
person:W2104549677-person-0,person,W2104549677-person-0,Corresponding authors,Corresponding authors,
person:W3099878876-person-5,person,W3099878876-person-5,"Cournapeau, D","Cournapeau, D",
person:A5026220637,person,A5026220637,Courtney J. Robinson,Courtney J. Robinson,https://orcid.org/0000-0003-3274-1383
person:A5053752263,person,A5053752263,Craig B. Thompson,Craig B. Thompson,https://orcid.org/0000-0003-3580-2751
person:A5017221230,person,A5017221230,Craig F. Bohren,Craig F. Bohren,https://orcid.org/0000-0003-4694-4042
person:A5032945933,person,A5032945933,Craig J. Hogan,Craig J. Hogan,https://orcid.org/0000-0002-1433-8841
person:A5012550644,person,A5012550644,Craig M. Coopersmith,Craig M. Coopersmith,https://orcid.org/0000-0003-2400-3217
person:A5060375617,person,A5060375617,Craig Ramsay,Craig Ramsay,https://orcid.org/0000-0003-4043-7349
person:A5012170843,person,A5012170843,Creighton H. Phelps,Creighton H. Phelps,
person:A5019081174,person,A5019081174,Crispin Jenkinson,Crispin Jenkinson,https://orcid.org/0000-0002-3692-0779
person:A5022331752,person,A5022331752,Cristiana Abbafati,Cristiana Abbafati,https://orcid.org/0000-0003-2811-6251
person:A5011856162,person,A5011856162,Cristina Al‐Khalili Szigyarto,Cristina Al‐Khalili Szigyarto,https://orcid.org/0000-0001-6990-1905
person:A5032949045,person,A5032949045,Cristina G. Mittermeier,Cristina G. Mittermeier,
person:A5024245007,person,A5024245007,Cristina Lupu,Cristina Lupu,https://orcid.org/0000-0003-3530-8104
person:A5008844345,person,A5008844345,Curtis Huttenhower,Curtis Huttenhower,https://orcid.org/0000-0002-1110-0096
person:A5078540488,person,A5078540488,Curtis Rueden,Curtis Rueden,https://orcid.org/0000-0001-7055-6707
person:A5031204654,person,A5031204654,Cynthia D. Mulrow,Cynthia D. Mulrow,https://orcid.org/0000-0002-4768-4492
person:A5111487468,person,A5111487468,Cynthia J. Stewart,Cynthia J. Stewart,
person:A5113912805,person,A5113912805,Cyrus Alinia,Cyrus Alinia,
person:A5084759735,person,A5084759735,Cyrus H. Fiske,Cyrus H. Fiske,
person:A5108412595,person,A5108412595,César Milstein,César Milstein,
person:A5015796792,person,A5015796792,Cătălina Liliana Andrei,Cătălina Liliana Andrei,https://orcid.org/0000-0003-4990-0205
person:A5109076248,person,A5109076248,D J Kupfer,D J Kupfer,
person:A5058365755,person,A5058365755,D. A. de Zoysa,D. A. de Zoysa,
person:A5107828331,person,A5107828331,D. Axen,D. Axen,
person:A5114015857,person,A5114015857,D. B. Owen,D. B. Owen,
person:A5056109933,person,A5056109933,D. Blöch,D. Blöch,https://orcid.org/0000-0002-4535-5273
person:A5108780724,person,A5108780724,D. E. Groom,D. E. Groom,
person:A5110948969,person,A5110948969,D. F. Cox,D. F. Cox,
person:W1666853924-person-4,person,W1666853924-person-4,D. Gabor,D. Gabor,
person:A5065656286,person,A5065656286,D. Gibin,D. Gibin,https://orcid.org/0000-0001-5958-8126
person:A5110050601,person,A5110050601,D. John M. Reynolds,D. John M. Reynolds,
person:A5071858954,person,A5071858954,D. Johnson,D. Johnson,
person:A5035999579,person,A5035999579,D. R. Cox,D. R. Cox,
person:A5103401463,person,A5103401463,D. R. Cox,D. R. Cox,
person:A5040712204,person,A5040712204,D. S. Falconer,D. S. Falconer,
person:A5112557768,person,A5112557768,D. S. Moss,D. S. Moss,
person:A5085836147,person,A5085836147,D.B. Bender,D.B. Bender,https://orcid.org/0000-0001-6503-6221
person:A5024028137,person,A5024028137,Da Jiang,Da Jiang,https://orcid.org/0000-0002-4341-2289
person:A5023278037,person,A5023278037,Da Wei Huang,Da Wei Huang,https://orcid.org/0000-0002-6793-9966
person:A5053990531,person,A5053990531,Daan Wierstra,Daan Wierstra,
person:A5029419214,person,A5029419214,Daehwan Kim,Daehwan Kim,https://orcid.org/0000-0003-1182-629X
person:A5110657512,person,A5110657512,Dahe Qin,Dahe Qin,
person:A5051025823,person,A5051025823,Dale D. Dykes,Dale D. Dykes,
person:A5047835625,person,A5047835625,Dale Nordenberg,Dale Nordenberg,
person:A5061581536,person,A5061581536,Damian Szklarczyk,Damian Szklarczyk,https://orcid.org/0000-0002-4052-5069
person:A5082358375,person,A5082358375,Dan Knights,Dan Knights,https://orcid.org/0000-0002-8205-2511
person:A5100380730,person,A5100380730,Dan Li,Dan Li,https://orcid.org/0000-0002-4542-4953
person:A5049556104,person,A5049556104,Dana P. Seidel,Dana P. Seidel,https://orcid.org/0000-0002-9088-5767
person:A5009029178,person,A5009029178,danah boyd,danah boyd,https://orcid.org/0000-0002-7722-7778
person:A5100386756,person,A5100386756,Dandan Zhang,Dandan Zhang,https://orcid.org/0000-0001-5305-9856
person:A5030291124,person,A5030291124,Daniel A. Levinthal,Daniel A. Levinthal,https://orcid.org/0000-0002-8740-6091
person:A5061186336,person,A5061186336,Daniel Dindo,Daniel Dindo,
person:A5050197338,person,A5050197338,Daniel G. Peterson,Daniel G. Peterson,https://orcid.org/0000-0002-0274-5968
person:A5049187779,person,A5049187779,Daniel I. Arnon,Daniel I. Arnon,https://orcid.org/0000-0001-7998-6316
person:A5110001536,person,A5110001536,Daniel J. Buysse,Daniel J. Buysse,
person:A5023299002,person,A5023299002,Daniel J. Sargent,Daniel J. Sargent,https://orcid.org/0000-0002-2684-4741
person:A5065589000,person,A5065589000,Daniel J. White,Daniel J. White,https://orcid.org/0000-0002-1799-5804
person:A5111995000,person,A5111995000,Daniel Kahneman,Daniel Kahneman,
person:A5112398863,person,A5112398863,Daniel L. Ayres,Daniel L. Ayres,
person:A5108455151,person,A5108455151,Daniel L. Clarke‐Pearson,Daniel L. Clarke‐Pearson,
person:A5021434656,person,A5021434656,Daniel M. Durall,Daniel M. Durall,https://orcid.org/0000-0001-7414-4443
person:A5025911938,person,A5025911938,Daniel M. Greenblatt,Daniel M. Greenblatt,
person:A5022461817,person,A5022461817,Daniel McDonald,Daniel McDonald,https://orcid.org/0000-0003-0876-9060
person:A5069972127,person,A5069972127,Daniel Navajas,Daniel Navajas,https://orcid.org/0000-0001-7150-9363
person:A5063903403,person,A5063903403,Daniel P. Joubert,Daniel P. Joubert,https://orcid.org/0000-0002-4586-5599
person:A5012059205,person,A5012059205,Daniel Petras,Daniel Petras,https://orcid.org/0000-0002-6561-3022
person:A5111606958,person,A5111606958,Daniel R. Marshak,Daniel R. Marshak,
person:A5028632294,person,A5028632294,Daniel S. Peterson,Daniel S. Peterson,https://orcid.org/0000-0002-4639-6544
person:A5054149999,person,A5054149999,Daniela R. Junqueira,Daniela R. Junqueira,https://orcid.org/0000-0002-3261-4811
person:A5069537707,person,A5069537707,Danielle Levac,Danielle Levac,https://orcid.org/0000-0001-7356-9335
person:A5051064208,person,A5051064208,Danqi Chen,Danqi Chen,https://orcid.org/0000-0002-6226-6838
person:A5000947273,person,A5000947273,Darius Razavi,Darius Razavi,https://orcid.org/0000-0001-6437-2020
person:A5003461562,person,A5003461562,Daron M. Standley,Daron M. Standley,https://orcid.org/0000-0003-4078-0817
person:A5076267910,person,A5076267910,Darpan N. Patel,Darpan N. Patel,
person:A5006835973,person,A5006835973,Darren Grafham,Darren Grafham,
person:A5076436548,person,A5076436548,Darrin M. York,Darrin M. York,https://orcid.org/0000-0002-9193-7055
person:A5111438783,person,A5111438783,Darwin J. Prockop,Darwin J. Prockop,
person:A5053138941,person,A5053138941,Daryle W. Morgan,Daryle W. Morgan,
person:A5014694160,person,A5014694160,David A. Case,David A. Case,https://orcid.org/0000-0003-2314-2346
person:A5112523012,person,A5112523012,David A. Dickey,David A. Dickey,
person:A5110843805,person,A5110843805,David A. Drachman,David A. Drachman,
person:A5076830952,person,A5076830952,David A. Kenny,David A. Kenny,https://orcid.org/0000-0001-6655-6536
person:W3003257820-person-48,person,W3003257820-person-48,David A. Nicholson,David A. Nicholson,
person:A5057413819,person,A5057413819,David A. T. Harper,David A. T. Harper,https://orcid.org/0000-0003-1315-9494
person:A5101944629,person,A5101944629,David Anderson,David Anderson,https://orcid.org/0000-0002-2995-2553
person:A5055644402,person,A5055644402,David B. Duncan,David B. Duncan,
person:A5109214093,person,A5109214093,David Bentley,David Bentley,
person:A5051040365,person,A5051040365,David Bick,David Bick,https://orcid.org/0000-0002-8750-306X
person:A5077542898,person,A5077542898,David Botstein,David Botstein,https://orcid.org/0000-0001-9499-4883
person:A5005301051,person,A5005301051,David C. Johnson,David C. Johnson,https://orcid.org/0000-0002-3688-3170
person:W3035965352-person-5,person,W3035965352-person-5,David Cournapeau,David Cournapeau,
person:W3003257820-person-5,person,W3003257820-person-5,David Cournapeau,David Cournapeau,
person:A5100763987,person,A5100763987,David Cox,David Cox,https://orcid.org/0000-0002-7270-2525
person:A5006434469,person,A5006434469,David Dineen,David Dineen,
person:A5110057218,person,A5110057218,David E. Goldberg,David E. Goldberg,
person:A5048240638,person,A5048240638,David E. Rumelhart,David E. Rumelhart,
person:A5088428969,person,A5088428969,David Ellis,David Ellis,https://orcid.org/0000-0001-6438-4021
person:A5020344688,person,A5020344688,David F. Larcker,David F. Larcker,https://orcid.org/0000-0002-9585-2227
person:A5110858271,person,A5110858271,David F. Williamson,David F. Williamson,
person:A5111768129,person,A5111768129,David Forman,David Forman,
person:A5009438811,person,A5009438811,David Gilbarg,David Gilbarg,
person:A5028474518,person,A5028474518,David H. Brainard,David H. Brainard,https://orcid.org/0000-0001-9827-543X
person:A5025753082,person,A5025753082,David H. Gelfand,David H. Gelfand,
person:A5057841798,person,A5057841798,David H. Neustadt,David H. Neustadt,
person:A5029738421,person,A5029738421,David Henry,David Henry,https://orcid.org/0000-0003-2934-2242
person:A5003271159,person,A5003271159,David J. Gavaghan,David J. Gavaghan,https://orcid.org/0000-0001-8311-3200
person:A5112877973,person,A5112877973,David J. Horn,David J. Horn,
person:A5056652131,person,A5056652131,David J. Lipman,David J. Lipman,https://orcid.org/0009-0002-3443-2023
person:A5087598092,person,A5087598092,David J. Reiss,David J. Reiss,https://orcid.org/0000-0001-5392-3034
person:A5023765609,person,A5023765609,David J. Singh,David J. Singh,https://orcid.org/0000-0001-7750-1485
person:A5016373986,person,A5016373986,David J. Teece,David J. Teece,https://orcid.org/0000-0002-0485-798X
person:A5111839356,person,A5111839356,David Kolb,David Kolb,
person:A5065355421,person,A5065355421,David L. Donoho,David L. Donoho,https://orcid.org/0000-0003-1830-710X
person:A5035834258,person,A5035834258,David L. Sackett,David L. Sackett,
person:A5043779853,person,A5043779853,David L. Steward,David L. Steward,https://orcid.org/0000-0003-2680-8692
person:A5055202003,person,A5055202003,David Lowe,David Lowe,https://orcid.org/0000-0003-3332-483X
person:A5064443056,person,A5064443056,David Lyon,David Lyon,https://orcid.org/0000-0001-5794-0456
person:W2104549677-person-3,person,W2104549677-person-3,David M. Altshuler,David M. Altshuler,
person:W2104549677-person-70,person,W2104549677-person-70,David M. Altshuler,David M. Altshuler,
person:A5070920982,person,A5070920982,David M. Blei,David M. Blei,https://orcid.org/0000-0002-5588-4611
person:A5109209191,person,A5109209191,David M. DeLong,David M. DeLong,
person:A5083331629,person,A5083331629,David M. Georgoff,David M. Georgoff,
person:A5006710383,person,A5006710383,David M. Robinson,David M. Robinson,https://orcid.org/0000-0001-8466-088X
person:A5068353058,person,A5068353058,David Moher,David Moher,https://orcid.org/0000-0003-2434-4206
person:A5021122229,person,A5021122229,David N. Louis,David N. Louis,https://orcid.org/0000-0002-9423-4099
person:A5112102306,person,A5112102306,David Osoba,David Osoba,
person:A5087589263,person,A5087589263,David P. Bartel,David P. Bartel,https://orcid.org/0000-0002-3872-2856
person:A5029292423,person,A5029292423,David P. Hill,David P. Hill,https://orcid.org/0000-0001-7476-6306
person:A5042649313,person,A5042649313,David Posada,David Posada,https://orcid.org/0000-0003-1407-3406
person:W2104549677-person-6,person,W2104549677-person-6,David R. Bentley,David R. Bentley,
person:W2104549677-person-96,person,W2104549677-person-96,David R. Bentley,David R. Bentley,
person:W3003257820-person-49,person,W3003257820-person-49,David R. Hagen,David R. Hagen,
person:A5011127007,person,A5011127007,David R. Matthews,David R. Matthews,https://orcid.org/0000-0001-6504-0036
person:A5009240058,person,A5009240058,David Reiman,David Reiman,https://orcid.org/0000-0002-1605-7197
person:A5035236781,person,A5035236781,David Richardson,David Richardson,https://orcid.org/0000-0001-5069-343X
person:A5040337866,person,A5040337866,David S. Goodsell,David S. Goodsell,https://orcid.org/0000-0002-5932-2130
person:A5027931169,person,A5027931169,David S. Johnson,David S. Johnson,https://orcid.org/0000-0002-9967-9812
person:A5110866131,person,A5110866131,David S. Johnson,David S. Johnson,
person:A5059027860,person,A5059027860,David S. Knopman,David S. Knopman,https://orcid.org/0000-0002-6544-066X
person:A5089024033,person,A5089024033,David S.C. Hui,David S.C. Hui,https://orcid.org/0000-0003-4382-2445
person:A5091771290,person,A5091771290,David Silver,David Silver,https://orcid.org/0000-0002-5197-2892
person:A5088889997,person,A5088889997,David V. Sheehan,David V. Sheehan,https://orcid.org/0000-0002-5118-7050
person:A5020854808,person,A5020854808,David van der Spoel,David van der Spoel,https://orcid.org/0000-0002-7659-8526
person:A5000393220,person,A5000393220,David Vanderbilt,David Vanderbilt,https://orcid.org/0000-0002-2465-9091
person:A5071632296,person,A5071632296,David W. Ellison,David W. Ellison,https://orcid.org/0000-0003-1239-7757
person:A5038025961,person,A5038025961,David W. Gerbing,David W. Gerbing,https://orcid.org/0000-0001-6998-8350
person:A5109437770,person,A5109437770,David W. Hosmer,David W. Hosmer,
person:A5028557596,person,A5028557596,David W. Tarbet,David W. Tarbet,
person:A5059605501,person,A5059605501,David Watson,David Watson,https://orcid.org/0000-0003-2125-2373
person:A5057408392,person,A5057408392,David Watson,David Watson,https://orcid.org/0000-0002-9605-0576
person:A5006123131,person,A5006123131,Davide Ceresoli,Davide Ceresoli,https://orcid.org/0000-0002-9831-0773
person:A5014039622,person,A5014039622,Davide Donadio,Davide Donadio,https://orcid.org/0000-0002-2150-4182
person:W4392145873-person-5,person,W4392145873-person-5,"Davidoux, Sarah","Davidoux, Sarah",
person:A5043048253,person,A5043048253,Davina Ghersi,Davina Ghersi,https://orcid.org/0000-0002-9712-1604
person:A5034469657,person,A5034469657,Davis J. McCarthy,Davis J. McCarthy,https://orcid.org/0000-0002-2218-6833
person:A5040916225,person,A5040916225,Davis Vaughan,Davis Vaughan,https://orcid.org/0000-0003-4777-038X
person:A5050473276,person,A5050473276,Davood Anvari,Davood Anvari,https://orcid.org/0000-0003-1021-4347
person:A5089325874,person,A5089325874,Davoud Adham,Davoud Adham,https://orcid.org/0000-0002-9764-6363
person:W3005079553-person-0,person,W3005079553-person-0,Dawei Wang,Dawei Wang,
person:A5110209862,person,A5110209862,Dawn Carroll,Dawn Carroll,
person:A5048267912,person,A5048267912,Dawn Thompson,Dawn Thompson,https://orcid.org/0000-0002-1341-4435
person:A5101759768,person,A5101759768,Dayan Wang,Dayan Wang,https://orcid.org/0000-0002-4990-1016
person:A5050120227,person,A5050120227,Deanna Anderlini,Deanna Anderlini,https://orcid.org/0000-0003-4594-2125
person:A5037837504,person,A5037837504,Deanna L. Gibson,Deanna L. Gibson,https://orcid.org/0000-0003-0052-7550
person:A5107596584,person,A5107596584,Deborah A. Nickerson,Deborah A. Nickerson,https://orcid.org/0000-0002-9954-4897
person:A5084456614,person,A5084456614,Deborah L. Regidor,Deborah L. Regidor,
person:W3099878876-person-16,person,W3099878876-person-16,"del Río, JF","del Río, JF",
person:A5034397232,person,A5034397232,Demetri Terzopoulos,Demetri Terzopoulos,
person:A5005349213,person,A5005349213,Demis Hassabis,Demis Hassabis,https://orcid.org/0000-0003-2812-9917
person:A5103260191,person,A5103260191,Denis Lacombe,Denis Lacombe,https://orcid.org/0000-0003-1128-155X
person:W3003257820-person-24,person,W3003257820-person-24,Denis Laxalde,Denis Laxalde,https://orcid.org/0000-0002-5540-4825
person:A5045975461,person,A5045975461,Denisa Muraru,Denisa Muraru,https://orcid.org/0000-0003-2514-3668
person:A5110458536,person,A5110458536,Dennis A. Gioia,Dennis A. Gioia,
person:A5042826568,person,A5042826568,Dennis D. Dietrich,Dennis D. Dietrich,
person:A5017613338,person,A5017613338,Dennis G. Deaven,Dennis G. Deaven,
person:A5057650486,person,A5057650486,Dennis J. McShane,Dennis J. McShane,
person:A5024874235,person,A5024874235,Dennis Joseph,Dennis Joseph,
person:A5008911577,person,A5008911577,Dennis Klenk,Dennis Klenk,
person:A5046984207,person,A5046984207,Dennis W. Organ,Dennis W. Organ,
person:A5001670387,person,A5001670387,Derek C. Angus,Derek C. Angus,https://orcid.org/0000-0002-7026-5181
person:A5090607558,person,A5090607558,Desmond G. Higgins,Desmond G. Higgins,https://orcid.org/0000-0002-3952-3285
person:A5085862062,person,A5085862062,Desta Debalkie Atnafu,Desta Debalkie Atnafu,https://orcid.org/0000-0002-9660-4225
person:A5002499751,person,A5002499751,Detlef W. Bahnemann,Detlef W. Bahnemann,https://orcid.org/0000-0001-6064-6653
person:A5004353237,person,A5004353237,Deva Ramanan,Deva Ramanan,https://orcid.org/0009-0008-9180-8983
person:A5050342343,person,A5050342343,Devi Parikh,Devi Parikh,
person:A5072282052,person,A5072282052,DF Treacher,DF Treacher,
person:A5048551460,person,A5048551460,Dharshan Kumaran,Dharshan Kumaran,https://orcid.org/0000-0001-5995-5264
person:A5014035752,person,A5014035752,Dhruv Batra,Dhruv Batra,
person:A5101454129,person,A5101454129,Di Wu,Di Wu,https://orcid.org/0000-0001-8331-2357
person:W2158822657-person-0,person,W2158822657-person-0,Diabetes Prevention Program Research Group,Diabetes Prevention Program Research Group,
person:A5001383727,person,A5001383727,Diane Gage,Diane Gage,
person:A5004477857,person,A5004477857,Diane S. Krause,Diane S. Krause,https://orcid.org/0000-0001-9420-6947
person:A5019171397,person,A5019171397,Dick Dee,Dick Dee,https://orcid.org/0000-0002-8321-9125
person:A5037982462,person,A5037982462,Dickson A Amugsi,Dickson A Amugsi,https://orcid.org/0000-0002-5261-8481
person:A5087352477,person,A5087352477,Diego Darriba,Diego Darriba,https://orcid.org/0000-0001-5482-3932
person:A5089680427,person,A5089680427,Dijana Djureinovic,Dijana Djureinovic,https://orcid.org/0000-0002-1852-5409
person:A5037189706,person,A5037189706,Diksha Singh,Diksha Singh,https://orcid.org/0000-0002-8810-4140
person:A5004628558,person,A5004628558,Dimitri Papathanassiou,Dimitri Papathanassiou,
person:A5079340690,person,A5079340690,Dinand Schepers,Dinand Schepers,https://orcid.org/0000-0002-2611-487X
person:A5043631759,person,A5043631759,Dingyu Zhang,Dingyu Zhang,https://orcid.org/0000-0002-9277-5705
person:A5081647956,person,A5081647956,Dirk Gevers,Dirk Gevers,https://orcid.org/0000-0003-1998-0363
person:A5015096976,person,A5015096976,Dirk Raes,Dirk Raes,https://orcid.org/0000-0002-6628-403X
person:A5068616089,person,A5068616089,Djillali Annane,Djillali Annane,https://orcid.org/0000-0001-6805-8944
person:W3003257820-person-50,person,W3003257820-person-50,Dmitrii V. Pasechnik,Dmitrii V. Pasechnik,
person:A5003523155,person,A5003523155,Dmitriy Smirnov,Dmitriy Smirnov,https://orcid.org/0000-0001-6683-3708
person:A5024412068,person,A5024412068,Dmitry Antipov,Dmitry Antipov,https://orcid.org/0000-0002-6087-0660
person:A5108461729,person,A5108461729,Dominic J. Tildesley,Dominic J. Tildesley,
person:A5077188995,person,A5077188995,Dominik Grewe,Dominik Grewe,
person:A5034699583,person,A5034699583,Dominik Schrempf,Dominik Schrempf,https://orcid.org/0000-0001-8865-9237
person:A5111547791,person,A5111547791,Dominique Figarella-Branger,Dominique Figarella-Branger,
person:A5042188739,person,A5042188739,Don D. Sin,Don D. Sin,https://orcid.org/0000-0002-0756-6643
person:A5018694596,person,A5018694596,Donald A. McQuarrie,Donald A. McQuarrie,
person:A5113667820,person,A5113667820,Donald A. Schön,Donald A. Schön,
person:A5071941451,person,A5071941451,Donald B. Rubin,Donald B. Rubin,https://orcid.org/0000-0001-7127-9262
person:A5103415629,person,A5103415629,Donald D. Price,Donald D. Price,https://orcid.org/0000-0002-8971-7184
person:A5110826490,person,A5110826490,Donald E. Knuth,Donald E. Knuth,
person:A5061717048,person,A5061717048,Donald G. Truhlar,Donald G. Truhlar,https://orcid.org/0000-0002-7742-7294
person:A5013551450,person,A5013551450,Donald Geman,Donald Geman,
person:A5004692457,person,A5004692457,Donald M. Mitchell,Donald M. Mitchell,
person:A5060764581,person,A5060764581,Donald Maxwell Parkin,Donald Maxwell Parkin,https://orcid.org/0000-0002-3229-1784
person:A5112803577,person,A5112803577,Donald R. Huffman,Donald R. Huffman,
person:A5114008161,person,A5114008161,Donald S. Fredrickson,Donald S. Fredrickson,
person:A5110292390,person,A5110292390,Donald T. Campbell,Donald T. Campbell,
person:A5060645271,person,A5060645271,Donald W. Fiske,Donald W. Fiske,
person:A5020961712,person,A5020961712,Donald W. Marquardt,Donald W. Marquardt,
person:A5003416662,person,A5003416662,Donald W. Simonetti,Donald W. Simonetti,
person:A5068936587,person,A5068936587,Donna F. Stroup,Donna F. Stroup,https://orcid.org/0000-0003-1699-4671
person:A5054380367,person,A5054380367,Donna Haraway,Donna Haraway,https://orcid.org/0000-0001-8205-9396
person:A5037749785,person,A5037749785,Donna M. Muzny,Donna M. Muzny,https://orcid.org/0000-0002-3055-0359
person:A5015340283,person,A5015340283,Donna Reseigh Long,Donna Reseigh Long,
person:A5060754496,person,A5060754496,Donovan H. Parks,Donovan H. Parks,https://orcid.org/0000-0001-6662-9010
person:A5112320499,person,A5112320499,Doug Altman,Doug Altman,
person:W2005501262-person-3,person,W2005501262-person-3,Douglas G. Altman,Douglas G. Altman,
person:A5042962646,person,A5042962646,Douglas G. Altman,Douglas G. Altman,https://orcid.org/0000-0002-7183-4083
person:A5025500757,person,A5025500757,Douglas G. Bonett,Douglas G. Bonett,https://orcid.org/0000-0003-2268-0417
person:A5007537368,person,A5007537368,Douglas Hanahan,Douglas Hanahan,https://orcid.org/0000-0002-0883-5251
person:A5018754372,person,A5018754372,Douglas M. Bates,Douglas M. Bates,https://orcid.org/0000-0001-8316-9503
person:W2010094123-person-7,person,W2010094123-person-7,Douglas R. Spitz,Douglas R. Spitz,
person:A5109308016,person,A5109308016,Douglas T. Ross,Douglas T. Ross,
person:A5110857369,person,A5110857369,DouglasG. Altman,DouglasG. Altman,
person:A5111418782,person,A5111418782,Douglass C. North,Douglass C. North,
person:W4392145873-person-7,person,W4392145873-person-7,"Douze, Katja","Douze, Katja",
person:W2122410182-person-0,person,W2122410182-person-0,Dr. Anil Kumar,Dr. Anil Kumar,
person:W2122410182-person-2,person,W2122410182-person-2,Dr. Haewon Byeon,Dr. Haewon Byeon,
person:W2193145675-person-1,person,W2193145675-person-1,Dragomir Anguelov,Dragomir Anguelov,
person:A5081024054,person,A5081024054,Dragomir Anguelov,Dragomir Anguelov,
person:W2034562813-person-0,person,W2034562813-person-0,"Draper, Norman Richard","Draper, Norman Richard",
person:W2010094123-person-5,person,W2010094123-person-5,Drs Freya,Drs Freya,
person:A5010677873,person,A5010677873,Dudley Wyman,Dudley Wyman,
person:W2193145675-person-2,person,W2193145675-person-2,Dumitru Erhan,Dumitru Erhan,
person:A5084125668,person,A5084125668,Dumitru Erhan,Dumitru Erhan,https://orcid.org/0000-0001-7650-1475
person:A5000679279,person,A5000679279,Duncan J. Watts,Duncan J. Watts,https://orcid.org/0000-0001-5005-4961
person:A5010465328,person,A5010465328,Dzmitry Bahdanau,Dzmitry Bahdanau,
person:W1964184380-person-9,person,W1964184380-person-9,E Kume,E Kume,
person:W3003257820-person-28,person,W3003257820-person-28,E. A. Quintero,E. A. Quintero,
person:W2168452204-person-3,person,W2168452204-person-3,E. Cayirci,E. Cayirci,
person:A5017137825,person,A5017137825,E. Di Salvo,E. Di Salvo,
person:A5059624154,person,A5059624154,E. Dijkstra,E. Dijkstra,https://orcid.org/0000-0002-8839-1880
person:A5109832285,person,A5109832285,E. Eisenhauer,E. Eisenhauer,
person:A5089452951,person,A5089452951,E. G. Bligh,E. G. Bligh,
person:A5084828559,person,A5084828559,E. Lamanna,E. Lamanna,https://orcid.org/0000-0002-7844-8230
person:A5016000066,person,A5016000066,E. Medernach,E. Medernach,
person:A5114256131,person,A5114256131,E.M. Southern,E.M. Southern,
person:A5041210487,person,A5041210487,Edgar Erdfelder,Edgar Erdfelder,https://orcid.org/0000-0003-1032-3981
person:A5028706697,person,A5028706697,Edward C. Banfield,Edward C. Banfield,
person:A5034994000,person,A5034994000,Edward C. Uberbacher,Edward C. Uberbacher,
person:A5056017066,person,A5056017066,Edward K. Fujimoto,Edward K. Fujimoto,
person:A5004154542,person,A5004154542,Edward L. Deci,Edward L. Deci,https://orcid.org/0000-0001-8246-8536
person:A5113535594,person,A5113535594,Edward L. Kaplan,Edward L. Kaplan,
person:A5108799790,person,A5108799790,Edward N. Lorenz,Edward N. Lorenz,
person:A5109158438,person,A5109158438,Edward S. Reynolds,Edward S. Reynolds,
person:A5034295195,person,A5034295195,Edward Teller,Edward Teller,
person:A5109860375,person,A5109860375,Edwardo L. Rhodes,Edwardo L. Rhodes,
person:A5052595717,person,A5052595717,Edwin M. Horwitz,Edwin M. Horwitz,https://orcid.org/0000-0002-3751-4027
person:A5080476548,person,A5080476548,Eero P. Simoncelli,Eero P. Simoncelli,https://orcid.org/0000-0002-1206-527X
person:A5045393597,person,A5045393597,Efthymia Papalexi,Efthymia Papalexi,https://orcid.org/0000-0001-5898-694X
person:A5087243007,person,A5087243007,Egon G. Guba,Egon G. Guba,
person:A5011598532,person,A5011598532,Ehsan Ahmadpour,Ehsan Ahmadpour,https://orcid.org/0000-0003-1202-6147
person:A5059992863,person,A5059992863,Eibe Frank,Eibe Frank,https://orcid.org/0000-0001-6152-7111
person:A5103364748,person,A5103364748,EJ Wood,EJ Wood,
person:A5109308238,person,A5109308238,Elaine Brody,Elaine Brody,
person:A5109200358,person,A5109200358,Elaine C. Meng,Elaine C. Meng,
person:A5108794005,person,A5108794005,Elaine Lyon,Elaine Lyon,
person:A5054642128,person,A5054642128,Elaine R. Mardis,Elaine R. Mardis,https://orcid.org/0000-0002-5892-1553
person:A5057599208,person,A5057599208,Elaine Spector,Elaine Spector,https://orcid.org/0000-0002-4468-8500
person:A5082519222,person,A5082519222,Elbert Branscomb,Elbert Branscomb,https://orcid.org/0000-0002-7194-4231
person:A5076787674,person,A5076787674,Elda Dermyshi,Elda Dermyshi,
person:A5096889554,person,A5096889554,Eleina M. Zaitsev,Eleina M. Zaitsev,
person:A5012910967,person,A5012910967,Elena N. Ieno,Elena N. Ieno,
person:A5041615321,person,A5041615321,Elie A. Akl,Elie A. Akl,https://orcid.org/0000-0002-3444-8618
person:A5047742196,person,A5047742196,Elisabeth Fritsch,Elisabeth Fritsch,
person:A5051803014,person,A5051803014,Elissa M. Abrams,Elissa M. Abrams,https://orcid.org/0000-0003-3433-1986
person:A5103081894,person,A5103081894,Elizabeth A. Eisenhauer,Elizabeth A. Eisenhauer,https://orcid.org/0009-0006-1410-7820
person:A5068609634,person,A5068609634,Elizabeth K. Costello,Elizabeth K. Costello,https://orcid.org/0000-0002-6441-2931
person:A5054045289,person,A5054045289,Elizabeth Loder,Elizabeth Loder,https://orcid.org/0000-0003-1501-2947
person:A5071955362,person,A5071955362,Elizabeth R. DeLong,Elizabeth R. DeLong,https://orcid.org/0000-0001-7166-1867
person:A5028138468,person,A5028138468,Elizabeth Strutzel,Elizabeth Strutzel,
person:A5087861735,person,A5087861735,Elizabeth Villa,Elizabeth Villa,https://orcid.org/0000-0003-4677-9809
person:A5101396776,person,A5101396776,Elizabeth Ward,Elizabeth Ward,https://orcid.org/0000-0002-3575-6639
person:A5109226276,person,A5109226276,Elizabeth Waters,Elizabeth Waters,
person:W2896457183-person-1,person,W2896457183-person-1,"Ell, Basil","Ell, Basil",https://orcid.org/0000-0002-8863-3157
person:A5046346579,person,A5046346579,Ellen Clancy,Ellen Clancy,https://orcid.org/0000-0003-4425-3985
person:A5050152988,person,A5050152988,Ellen E. Walters,Ellen E. Walters,
person:A5003436229,person,A5003436229,Elmar Pruesse,Elmar Pruesse,https://orcid.org/0000-0002-1656-6020
person:A5112319973,person,A5112319973,Elyse Foster,Elyse Foster,
person:A5033708738,person,A5033708738,Elías Hólm,Elías Hólm,
person:A5087810793,person,A5087810793,Emad Tajkhorshid,Emad Tajkhorshid,https://orcid.org/0000-0001-8434-1010
person:A5042905021,person,A5042905021,Emanuel M. Stadlan,Emanuel M. Stadlan,
person:W3003257820-person-51,person,W3003257820-person-51,Emanuele Olivetti,Emanuele Olivetti,
person:A5110890858,person,A5110890858,Emil Wolf,Emil Wolf,
person:A5066858273,person,A5066858273,Emilie Agardh,Emilie Agardh,https://orcid.org/0000-0002-8408-1279
person:A5055917872,person,A5055917872,Emily B. Hollister,Emily B. Hollister,
person:A5012356079,person,A5012356079,Emily K. Cope,Emily K. Cope,https://orcid.org/0000-0002-9631-2791
person:A5080956415,person,A5080956415,Emily Vogtmann,Emily Vogtmann,https://orcid.org/0000-0003-1355-5593
person:A5052101351,person,A5052101351,Emma Lundberg,Emma Lundberg,https://orcid.org/0000-0001-7034-0850
person:A5072495084,person,A5072495084,Emmanuel J. Candès,Emmanuel J. Candès,https://orcid.org/0000-0001-9234-924X
person:A5074743574,person,A5074743574,Emmanuelle Charpentier,Emmanuelle Charpentier,https://orcid.org/0000-0002-0254-0778
person:A5044434940,person,A5044434940,Eniac,Eniac,
person:A5029475781,person,A5029475781,Eric Banks,Eric Banks,https://orcid.org/0000-0001-9615-2372
person:A5044048476,person,A5044048476,Eric Boerwinkle,Eric Boerwinkle,https://orcid.org/0000-0001-8813-0544
person:W4292363360-person-2,person,W4292363360-person-2,Eric Chu,Eric Chu,
person:A5107829546,person,A5107829546,Eric D. Green,Eric D. Green,
person:A5070528313,person,A5070528313,Eric F. Pettersen,Eric F. Pettersen,
person:A5033911409,person,A5033911409,Eric Feron,Eric Feron,
person:A5068660339,person,A5068660339,Eric H. Y. Lau,Eric H. Y. Lau,https://orcid.org/0000-0002-6688-9637
person:A5091119492,person,A5091119492,Eric J. Alm,Eric J. Alm,https://orcid.org/0000-0001-8294-9364
person:W3003257820-person-16,person,W3003257820-person-16,Eric Jones,Eric Jones,
person:W3003257820-person-18,person,W3003257820-person-18,Eric Larson,Eric Larson,
person:W3003257820-person-52,person,W3003257820-person-52,Eric Martin,Eric Martin,
person:A5108140420,person,A5108140420,Eric S. Lander,Eric S. Lander,
person:A5020748592,person,A5020748592,Eric S. Lander,Eric S. Lander,https://orcid.org/0000-0003-2662-4631
person:W3003257820-person-22,person,W3003257820-person-22,Eric W. Moore,Eric W. Moore,
person:W3035965352-person-6,person,W3035965352-person-6,Eric Wieser,Eric Wieser,
person:W3003257820-person-53,person,W3003257820-person-53,Eric Wieser,Eric Wieser,
person:A5060805359,person,A5060805359,Erich Gamma,Erich Gamma,
person:A5089114785,person,A5089114785,Erik K. Alexander,Erik K. Alexander,https://orcid.org/0000-0002-1313-2462
person:A5050629872,person,A5050629872,Erik Larsson,Erik Larsson,https://orcid.org/0000-0003-1400-0119
person:A5008875190,person,A5008875190,Erik Lindahl,Erik Lindahl,https://orcid.org/0000-0002-2734-2794
person:A5053857782,person,A5053857782,Erik M. van Mulligen,Erik M. van Mulligen,https://orcid.org/0000-0003-1377-9386
person:A5062503784,person,A5062503784,Erik Scherder,Erik Scherder,https://orcid.org/0000-0003-1203-3208
person:A5043231938,person,A5043231938,Erik Schultes,Erik Schultes,https://orcid.org/0000-0001-8888-635X
person:A5054799659,person,A5054799659,Erik von Elm,Erik von Elm,https://orcid.org/0000-0002-7412-0406
person:A5047818038,person,A5047818038,Erikka Loftfield,Erikka Loftfield,https://orcid.org/0000-0002-3573-8748
person:A5031902837,person,A5031902837,Erin Lillie,Erin Lillie,https://orcid.org/0000-0001-7672-6535
person:A5048448601,person,A5048448601,Ernoiz Antriyandarti,Ernoiz Antriyandarti,https://orcid.org/0000-0002-0948-4000
person:A5022195731,person,A5022195731,Ernst Rietzschel,Ernst Rietzschel,https://orcid.org/0000-0002-8422-177X
person:A5057584685,person,A5057584685,Erving Goffman,Erving Goffman,
person:A5005279299,person,A5005279299,Erwin Frise,Erwin Frise,https://orcid.org/0000-0002-9281-4567
person:A5027089376,person,A5027089376,Erwin Neher,Erwin Neher,https://orcid.org/0000-0002-9758-7922
person:A5071787046,person,A5071787046,Ethan Cerami,Ethan Cerami,https://orcid.org/0009-0009-2340-4490
person:A5043749084,person,A5043749084,Etienne Lefebvre,Etienne Lefebvre,
person:A5091820687,person,A5091820687,Eugene F. Fama,Eugene F. Fama,
person:A5015292353,person,A5015292353,Eugene Kulesha,Eugene Kulesha,https://orcid.org/0000-0002-4285-6232
person:A5068657716,person,A5068657716,Eugene W. Myers,Eugene W. Myers,https://orcid.org/0000-0002-6580-7839
person:A5062003303,person,A5062003303,Eugenia Kalnay,Eugenia Kalnay,https://orcid.org/0000-0002-9984-9906
person:A5109411364,person,A5109411364,Eva Braak,Eva Braak,
person:A5060687347,person,A5060687347,Evaluation Expert Panel on Detection,Evaluation Expert Panel on Detection,
person:A5014309302,person,A5014309302,Evan Bolyen,Evan Bolyen,https://orcid.org/0000-0002-5362-6782
person:W2104549677-person-10,person,W2104549677-person-10,Evan E. Eichler,Evan E. Eichler,
person:A5111906486,person,A5111906486,Evan Mauceli,Evan Mauceli,
person:A5055917772,person,A5055917772,Evan Mayo‐Wilson,Evan Mayo‐Wilson,https://orcid.org/0000-0001-6126-2459
person:A5110811743,person,A5110811743,Evan Miller,Evan Miller,
person:A5023786468,person,A5023786468,Evan Shelhamer,Evan Shelhamer,https://orcid.org/0000-0002-5228-3095
person:A5013148496,person,A5013148496,Eva‐Maria Grischke,Eva‐Maria Grischke,https://orcid.org/0000-0001-7413-5053
person:A5090268234,person,A5090268234,Evelina Sjöstedt,Evelina Sjöstedt,https://orcid.org/0000-0002-0327-7377
person:A5009640664,person,A5009640664,Eveline Wouters,Eveline Wouters,https://orcid.org/0000-0001-8911-9398
person:A5038727864,person,A5038727864,Everett M. Rogers,Everett M. Rogers,
person:W3003257820-person-6,person,W3003257820-person-6,Evgeni Burovski,Evgeni Burovski,
person:A5109381048,person,A5109381048,F. Ann Ran,F. Ann Ran,
person:A5022678642,person,A5022678642,F. Behner,F. Behner,https://orcid.org/0000-0002-2432-2851
person:A5041391948,person,A5041391948,F. Foppiano,F. Foppiano,
person:A5073467817,person,A5073467817,F. Guinea,F. Guinea,https://orcid.org/0000-0001-5915-5427
person:A5055873905,person,A5055873905,F. J. Devlin,F. J. Devlin,
person:A5062254329,person,A5062254329,F. James Rohlf,F. James Rohlf,https://orcid.org/0000-0003-0522-3679
person:A5024184734,person,A5024184734,F. Lei,F. Lei,https://orcid.org/0000-0002-4365-988X
person:A5100626378,person,A5100626378,F. Longo,F. Longo,https://orcid.org/0000-0003-2501-2270
person:A5103278389,person,A5103278389,F. Marini,F. Marini,https://orcid.org/0000-0002-9495-2349
person:A5105412462,person,A5105412462,F. Ranjard,F. Ranjard,
person:A5024173189,person,A5024173189,F. Rodrı́guez-Reinoso,F. Rodrı́guez-Reinoso,https://orcid.org/0000-0002-4212-9860
person:A5109983911,person,A5109983911,F. Smith,F. Smith,
person:A5002029117,person,A5002029117,F. Valentin,F. Valentin,
person:A5075336811,person,A5075336811,F.H. Gartner,F.H. Gartner,
person:A5002338136,person,A5002338136,F.W. Jones,F.W. Jones,
person:A5112582604,person,A5112582604,Fa-Xian Zhan,Fa-Xian Zhan,
person:W3003257820-person-32,person,W3003257820-person-32,Fabian Pedregosa,Fabian Pedregosa,
person:A5037909083,person,A5037909083,Fabian Sievers,Fabian Sievers,
person:A5066230939,person,A5066230939,Fabrice Crivello,Fabrice Crivello,https://orcid.org/0000-0001-6950-984X
person:W3003257820-person-54,person,W3003257820-person-54,Fabrice Silva,Fabrice Silva,
person:W3005079553-person-3,person,W3005079553-person-3,Fangfang Zhu,Fangfang Zhu,
person:A5012235172,person,A5012235172,Fatemeh Amiri,Fatemeh Amiri,https://orcid.org/0000-0002-4082-1060
person:A5109113291,person,A5109113291,Faxian Zhan,Faxian Zhan,
person:A5101410245,person,A5101410245,Federica Di Palma,Federica Di Palma,https://orcid.org/0000-0002-4394-0102
person:A5012294253,person,A5012294253,Fei Zhou,Fei Zhou,https://orcid.org/0000-0002-9871-4882
person:A5010589139,person,A5010589139,Feiwu Chen,Feiwu Chen,https://orcid.org/0000-0003-2420-2419
person:A5068924079,person,A5068924079,Felip Burgos,Felip Burgos,https://orcid.org/0000-0002-4938-4581
person:W3003257820-person-55,person,W3003257820-person-55,Felix Lenders,Felix Lenders,
person:A5029421561,person,A5029421561,Felix Schlesinger,Felix Schlesinger,
person:A5100401298,person,A5100401298,Feng Zhang,Feng Zhang,https://orcid.org/0000-0003-0178-7995
person:A5087860738,person,A5087860738,Fengyun Gong,Fengyun Gong,
person:A5006820691,person,A5006820691,Fereshteh Ansari,Fereshteh Ansari,https://orcid.org/0000-0001-8554-1276
person:A5036170744,person,A5036170744,Fernando Bernardi,Fernando Bernardi,
person:A5100767595,person,A5100767595,Fernando J. Martínez,Fernando J. Martínez,https://orcid.org/0000-0002-2412-3182
person:A5086305028,person,A5086305028,Fernando Vargas,Fernando Vargas,https://orcid.org/0000-0001-5847-2439
person:A5079465565,person,A5079465565,Fethi Bougares,Fethi Bougares,
person:A5072598822,person,A5072598822,Filip Pattyn,Filip Pattyn,https://orcid.org/0000-0003-0858-6651
person:A5010206657,person,A5010206657,Filippo Ariani,Filippo Ariani,https://orcid.org/0000-0002-0504-1712
person:A5027078567,person,A5027078567,Fischer Black,Fischer Black,
person:W2432517183-person-1,person,W2432517183-person-1,"Flannery, Brian P","Flannery, Brian P",
person:A5042883925,person,A5042883925,Florencio López‐de‐Silanes,Florencio López‐de‐Silanes,https://orcid.org/0000-0002-5204-5599
person:A5029882914,person,A5029882914,Florian Menter,Florian Menter,
person:A5020738851,person,A5020738851,Florian Weigend,Florian Weigend,https://orcid.org/0000-0001-5060-1689
person:W3003257820-person-56,person,W3003257820-person-56,Florian Wilhelm,Florian Wilhelm,
person:A5011687402,person,A5011687402,Florin‐Andrei Taran,Florin‐Andrei Taran,https://orcid.org/0000-0001-9167-047X
person:A5081409858,person,A5081409858,Foad Abd-Allah,Foad Abd-Allah,https://orcid.org/0000-0001-8308-5756
person:A5014796220,person,A5014796220,Folke Skoog,Folke Skoog,
person:W2156098321-person-4,person,W2156098321-person-4,for the PRISMA Group,for the PRISMA Group,
person:W2059796825-person-6,person,W2059796825-person-6,for the STROBE Initiative,for the STROBE Initiative,
person:W2599076725-person-6,person,W2599076725-person-6,for the STROBE Initiative,for the STROBE Initiative,
person:A5023870348,person,A5023870348,Francesco Asnicar,Francesco Asnicar,https://orcid.org/0000-0003-3732-1468
person:A5023489769,person,A5023489769,Francesco Delacqua,Francesco Delacqua,
person:A5072105192,person,A5072105192,Francesco Mauri,Francesco Mauri,https://orcid.org/0000-0002-6666-4710
person:A5072778946,person,A5072778946,Franco Lombardo,Franco Lombardo,https://orcid.org/0000-0002-0875-1664
person:A5020932112,person,A5020932112,Frank A. Flachskampf,Frank A. Flachskampf,https://orcid.org/0000-0002-7401-278X
person:A5113665373,person,A5113665373,Frank C. Arnett,Frank C. Arnett,
person:A5061019231,person,A5061019231,Frank Delaglio,Frank Delaglio,https://orcid.org/0000-0003-1264-2556
person:A5091470163,person,A5091470163,Frank Oliver Glöckner,Frank Oliver Glöckner,https://orcid.org/0000-0001-8528-9023
person:A5108489684,person,A5108489684,Frank Speleman,Frank Speleman,
person:A5028194420,person,A5028194420,Frank Weinhold,Frank Weinhold,https://orcid.org/0000-0002-9580-054X
person:A5035299523,person,A5035299523,Franz Faul,Franz Faul,https://orcid.org/0000-0002-7158-2920
person:A5026413767,person,A5026413767,François Alla,François Alla,https://orcid.org/0000-0002-5793-7190
person:A5024393893,person,A5024393893,François Chollet,François Chollet,https://orcid.org/0000-0003-1474-3908
person:W2100379340-person-3,person,W2100379340-person-3,Fred D. Davis,Fred D. Davis,
person:A5103061328,person,A5103061328,Fred D. Davis,Fred D. Davis,https://orcid.org/0000-0002-7774-2016
person:A5051541998,person,A5051541998,Fred J. Sigworth,Fred J. Sigworth,https://orcid.org/0000-0002-7178-8494
person:A5000736765,person,A5000736765,Fred S. Guthery,Fred S. Guthery,
person:A5064215217,person,A5064215217,Freddie Bray,Freddie Bray,https://orcid.org/0000-0002-3248-7787
person:A5016535188,person,A5016535188,Frederic D. Bushman,Frederic D. Bushman,https://orcid.org/0000-0003-4740-4056
person:W2010094123-person-8,person,W2010094123-person-8,Frederick E. Domann,Frederick E. Domann,
person:W2153943092-person-0,person,W2153943092-person-0,Frederick J. Riggins,Frederick J. Riggins,
person:A5114007683,person,A5114007683,Frederick Sanger,Frederick Sanger,
person:A5030690893,person,A5030690893,Frederick Van Lente,Frederick Van Lente,
person:A5035416322,person,A5035416322,Fredric Johansson,Fredric Johansson,https://orcid.org/0000-0001-5160-9543
person:A5005639182,person,A5005639182,Fredrik Pontén,Fredrik Pontén,https://orcid.org/0000-0003-0703-3940
person:A5048208979,person,A5048208979,Fredrik Ronquist,Fredrik Ronquist,https://orcid.org/0000-0002-3929-251X
person:W2010094123-person-10,person,W2010094123-person-10,Free Radical,Free Radical,
person:A5073268552,person,A5073268552,Freja Vamborg,Freja Vamborg,https://orcid.org/0000-0003-3092-0775
person:A5049168910,person,A5049168910,Frédéric Vitart,Frédéric Vitart,https://orcid.org/0000-0001-8485-7981
person:A5109500726,person,A5109500726,Fujio Izumi,Fujio Izumi,
person:A5010575896,person,A5010575896,Fumikazu Takeda,Fumikazu Takeda,
person:A5083770629,person,A5083770629,Furio Pacini,Furio Pacini,https://orcid.org/0000-0003-2655-3693
person:A5035676266,person,A5035676266,Félix Guattari,Félix Guattari,
person:A5110191677,person,A5110191677,Fēi Dèng,Fēi Dèng,https://orcid.org/0000-0002-5385-083X
person:A5037180728,person,A5037180728,G H S Stanley,G H S Stanley,
person:A5039362833,person,A5039362833,G. Aldering,G. Aldering,
person:A5013657038,person,A5013657038,G. Biavati,G. Biavati,https://orcid.org/0000-0002-1675-6967
person:A5032792168,person,A5032792168,G. Bunkóczi,G. Bunkóczi,https://orcid.org/0000-0002-4911-7248
person:A5019659358,person,A5019659358,G. Chiarotti,G. Chiarotti,https://orcid.org/0000-0003-0431-9265
person:A5053210927,person,A5053210927,G. Cosmo,G. Cosmo,
person:A5078458268,person,A5078458268,G. Depaola,G. Depaola,
person:A5075676762,person,A5075676762,G. Folger,G. Folger,
person:A5109528453,person,A5109528453,G. Goldhaber,G. Goldhaber,
person:A5084748758,person,A5084748758,G. Gracia Abril,G. Gracia Abril,
person:A5029352096,person,A5029352096,G. Greeniaus,G. Greeniaus,
person:A5049036967,person,A5049036967,G. Herzberg,G. Herzberg,
person:A5024727980,person,A5024727980,G. Marius Clore,G. Marius Clore,https://orcid.org/0000-0003-3809-1027
person:A5078790563,person,A5078790563,G. Santin,G. Santin,https://orcid.org/0000-0003-4330-9449
person:W3003257820-person-57,person,W3003257820-person-57,G. Young,G. Young,
person:A5058766687,person,A5058766687,Gabriel A. Al‐Ghalith,Gabriel A. Al‐Ghalith,https://orcid.org/0000-0002-6953-6319
person:A5084048014,person,A5084048014,Gabriele Sclauzero,Gabriele Sclauzero,https://orcid.org/0000-0002-0715-3611
person:A5030388625,person,A5030388625,Gabrielle Appleton,Gabrielle Appleton,https://orcid.org/0000-0003-0179-7384
person:A5001392592,person,A5001392592,Gad Getz,Gad Getz,https://orcid.org/0000-0002-0936-0753
person:A5112135752,person,A5112135752,Gail Lorenz Miller,Gail Lorenz Miller,
person:A5100438769,person,A5100438769,Gang Li,Gang Li,https://orcid.org/0000-0003-1583-641X
person:A5078408795,person,A5078408795,Gang Qiu,Gang Qiu,https://orcid.org/0000-0001-6626-1404
person:A5057457548,person,A5057457548,Gang Sun,Gang Sun,https://orcid.org/0000-0002-6608-9971
person:A5013240918,person,A5013240918,Gao Huang,Gao Huang,https://orcid.org/0000-0002-7251-0988
person:A5022190510,person,A5022190510,Garrett Grolemund,Garrett Grolemund,https://orcid.org/0000-0002-7765-6011
person:A5111448232,person,A5111448232,Garrett Hardin,Garrett Hardin,
person:A5011245839,person,A5011245839,Garrett M. Morris,Garrett M. Morris,https://orcid.org/0000-0003-1731-8405
person:W2010094123-person-1,person,W2010094123-person-1,Garry R. Buettner,Garry R. Buettner,
person:A5108081836,person,A5108081836,Gary G. Koch,Gary G. Koch,
person:A5069575711,person,A5069575711,Gary J. Kapral,Gary J. Kapral,
person:A5070610744,person,A5070610744,Gary P. Pisano,Gary P. Pisano,https://orcid.org/0000-0002-5256-2019
person:W3003257820-person-58,person,W3003257820-person-58,Gavin A. Price,Gavin A. Price,
person:A5091335490,person,A5091335490,Gavin Huttley,Gavin Huttley,https://orcid.org/0000-0001-7224-2074
person:A5050467747,person,A5050467747,Gavin Kelman,Gavin Kelman,
person:A5001579116,person,A5001579116,Gavin M. Douglas,Gavin M. Douglas,https://orcid.org/0000-0001-5164-6707
person:A5058333700,person,A5058333700,Gavin Sherlock,Gavin Sherlock,https://orcid.org/0000-0002-1692-4983
person:A5067385781,person,A5067385781,Ge Shao,Ge Shao,
person:A5056276177,person,A5056276177,Geert Hofstede,Geert Hofstede,
person:A5103500973,person,A5103500973,Geerten W. Vuister,Geerten W. Vuister,https://orcid.org/0000-0001-6172-5097
person:A5070983794,person,A5070983794,Gene Cooperman,Gene Cooperman,https://orcid.org/0000-0003-2175-3848
person:A5008494496,person,A5008494496,Gene G. Hunder,Gene G. Hunder,https://orcid.org/0000-0002-1246-107X
person:A5110003399,person,A5110003399,Gene H. Golub,Gene H. Golub,
person:A5111259036,person,A5111259036,Gengfu Xiao,Gengfu Xiao,
person:A5069088537,person,A5069088537,Geo Pertea,Geo Pertea,https://orcid.org/0000-0002-3210-7182
person:A5108093963,person,A5108093963,Geoffrey E. Hinton,Geoffrey E. Hinton,
person:A5063502807,person,A5063502807,Geoffrey Holmes,Geoffrey Holmes,https://orcid.org/0000-0003-0433-8925
person:A5065412037,person,A5065412037,Georg Herrler,Georg Herrler,https://orcid.org/0000-0002-5827-0957
person:A5019751186,person,A5019751186,Georg Kresse,Georg Kresse,https://orcid.org/0000-0001-9102-4259
person:A5016618355,person,A5016618355,Georg Ostrovski,Georg Ostrovski,
person:A5081873388,person,A5081873388,George A. Akerlof,George A. Akerlof,https://orcid.org/0000-0003-3049-6038
person:A5035644440,person,A5035644440,George A. Wells,George A. Wells,https://orcid.org/0000-0002-2289-9139
person:A5022867589,person,A5022867589,George Coulouris,George Coulouris,
person:A5013184354,person,A5013184354,George Davey Smith,George Davey Smith,https://orcid.org/0000-0002-1407-8314
person:A5112669993,person,A5112669993,George E. P. Box,George E. P. Box,
person:A5015873777,person,A5015873777,George F. Gao,George F. Gao,https://orcid.org/0000-0002-3869-615X
person:A5109290855,person,A5109290855,George L. Ellman,George L. Ellman,
person:A5009215192,person,A5009215192,George L. Simpson,George L. Simpson,https://orcid.org/0000-0002-2446-0461
person:A5000829187,person,A5000829187,George Lakoff,George Lakoff,https://orcid.org/0000-0002-8972-2856
person:A5040654425,person,A5040654425,George M Garrity,George M Garrity,https://orcid.org/0000-0002-4465-7034
person:A5014023359,person,A5014023359,George M. Pharr,George M. Pharr,https://orcid.org/0000-0002-6634-8320
person:A5042885999,person,A5042885999,George M. Sheldrick,George M. Sheldrick,https://orcid.org/0000-0001-6956-4822
person:A5110670884,person,A5110670884,George Miller,George Miller,
person:A5034294456,person,A5034294456,George Papandreou,George Papandreou,https://orcid.org/0000-0002-1468-2976
person:A5089121489,person,A5089121489,George Scatchard,George Scatchard,
person:A5082263504,person,A5082263504,George Strawn,George Strawn,https://orcid.org/0000-0003-4098-0464
person:A5025210358,person,A5025210358,George van den Driessche,George van den Driessche,
person:A5021166281,person,A5021166281,George W. Snedecor,George W. Snedecor,
person:A5063158693,person,A5063158693,George Wald,George Wald,
person:A5040482719,person,A5040482719,Georges Köhler,Georges Köhler,
person:A5014407395,person,A5014407395,Georgia Gkioxari,Georgia Gkioxari,
person:A5086255792,person,A5086255792,Gerald M. Rubin,Gerald M. Rubin,https://orcid.org/0000-0001-8762-8703
person:A5063651408,person,A5063651408,Gerard M. Doherty,Gerard M. Doherty,https://orcid.org/0000-0002-7874-3766
person:A5037209090,person,A5037209090,Gerhard Thallinger,Gerhard Thallinger,https://orcid.org/0000-0002-2864-5404
person:A5070936021,person,A5070936021,Gerrit Groenhof,Gerrit Groenhof,https://orcid.org/0000-0001-8148-5334
person:W3003257820-person-59,person,W3003257820-person-59,Gert-Ludwig Ingold,Gert-Ludwig Ingold,
person:A5062526316,person,A5062526316,Gerton Lunter,Gerton Lunter,https://orcid.org/0000-0002-3798-2058
person:A5006260823,person,A5006260823,Gianfranco Alicandro,Gianfranco Alicandro,https://orcid.org/0000-0002-0430-2714
person:A5032495968,person,A5032495968,Gianna Gayle Herrera Amul,Gianna Gayle Herrera Amul,https://orcid.org/0000-0002-4197-9601
person:A5021304034,person,A5021304034,Gianpaolo Balsamo,Gianpaolo Balsamo,https://orcid.org/0000-0002-1745-3634
person:A5090601001,person,A5090601001,Gideon Dresdner,Gideon Dresdner,
person:A5103816868,person,A5103816868,Gideon James Rubin,Gideon James Rubin,
person:W2104549677-person-23,person,W2104549677-person-23,Gil A. McVean,Gil A. McVean,
person:A5000481707,person,A5000481707,Gil McVean,Gil McVean,https://orcid.org/0000-0002-5012-4162
person:A5089101943,person,A5089101943,Gill Crozier,Gill Crozier,https://orcid.org/0000-0003-2927-0533
person:A5023188928,person,A5023188928,Gilles Deleuze,Gilles Deleuze,
person:A5054428913,person,A5054428913,Gina Agarwal,Gina Agarwal,https://orcid.org/0000-0002-5691-4675
person:A5058425683,person,A5058425683,Giovanna De Chiara,Giovanna De Chiara,https://orcid.org/0000-0002-4540-0687
person:A5005340330,person,A5005340330,Giovanni Bussi,Giovanni Bussi,https://orcid.org/0000-0001-9216-5782
person:A5034536267,person,A5034536267,Giovanni Ciccotti,Giovanni Ciccotti,https://orcid.org/0000-0003-0764-9657
person:A5014398074,person,A5014398074,Giovanni Delacqua,Giovanni Delacqua,
person:A5000913865,person,A5000913865,Giovanni Viegi,Giovanni Viegi,https://orcid.org/0000-0002-1855-4410
person:A5067791761,person,A5067791761,Glen Stecher,Glen Stecher,
person:A5008015231,person,A5008015231,Glenn H. White,Glenn H. White,
person:A5082020229,person,A5082020229,Glenn T. Horn,Glenn T. Horn,
person:A5077061858,person,A5077061858,Glenn Tesler,Glenn Tesler,
person:A5032186734,person,A5032186734,GM Leung,GM Leung,https://orcid.org/0000-0002-2503-6283
person:W4385245566-person-2,person,W4385245566-person-2,"Goertzel, Zarathustra","Goertzel, Zarathustra",https://orcid.org/0000-0002-8458-2786
person:W3099878876-person-24,person,W3099878876-person-24,"Gohlke, C","Gohlke, C",
person:W3099878876-person-3,person,W3099878876-person-3,"Gommers, R","Gommers, R",
person:A5078559681,person,A5078559681,Gonçalo R. Abecasis,Gonçalo R. Abecasis,https://orcid.org/0000-0003-1509-1825
person:W2104549677-person-2,person,W2104549677-person-2,Gonçalo R. Abecasis,Gonçalo R. Abecasis,
person:W2104549677-person-5,person,W2104549677-person-5,Gonçalo R. Abecasis,Gonçalo R. Abecasis,
person:W2100379340-person-2,person,W2100379340-person-2,Gordon B. Davis,Gordon B. Davis,
person:A5041987677,person,A5041987677,Gordon Blackshields,Gordon Blackshields,https://orcid.org/0000-0003-2114-9958
person:A5110810503,person,A5110810503,Gordon D. Rubenfeld,Gordon D. Rubenfeld,
person:A5031717153,person,A5031717153,Gordon Guyatt,Gordon Guyatt,https://orcid.org/0000-0003-2352-5718
person:A5054704071,person,A5054704071,Gordon K. Smyth,Gordon K. Smyth,https://orcid.org/0000-0001-9221-2892
person:A5009489348,person,A5009489348,Gordon Kwan,Gordon Kwan,
person:A5022819682,person,A5022819682,Gordon McKay,Gordon McKay,https://orcid.org/0000-0001-9965-7659
person:A5052393113,person,A5052393113,Gordon R. Bernard,Gordon R. Bernard,https://orcid.org/0000-0002-4721-3068
person:A5047676104,person,A5047676104,Graeme Henkelman,Graeme Henkelman,https://orcid.org/0000-0002-0336-7153
person:A5103385359,person,A5103385359,Graham M. Smith,Graham M. Smith,
person:A5018956008,person,A5018956008,Greg Guest,Greg Guest,
person:A5031081653,person,A5031081653,Greg S. Martin,Greg S. Martin,https://orcid.org/0000-0002-9684-7593
person:A5050964428,person,A5050964428,Greg T. Hermanson,Greg T. Hermanson,
person:W3003257820-person-60,person,W3003257820-person-60,Gregory E. Allen,Gregory E. Allen,
person:A5040274092,person,A5040274092,Gregory J. Pazour,Gregory J. Pazour,https://orcid.org/0000-0002-6285-8796
person:A5036551563,person,A5036551563,Gregory L. Burke,Gregory L. Burke,https://orcid.org/0000-0002-9347-7873
person:A5112455318,person,A5112455318,Gregory L. Shipley,Gregory L. Shipley,
person:A5057042667,person,A5057042667,Gregory L. Warren,Gregory L. Warren,https://orcid.org/0000-0003-4017-0162
person:W3003257820-person-61,person,W3003257820-person-61,Gregory R. Lee,Gregory R. Lee,
person:A5109092982,person,A5109092982,Gregory S. Couch,Gregory S. Couch,
person:A5012484496,person,A5012484496,Gregory W. Randolph,Gregory W. Randolph,https://orcid.org/0000-0001-5373-9181
person:A5000162373,person,A5000162373,Grzegorz Grynkiewicz,Grzegorz Grynkiewicz,https://orcid.org/0000-0003-2439-2443
person:A5065458315,person,A5065458315,Guang Zeng,Guang Zeng,https://orcid.org/0000-0002-5201-9796
person:A5103263500,person,A5103263500,Guang Zhu,Guang Zhu,https://orcid.org/0000-0003-3802-3446
person:A5065676200,person,A5065676200,Guangbiao Wang,Guangbiao Wang,https://orcid.org/0009-0007-6634-4534
person:A5027320896,person,A5027320896,Guangchuang Yu,Guangchuang Yu,https://orcid.org/0000-0002-6485-8781
person:A5013568062,person,A5013568062,Guangfa Wang,Guangfa Wang,https://orcid.org/0000-0001-5949-2124
person:A5036176427,person,A5036176427,Guangwei Qiao,Guangwei Qiao,
person:A5076721992,person,A5076721992,Guido Fratesi,Guido Fratesi,https://orcid.org/0000-0003-1077-7596
person:A5014129073,person,A5014129073,Guido Reifenberger,Guido Reifenberger,https://orcid.org/0000-0002-1419-9837
person:A5090787049,person,A5090787049,Guillaume Evanno,Guillaume Evanno,https://orcid.org/0000-0003-4832-1914
person:A5049011209,person,A5049011209,Guillermo L. Taboada,Guillermo L. Taboada,https://orcid.org/0000-0002-6281-6641
person:A5042900498,person,A5042900498,Guizhen Wu,Guizhen Wu,https://orcid.org/0000-0003-2778-4290
person:A5008584776,person,A5008584776,Gunn Elisabeth Vist,Gunn Elisabeth Vist,https://orcid.org/0000-0001-7764-2501
person:A5106923285,person,A5106923285,Gunnar Borg,Gunnar Borg,
person:A5007682824,person,A5007682824,Gunnar von Heijne,Gunnar von Heijne,https://orcid.org/0000-0002-4490-8569
person:A5100870199,person,A5100870199,Guo-Fan Cao,Guo-Fan Cao,
person:A5082759663,person,A5082759663,Guohui Fan,Guohui Fan,https://orcid.org/0000-0003-2299-3560
person:A5102005485,person,A5102005485,Guoqin Wang,Guoqin Wang,https://orcid.org/0000-0002-6302-577X
person:A5100368556,person,A5100368556,Guoqing Li,Guoqing Li,https://orcid.org/0000-0001-6799-372X
person:A5082784333,person,A5082784333,Guoqing Shi,Guoqing Shi,https://orcid.org/0000-0002-7579-9318
person:A5114911266,person,A5114911266,Gustavo A. B. da Fonseca,Gustavo A. B. da Fonseca,https://orcid.org/0000-0002-6290-5812
person:A5016283866,person,A5016283866,Gustavo E. Scuseria,Gustavo E. Scuseria,https://orcid.org/0000-0002-4635-8126
person:A5005804616,person,A5005804616,Guy Barrand,Guy Barrand,https://orcid.org/0000-0001-7571-0558
person:A5074628106,person,A5074628106,Guy M. McKhann,Guy M. McKhann,https://orcid.org/0000-0002-9695-3564
person:A5019659765,person,A5019659765,Gwilym M. Jenkins,Gwilym M. Jenkins,
person:A5000369565,person,A5000369565,Gábor Marth,Gábor Marth,https://orcid.org/0000-0003-0222-1694
person:A5016465897,person,A5016465897,Gábor Radnóti,Gábor Radnóti,
person:W3099878876-person-19,person,W3099878876-person-19,"Gérard-Marchant, P","Gérard-Marchant, P",
person:W1964184380-person-2,person,W1964184380-person-2,H Aizawa,H Aizawa,
person:W1964184380-person-10,person,W1964184380-person-10,H Iwasaki,H Iwasaki,
person:W1964184380-person-3,person,W1964184380-person-3,H Kawaguchi,H Kawaguchi,
person:A5062831035,person,A5062831035,H. Aebi,H. Aebi,
person:A5028277431,person,A5028277431,H. Akaike,H. Akaike,
person:A5106852621,person,A5106852621,H. Burkhardt,H. Burkhardt,https://orcid.org/0000-0003-2711-1141
person:A5064832872,person,A5064832872,H. Butler,H. Butler,
person:A5110449310,person,A5110449310,H. F. Robinson,H. F. Robinson,
person:A5113580301,person,A5113580301,H. Fesefeldt,H. Fesefeldt,
person:A5003870645,person,A5003870645,H. Hasui,H. Hasui,
person:A5045572462,person,A5045572462,H. Herne,H. Herne,
person:A5064860139,person,A5064860139,H. Kurashige,H. Kurashige,https://orcid.org/0000-0003-3932-016X
person:A5039274552,person,A5039274552,H. L. Miller,H. L. Miller,
person:A5075976624,person,A5075976624,H. M. Araújo,H. M. Araújo,https://orcid.org/0000-0002-5972-2783
person:A5109290455,person,A5109290455,H. M. Rietveld,H. M. Rietveld,
person:A5088668684,person,A5088668684,H. P. Grice,H. P. Grice,
person:A5005199063,person,A5005199063,H. S. Carslaw,H. S. Carslaw,
person:A5029232704,person,A5029232704,H.J. Eysenck,H.J. Eysenck,
person:W4392145873-person-4,person,W4392145873-person-4,"Hadjas, Irka","Hadjas, Irka",
person:A5016175339,person,A5016175339,Hadley Wickham,Hadley Wickham,https://orcid.org/0000-0003-4757-117X
person:A5081897732,person,A5081897732,Haider Raza,Haider Raza,https://orcid.org/0000-0001-9680-5388
person:A5108093688,person,A5108093688,Hai‐Rim Shin,Hai‐Rim Shin,
person:A5103455390,person,A5103455390,Halbert White,Halbert White,
person:W3099878876-person-15,person,W3099878876-person-15,"Haldane, A","Haldane, A",
person:A5030779759,person,A5030779759,Halil Us,Halil Us,
person:W3035965352-person-23,person,W3035965352-person-23,Hameer Abbasi,Hameer Abbasi,
person:A5004513221,person,A5004513221,Hamid Ahmadieh,Hamid Ahmadieh,https://orcid.org/0000-0002-8139-2661
person:A5112664269,person,A5112664269,Hamid R. Sheikh,Hamid R. Sheikh,
person:A5084942657,person,A5084942657,Hamish McWilliam,Hamish McWilliam,https://orcid.org/0000-0003-1769-5032
person:A5101976576,person,A5101976576,Han Hu,Han Hu,https://orcid.org/0000-0001-5104-6146
person:A5056614607,person,A5056614607,Hanna Tegel,Hanna Tegel,https://orcid.org/0000-0002-7067-9173
person:A5086800123,person,A5086800123,Hannah E. Fuchs,Hannah E. Fuchs,https://orcid.org/0000-0003-2426-0096
person:A5044441675,person,A5044441675,Hannah Kleine‐Weber,Hannah Kleine‐Weber,
person:A5068121257,person,A5068121257,Hannah R. Rothstein,Hannah R. Rothstein,https://orcid.org/0000-0002-2808-4790
person:A5072721379,person,A5072721379,Hannes Holste,Hannes Holste,https://orcid.org/0000-0001-7739-6590
person:A5051422609,person,A5051422609,Hannes Jónsson,Hannes Jónsson,https://orcid.org/0000-0001-8285-5421
person:A5051170302,person,A5051170302,Hans Hersbach,Hans Hersbach,https://orcid.org/0000-0001-5330-7071
person:A5019720850,person,A5019720850,Hans Lehrach,Hans Lehrach,
person:A5068985170,person,A5068985170,Hans‐Henning Flechtner,Hans‐Henning Flechtner,https://orcid.org/0000-0001-6978-1587
person:A5109848174,person,A5109848174,Hans‐Peter Kriegel,Hans‐Peter Kriegel,
person:A5100627109,person,A5100627109,Hao Su,Hao Su,https://orcid.org/0009-0004-7679-7842
person:A5102379144,person,A5102379144,Hao-Rui Si,Hao-Rui Si,
person:A5016894949,person,A5016894949,Harold I. Feldman,Harold I. Feldman,https://orcid.org/0000-0003-4572-2608
person:A5050518847,person,A5050518847,Harold W. Kroto,Harold W. Kroto,
person:A5013626144,person,A5013626144,Harriet Alexander,Harriet Alexander,https://orcid.org/0000-0003-1308-8008
person:A5091297567,person,A5091297567,Harris Chaiklin,Harris Chaiklin,
person:W3099878876-person-0,person,W3099878876-person-0,"Harris, CR","Harris, CR",
person:A5056249088,person,A5056249088,Harry C. Triandis,Harry C. Triandis,
person:A5090187752,person,A5090187752,Harry Towbin,Harry Towbin,
person:A5050577909,person,A5050577909,HarshaVardhan Doddapaneni,HarshaVardhan Doddapaneni,https://orcid.org/0000-0002-2433-633X
person:A5040789268,person,A5040789268,Harvinder S. Luthra,Harvinder S. Luthra,
person:A5051258190,person,A5051258190,Hassan Abolhassani,Hassan Abolhassani,https://orcid.org/0000-0002-4838-0407
person:A5020076556,person,A5020076556,Hazel Rose Markus,Hazel Rose Markus,https://orcid.org/0000-0002-1390-4389
person:A5065487003,person,A5065487003,Heather Colquhoun,Heather Colquhoun,https://orcid.org/0000-0002-6226-2511
person:A5039134870,person,A5039134870,Hedayat Abbastabar,Hedayat Abbastabar,https://orcid.org/0000-0002-5713-4806
person:A5078137898,person,A5078137898,Heidi E. L. Lischer,Heidi E. L. Lischer,https://orcid.org/0000-0002-9616-2092
person:A5026949185,person,A5026949185,Heidi Jo Newberg,Heidi Jo Newberg,https://orcid.org/0000-0001-8348-0983
person:A5014144046,person,A5014144046,Heidi L. Rehm,Heidi L. Rehm,https://orcid.org/0000-0002-6025-0015
person:A5008754104,person,A5008754104,Heiko A. Schmidt,Heiko A. Schmidt,https://orcid.org/0000-0002-2311-8592
person:A5016965073,person,A5016965073,Heiko Braak,Heiko Braak,https://orcid.org/0000-0002-6776-1045
person:A5048371195,person,A5048371195,Helen King,Helen King,
person:A5071896859,person,A5071896859,Helen M. Berman,Helen M. Berman,https://orcid.org/0000-0002-3337-0660
person:A5033125816,person,A5033125816,Helga Thorvaldsdóttir,Helga Thorvaldsdóttir,
person:A5011411945,person,A5011411945,Helge Krieg,Helge Krieg,
person:A5084106347,person,A5084106347,Helmut R. Wagner,Helmut R. Wagner,
person:A5043669176,person,A5043669176,Helvi Kyngäs,Helvi Kyngäs,https://orcid.org/0000-0002-5723-3484
person:A5082036603,person,A5082036603,Hendrik J. Monkhorst,Hendrik J. Monkhorst,https://orcid.org/0000-0002-2007-4096
person:A5100703985,person,A5100703985,Heng Fan,Heng Fan,https://orcid.org/0000-0002-5328-2449
person:A5100338825,person,A5100338825,Heng Li,Heng Li,https://orcid.org/0000-0003-4874-2874
person:A5006958527,person,A5006958527,Henk Bekker,Henk Bekker,
person:A5042614574,person,A5042614574,Henri Guitton,Henri Guitton,
person:W2032118018-person-7,person,W2032118018-person-7,Henry A. Erlich,Henry A. Erlich,
person:A5112823798,person,A5112823798,Henry B. Mann,Henry B. Mann,
person:A5055215439,person,A5055215439,Henry H. Liu,Henry H. Liu,
person:A5109039984,person,A5109039984,Henry J McQuay,Henry J McQuay,
person:A5064346520,person,A5064346520,Herbert F. Polesky,Herbert F. Polesky,
person:A5083564020,person,A5083564020,Herman J. C. Berendsen,Herman J. C. Berendsen,
person:A5113995631,person,A5113995631,Hermann Schlichting,Hermann Schlichting,
person:W3003257820-person-62,person,W3003257820-person-62,Hervé Audren,Hervé Audren,
person:A5079934306,person,A5079934306,Hidemasa Bono,Hidemasa Bono,https://orcid.org/0000-0003-4413-0651
person:W1598602811-person-0,person,W1598602811-person-0,"Higgins, Julian P. T.","Higgins, Julian P. T.",
person:A5030637056,person,A5030637056,Hilary Arksey,Hilary Arksey,
person:A5010451213,person,A5010451213,Hilde Johnsen,Hilde Johnsen,
person:A5007383633,person,A5007383633,Hiroaki Yutani,Hiroaki Yutani,https://orcid.org/0000-0002-3385-7233
person:A5000652565,person,A5000652565,Hiroki Otani,Hiroki Otani,https://orcid.org/0000-0002-0331-3008
person:A5103530823,person,A5103530823,Hiroko Ohgaki,Hiroko Ohgaki,
person:A5113449403,person,A5113449403,Hiroshi Ohkawa,Hiroshi Ohkawa,
person:A5011580708,person,A5011580708,Hirotaka Takeuchi,Hirotaka Takeuchi,
person:A5113631634,person,A5113631634,Hirotugu Akaike,Hirotugu Akaike,
person:A5031841140,person,A5031841140,Hiroyasu Furukawa,Hiroyasu Furukawa,https://orcid.org/0000-0002-6082-1738
person:A5006518349,person,A5006518349,Hiroyuki Ogata,Hiroyuki Ogata,https://orcid.org/0000-0001-6594-377X
person:A5065295688,person,A5065295688,Holger Berling,Holger Berling,
person:A5071868716,person,A5071868716,Holger J. Schünemann,Holger J. Schünemann,https://orcid.org/0000-0003-3211-8479
person:A5015857371,person,A5015857371,Holger Schwenk,Holger Schwenk,
person:W2896457183-person-0,person,W2896457183-person-0,"Holter, Ole Magnus","Holter, Ole Magnus",https://orcid.org/0000-0003-2994-7401
person:A5101633148,person,A5101633148,Hong Gao,Hong Gao,https://orcid.org/0000-0002-2488-8695
person:A5022408293,person,A5022408293,Hong Shan,Hong Shan,https://orcid.org/0000-0001-6640-1390
person:A5020221893,person,A5020221893,Honglong Wu,Honglong Wu,https://orcid.org/0000-0002-2313-6897
person:A5004337669,person,A5004337669,Hongmei Zeng,Hongmei Zeng,https://orcid.org/0000-0003-3999-3081
person:A5009567659,person,A5009567659,Horst Puschmann,Horst Puschmann,https://orcid.org/0000-0002-6819-9226
person:W1973948212-person-0,person,W1973948212-person-0,"Hosmer, David W. 1944-","Hosmer, David W. 1944-",
person:A5048380144,person,A5048380144,Hossam M. Hammady,Hossam M. Hammady,
person:A5088503502,person,A5088503502,Howard Chertkow,Howard Chertkow,https://orcid.org/0000-0003-3749-8132
person:W3099878876-person-12,person,W3099878876-person-12,"Hoyer, S","Hoyer, S",
person:A5108422079,person,A5108422079,Hsing H. Shih,Hsing H. Shih,
person:A5064659131,person,A5064659131,Hsing Lee,Hsing Lee,
person:A5091255592,person,A5091255592,Hsiu-Fang Hsieh,Hsiu-Fang Hsieh,
person:A5110426873,person,A5110426873,Hua Chen,Hua Chen,https://orcid.org/0000-0002-9402-565X
person:A5018411180,person,A5018411180,Hua Guo,Hua Guo,https://orcid.org/0000-0003-4388-6465
person:A5100319229,person,A5100319229,Huan Li,Huan Li,https://orcid.org/0000-0002-3501-298X
person:A5001877044,person,A5001877044,Hubertus JM Vrijhoef,Hubertus JM Vrijhoef,https://orcid.org/0000-0002-5539-4671
person:A5074189299,person,A5074189299,Hugh Waddington,Hugh Waddington,https://orcid.org/0000-0003-3859-3342
person:A5032767751,person,A5032767751,Hugo Muench,Hugo Muench,
person:A5031168904,person,A5031168904,Hui Jiang,Hui Jiang,https://orcid.org/0000-0002-0277-9711
person:A5034485071,person,A5034485071,Hui Li,Hui Li,https://orcid.org/0000-0002-5750-0722
person:A5057824494,person,A5057824494,Hui Li,Hui Li,https://orcid.org/0000-0002-8751-3065
person:A5100387631,person,A5100387631,Hui Liu,Hui Liu,https://orcid.org/0000-0003-0444-5579
person:W3005079553-person-7,person,W3005079553-person-7,Hui Xiang,Hui Xiang,
person:A5079252402,person,A5079252402,Hui Zou,Hui Zou,https://orcid.org/0000-0003-4798-9904
person:A5017187601,person,A5017187601,Huidong Chen,Huidong Chen,https://orcid.org/0000-0001-7676-6350
person:A5032815930,person,A5032815930,Hung‐Yuan Cheng,Hung‐Yuan Cheng,https://orcid.org/0000-0002-6162-4146
person:W4392145873-person-6,person,W4392145873-person-6,"Huysecom, Éric","Huysecom, Éric",
person:A5082191284,person,A5082191284,Hyuna Sung,Hyuna Sung,https://orcid.org/0000-0002-8021-5997
person:A5052830069,person,A5052830069,Hüseyin Kurt,Hüseyin Kurt,https://orcid.org/0000-0003-4534-140X
person:A5107832560,person,A5107832560,I Gonzalez,I Gonzalez,
person:A5110178553,person,A5110178553,I. ARMSTRONG BLACK,I. ARMSTRONG BLACK,
person:A5073097332,person,A5073097332,I. D. Teare,I. D. Teare,
person:A5044512705,person,A5044512705,I. Dinstein,I. Dinstein,
person:A5005876349,person,A5005876349,I. Hook,I. Hook,https://orcid.org/0000-0002-2960-978X
person:A5018816610,person,A5018816610,I. Rozum,I. Rozum,
person:A5076577191,person,A5076577191,I. V. Grigorieva,I. V. Grigorieva,https://orcid.org/0000-0001-5991-7778
person:A5072254414,person,A5072254414,Iain M. Wallace,Iain M. Wallace,https://orcid.org/0000-0002-9491-7025
person:A5061053575,person,A5061053575,Ian Davis,Ian Davis,https://orcid.org/0000-0002-1566-4972
person:A5012080038,person,A5012080038,Ian Dunham,Ian Dunham,https://orcid.org/0000-0003-2525-5598
person:A5044396726,person,A5044396726,Ian F. Akyildiz,Ian F. Akyildiz,https://orcid.org/0000-0002-8099-3529
person:A5045934263,person,A5045934263,Ian H. Witten,Ian H. Witten,https://orcid.org/0000-0001-6428-8988
person:W3003257820-person-27,person,W3003257820-person-27,Ian Henriksen,Ian Henriksen,
person:A5058039205,person,A5058039205,Ian R. White,Ian R. White,https://orcid.org/0000-0002-6718-7661
person:A5034465718,person,A5034465718,Ian Shrier,Ian Shrier,https://orcid.org/0000-0001-9914-3498
person:A5065726505,person,A5065726505,Ian Streeter,Ian Streeter,https://orcid.org/0000-0003-4024-3552
person:A5077035803,person,A5077035803,Iasonas Kokkinos,Iasonas Kokkinos,https://orcid.org/0000-0002-2606-6476
person:A5015334869,person,A5015334869,Ibrahim Abdollahpour,Ibrahim Abdollahpour,https://orcid.org/0000-0002-8607-4507
person:A5038084567,person,A5038084567,Icek Ajzen,Icek Ajzen,https://orcid.org/0000-0001-8101-6300
person:A5048280875,person,A5048280875,Ido Amit,Ido Amit,https://orcid.org/0000-0003-2968-877X
person:A5021284069,person,A5021284069,Ignacio Arganda‐Carreras,Ignacio Arganda‐Carreras,https://orcid.org/0000-0003-0229-5722
person:A5079643796,person,A5079643796,Igor Podlubný,Igor Podlubný,https://orcid.org/0000-0003-0183-9249
person:A5028351438,person,A5028351438,IJsbrand Jan Aalbersberg,IJsbrand Jan Aalbersberg,https://orcid.org/0000-0002-0209-4480
person:A5037302894,person,A5037302894,Ikujiro Nonaka,Ikujiro Nonaka,https://orcid.org/0000-0003-4823-5098
person:A5053699466,person,A5053699466,Ilana N. Ackerman,Ilana N. Ackerman,https://orcid.org/0000-0002-6028-1612
person:A5004687813,person,A5004687813,Iliana Toneva,Iliana Toneva,
person:W2104549677-person-95,person,W2104549677-person-95,Illumina,Illumina,
person:A5006446297,person,A5006446297,Ilya Sutskever,Ilya Sutskever,
person:A5013651350,person,A5013651350,Iman Ansari,Iman Ansari,https://orcid.org/0000-0001-9597-653X
person:A5012455275,person,A5012455275,In So Kweon,In So Kweon,https://orcid.org/0000-0001-9626-5983
person:A5103688270,person,A5103688270,Ina J. Berg,Ina J. Berg,
person:A5074749952,person,A5074749952,Ineke Slaper‐Cortenbach,Ineke Slaper‐Cortenbach,https://orcid.org/0000-0002-0085-4490
person:A5081033943,person,A5081033943,Ines Fonfara,Ines Fonfara,https://orcid.org/0000-0003-4075-9217
person:A5111980735,person,A5111980735,Ingo Mueller,Ingo Mueller,
person:A5086032272,person,A5086032272,Ingrid Dillo,Ingrid Dillo,https://orcid.org/0000-0001-5654-2392
person:A5011552511,person,A5011552511,Ing‐Marie Olsson,Ing‐Marie Olsson,
person:W4300009529-person-0,person,W4300009529-person-0,Intergovernmental Panel on Climate Change,Intergovernmental Panel on Climate Change,
person:A5021217383,person,A5021217383,Ioannis Antonoglou,Ioannis Antonoglou,
person:A5026920706,person,A5026920706,Ira M. Hall,Ira M. Hall,https://orcid.org/0000-0003-4442-6655
person:A5078393948,person,A5078393948,Irene A. Stegun,Irene A. Stegun,
person:A5043520931,person,A5043520931,Irene Vikman,Irene Vikman,https://orcid.org/0000-0002-1682-8326
person:A5046633037,person,A5046633037,Irina Koester,Irina Koester,https://orcid.org/0000-0002-1571-882X
person:A5056910052,person,A5056910052,Iris F. F. Benzie,Iris F. F. Benzie,https://orcid.org/0000-0002-2312-0318
person:W3003257820-person-63,person,W3003257820-person-63,Irvin Probst,Irvin Probst,
person:A5112358123,person,A5112358123,Irving Langmuir,Irving Langmuir,
person:A5103046966,person,A5103046966,Isaac L. Chuang,Isaac L. Chuang,
person:A5065028933,person,A5065028933,Isabelle Boutron,Isabelle Boutron,https://orcid.org/0000-0002-5263-6241
person:A5009807425,person,A5009807425,Isabelle Collin,Isabelle Collin,
person:A5057880586,person,A5057880586,Isabelle Soerjomataram,Isabelle Soerjomataram,https://orcid.org/0000-0002-6017-741X
person:A5086157705,person,A5086157705,Ismaïla Dabo,Ismaïla Dabo,https://orcid.org/0000-0003-0742-030X
person:A5103540997,person,A5103540997,J A Hanley,J A Hanley,
person:A5113783987,person,A5113783987,J Martin Bland,J Martin Bland,
person:A5109876993,person,A5109876993,J P Hosker,J P Hosker,
person:A5060276863,person,A5060276863,J. A. Chevary,J. A. Chevary,
person:A5109215616,person,A5109215616,J. A. Muir Gray,J. A. Muir Gray,https://orcid.org/0009-0001-6334-6290
person:A5032751929,person,A5032751929,J. A. Nelder,J. A. Nelder,
person:A5056196917,person,A5056196917,J. Apostolakis,J. Apostolakis,https://orcid.org/0000-0003-1184-3727
person:A5107827189,person,A5107827189,J. Boudreau,J. Boudreau,
person:A5029605479,person,A5029605479,J. C. Jaeger,J. C. Jaeger,
person:A5014968083,person,A5014968083,J. C. Lee,J. C. Lee,
person:A5056552672,person,A5056552672,J. C. Phillips,J. C. Phillips,https://orcid.org/0000-0002-2296-3591
person:A5110023640,person,A5110023640,J. C. Sherris,J. C. Sherris,
person:A5021550583,person,A5021550583,J. F. Moulder,J. F. Moulder,
person:A5111649873,person,A5111649873,J. F. R. Kerr,J. F. R. Kerr,
person:A5108251783,person,A5108251783,J. Friedman,J. Friedman,
person:A5062208820,person,A5062208820,J. Furthmüller,J. Furthmüller,https://orcid.org/0000-0001-8846-7403
person:A5014222269,person,A5014222269,J. G. E. M. Fraaije,J. G. E. M. Fraaije,https://orcid.org/0000-0002-3856-3621
person:A5111758369,person,A5111758369,J. Gordon,J. Gordon,
person:A5058982388,person,A5058982388,J. Gregory Cairncross,J. Gregory Cairncross,https://orcid.org/0000-0002-5169-5039
person:A5038626201,person,A5038626201,J. Gregory Caporaso,J. Gregory Caporaso,https://orcid.org/0000-0002-8865-1670
person:A5110138757,person,A5110138757,J. H. Torrie,J. H. Torrie,
person:A5064881563,person,A5064881563,J. Hankinson,J. Hankinson,https://orcid.org/0009-0003-7606-3921
person:A5111532035,person,A5111532035,J. Häfner,J. Häfner,
person:A5001584643,person,A5001584643,J. J. Hopfield,J. J. Hopfield,
person:A5018540195,person,A5018540195,J. K. Hamilton,J. K. Hamilton,
person:A5111563280,person,A5111563280,J. M. Tarascon,J. M. Tarascon,
person:A5058567429,person,A5058567429,J. Michael Cherry,J. Michael Cherry,https://orcid.org/0000-0001-9163-5180
person:A5087000600,person,A5087000600,J. R. Heath,J. R. Heath,
person:A5110271944,person,A5110271944,J. R. Quinlan,J. R. Quinlan,
person:A5052609076,person,A5052609076,J. Richard Landis,J. Richard Landis,https://orcid.org/0000-0001-8099-0988
person:A5064411709,person,A5064411709,J. Ridley Stroop,J. Ridley Stroop,
person:A5037112503,person,A5037112503,J. Rouquérol,J. Rouquérol,https://orcid.org/0000-0001-8181-3684
person:A5036713900,person,A5036713900,J. Scott Armstrong,J. Scott Armstrong,https://orcid.org/0000-0003-0108-0471
person:A5037626921,person,A5037626921,J. Spyromilio,J. Spyromilio,https://orcid.org/0000-0001-6815-4055
person:A5113659521,person,A5113659521,J. Stephen Binkley,J. Stephen Binkley,
person:A5054211742,person,A5054211742,J. Tonry,J. Tonry,https://orcid.org/0000-0003-2858-9657
person:A5110091356,person,A5110091356,J. V. Sutcliffe,J. V. Sutcliffe,https://orcid.org/0009-0007-4423-5361
person:A5043273569,person,A5043273569,J. W. W.,J. W. W.,
person:A5111555926,person,A5111555926,J. Wanders,J. Wanders,
person:A5058412139,person,A5058412139,J. Wang,J. Wang,
person:A5110244260,person,A5110244260,J.-M. Tarascon,J.-M. Tarascon,
person:A5109920665,person,A5109920665,J.C. Vartuli,J.C. Vartuli,
person:A5110272856,person,A5110272856,J.C.J.M. de Haes,J.C.J.M. de Haes,
person:A5042828879,person,A5042828879,J.D. Pack,J.D. Pack,
person:A5022664477,person,A5022664477,J.E. Murphy,J.E. Murphy,
person:A5111898702,person,A5111898702,J.E. Nash,J.E. Nash,
person:A5042555850,person,A5042555850,J.J. Gómez-Cadenas,J.J. Gómez-Cadenas,https://orcid.org/0000-0002-8224-7714
person:A5107173826,person,A5107173826,J.P. Riley,J.P. Riley,
person:A5027962573,person,A5027962573,J.R. Haak,J.R. Haak,
person:A5082500727,person,A5082500727,J.‐J. Morcrette,J.‐J. Morcrette,
person:A5103164604,person,A5103164604,Jaap Heringa,Jaap Heringa,https://orcid.org/0000-0001-8641-4930
person:A5110112933,person,A5110112933,Jaap Verweij,Jaap Verweij,
person:A5053987808,person,A5053987808,Jack Kyte,Jack Kyte,
person:A5112098275,person,A5112098275,Jack Wanger,Jack Wanger,
person:A5096747841,person,A5096747841,Jackson Kytle,Jackson Kytle,
person:A5024516181,person,A5024516181,Jaco J. Verweij,Jaco J. Verweij,https://orcid.org/0000-0001-8553-931X
person:A5013165905,person,A5013165905,Jacob Cohen,Jacob Cohen,
person:A5102808166,person,A5102808166,Jacob Cohen,Jacob Cohen,https://orcid.org/0000-0003-2862-6550
person:A5057457287,person,A5057457287,Jacob Devlin,Jacob Devlin,
person:A5080838497,person,A5080838497,Jacob Odeberg,Jacob Odeberg,https://orcid.org/0000-0003-0996-1644
person:W3003257820-person-65,person,W3003257820-person-65,Jacob Silterra,Jacob Silterra,
person:A5108354699,person,A5108354699,Jacopo Tomasi,Jacopo Tomasi,
person:A5061311900,person,A5061311900,Jacqueline Elizabeth Alcalde‐Rabanal,Jacqueline Elizabeth Alcalde‐Rabanal,https://orcid.org/0000-0002-9172-2302
person:A5086205928,person,A5086205928,Jacqueline Kirby,Jacqueline Kirby,
person:A5051830072,person,A5051830072,Jacques Ferlay,Jacques Ferlay,https://orcid.org/0000-0003-4927-6932
person:A5034600868,person,A5034600868,Jacques Izard,Jacques Izard,https://orcid.org/0000-0002-5904-5436
person:A5067992479,person,A5067992479,Jagannathan,Jagannathan,
person:A5045260328,person,A5045260328,Jai Ram Rideout,Jai Ram Rideout,https://orcid.org/0000-0003-2587-1454
person:W3035965352-person-16,person,W3035965352-person-16,Jaime Fernández del Río,Jaime Fernández del Río,
person:A5050318013,person,A5050318013,Jaime Huerta‐Cepas,Jaime Huerta‐Cepas,https://orcid.org/0000-0003-4195-5025
person:A5111625147,person,A5111625147,Jaimie D. Adelson,Jaimie D. Adelson,
person:W3003257820-person-23,person,W3003257820-person-23,Jake VanderPlas,Jake VanderPlas,
person:W4385245566-person-0,person,W4385245566-person-0,"Jakubův, Jan","Jakubův, Jan",https://orcid.org/0000-0002-8848-5537
person:A5011663896,person,A5011663896,Jalal Arabloo,Jalal Arabloo,https://orcid.org/0000-0003-1223-4528
person:A5030498541,person,A5030498541,James A. Russell,James A. Russell,https://orcid.org/0000-0003-1041-3717
person:A5110114336,person,A5110114336,James A. Thomson,James A. Thomson,https://orcid.org/0000-0003-2970-942X
person:A5003452701,person,A5003452701,James B. MacQueen,James B. MacQueen,
person:A5114376371,person,A5114376371,James B. Robertson,James B. Robertson,https://orcid.org/0000-0003-2348-635X
person:A5101509249,person,A5101509249,James C. Anderson,James C. Anderson,https://orcid.org/0000-0001-8012-4713
person:A5043324448,person,A5043324448,James C. Bezdek,James C. Bezdek,https://orcid.org/0000-0003-3901-7021
person:A5080510232,person,A5080510232,James C. Gumbart,James C. Gumbart,https://orcid.org/0000-0002-1510-7842
person:A5087297252,person,A5087297252,James C. Meldrim,James C. Meldrim,
person:A5072393754,person,A5072393754,James C. Mullikin,James C. Mullikin,https://orcid.org/0000-0003-0825-3750
person:A5060176647,person,A5060176647,James F. Fries,James F. Fries,
person:A5059632818,person,A5059632818,James F. Sallis,James F. Sallis,https://orcid.org/0000-0003-2555-9452
person:A5108337915,person,A5108337915,James G. March,James G. March,
person:A5016775802,person,A5016775802,James Hays,James Hays,https://orcid.org/0000-0001-7016-4252
person:A5007197576,person,A5007197576,James Hone,James Hone,https://orcid.org/0000-0002-8084-3301
person:A5009424444,person,A5009424444,James J. Gibson,James J. Gibson,
person:A5107928200,person,A5107928200,James J. Heckman,James J. Heckman,
person:A5102905570,person,A5102905570,James Kennedy,James Kennedy,https://orcid.org/0000-0002-4788-5622
person:A5019654671,person,A5019654671,James M. Cook,James M. Cook,https://orcid.org/0000-0003-3705-8540
person:A5041807449,person,A5041807449,James M. Tiedje,James M. Tiedje,https://orcid.org/0000-0002-8992-6218
person:A5103493080,person,A5103493080,James P. Olivier,James P. Olivier,
person:A5072810129,person,A5072810129,James R. Carpenter,James R. Carpenter,https://orcid.org/0000-0003-3890-6206
person:A5104055957,person,A5104055957,James R. Cole,James R. Cole,
person:A5014218807,person,A5014218807,James Robinson,James Robinson,https://orcid.org/0000-0002-2187-5944
person:A5104047850,person,A5104047850,James S. Coleman,James S. Coleman,
person:A5109569377,person,A5109569377,James S. Marks,James S. Marks,
person:W3003257820-person-66,person,W3003257820-person-66,James T Webber,James T Webber,
person:A5090183643,person,A5090183643,James Thomas,James Thomas,https://orcid.org/0000-0003-4805-4190
person:A5113544693,person,A5113544693,James W. Caldwell,James W. Caldwell,
person:A5066377848,person,A5066377848,Jamie J Kirkham,Jamie J Kirkham,https://orcid.org/0000-0003-2579-9325
person:A5039009666,person,A5039009666,Jamie Morton,Jamie Morton,
person:A5080354461,person,A5080354461,Jan Bogaerts,Jan Bogaerts,https://orcid.org/0000-0003-4216-3679
person:A5040236033,person,A5040236033,Jan Gerken,Jan Gerken,https://orcid.org/0000-0002-3005-7185
person:A5053685425,person,A5053685425,Jan H. Jensen,Jan H. Jensen,https://orcid.org/0000-0002-1465-1010
person:A5004924184,person,A5004924184,Jan Hellemans,Jan Hellemans,https://orcid.org/0000-0003-0825-0031
person:A5011661664,person,A5011661664,Jan Kallenbach,Jan Kallenbach,https://orcid.org/0000-0001-5618-875X
person:A5006871697,person,A5006871697,Jan Mulder,Jan Mulder,https://orcid.org/0000-0003-3717-5018
person:A5071136927,person,A5071136927,Jan O. Korbel,Jan O. Korbel,https://orcid.org/0000-0002-2798-3794
person:A5014844709,person,A5014844709,Jan P. Vandenbroucke,Jan P. Vandenbroucke,https://orcid.org/0000-0001-5668-6716
person:A5001384753,person,A5001384753,Jan Velterop,Jan Velterop,https://orcid.org/0000-0002-4836-6568
person:A5006382524,person,A5006382524,Janan T. Eppig,Janan T. Eppig,https://orcid.org/0000-0003-1652-8072
person:A5110213768,person,A5110213768,Jane G. Schaller,Jane G. Schaller,
person:A5107841318,person,A5107841318,Jane Rogers,Jane Rogers,
person:A5046412779,person,A5046412779,Jane S. Richardson,Jane S. Richardson,https://orcid.org/0000-0002-3311-2944
person:A5050843152,person,A5050843152,Janet B. W. Williams,Janet B. W. Williams,https://orcid.org/0000-0003-0547-2931
person:A5015598221,person,A5015598221,Janet Dancey,Janet Dancey,
person:A5068874280,person,A5068874280,Janet M. Thornton,Janet M. Thornton,https://orcid.org/0000-0003-0824-4096
person:W3003257820-person-67,person,W3003257820-person-67,Janko Slavič,Janko Slavič,
person:A5021042434,person,A5021042434,Jan‐Fang Cheng,Jan‐Fang Cheng,https://orcid.org/0000-0001-7315-7613
person:A5069885178,person,A5069885178,Jan‐Willem Boiten,Jan‐Willem Boiten,https://orcid.org/0000-0003-0327-638X
person:A5069466922,person,A5069466922,Jason Kramer,Jason Kramer,https://orcid.org/0000-0002-0098-4084
person:A5021448822,person,A5021448822,Jason S. Papadopoulos,Jason S. Papadopoulos,
person:A5072982028,person,A5072982028,Jason W. Sahl,Jason W. Sahl,
person:A5055251050,person,A5055251050,Jay B. Barney,Jay B. Barney,https://orcid.org/0000-0003-0875-6702
person:A5043872671,person,A5043872671,Jay B. Dean,Jay B. Dean,https://orcid.org/0000-0003-1362-0500
person:A5113983144,person,A5113983144,Jayaraman Chandrasekhar,Jayaraman Chandrasekhar,
person:A5061396853,person,A5061396853,Jean Lave,Jean Lave,
person:A5034589995,person,A5034589995,Jean-François Dufayard,Jean-François Dufayard,
person:A5044026747,person,A5044026747,Jean-Jacques Slotine,Jean-Jacques Slotine,
person:A5059673789,person,A5059673789,Jean-Paul Ryckaert,Jean-Paul Ryckaert,
person:A5068316606,person,A5068316606,Jean-Yves Tinévez,Jean-Yves Tinévez,https://orcid.org/0000-0002-0998-4718
person:A5078218837,person,A5078218837,Jeanette P. Schmidt,Jeanette P. Schmidt,https://orcid.org/0000-0001-7565-5093
person:A5073851208,person,A5073851208,Jean‐Daniel Chiche,Jean‐Daniel Chiche,https://orcid.org/0000-0002-6433-6254
person:A5003379719,person,A5003379719,Jean‐Louis Vincent,Jean‐Louis Vincent,https://orcid.org/0000-0001-6011-6951
person:A5046943453,person,A5046943453,Jean‐Loup Guillaume,Jean‐Loup Guillaume,https://orcid.org/0000-0002-4615-1563
person:A5019775443,person,A5019775443,Jean‐Noël Thépaut,Jean‐Noël Thépaut,https://orcid.org/0000-0003-3214-5266
person:A5038545789,person,A5038545789,Jean‐Raymond Bidlot,Jean‐Raymond Bidlot,https://orcid.org/0000-0001-7423-5118
person:A5077819827,person,A5077819827,Jeff Donahue,Jeff Donahue,
person:A5081918217,person,A5081918217,Jeffrey C. Valentine,Jeffrey C. Valentine,https://orcid.org/0000-0002-2673-1915
person:W2104549677-person-38,person,W2104549677-person-38,Jeffrey G. Reid,Jeffrey G. Reid,
person:A5103177283,person,A5103177283,Jeffrey H Miller,Jeffrey H Miller,
person:A5063884903,person,A5063884903,Jeffrey I. Gordon,Jeffrey I. Gordon,https://orcid.org/0000-0001-8304-3548
person:A5027195057,person,A5027195057,Jeffrey J. Headd,Jeffrey J. Headd,
person:A5064459167,person,A5064459167,Jeffrey J. Risher,Jeffrey J. Risher,https://orcid.org/0000-0002-0359-2668
person:A5060487287,person,A5060487287,Jeffrey L. Cummings,Jeffrey L. Cummings,https://orcid.org/0000-0001-8944-4158
person:A5102925448,person,A5102925448,Jeffrey M. Jones,Jeffrey M. Jones,https://orcid.org/0000-0003-0283-4343
person:A5084771969,person,A5084771969,Jeffrey M. Wooldridge,Jeffrey M. Wooldridge,https://orcid.org/0000-0002-1579-6406
person:A5010225522,person,A5010225522,Jeffrey Pennington,Jeffrey Pennington,
person:A5035957651,person,A5035957651,Jeffrey S. Beck,Jeffrey S. Beck,
person:A5076014872,person,A5076014872,Jeffrey S. Grethe,Jeffrey S. Grethe,https://orcid.org/0000-0001-5212-7052
person:A5084602377,person,A5084602377,Jeffrey W. Kysar,Jeffrey W. Kysar,https://orcid.org/0000-0003-3655-1077
person:A5003571956,person,A5003571956,Jeffry D. Madura,Jeffry D. Madura,https://orcid.org/0000-0001-6117-2218
person:A5016408852,person,A5016408852,Jelena Savović,Jelena Savović,https://orcid.org/0000-0002-2861-0578
person:A5086988987,person,A5086988987,Jenell S. Coleman,Jenell S. Coleman,https://orcid.org/0000-0002-7546-7727
person:A5084129541,person,A5084129541,Jenna Jambeck,Jenna Jambeck,https://orcid.org/0000-0003-1248-7218
person:A5067184382,person,A5067184382,Jennifer A. Doudna,Jennifer A. Doudna,https://orcid.org/0000-0001-9161-999X
person:A5089295208,person,A5089295208,Jennifer Baldwin,Jennifer Baldwin,https://orcid.org/0000-0001-7830-7270
person:A5006181710,person,A5006181710,Jennifer Bryan,Jennifer Bryan,https://orcid.org/0000-0002-6983-2759
person:A5023589584,person,A5023589584,Jennifer Fouquier,Jennifer Fouquier,https://orcid.org/0000-0002-0975-8235
person:A5068971185,person,A5068971185,Jennifer J. Manly,Jennifer J. Manly,https://orcid.org/0000-0002-9481-7497
person:A5089205764,person,A5089205764,Jennifer J. Swiergiel,Jennifer J. Swiergiel,
person:A5003153552,person,A5003153552,Jennifer Kent,Jennifer Kent,https://orcid.org/0000-0002-3051-7698
person:A5075384865,person,A5075384865,Jennifer M. McGoogan,Jennifer M. McGoogan,
person:W2005501262-person-2,person,W2005501262-person-2,Jennifer Tetzlaff,Jennifer Tetzlaff,
person:A5076572041,person,A5076572041,Jennifer Tetzlaff,Jennifer Tetzlaff,https://orcid.org/0000-0003-0787-5363
person:A5053939002,person,A5053939002,Jenny Ottosson Takanen,Jenny Ottosson Takanen,
person:A5064817771,person,A5064817771,Jens Antony,Jens Antony,
person:A5083238115,person,A5083238115,Jens Nielsen,Jens Nielsen,https://orcid.org/0000-0002-9955-6003
person:A5112342016,person,A5112342016,Jens Reeder,Jens Reeder,
person:A5016878366,person,A5016878366,Jens‐Uwe Voigt,Jens‐Uwe Voigt,https://orcid.org/0000-0002-0575-1888
person:A5022877976,person,A5022877976,Jeong Yeon Lee,Jeong Yeon Lee,https://orcid.org/0000-0002-2622-7831
person:A5025552110,person,A5025552110,Jeremy A. Garson,Jeremy A. Garson,https://orcid.org/0000-0003-0553-0126
person:A5018366869,person,A5018366869,Jeremy C. Smith,Jeremy C. Smith,https://orcid.org/0000-0002-2978-3227
person:A5056719307,person,A5056719307,Jeremy E. Koenig,Jeremy E. Koenig,
person:A5054403907,person,A5054403907,Jeremy Grimshaw,Jeremy Grimshaw,https://orcid.org/0000-0001-8015-8243
person:A5101467028,person,A5101467028,Jeremy Morris,Jeremy Morris,https://orcid.org/0000-0002-8861-9929
person:A5078043800,person,A5078043800,Jeremy N. V. Miles,Jeremy N. V. Miles,https://orcid.org/0000-0002-3229-6235
person:A5086987637,person,A5086987637,Jeremy Walston,Jeremy Walston,https://orcid.org/0000-0002-6965-2723
person:A5079552180,person,A5079552180,Jeremy Widmann,Jeremy Widmann,
person:A5065692332,person,A5065692332,Jeroen Ooms,Jeroen Ooms,https://orcid.org/0000-0002-4035-0289
person:A5076671393,person,A5076671393,Jeroen S. Kok,Jeroen S. Kok,https://orcid.org/0000-0003-3969-572X
person:A5020427483,person,A5020427483,Jerome H. Friedman,Jerome H. Friedman,https://orcid.org/0000-0001-5968-8901
person:A5025514420,person,A5025514420,Jerome W. Naylor,Jerome W. Naylor,
person:A5039896953,person,A5039896953,Jerrold H. Zar,Jerrold H. Zar,
person:A5030527991,person,A5030527991,Jerry A. Boatz,Jerry A. Boatz,https://orcid.org/0000-0002-7457-1610
person:A5108206606,person,A5108206606,Jerry A. Hausman,Jerry A. Hausman,
person:A5060535917,person,A5060535917,Jesse Stombaugh,Jesse Stombaugh,https://orcid.org/0000-0001-9631-0748
person:A5037261939,person,A5037261939,Jesse Zaneveld,Jesse Zaneveld,https://orcid.org/0000-0002-9823-810X
person:A5040260262,person,A5040260262,Jessica A. Lehoczky,Jessica A. Lehoczky,https://orcid.org/0000-0002-9210-2922
person:A5081142594,person,A5081142594,Jessica L. Metcalf,Jessica L. Metcalf,https://orcid.org/0000-0001-8374-8046
person:A5057572365,person,A5057572365,Jessica Y. Wong,Jessica Y. Wong,https://orcid.org/0000-0001-5309-1661
person:A5081964815,person,A5081964815,Jessie McGowan,Jessie McGowan,https://orcid.org/0000-0002-2201-7546
person:A5101542158,person,A5101542158,Jia Deng,Jia Deng,https://orcid.org/0000-0001-9594-4554
person:A5100755117,person,A5100755117,Jia Gu,Jia Gu,https://orcid.org/0000-0001-7498-9892
person:A5024929222,person,A5024929222,Jiaan Xia,Jiaan Xia,
person:A5100785015,person,A5100785015,Jian Sun,Jian Sun,https://orcid.org/0000-0002-6178-4166
person:A5101425421,person,A5101425421,Jian Sun,Jian Sun,https://orcid.org/0000-0001-6270-2698
person:A5081456949,person,A5081456949,Jianbo Shi,Jianbo Shi,https://orcid.org/0000-0003-2637-1929
person:A5014978419,person,A5014978419,Jianjiong Gao,Jianjiong Gao,https://orcid.org/0000-0002-5739-1781
person:A5100707507,person,A5100707507,Jianming Wang,Jianming Wang,https://orcid.org/0000-0002-9151-284X
person:A5052152159,person,A5052152159,Jianping Zhao,Jianping Zhao,https://orcid.org/0000-0003-3057-5617
person:A5011813946,person,A5011813946,Jiansheng Jiang,Jiansheng Jiang,https://orcid.org/0000-0003-0964-5481
person:A5100424784,person,A5100424784,Jianwei Wang,Jianwei Wang,https://orcid.org/0000-0002-1116-4559
person:A5100751322,person,A5100751322,Jianxing He,Jianxing He,https://orcid.org/0000-0003-1737-8192
person:A5062237479,person,A5062237479,Jiao Zhao,Jiao Zhao,https://orcid.org/0009-0004-2313-2337
person:A5021380321,person,A5021380321,Jiarong Guo,Jiarong Guo,https://orcid.org/0000-0002-6903-5418
person:A5019539533,person,A5019539533,Jiawei Han,Jiawei Han,https://orcid.org/0000-0002-3629-2696
person:A5100685161,person,A5100685161,Jie He,Jie He,https://orcid.org/0000-0002-0285-5403
person:A5100679575,person,A5100679575,Jie Hu,Jie Hu,https://orcid.org/0000-0002-5150-1003
person:A5067095480,person,A5067095480,Jie Luo,Jie Luo,https://orcid.org/0000-0002-3276-115X
person:A5101520726,person,A5101520726,Jie Xiang,Jie Xiang,https://orcid.org/0000-0001-6601-5481
person:A5018032427,person,A5018032427,Jie Xiang,Jie Xiang,https://orcid.org/0000-0003-3494-5072
person:A5102001216,person,A5102001216,Jieming Qu,Jieming Qu,https://orcid.org/0000-0003-4517-9473
person:A5061463439,person,A5061463439,Jildau Bouwman,Jildau Bouwman,https://orcid.org/0000-0002-9396-0646
person:A5077622597,person,A5077622597,Jill P. Mesirov,Jill P. Mesirov,https://orcid.org/0000-0002-9755-2818
person:A5052898193,person,A5052898193,Jim F. Huggett,Jim F. Huggett,https://orcid.org/0000-0002-0945-1911
person:A5071846278,person,A5071846278,Jim Hester,Jim Hester,https://orcid.org/0000-0002-2739-7082
person:A5040957761,person,A5040957761,Jim Law,Jim Law,
person:A5031957363,person,A5031957363,Jin Yao,Jin Yao,https://orcid.org/0000-0002-3053-8245
person:A5100394807,person,A5100394807,Jing Chen,Jing Chen,https://orcid.org/0000-0001-5972-3623
person:W3005079553-person-5,person,W3005079553-person-5,Jing Zhang,Jing Zhang,
person:A5101626696,person,A5101626696,Jing Zhao,Jing Zhao,https://orcid.org/0000-0002-0345-867X
person:A5031203283,person,A5031203283,Jingdong Song,Jingdong Song,https://orcid.org/0000-0001-8808-1981
person:A5006191011,person,A5006191011,Jingfei Du,Jingfei Du,
person:A5018313165,person,A5018313165,Jingli Wang,Jingli Wang,
person:A5032136842,person,A5032136842,Jingxiang Li,Jingxiang Li,
person:A5112505276,person,A5112505276,Jinlin Wang,Jinlin Wang,https://orcid.org/0000-0003-0525-6649
person:A5001594573,person,A5001594573,Jitendra Malik,Jitendra Malik,https://orcid.org/0000-0003-3695-1580
person:A5062226704,person,A5062226704,Jiuyang Xu,Jiuyang Xu,https://orcid.org/0000-0002-1906-5918
person:A5101887888,person,A5101887888,Jiyang Liu,Jiyang Liu,https://orcid.org/0000-0002-9858-0060
person:A5059126202,person,A5059126202,JJ Strain,JJ Strain,https://orcid.org/0000-0002-1633-2873
person:A5007855965,person,A5007855965,Jo Moriarty,Jo Moriarty,https://orcid.org/0000-0003-1574-1242
person:A5086580140,person,A5086580140,Jo Vandesompele,Jo Vandesompele,https://orcid.org/0000-0001-6274-0184
person:A5015844348,person,A5015844348,Joanne E. McKenzie,Joanne E. McKenzie,https://orcid.org/0000-0003-3534-1641
person:A5003542814,person,A5003542814,Joannie Lortet‐Tieulent,Joannie Lortet‐Tieulent,https://orcid.org/0000-0002-8816-7475
person:A5049740980,person,A5049740980,Joaquı́n Muñoz-Sabater,Joaquı́n Muñoz-Sabater,https://orcid.org/0000-0002-5997-290X
person:A5088114045,person,A5088114045,Jochen Heyd,Jochen Heyd,
person:A5032913515,person,A5032913515,Jochen M. Schwenk,Jochen M. Schwenk,https://orcid.org/0000-0001-8141-8449
person:A5079243605,person,A5079243605,Joe F. Hair,Joe F. Hair,
person:A5110437111,person,A5110437111,Joe Felsenstein,Joe Felsenstein,
person:A5026517767,person,A5026517767,Joe H. Ward,Joe H. Ward,
person:A5062064598,person,A5062064598,Joel E. Richardson,Joel E. Richardson,https://orcid.org/0000-0003-3342-5753
person:W3003257820-person-68,person,W3003257820-person-68,Joel Nothman,Joel Nothman,
person:A5038465847,person,A5038465847,Joel Sevinsky,Joel Sevinsky,https://orcid.org/0000-0003-0512-2827
person:A5043599202,person,A5043599202,Joel T. Dudley,Joel T. Dudley,https://orcid.org/0000-0002-7036-6492
person:A5060709021,person,A5060709021,Joel Veness,Joel Veness,
person:A5104669390,person,A5104669390,Johan P. M. Postma,Johan P. M. Postma,
person:A5005928603,person,A5005928603,Johan Rockberg,Johan Rockberg,https://orcid.org/0000-0002-9977-5724
person:A5023215576,person,A5023215576,Johan van der Lei,Johan van der Lei,https://orcid.org/0000-0002-9203-3410
person:A5044523693,person,A5044523693,Johan Ärnlöv,Johan Ärnlöv,https://orcid.org/0000-0002-6933-4637
person:W3003257820-person-69,person,W3003257820-person-69,Johannes Buchner,Johannes Buchner,
person:A5062518836,person,A5062518836,Johannes Flemming,Johannes Flemming,https://orcid.org/0000-0003-4880-5329
person:W3003257820-person-70,person,W3003257820-person-70,Johannes Kulick,Johannes Kulick,
person:W3003257820-person-71,person,W3003257820-person-71,Johannes L. Schönberger,Johannes L. Schönberger,
person:A5050085853,person,A5050085853,Johannes Schindelin,Johannes Schindelin,
person:A5010030898,person,A5010030898,Johannes Söding,Johannes Söding,https://orcid.org/0000-0001-9642-8244
person:A5082651430,person,A5082651430,John A. Montgomery,John A. Montgomery,https://orcid.org/0000-0002-2627-2317
person:A5038387078,person,A5038387078,John A. Pople,John A. Pople,
person:A5021483327,person,A5021483327,John Bowlby,John Bowlby,
person:A5070604004,person,A5070604004,John C. Marshall,John C. Marshall,https://orcid.org/0000-0002-7902-6291
person:A5016799598,person,A5016799598,John C. Matese,John C. Matese,https://orcid.org/0000-0002-9432-8909
person:A5063630764,person,A5063630764,John C. Morris,John C. Morris,https://orcid.org/0000-0001-9820-5618
person:A5089723214,person,A5089723214,John Canny,John Canny,https://orcid.org/0000-0002-7161-7927
person:A5104274724,person,A5104274724,John Chase,John Chase,
person:A5110158417,person,A5110158417,John Crank,John Crank,
person:A5109116024,person,A5109116024,John D. Hunter,John D. Hunter,
person:A5047690257,person,A5047690257,John D. McPherson,John D. McPherson,https://orcid.org/0000-0001-8049-9347
person:A5002293166,person,A5002293166,John D. Pfeifer,John D. Pfeifer,
person:A5102846098,person,A5102846098,John E. Allison,John E. Allison,https://orcid.org/0000-0003-4108-4709
person:A5055491450,person,A5055491450,John E. Dowling,John E. Dowling,
person:A5039440711,person,A5039440711,John E. Janowiak,John E. Janowiak,
person:A5108111290,person,A5108111290,John E. Ware,John E. Ware,
person:A5073962608,person,A5073962608,John E. Ware,John E. Ware,https://orcid.org/0000-0002-0744-2149
person:A5088982920,person,A5088982920,John G. Howland,John G. Howland,https://orcid.org/0000-0003-3326-7118
person:A5018563718,person,A5018563718,John Guckenheimer,John Guckenheimer,https://orcid.org/0000-0001-6655-7862
person:A5111898752,person,A5111898752,John H. Burton,John H. Burton,
person:A5071875770,person,A5071875770,John H. Holland,John H. Holland,
person:A5054399637,person,A5054399637,John H. Morris,John H. Morris,https://orcid.org/0000-0003-0290-7979
person:A5059179935,person,A5059179935,John Jumper,John Jumper,https://orcid.org/0000-0001-6169-6580
person:A5046828897,person,A5046828897,John Kuszewski,John Kuszewski,
person:A5003565243,person,A5003565243,John M. Chirgwin,John M. Chirgwin,
person:A5058201889,person,A5058201889,John Nham,John Nham,
person:A5070446713,person,A5070446713,John P. A. Ioannidis,John P. A. Ioannidis,https://orcid.org/0000-0003-3118-6859
person:A5068909032,person,A5068909032,John P. Huelsenbeck,John P. Huelsenbeck,https://orcid.org/0000-0002-3050-9997
person:A5014987686,person,A5014987686,John P. Perdew,John P. Perdew,https://orcid.org/0000-0003-4237-824X
person:A5045792442,person,A5045792442,John R. Spear,John R. Spear,https://orcid.org/0000-0002-4664-7438
person:A5030882947,person,A5030882947,John S. Gottdiener,John S. Gottdiener,https://orcid.org/0000-0003-0869-4265
person:A5111746392,person,A5111746392,John S. Woollen,John S. Woollen,
person:A5018043809,person,A5018043809,John Sulston,John Sulston,
person:A5038322725,person,A5038322725,John T. Sharp,John T. Sharp,https://orcid.org/0000-0002-7429-9047
person:A5110272628,person,A5110272628,John Van Ryzin,John Van Ryzin,
person:A5087818401,person,A5087818401,John Vlissides,John Vlissides,
person:A5025339678,person,A5025339678,John W. Creswell,John W. Creswell,https://orcid.org/0000-0002-5006-880X
person:A5109934186,person,A5109934186,John W. Kusek,John W. Kusek,
person:A5087738695,person,A5087738695,John W. Meyer,John W. Meyer,https://orcid.org/0000-0001-5581-9038
person:A5103131567,person,A5103131567,John W. Taylor,John W. Taylor,https://orcid.org/0000-0002-5794-7700
person:W1974085346-person-1,person,W1974085346-person-1,John W. Weymouth,John W. Weymouth,
person:A5032489073,person,A5032489073,John Wheeler,John Wheeler,https://orcid.org/0000-0002-7576-4465
person:A5052703810,person,A5052703810,John Winn,John Winn,
person:A5058231379,person,A5058231379,Johnny Saldaña,Johnny Saldaña,https://orcid.org/0000-0002-4133-9380
person:A5076054799,person,A5076054799,Jon Shlens,Jon Shlens,
person:A5088186812,person,A5088186812,Jonas Adler,Jonas Adler,https://orcid.org/0000-0001-9928-3407
person:A5015955757,person,A5015955757,Jonathan A C Sterne,Jonathan A C Sterne,https://orcid.org/0000-0001-8496-6053
person:A5072402610,person,A5072402610,Jonathan Afilalo,Jonathan Afilalo,https://orcid.org/0000-0003-0555-4937
person:W3003257820-person-9,person,W3003257820-person-9,Jonathan Bright,Jonathan Bright,
person:A5038938109,person,A5038938109,Jonathan C. Craig,Jonathan C. Craig,https://orcid.org/0000-0002-2548-4035
person:W4292363360-person-4,person,W4292363360-person-4,Jonathan Eckstein,Jonathan Eckstein,
person:A5030250235,person,A5030250235,Jonathan Emberson,Jonathan Emberson,https://orcid.org/0000-0001-7792-9422
person:A5009420648,person,A5009420648,Jonathan J Deeks,Jonathan J Deeks,https://orcid.org/0000-0002-8850-1971
person:A5051388103,person,A5051388103,Jonathan K. Pritchard,Jonathan K. Pritchard,https://orcid.org/0000-0002-8828-5236
person:A5060909587,person,A5060909587,Jonathan Krause,Jonathan Krause,https://orcid.org/0000-0002-1952-3480
person:A5032863417,person,A5032863417,Jonathan Long,Jonathan Long,
person:A5030331900,person,A5030331900,Jonathan N. Coleman,Jonathan N. Coleman,https://orcid.org/0000-0001-9659-9721
person:A5008936074,person,A5008936074,Jonathan R. Pollack,Jonathan R. Pollack,https://orcid.org/0000-0002-0212-7721
person:A5108345375,person,A5108345375,Jonathon Payne,Jonathon Payne,
person:A5100721990,person,A5100721990,Jongchan Park,Jongchan Park,https://orcid.org/0000-0001-9808-6823
person:A5044267273,person,A5044267273,Joon‐Young Lee,Joon‐Young Lee,https://orcid.org/0000-0003-4822-855X
person:A5012010960,person,A5012010960,Joost N. Kok,Joost N. Kok,https://orcid.org/0000-0002-7352-1400
person:A5005516164,person,A5005516164,Joost van Hoof,Joost van Hoof,https://orcid.org/0000-0001-9704-7128
person:A5068812632,person,A5068812632,Jordan E. Bisanz,Jordan E. Bisanz,https://orcid.org/0000-0002-8649-1706
person:A5089511913,person,A5089511913,Jorden Kreps,Jorden Kreps,https://orcid.org/0000-0003-3758-6458
person:A5002758767,person,A5002758767,Jordi Alonso,Jordi Alonso,https://orcid.org/0000-0001-8627-9636
person:A5060503589,person,A5060503589,Jordi Folch,Jordi Folch,
person:A5065584931,person,A5065584931,Jos Kleijnen,Jos Kleijnen,
person:W3003257820-person-73,person,W3003257820-person-73,Joscha Reimer,Joscha Reimer,
person:A5047227825,person,A5047227825,Josef Coresh,Josef Coresh,https://orcid.org/0000-0002-4598-0669
person:W3003257820-person-25,person,W3003257820-person-25,Josef Perktold,Josef Perktold,
person:A5052851289,person,A5052851289,Joseph A. Rossi,Joseph A. Rossi,
person:A5088076311,person,A5088076311,Joseph Chuma,Joseph Chuma,https://orcid.org/0000-0003-1595-2031
person:A5109201245,person,A5109201245,Joseph D. Mosca,Joseph D. Mosca,
person:A5021051472,person,A5021051472,Joseph F. Hair,Joseph F. Hair,https://orcid.org/0000-0002-9226-9693
person:A5110931656,person,A5110931656,Joseph Felsenstein,Joseph Felsenstein,
person:W3003257820-person-74,person,W3003257820-person-74,Joseph Harrington,Joseph Harrington,
person:A5112422196,person,A5112422196,Joseph Itskovitz‐Eldor,Joseph Itskovitz‐Eldor,
person:A5008904358,person,A5008904358,Joseph J. Pilotta,Joseph J. Pilotta,https://orcid.org/0000-0001-7883-3035
person:A5021008604,person,A5021008604,Joseph L. Fleiss,Joseph L. Fleiss,
person:A5027750329,person,A5027750329,Joseph Marie Jacquard,Joseph Marie Jacquard,
person:A5018730722,person,A5018730722,Joseph Perl,Joseph Perl,https://orcid.org/0000-0002-9446-3131
person:A5074798370,person,A5074798370,Joseph R. Lakowicz,Joseph R. Lakowicz,https://orcid.org/0000-0003-3032-3620
person:A5062301070,person,A5062301070,Joseph Redmon,Joseph Redmon,
person:A5112152140,person,A5112152140,Joseph Sambrook,Joseph Sambrook,
person:A5068852445,person,A5068852445,Joseph T. Wu,Joseph T. Wu,https://orcid.org/0000-0002-3155-5987
person:W3003257820-person-12,person,W3003257820-person-12,Joshua Wilson,Joshua Wilson,
person:A5024425176,person,A5024425176,Joshua Z. Levin,Joshua Z. Levin,https://orcid.org/0000-0002-0170-3598
person:A5003368129,person,A5003368129,Joslynn S. Lee,Joslynn S. Lee,https://orcid.org/0000-0001-9363-6013
person:A5007031983,person,A5007031983,José A. Navas-Molina,José A. Navas-Molina,https://orcid.org/0000-0003-4595-920X
person:A5108689992,person,A5108689992,José G. Conde,José G. Conde,
person:A5060196156,person,A5060196156,José Luı́s Martins,José Luı́s Martins,https://orcid.org/0000-0002-9061-967X
person:A5081565412,person,A5081565412,José M. Paruelo,José M. Paruelo,https://orcid.org/0000-0002-8784-9431
person:W3003257820-person-72,person,W3003257820-person-72,José Vinícius de Miranda Cardoso,José Vinícius de Miranda Cardoso,
person:A5110907440,person,A5110907440,Joy A. Thomas,Joy A. Thomas,
person:A5110339164,person,A5110339164,Juan L. Parra,Juan L. Parra,
person:W3003257820-person-75,person,W3003257820-person-75,Juan Luis Cano Rodríguez,Juan Luis Cano Rodríguez,
person:W3003257820-person-76,person,W3003257820-person-76,Juan Nunez-Iglesias,Juan Nunez-Iglesias,
person:A5108208924,person,A5108208924,Judea Pearl,Judea Pearl,
person:A5016349593,person,A5016349593,Judith A. Blake,Judith A. Blake,https://orcid.org/0000-0001-8522-334X
person:A5073991542,person,A5073991542,Judith A. K. Howard,Judith A. K. Howard,https://orcid.org/0000-0002-1871-4349
person:A5074092725,person,A5074092725,Judith Butler,Judith Butler,https://orcid.org/0000-0002-0147-5193
person:A5088950998,person,A5088950998,Jue Ruan,Jue Ruan,https://orcid.org/0000-0003-3713-3192
person:A5039409255,person,A5039409255,Julia Abrahams,Julia Abrahams,
person:A5056352168,person,A5056352168,Julia K. Goodrich,Julia K. Goodrich,https://orcid.org/0000-0003-0480-1924
person:A5032648643,person,A5032648643,Julia M. Gauglitz,Julia M. Gauglitz,https://orcid.org/0000-0003-3146-2489
person:A5103383453,person,A5103383453,Julian B. Rotter,Julian B. Rotter,
person:A5026130275,person,A5026130275,Julian Maller,Julian Maller,https://orcid.org/0000-0002-1565-9559
person:A5031195893,person,A5031195893,Julian P. T. Higgins,Julian P. T. Higgins,https://orcid.org/0000-0002-8323-2514
person:A5080518618,person,A5080518618,Julian Schrittwieser,Julian Schrittwieser,
person:W3035965352-person-7,person,W3035965352-person-7,Julian Taylor,Julian Taylor,
person:A5039439529,person,A5039439529,Julie Ann Sosa,Julie Ann Sosa,https://orcid.org/0000-0002-3356-7316
person:A5003504334,person,A5003504334,Julie Glanville,Julie Glanville,https://orcid.org/0000-0002-1253-8524
person:A5005196060,person,A5005196060,Julie L. Ozanne,Julie L. Ozanne,https://orcid.org/0000-0002-5826-8259
person:A5006908499,person,A5006908499,Julie M. Gastier‐Foster,Julie M. Gastier‐Foster,https://orcid.org/0000-0001-7141-8031
person:A5039921905,person,A5039921905,Julie Thompson,Julie Thompson,https://orcid.org/0000-0003-4893-3478
person:A5076677580,person,A5076677580,Julien P. Nicolas,Julien P. Nicolas,https://orcid.org/0000-0003-0518-100X
person:A5002394578,person,A5002394578,Juliet Corbin,Juliet Corbin,
person:A5071626276,person,A5071626276,Juliet N. Barker,Juliet N. Barker,https://orcid.org/0000-0002-9030-183X
person:A5101768262,person,A5101768262,Julio Rozas,Julio Rozas,https://orcid.org/0000-0002-6839-9148
person:W2104549677-person-27,person,W2104549677-person-27,Jun Wang,Jun Wang,
person:W2104549677-person-41,person,W2104549677-person-41,Jun Wang,Jun Wang,
person:A5100744623,person,A5100744623,Jun Zhao,Jun Zhao,https://orcid.org/0000-0001-6935-9028
person:A5102883508,person,A5102883508,Jun-Yan Zhu,Jun-Yan Zhu,https://orcid.org/0000-0001-8504-3410
person:A5058709579,person,A5058709579,Jungang Xie,Jungang Xie,https://orcid.org/0000-0001-9037-3027
person:A5100643054,person,A5100643054,Junmei Wang,Junmei Wang,https://orcid.org/0000-0002-9607-8229
person:A5080308005,person,A5080308005,Justin Guinney,Justin Guinney,https://orcid.org/0000-0003-1477-1888
person:A5075156076,person,A5075156076,Justin J. J. van der Hooft,Justin J. J. van der Hooft,https://orcid.org/0000-0002-9340-5511
person:W3003257820-person-77,person,W3003257820-person-77,Justin Kuczynski,Justin Kuczynski,
person:A5058269883,person,A5058269883,Justin Kuczynski,Justin Kuczynski,
person:A5108137552,person,A5108137552,Justin Romberg,Justin Romberg,
person:A5108506329,person,A5108506329,Justine R. Hall,Justine R. Hall,
person:A5073451247,person,A5073451247,Jyh‐Shing Roger Jang,Jyh‐Shing Roger Jang,https://orcid.org/0000-0002-7319-9095
person:A5091827744,person,A5091827744,Jérôme Eeckhoute,Jérôme Eeckhoute,https://orcid.org/0000-0002-7222-9264
person:A5024304834,person,A5024304834,Jérôme Goudet,Jérôme Goudet,https://orcid.org/0000-0002-5318-7601
person:A5111957142,person,A5111957142,Jörg Drenkow,Jörg Drenkow,
person:A5008753312,person,A5008753312,Jörg Henseler,Jörg Henseler,https://orcid.org/0000-0002-9736-3048
person:W3003257820-person-64,person,W3003257820-person-64,Jörg P. Dietrich,Jörg P. Dietrich,
person:A5040031141,person,A5040031141,Jörg Peplies,Jörg Peplies,https://orcid.org/0000-0001-6154-4886
person:A5021763337,person,A5021763337,Jörg Sander,Jörg Sander,https://orcid.org/0000-0003-4068-7268
person:A5083312029,person,A5083312029,Jørgen Vestbo,Jørgen Vestbo,https://orcid.org/0000-0001-6355-6362
person:A5108375431,person,A5108375431,Jürgen Cox,Jürgen Cox,
person:A5059335443,person,A5059335443,Jürgen Curschmann,Jürgen Curschmann,
person:A5071172037,person,A5071172037,Jürgen Schmidhuber,Jürgen Schmidhuber,
person:A5032143520,person,A5032143520,K. A. Gilles,K. A. Gilles,
person:A5063500932,person,A5063500932,K. A. Gomez,K. A. Gomez,
person:A5113311455,person,A5113311455,K. C. Mo,K. C. Mo,
person:A5014930584,person,A5014930584,K. Diane Courtney,K. Diane Courtney,https://orcid.org/0009-0004-1877-9195
person:A5108236754,person,A5108236754,K. Hashimoto,K. Hashimoto,
person:A5070488664,person,A5070488664,K. J,K. J,
person:W3035965352-person-1,person,W3035965352-person-1,K. Jarrod Millman,K. Jarrod Millman,https://orcid.org/0000-0002-5263-5070
person:W3003257820-person-13,person,W3003257820-person-13,K. Jarrod Millman,K. Jarrod Millman,https://orcid.org/0000-0002-5263-5070
person:A5005226913,person,A5005226913,K. Minamimoto,K. Minamimoto,
person:A5002373101,person,A5002373101,K. Murakami,K. Murakami,https://orcid.org/0000-0001-5777-5796
person:A5067494586,person,A5067494586,K. Ohtsubo,K. Ohtsubo,
person:A5066906042,person,A5066906042,K. Paech,K. Paech,https://orcid.org/0000-0003-0625-2367
person:A5112196810,person,A5112196810,K. S. W. Sing,K. S. W. Sing,
person:A5013706446,person,A5013706446,K. S. W. Sing,K. S. W. Sing,
person:W2044465660-person-1,person,W2044465660-person-1,K. Shanmugam,K. Shanmugam,
person:A5052210547,person,A5052210547,K. Weber,K. Weber,https://orcid.org/0000-0002-9195-5579
person:A5062680462,person,A5062680462,K.C.A. Sneeuw,K.C.A. Sneeuw,
person:A5100399972,person,A5100399972,Kai Li,Kai Li,https://orcid.org/0000-0003-1560-0853
person:A5100647548,person,A5100647548,Kai Zhao,Kai Zhao,https://orcid.org/0000-0003-0468-2128
person:A5100700361,person,A5100700361,Kaiming He,Kaiming He,https://orcid.org/0000-0001-7318-9658
person:A5020081921,person,A5020081921,Kaja Abbas,Kaja Abbas,https://orcid.org/0000-0003-0563-1576
person:W4385245566-person-3,person,W4385245566-person-3,"Kaliszyk, Cezary","Kaliszyk, Cezary",https://orcid.org/0000-0002-8273-6059
person:A5040376096,person,A5040376096,Kalle von Feilitzen,Kalle von Feilitzen,https://orcid.org/0000-0002-0257-7554
person:A5088394271,person,A5088394271,Kalyanmoy Deb,Kalyanmoy Deb,https://orcid.org/0000-0001-7402-9939
person:A5037884529,person,A5037884529,Kara Dolinski,Kara Dolinski,https://orcid.org/0000-0002-7010-0264
person:A5074822720,person,A5074822720,Kara Lavender Law,Kara Lavender Law,https://orcid.org/0000-0002-5298-6751
person:A5004427441,person,A5004427441,Kara Woo,Kara Woo,https://orcid.org/0000-0002-5125-4188
person:A5073195032,person,A5073195032,Kareha M Agesa,Kareha M Agesa,
person:A5034709604,person,A5034709604,Karen E. Johnson,Karen E. Johnson,https://orcid.org/0000-0002-3935-9067
person:A5075209458,person,A5075209458,Karin E. Limburg,Karin E. Limburg,https://orcid.org/0000-0003-3716-8555
person:A5113618510,person,A5113618510,Karl Bélanger,Karl Bélanger,
person:A5078272344,person,A5078272344,Karl E. Weick,Karl E. Weick,
person:A5044060554,person,A5044060554,Karl V. Voelkerding,Karl V. Voelkerding,
person:A5058378544,person,A5058378544,Karla Soares‐Weiser,Karla Soares‐Weiser,
person:A5068024327,person,A5068024327,Karolina Edlund,Karolina Edlund,https://orcid.org/0000-0002-0276-2143
person:A5073738482,person,A5073738482,Kary B. Mullis,Kary B. Mullis,
person:A5097854457,person,A5097854457,Kaspar D. Naegele,Kaspar D. Naegele,
person:A5083176335,person,A5083176335,Katarina Le Blanc,Katarina Le Blanc,https://orcid.org/0000-0001-8716-5833
person:A5022945304,person,A5022945304,Kate Tilling,Kate Tilling,https://orcid.org/0000-0002-1010-8926
person:A5059286326,person,A5059286326,Katherine EO Todd-Brown,Katherine EO Todd-Brown,https://orcid.org/0000-0002-3109-8130
person:A5013955991,person,A5013955991,Katherine Faust,Katherine Faust,
person:A5087859284,person,A5087859284,Katherine Wolstencroft,Katherine Wolstencroft,https://orcid.org/0000-0002-1279-5133
person:A5045613469,person,A5045613469,Kathleen M. Eisenhardt,Kathleen M. Eisenhardt,https://orcid.org/0000-0002-4879-1679
person:A5027210624,person,A5027210624,Kathleen R. Merikangas,Kathleen R. Merikangas,https://orcid.org/0000-0002-4667-2414
person:A5068216862,person,A5068216862,Kathryn G. Schuff,Kathryn G. Schuff,
person:A5045645746,person,A5045645746,Kathryn M. Lemberg,Kathryn M. Lemberg,https://orcid.org/0000-0003-1511-9322
person:A5079389977,person,A5079389977,Kathryn Tunyasuvunakool,Kathryn Tunyasuvunakool,https://orcid.org/0000-0002-8594-1074
person:A5059921353,person,A5059921353,Kathy Charmaz,Kathy Charmaz,https://orcid.org/0000-0003-1188-6954
person:A5111785718,person,A5111785718,Kathy L. Aleš,Kathy L. Aleš,
person:A5029917806,person,A5029917806,Kathy Leung,Kathy Leung,https://orcid.org/0000-0003-4777-388X
person:A5034282785,person,A5034282785,Katleen De Preter,Katleen De Preter,https://orcid.org/0000-0002-7726-5096
person:A5059909558,person,A5059909558,Katrien Luijkx,Katrien Luijkx,
person:A5010992080,person,A5010992080,Katrina L. Harris,Katrina L. Harris,
person:A5028006288,person,A5028006288,Katsumi Kaneko,Katsumi Kaneko,https://orcid.org/0000-0002-2378-478X
person:A5111977275,person,A5111977275,Kazushige Sato,Kazushige Sato,
person:A5064063992,person,A5064063992,Kazutaka Katoh,Kazutaka Katoh,https://orcid.org/0000-0003-4133-8393
person:A5101897576,person,A5101897576,Kazutoshi Takahashi,Kazutoshi Takahashi,https://orcid.org/0000-0002-5329-8395
person:A5046615539,person,A5046615539,Keith A. Crandall,Keith A. Crandall,https://orcid.org/0000-0002-0836-3389
person:A5073636065,person,A5073636065,Keith C. Bible,Keith C. Bible,https://orcid.org/0000-0003-3042-5969
person:A5110163574,person,A5110163574,Keith E. Muller,Keith E. Muller,
person:A5031795997,person,A5031795997,Keith Morrison,Keith Morrison,https://orcid.org/0000-0002-5205-4639
person:A5024431380,person,A5024431380,Kelly K. O’Brien,Kelly K. O’Brien,https://orcid.org/0000-0002-1632-6537
person:A5066338056,person,A5066338056,Ken Dewar,Ken Dewar,https://orcid.org/0000-0003-2688-138X
person:A5112072892,person,A5112072892,Kenichi Honda,Kenichi Honda,
person:A5113642302,person,A5113642302,Kenjiro Teshima,Kenjiro Teshima,
person:A5047232270,person,A5047232270,Kenneth A. Bollen,Kenneth A. Bollen,https://orcid.org/0000-0002-6710-3800
person:A5108774719,person,A5108774719,Kenneth D. West,Kenneth D. West,
person:A5056315210,person,A5056315210,Kenneth F. Schulz,Kenneth F. Schulz,https://orcid.org/0000-0003-2596-7616
person:A5055590197,person,A5055590197,Kenneth J. Livak,Kenneth J. Livak,https://orcid.org/0000-0001-9105-5856
person:A5109108037,person,A5109108037,Kenneth P. Burnham,Kenneth P. Burnham,
person:A5041631912,person,A5041631912,Kenneth R. French,Kenneth R. French,
person:A5036754351,person,A5036754351,Kenneth V. Price,Kenneth V. Price,
person:A5081862885,person,A5081862885,Kenton Lee,Kenton Lee,https://orcid.org/0000-0002-9534-5970
person:A5080184036,person,A5080184036,Keri Devon,Keri Devon,
person:W3099878876-person-10,person,W3099878876-person-10,"Kern, R","Kern, R",
person:A5007985109,person,A5007985109,Kerstin Lindblad‐Toh,Kerstin Lindblad‐Toh,https://orcid.org/0000-0001-8338-0253
person:A5000991724,person,A5000991724,Kestrel Gorlick,Kestrel Gorlick,
person:A5035049472,person,A5035049472,Kevin Bealer,Kevin Bealer,
person:A5018808577,person,A5018808577,Kevin Cowtan,Kevin Cowtan,https://orcid.org/0000-0002-0189-1437
person:A5059033237,person,A5059033237,Kevin Karplus,Kevin Karplus,
person:A5023416939,person,A5023416939,Kevin McKernan,Kevin McKernan,https://orcid.org/0000-0002-3908-1122
person:A5002713363,person,A5002713363,Kevin Murphy,Kevin Murphy,https://orcid.org/0000-0001-5196-7236
person:W3035965352-person-20,person,W3035965352-person-20,Kevin Sheppard,Kevin Sheppard,https://orcid.org/0000-0001-8700-2292
person:W3003257820-person-78,person,W3003257820-person-78,Kevin Tritz,Kevin Tritz,
person:A5019673624,person,A5019673624,Kevin W. Bowyer,Kevin W. Bowyer,https://orcid.org/0000-0002-7562-4390
person:A5010413374,person,A5010413374,Kevin W. Eliceiri,Kevin W. Eliceiri,https://orcid.org/0000-0001-8678-670X
person:A5068032683,person,A5068032683,Khalid A Altirkawi,Khalid A Altirkawi,https://orcid.org/0000-0002-7331-4196
person:W2965373594-person-2,person,W2965373594-person-2,"Khan, Anas Fahad","Khan, Anas Fahad",https://orcid.org/0000-0002-1551-7438
person:A5061878115,person,A5061878115,Khurshid Alam,Khurshid Alam,https://orcid.org/0000-0002-7402-7519
person:A5082307304,person,A5082307304,Kieron Burke,Kieron Burke,https://orcid.org/0000-0002-6159-0054
person:A5001939738,person,A5001939738,Kiet A. Nguyen,Kiet A. Nguyen,https://orcid.org/0000-0003-0363-313X
person:A5054168710,person,A5054168710,Kiichiro Tomoda,Kiichiro Tomoda,
person:A5006380227,person,A5006380227,Kilian Q. Weinberger,Kilian Q. Weinberger,
person:A5041520404,person,A5041520404,Kim D. Delehaunty,Kim D. Delehaunty,
person:A5045316090,person,A5045316090,Kim K. Baldridge,Kim K. Baldridge,https://orcid.org/0000-0001-7171-3487
person:A5015181760,person,A5015181760,Kimberly D. Miller,Kimberly D. Miller,https://orcid.org/0000-0002-2609-2260
person:A5084078930,person,A5084078930,Kimberlé W. Crenshaw,Kimberlé W. Crenshaw,
person:A5056500617,person,A5056500617,Kirill Müller,Kirill Müller,https://orcid.org/0000-0002-1416-3412
person:A5012681318,person,A5012681318,Kirk T. Spencer,Kirk T. Spencer,
person:W3120106258-person-0,person,W3120106258-person-0,"Kirkwood, B","Kirkwood, B",
person:A5078910140,person,A5078910140,Kishore Papineni,Kishore Papineni,
person:W2010094123-person-12,person,W2010094123-person-12,Kjerstin M. Owens,Kjerstin M. Owens,
person:W1607071030-person-1,person,W1607071030-person-1,Klaus Gersten,Klaus Gersten,
person:A5024399587,person,A5024399587,Klaus Huber,Klaus Huber,https://orcid.org/0000-0001-7512-206X
person:A5048106610,person,A5048106610,Klaus Krippendorff,Klaus Krippendorff,https://orcid.org/0000-0001-8043-608X
person:A5029996336,person,A5029996336,Klaus Schulten,Klaus Schulten,https://orcid.org/0000-0001-7192-9632
person:A5020941997,person,A5020941997,Koblar Alan Jackson,Koblar Alan Jackson,https://orcid.org/0000-0002-5342-7978
person:A5011662069,person,A5011662069,Kohske Takahashi,Kohske Takahashi,https://orcid.org/0000-0001-6076-4828
person:A5068935061,person,A5068935061,Koichi Momma,Koichi Momma,https://orcid.org/0000-0003-0659-0964
person:A5007823743,person,A5007823743,Koichiro Tamura,Koichiro Tamura,https://orcid.org/0000-0001-7189-5399
person:A5000507804,person,A5000507804,Koji Tanabe,Koji Tanabe,
person:A5103111821,person,A5103111821,Koji Wada,Koji Wada,https://orcid.org/0000-0002-7278-7514
person:A5025596722,person,A5025596722,Koki Kamizaki,Koki Kamizaki,
person:A5041633309,person,A5041633309,Konrad Zuse,Konrad Zuse,
person:A5090341705,person,A5090341705,Koray Kavukcuoglu,Koray Kavukcuoglu,
person:A5072248970,person,A5072248970,Kostya S. Novoselov,Kostya S. Novoselov,https://orcid.org/0000-0003-4972-5371
person:A5026483005,person,A5026483005,Kota Tamada,Kota Tamada,https://orcid.org/0000-0002-6575-6189
person:A5067220816,person,A5067220816,Kourosh Kalantar‐Zadeh,Kourosh Kalantar‐Zadeh,https://orcid.org/0000-0001-6109-132X
person:A5038199341,person,A5038199341,Krassimir Atanassov,Krassimir Atanassov,https://orcid.org/0000-0001-5625-071X
person:W3092849554-person-93,person,W3092849554-person-93,Krishna K Aryal,Krishna K Aryal,
person:A5111441747,person,A5111441747,Kristen Averyt,Kristen Averyt,
person:A5053947885,person,A5053947885,Kristina Toutanova,Kristina Toutanova,
person:A5066213576,person,A5066213576,Kristopher J. Preacher,Kristopher J. Preacher,https://orcid.org/0000-0003-4099-3636
person:A5062136919,person,A5062136919,Krzysztof Chylinski,Krzysztof Chylinski,https://orcid.org/0000-0001-7029-8090
person:A5090721600,person,A5090721600,Krzysztof J. Cios,Krzysztof J. Cios,https://orcid.org/0000-0001-5808-5316
person:A5113580399,person,A5113580399,Kung‐Yee Liang,Kung‐Yee Liang,
person:A5108209336,person,A5108209336,Kunio Yagi,Kunio Yagi,
person:A5078334892,person,A5078334892,Kurt Hornik,Kurt Hornik,https://orcid.org/0000-0003-4198-9911
person:A5049860225,person,A5049860225,Kurt Kroenke,Kurt Kroenke,https://orcid.org/0000-0002-0114-4669
person:A5074675036,person,A5074675036,Kwok‐Yung Yuen,Kwok‐Yung Yuen,https://orcid.org/0000-0002-2083-1552
person:A5066967353,person,A5066967353,Kyle Bittinger,Kyle Bittinger,https://orcid.org/0000-0003-3472-5934
person:A5030127969,person,A5030127969,Kyle E. Cordova,Kyle E. Cordova,https://orcid.org/0000-0002-4988-0497
person:A5002017954,person,A5002017954,Kymberlie Pepin,Kymberlie Pepin,https://orcid.org/0000-0002-2771-309X
person:A5024849145,person,A5024849145,Kyo Bin Kang,Kyo Bin Kang,https://orcid.org/0000-0003-3290-1017
person:A5030087918,person,A5030087918,Kyunghyun Cho,Kyunghyun Cho,
person:A5079071970,person,A5079071970,L. A. Zadeh,L. A. Zadeh,
person:A5024016990,person,A5024016990,L. Banziiaf Henry,L. Banziiaf Henry,https://orcid.org/0000-0002-8143-5908
person:A5081230172,person,A5081230172,L. Bellagamba,L. Bellagamba,https://orcid.org/0000-0001-7098-9393
person:A5083421767,person,A5083421767,L. Broglia,L. Broglia,
person:A5052469447,person,A5052469447,L. Haimberger,L. Haimberger,
person:A5083898018,person,A5083898018,L. J. Sham,L. J. Sham,https://orcid.org/0000-0001-5718-2077
person:A5112983468,person,A5112983468,L. Odong Thomas,L. Odong Thomas,
person:A5022509779,person,A5022509779,L. Perera,L. Perera,https://orcid.org/0000-0003-0823-1631
person:A5110218997,person,A5110218997,L. R. Rabiner,L. R. Rabiner,
person:A5074987152,person,A5074987152,L. S. Gandin,L. S. Gandin,
person:A5078072128,person,A5078072128,L. S. Pereira,L. S. Pereira,https://orcid.org/0000-0003-4425-3408
person:A5027610285,person,A5027610285,L. S. Vygotsky,L. S. Vygotsky,
person:A5111721341,person,A5111721341,L. Wilk,L. Wilk,
person:A5106316839,person,A5106316839,LaDeana W. Hillier,LaDeana W. Hillier,
person:A5014846631,person,A5014846631,Laith J. Abu‐Raddad,Laith J. Abu‐Raddad,https://orcid.org/0000-0003-0790-0506
person:A5108622069,person,A5108622069,Lakhbir Sandhu,Lakhbir Sandhu,
person:A5012218905,person,A5012218905,Lalitha Shankar,Lalitha Shankar,https://orcid.org/0000-0002-9144-2263
person:A5110523329,person,A5110523329,Lam-Tung Nguyen,Lam-Tung Nguyen,
person:A5057422995,person,A5057422995,Lanjuan Li,Lanjuan Li,https://orcid.org/0000-0001-6945-0593
person:A5078340083,person,A5078340083,Larisa Miropolsky,Larisa Miropolsky,
person:A5091561305,person,A5091561305,Larissa Shamseer,Larissa Shamseer,https://orcid.org/0000-0003-3690-3378
person:A5058864798,person,A5058864798,Larry A. Curtiss,Larry A. Curtiss,https://orcid.org/0000-0001-8855-8006
person:A5110009578,person,A5110009578,Larry R. Faulkner,Larry R. Faulkner,
person:A5033078993,person,A5033078993,Larry Rubinstein,Larry Rubinstein,https://orcid.org/0000-0002-9720-9737
person:W2010094123-person-3,person,W2010094123-person-3,Larry W. Oberley,Larry W. Oberley,
person:A5068445062,person,A5068445062,Lars A. Akslen,Lars A. Akslen,https://orcid.org/0000-0003-2710-9543
person:A5051269849,person,A5051269849,Lars Goerigk,Lars Goerigk,https://orcid.org/0000-0003-3155-675X
person:A5077553041,person,A5077553041,Lars Isaksen,Lars Isaksen,
person:A5005772961,person,A5005772961,Lars Juhl Jensen,Lars Juhl Jensen,https://orcid.org/0000-0001-7885-715X
person:A5068408229,person,A5068408229,Lars Nyberg,Lars Nyberg,https://orcid.org/0000-0002-3367-1746
person:A5023435254,person,A5023435254,Lars S. Jermiin,Lars S. Jermiin,https://orcid.org/0000-0002-9619-3809
person:A5009625579,person,A5009625579,Lasse Buur Rasmussen,Lasse Buur Rasmussen,
person:W2104549677-person-79,person,W2104549677-person-79,Laura Clarke,Laura Clarke,
person:A5087626806,person,A5087626806,Laura Ernande,Laura Ernande,https://orcid.org/0000-0002-1906-8000
person:A5011356886,person,A5011356886,Laura Johnson,Laura Johnson,https://orcid.org/0000-0002-5368-224X
person:A5088803813,person,A5088803813,Laura McLeod,Laura McLeod,https://orcid.org/0000-0001-7424-9106
person:A5111619792,person,A5111619792,Laura Weeks,Laura Weeks,
person:A5055202207,person,A5055202207,Lauren J. McIver,Lauren J. McIver,https://orcid.org/0000-0002-2199-4310
person:A5091229340,person,A5091229340,Lauren Linton,Lauren Linton,
person:A5109065097,person,A5109065097,Laurens van der Maaten,Laurens van der Maaten,
person:A5081403104,person,A5081403104,Laurent C. Storoni,Laurent C. Storoni,
person:A5069598493,person,A5069598493,Laurent El Ghaoui,Laurent El Ghaoui,https://orcid.org/0000-0002-0499-5610
person:A5024870825,person,A5024870825,Laurent Excoffier,Laurent Excoffier,https://orcid.org/0000-0002-7507-6494
person:A5078770916,person,A5078770916,Laurent Gil,Laurent Gil,https://orcid.org/0000-0002-9475-4502
person:A5053301405,person,A5053301405,Laurent Sifre,Laurent Sifre,
person:A5033504917,person,A5033504917,Laurie Issel‐Tarver,Laurie Issel‐Tarver,https://orcid.org/0000-0003-2930-1918
person:A5058825770,person,A5058825770,Lawrence H. Schwartz,Lawrence H. Schwartz,
person:A5000168449,person,A5000168449,Lawrence Hall,Lawrence Hall,https://orcid.org/0000-0002-7898-8456
person:A5115597907,person,A5115597907,Lawrence M. Page,Lawrence M. Page,https://orcid.org/0000-0002-0658-5519
person:A5006593403,person,A5006593403,Lawrence Manion,Lawrence Manion,
person:A5043014936,person,A5043014936,Lawrence Rudski,Lawrence Rudski,https://orcid.org/0000-0003-1876-1492
person:A5051465480,person,A5051465480,Laxmikant V. Kalé,Laxmikant V. Kalé,https://orcid.org/0000-0001-9673-8445
person:A5016390582,person,A5016390582,Layla Martin‐Samos,Layla Martin‐Samos,
person:A5080765172,person,A5080765172,Le Cong,Le Cong,https://orcid.org/0000-0003-4725-8714
person:W2148905283-person-1,person,W2148905283-person-1,Lee A. Clark,Lee A. Clark,
person:A5013831444,person,A5013831444,Lee Anna Clark,Lee Anna Clark,https://orcid.org/0000-0002-2571-4347
person:A5008226395,person,A5008226395,Lee G. Pedersen,Lee G. Pedersen,https://orcid.org/0000-0003-1262-9861
person:A5024894593,person,A5024894593,Lee J. Cronbach,Lee J. Cronbach,
person:A5111444104,person,A5111444104,Lee S. Shulman,Lee S. Shulman,
person:A5100349482,person,A5100349482,Lei Liu,Lei Liu,https://orcid.org/0000-0001-6764-3260
person:A5100767849,person,A5100767849,Lei Zhang,Lei Zhang,https://orcid.org/0000-0003-4921-8986
person:A5101714940,person,A5101714940,Lei Zhou,Lei Zhou,https://orcid.org/0000-0002-6640-0774
person:W1973948212-person-1,person,W1973948212-person-1,"Lemeshow, Stanley 1948-","Lemeshow, Stanley 1948-",
person:A5078405221,person,A5078405221,Lennart Ljung,Lennart Ljung,https://orcid.org/0000-0003-4881-8955
person:A5074180547,person,A5074180547,Lenore Sawyer Radloff,Lenore Sawyer Radloff,
person:A5039125390,person,A5039125390,Leo Breiman,Leo Breiman,
person:A5112530752,person,A5112530752,Leo Haimberger,Leo Haimberger,
person:A5089893731,person,A5089893731,Leo van de Berg,Leo van de Berg,
person:A5063923755,person,A5063923755,Leona S. Aiken,Leona S. Aiken,
person:A5032115040,person,A5032115040,Leonard L. Berry,Leonard L. Berry,https://orcid.org/0000-0002-9110-7502
person:A5004080743,person,A5004080743,Leonard Wartofsky,Leonard Wartofsky,https://orcid.org/0000-0002-2183-6929
person:A5010278392,person,A5010278392,Leonardo M. Fabbri,Leonardo M. Fabbri,https://orcid.org/0000-0001-8894-1689
person:A5111911596,person,A5111911596,Lesley A. Stevens,Lesley A. Stevens,
person:A5082927689,person,A5082927689,Lesley Stewart,Lesley Stewart,https://orcid.org/0000-0003-0287-4724
person:W4392145873-person-1,person,W4392145873-person-1,"Lespez, Laurent","Lespez, Laurent",
person:A5052283192,person,A5052283192,Levi Waldron,Levi Waldron,https://orcid.org/0000-0003-2725-0694
person:A5114803298,person,A5114803298,Lewis A. Opler,Lewis A. Opler,https://orcid.org/0000-0002-4443-8675
person:A5057032257,person,A5057032257,Lewis C. Cantley,Lewis C. Cantley,https://orcid.org/0000-0002-1298-7653
person:W3038568908-person-1,person,W3038568908-person-1,LHD Experiment Group,LHD Experiment Group,
person:A5100450462,person,A5100450462,Li Fei-Fei,Li Fei-Fei,https://orcid.org/0000-0002-7481-0810
person:A5070771101,person,A5070771101,Li Guo,Li Guo,https://orcid.org/0000-0002-0184-6847
person:A5108393212,person,A5108393212,Li Shen,Li Shen,https://orcid.org/0000-0002-2283-4976
person:A5100425676,person,A5100425676,Li Zhang,Li Zhang,https://orcid.org/0000-0002-9687-8293
person:W2964015378-person-3,person,W2964015378-person-3,"Li, Ding","Li, Ding",https://orcid.org/0000-0001-7558-9137
person:W2964015378-person-2,person,W2964015378-person-2,"Li, Lin","Li, Lin",https://orcid.org/0009-0002-1572-6640
person:W2964015378-person-4,person,W2964015378-person-4,"Li, Zongyang","Li, Zongyang",https://orcid.org/0009-0005-6577-7712
person:A5018109589,person,A5018109589,Li-Gen Wang,Li-Gen Wang,
person:A5009049500,person,A5009049500,Li-Jia Li,Li-Jia Li,https://orcid.org/0000-0001-5850-7013
person:A5100322392,person,A5100322392,Liang Liu,Liang Liu,https://orcid.org/0000-0003-0568-4264
person:W2964015378-person-7,person,W2964015378-person-7,"Liang, Guangtai","Liang, Guangtai",https://orcid.org/0009-0004-2454-1706
person:A5103273466,person,A5103273466,Liang-Chieh Chen,Liang-Chieh Chen,https://orcid.org/0000-0001-8564-374X
person:A5074584778,person,A5074584778,Lianmei Jin,Lianmei Jin,https://orcid.org/0000-0002-6874-9259
person:A5017990990,person,A5017990990,Lieven Vandenberghe,Lieven Vandenberghe,https://orcid.org/0000-0003-4153-2268
person:A5005176337,person,A5005176337,Lili Ren,Lili Ren,https://orcid.org/0000-0002-6645-8183
person:W2126419817-person-7,person,W2126419817-person-7,Lin Fan,Lin Fan,
person:A5079554237,person,A5079554237,Linda P. Fried,Linda P. Fried,https://orcid.org/0000-0002-0815-1706
person:A5041071727,person,A5041071727,Linda Reed,Linda Reed,
person:A5109157911,person,A5109157911,Linda S. Fidell,Linda S. Fidell,
person:A5058823353,person,A5058823353,Lindsay O’Neal,Lindsay O’Neal,
person:A5110967014,person,A5110967014,Lindsey A. Torre,Lindsey A. Torre,
person:A5066665482,person,A5066665482,Lingjing Jiang,Lingjing Jiang,https://orcid.org/0000-0001-8706-2850
person:A5100409376,person,A5100409376,Linlin Liu,Linlin Liu,https://orcid.org/0000-0001-5093-7940
person:A5021112720,person,A5021112720,Linn Fagerberg,Linn Fagerberg,https://orcid.org/0000-0003-0198-7137
person:A5109562869,person,A5109562869,Linton C. Freeman,Linton C. Freeman,
person:A5020008219,person,A5020008219,Lior Pachter,Lior Pachter,https://orcid.org/0000-0002-9164-6231
person:A5050511926,person,A5050511926,Lisa French,Lisa French,https://orcid.org/0000-0001-7279-8582
person:A5010229710,person,A5010229710,Lisa Hartling,Lisa Hartling,https://orcid.org/0000-0001-8341-3991
person:A5079561126,person,A5079561126,Lisa Kann,Lisa Kann,https://orcid.org/0000-0002-3350-0963
person:A5102746555,person,A5102746555,Lisa L. Cook,Lisa L. Cook,https://orcid.org/0000-0002-2964-6230
person:A5039957029,person,A5039957029,Lisa O’Malley,Lisa O’Malley,https://orcid.org/0000-0002-5340-4549
person:A5034415718,person,A5034415718,Lisa Woodland,Lisa Woodland,
person:A5045479885,person,A5045479885,Li‐tze Hu,Li‐tze Hu,
person:A5023778323,person,A5023778323,Li‐Wei Hung,Li‐Wei Hung,https://orcid.org/0000-0001-6690-8458
person:A5020627596,person,A5020627596,Loo‐See Beh,Loo‐See Beh,https://orcid.org/0000-0001-7061-9317
person:A5008894911,person,A5008894911,Lorenzo Paulatto,Lorenzo Paulatto,https://orcid.org/0000-0001-6343-0006
person:A5020333045,person,A5020333045,Lori E. Dodd,Lori E. Dodd,https://orcid.org/0000-0002-3433-5429
person:A5059315543,person,A5059315543,Lorraine H. Toji,Lorraine H. Toji,
person:A5109036851,person,A5109036851,Lotfi A. Zadeh,Lotfi A. Zadeh,
person:A5108446594,person,A5108446594,Louis A. Healey,Louis A. Healey,
person:A5028291081,person,A5028291081,Louis Cohen,Louis Cohen,https://orcid.org/0000-0002-6853-3992
person:A5083617813,person,A5083617813,Louis J. Farrugia,Louis J. Farrugia,
person:A5068277529,person,A5068277529,Louise Smith,Louise Smith,https://orcid.org/0000-0002-1277-2564
person:A5081815233,person,A5081815233,Louis‐Félix Nothias,Louis‐Félix Nothias,https://orcid.org/0000-0001-6711-6719
person:A5031023857,person,A5031023857,Lov K. Grover,Lov K. Grover,
person:A5083294467,person,A5083294467,Luc J. Bourhis,Luc J. Bourhis,
person:A5001254143,person,A5001254143,Luc Van Gool,Luc Van Gool,https://orcid.org/0000-0002-3445-5711
person:A5022099745,person,A5022099745,Lucas Guimarães Abreu,Lucas Guimarães Abreu,
person:A5087893982,person,A5087893982,Luciano A. Marraffini,Luciano A. Marraffini,https://orcid.org/0000-0002-9163-0969
person:A5108080792,person,A5108080792,Lucinda A. Fulton,Lucinda A. Fulton,
person:A5070177612,person,A5070177612,Lucy D’Agostino McGowan,Lucy D’Agostino McGowan,https://orcid.org/0000-0001-7297-9359
person:A5104349268,person,A5104349268,Lucy Matthews,Lucy Matthews,
person:A5103755094,person,A5103755094,Lucy Turner,Lucy Turner,
person:A5027467000,person,A5027467000,Ludo Waltman,Ludo Waltman,https://orcid.org/0000-0001-8249-1752
person:A5036761815,person,A5036761815,Luigi P. Badano,Luigi P. Badano,https://orcid.org/0000-0002-0379-3283
person:A5067310105,person,A5067310105,Luiz Olavo Bonino da Silva Santos,Luiz Olavo Bonino da Silva Santos,https://orcid.org/0000-0002-1164-1351
person:A5020089964,person,A5020089964,Lukas Persson,Lukas Persson,
person:A5037094305,person,A5037094305,Luke A. McGuinness,Luke A. McGuinness,https://orcid.org/0000-0001-8730-9761
person:A5056334757,person,A5056334757,Luke M. Rice,Luke M. Rice,https://orcid.org/0000-0001-6551-3307
person:A5010836192,person,A5010836192,Luke Thompson,Luke Thompson,https://orcid.org/0000-0002-3911-1280
person:A5065156494,person,A5065156494,Lulu Guan,Lulu Guan,
person:A5113780239,person,A5113780239,Lynn S. Bates,Lynn S. Bates,
person:A5035210768,person,A5035210768,Lynn Smith‐Lovin,Lynn Smith‐Lovin,https://orcid.org/0000-0002-8211-4719
person:A5019206666,person,A5019206666,Léon Bottou,Léon Bottou,https://orcid.org/0000-0002-9894-8128
person:A5072009257,person,A5072009257,Léon Festinger,Léon Festinger,
person:A5052129734,person,A5052129734,M Abraham,M Abraham,https://orcid.org/0000-0001-6363-2521
person:A5023440342,person,A5023440342,M D Joshi,M D Joshi,
person:W1964184380-person-7,person,W1964184380-person-7,M Kurabayashi,M Kurabayashi,
person:W1964184380-person-0,person,W1964184380-person-0,M Kuro-o,M Kuro-o,
person:A5109177049,person,A5109177049,M Nei,M Nei,
person:A5005864315,person,A5005864315,M ROWLAND,M ROWLAND,
person:A5057711739,person,A5057711739,M. B. Wilk,M. B. Wilk,
person:A5084320362,person,A5084320362,M. D. Rijnaard,M. D. Rijnaard,
person:A5067142016,person,A5067142016,M. E. J. Newman,M. E. J. Newman,https://orcid.org/0000-0002-0907-1660
person:A5040774720,person,A5040774720,M. E. Leonowicz,M. E. Leonowicz,
person:A5112445766,person,A5112445766,M. Hamilton,M. Hamilton,https://orcid.org/0000-0001-5500-8681
person:A5004307122,person,A5004307122,M. Hashem Pesaran,M. Hashem Pesaran,https://orcid.org/0000-0001-5936-363X
person:A5062738098,person,A5062738098,M. Hauer,M. Hauer,https://orcid.org/0000-0001-7463-3191
person:A5076142044,person,A5076142044,M. I. Katsnelson,M. I. Katsnelson,
person:A5049067083,person,A5049067083,M. J. Irwin,M. J. Irwin,https://orcid.org/0000-0002-2191-9038
person:A5073456299,person,A5073456299,M. Kawaguti,M. Kawaguti,
person:A5110874699,person,A5110874699,M. Klee,M. Klee,
person:A5105362085,person,A5105362085,M. Kossov,M. Kossov,
person:A5042998619,person,A5042998619,M. Liendl,M. Liendl,
person:A5077055351,person,A5077055351,M. M. Phillips,M. M. Phillips,https://orcid.org/0000-0003-2734-0796
person:A5108421497,person,A5108421497,M. Maire,M. Maire,
person:A5110000776,person,A5110000776,M. N. Rosenbluth,M. N. Rosenbluth,
person:A5111928724,person,A5111928724,M. Nagamatu,M. Nagamatu,
person:A5031793291,person,A5031793291,M. Newville,M. Newville,https://orcid.org/0000-0001-6938-1014
person:A5051757056,person,A5051757056,M. Okamura,M. Okamura,https://orcid.org/0000-0002-5552-1706
person:A5014703870,person,A5014703870,M. O’Keeffe,M. O’Keeffe,
person:A5111921036,person,A5111921036,M. P. Lawton,M. P. Lawton,
person:A5060571853,person,A5060571853,M. Pabst,M. Pabst,https://orcid.org/0000-0002-3412-6846
person:A5047995033,person,A5047995033,M. R. Garey,M. R. Garey,
person:A5039600762,person,A5039600762,M. Shoji,M. Shoji,https://orcid.org/0000-0003-0655-7347
person:A5110081154,person,A5110081154,M. van Glabbeke,M. van Glabbeke,
person:A5019243934,person,A5019243934,M. Y. Kim,M. Y. Kim,
person:A5073608364,person,A5073608364,M. Zahid Hasan,M. Zahid Hasan,https://orcid.org/0000-0001-9730-3128
person:A5011919688,person,A5011919688,M.D. Provenzano,M.D. Provenzano,
person:A5109158404,person,A5109158404,M.E. Frazier,M.E. Frazier,
person:A5043692646,person,A5043692646,M.Komp,M.Komp,
person:A5082059084,person,A5082059084,M.P. Vecchi,M.P. Vecchi,
person:A5047366834,person,A5047366834,Maarit Kangas,Maarit Kangas,https://orcid.org/0000-0001-5803-4113
person:A5084197978,person,A5084197978,Mack Shelley,Mack Shelley,https://orcid.org/0000-0002-0414-5843
person:A5010086188,person,A5010086188,Madeleine Ernst,Madeleine Ernst,https://orcid.org/0000-0001-9530-3837
person:A5059103439,person,A5059103439,Madeleine Leach,Madeleine Leach,
person:A5001732927,person,A5001732927,Madhuchhanda Mazumdar,Madhuchhanda Mazumdar,
person:A5041071963,person,A5041071963,Madhuri Hegde,Madhuri Hegde,https://orcid.org/0000-0002-4500-0368
person:A5078472427,person,A5078472427,Mae Y. Li,Mae Y. Li,
person:A5025245190,person,A5025245190,Magdalena Balmaseda,Magdalena Balmaseda,https://orcid.org/0000-0002-9611-8788
person:A5051692662,person,A5051692662,Mahdi Afshari,Mahdi Afshari,https://orcid.org/0000-0002-3159-8741
person:A5033010033,person,A5033010033,Makoto Asai,Makoto Asai,https://orcid.org/0000-0001-8612-3789
person:A5090728150,person,A5090728150,Makoto Kimura,Makoto Kimura,https://orcid.org/0000-0003-0868-5334
person:A5111577938,person,A5111577938,Malcolm W. MacArthur,Malcolm W. MacArthur,
person:A5100658156,person,A5100658156,Man Liu,Man Liu,https://orcid.org/0000-0002-1390-7862
person:A5108202364,person,A5108202364,Mandar Joshi,Mandar Joshi,
person:A5063303706,person,A5063303706,Manfred Grabherr,Manfred Grabherr,https://orcid.org/0000-0001-8792-6508
person:A5058914957,person,A5058914957,Manimozhiyan Arumugam,Manimozhiyan Arumugam,https://orcid.org/0000-0002-0886-9101
person:A5007813511,person,A5007813511,Manoj M. Lalu,Manoj M. Lalu,https://orcid.org/0000-0002-0322-382X
person:A5012228981,person,A5012228981,Manu Shankar‐Hari,Manu Shankar‐Hari,https://orcid.org/0000-0002-5338-2538
person:A5074490470,person,A5074490470,Manuel A. R. Ferreira,Manuel A. R. Ferreira,https://orcid.org/0000-0001-9059-1825
person:A5114113233,person,A5114113233,Manuel Arellano,Manuel Arellano,https://orcid.org/0009-0006-9601-6251
person:A5101728847,person,A5101728847,Manuel Fuentes,Manuel Fuentes,https://orcid.org/0000-0003-1544-9612
person:A5102093613,person,A5102093613,Man‐Li C. Wu,Man‐Li C. Wu,
person:A5035946951,person,A5035946951,Mara Averick,Mara Averick,https://orcid.org/0000-0001-9659-6192
person:A5039905606,person,A5039905606,Marc A. Suchard,Marc A. Suchard,https://orcid.org/0000-0001-9818-479X
person:A5001087292,person,A5001087292,Marc G. Bellemare,Marc G. Bellemare,https://orcid.org/0000-0002-6096-0105
person:A5050838768,person,A5050838768,Marc H. Bornstein,Marc H. Bornstein,https://orcid.org/0000-0002-6810-8427
person:A5020023263,person,A5020023263,Marc Joliot,Marc Joliot,https://orcid.org/0000-0001-7792-308X
person:A5049659586,person,A5049659586,Marc Lanctot,Marc Lanctot,
person:A5068353394,person,A5068353394,Marc Lohse,Marc Lohse,https://orcid.org/0009-0005-7498-7279
person:A5109246066,person,A5109246066,Marcel A. Müller,Marcel A. Müller,
person:A5108411636,person,A5108411636,Marcel J. E. Golay,Marcel J. E. Golay,
person:A5088798234,person,A5088798234,Marcel Martin,Marcel Martin,https://orcid.org/0000-0002-0680-200X
person:A5070061359,person,A5070061359,Marco A. Marra,Marco A. Marra,https://orcid.org/0000-0001-7146-7175
person:A5039540503,person,A5039540503,Marco Matricardi,Marco Matricardi,https://orcid.org/0000-0001-7514-9473
person:A5021179422,person,A5021179422,Marco Roos,Marco Roos,https://orcid.org/0000-0002-8691-772X
person:W1990513740-person-2,person,W1990513740-person-2,Margaret M. Quinlan,Margaret M. Quinlan,
person:A5061822229,person,A5061822229,Margaret Mooney,Margaret Mooney,https://orcid.org/0000-0002-6998-8331
person:A5003332518,person,A5003332518,Mari Ohnuki,Mari Ohnuki,https://orcid.org/0000-0001-5478-6297
person:A5046692009,person,A5046692009,Maria Anisimova,Maria Anisimova,https://orcid.org/0000-0001-8145-7966
person:A5000517206,person,A5000517206,Maria Grazia Pia,Maria Grazia Pia,https://orcid.org/0000-0002-3579-9639
person:A5103872562,person,A5103872562,Mariah Farrell,Mariah Farrell,
person:A5059169253,person,A5059169253,Marianne Nieboer,Marianne Nieboer,https://orcid.org/0000-0001-8471-5342
person:A5064151220,person,A5064151220,Marianne Sullivan,Marianne Sullivan,https://orcid.org/0000-0002-4715-1143
person:A5107368587,person,A5107368587,Marica Hamsten,Marica Hamsten,
person:A5046279079,person,A5046279079,Marie‐Elisabeth Cuvelier,Marie‐Elisabeth Cuvelier,
person:A5053676578,person,A5053676578,Marijke J. van Baren,Marijke J. van Baren,https://orcid.org/0000-0002-1218-4527
person:A5087076550,person,A5087076550,Marilyn Macdonald,Marilyn Macdonald,https://orcid.org/0000-0002-0204-6278
person:A5021181975,person,A5021181975,Marion M. Bradford,Marion M. Bradford,
person:A5107405263,person,A5107405263,Marise Souto Rebelo,Marise Souto Rebelo,
person:A5089420094,person,A5089420094,Marjan van den Belt,Marjan van den Belt,
person:A5109857065,person,A5109857065,Marjorie B. Lees,Marjorie B. Lees,
person:A5047160510,person,A5047160510,Mark A. Bradford,Mark A. Bradford,https://orcid.org/0000-0002-2022-8331
person:A5055476069,person,A5055476069,Mark A. DePristo,Mark A. DePristo,https://orcid.org/0000-0001-9928-045X
person:A5065290010,person,A5065290010,Mark A. Hall,Mark A. Hall,https://orcid.org/0000-0001-6277-144X
person:A5112196905,person,A5112196905,Mark A. Moorman,Mark A. Moorman,
person:A5026460408,person,A5026460408,Mark Chaisson,Mark Chaisson,https://orcid.org/0000-0001-5395-1457
person:A5070206339,person,A5070206339,Mark Corbett,Mark Corbett,https://orcid.org/0000-0002-5937-1493
person:A5029455059,person,A5029455059,Mark D. Robinson,Mark D. Robinson,https://orcid.org/0000-0002-3048-5518
person:A5067974158,person,A5067974158,Mark D. Wilkinson,Mark D. Wilkinson,https://orcid.org/0000-0001-6960-357X
person:A5076161610,person,A5076161610,Mark E. Shields,Mark E. Shields,
person:A5054253972,person,A5054253972,Mark Everingham,Mark Everingham,
person:A5028050718,person,A5028050718,Mark F. Pittenger,Mark F. Pittenger,https://orcid.org/0000-0003-2744-1765
person:A5035549347,person,A5035549347,Mark Granovetter,Mark Granovetter,
person:A5056507889,person,A5056507889,Mark Hall,Mark Hall,https://orcid.org/0000-0003-0081-4277
person:A5053811377,person,A5053811377,Mark Iredell,Mark Iredell,
person:A5107596541,person,A5107596541,Mark J. Daly,Mark J. Daly,https://orcid.org/0000-0002-0949-8752
person:A5086907959,person,A5086907959,Mark Kosinski,Mark Kosinski,https://orcid.org/0000-0003-0563-5542
person:A5111759161,person,A5111759161,Mark L. Johnson,Mark L. Johnson,
person:A5044561793,person,A5044561793,Mark Larkin,Mark Larkin,
person:A5024201884,person,A5024201884,Mark Longair,Mark Longair,https://orcid.org/0000-0002-2192-438X
person:A5062890794,person,A5062890794,Mark M. Carhart,Mark M. Carhart,
person:A5055244038,person,A5055244038,Mark Petticrew,Mark Petticrew,https://orcid.org/0000-0002-6378-5517
person:A5071679701,person,A5071679701,Mark R. Leary,Mark R. Leary,https://orcid.org/0000-0001-9373-6081
person:A5067593473,person,A5067593473,Mark R. Pederson,Mark R. Pederson,https://orcid.org/0000-0002-1236-7438
person:A5001820478,person,A5001820478,Mark Rosetti,Mark Rosetti,
person:A5010977651,person,A5010977651,Mark S. Gordon,Mark S. Gordon,https://orcid.org/0000-0001-6893-553X
person:A5103186114,person,A5103186114,Mark Sandler,Mark Sandler,https://orcid.org/0000-0003-0352-6051
person:A5104275873,person,A5104275873,Mark T. Ross,Mark T. Ross,https://orcid.org/0000-0001-7851-1167
person:A5039828193,person,A5039828193,Mark Thompson,Mark Thompson,https://orcid.org/0000-0002-7633-1442
person:W3035965352-person-17,person,W3035965352-person-17,Mark Wiebe,Mark Wiebe,https://orcid.org/0000-0003-3603-8038
person:A5053369574,person,A5053369574,Marko Sarstedt,Marko Sarstedt,https://orcid.org/0000-0002-5424-4268
person:A5019620317,person,A5019620317,Markus Hoffmann,Markus Hoffmann,https://orcid.org/0000-0003-4603-7696
person:A5028882183,person,A5028882183,Markus Wallwiener,Markus Wallwiener,https://orcid.org/0000-0002-4139-9340
person:A5084129649,person,A5084129649,Marlon Stoeckius,Marlon Stoeckius,https://orcid.org/0000-0002-5658-029X
person:A5024677155,person,A5024677155,Marry L. McHugh,Marry L. McHugh,
person:A5111919977,person,A5111919977,Marshal F. Folstein,Marshal F. Folstein,
person:A5111864214,person,A5111864214,Marshall Folstein,Marshall Folstein,
person:A5011616795,person,A5011616795,Marta Janisková,Marta Janisková,https://orcid.org/0000-0003-2644-8068
person:W3035965352-person-13,person,W3035965352-person-13,Marten H. van Kerkwijk,Marten H. van Kerkwijk,
person:A5062440435,person,A5062440435,Martin A. Fischler,Martin A. Fischler,
person:A5018267399,person,A5018267399,Martin Ester,Martin Ester,https://orcid.org/0000-0001-7732-2815
person:A5065215114,person,A5065215114,Martin Fishbein,Martin Fishbein,
person:A5044355096,person,A5044355096,Martin Hartmann,Martin Hartmann,https://orcid.org/0000-0001-8069-5284
person:A5010891460,person,A5010891460,Martin J. van den Bent,Martin J. van den Bent,https://orcid.org/0000-0001-5710-5127
person:A5000173541,person,A5000173541,Martin Jínek,Martin Jínek,https://orcid.org/0000-0002-7601-210X
person:A5070440991,person,A5070440991,Martin Köhler,Martin Köhler,https://orcid.org/0000-0003-3386-1715
person:A5046285468,person,A5046285468,Martin Manning,Martin Manning,https://orcid.org/0000-0003-2628-6089
person:A5041484206,person,A5041484206,Martin Mächler,Martin Mächler,https://orcid.org/0000-0002-8685-9910
person:A5032450718,person,A5032450718,Martin N. Rossor,Martin N. Rossor,https://orcid.org/0000-0001-8215-3120
person:A5028893728,person,A5028893728,Martin Poenie,Martin Poenie,https://orcid.org/0000-0003-2524-4039
person:A5090908474,person,A5090908474,Martin R. Miller,Martin R. Miller,https://orcid.org/0000-0001-9971-5759
person:A5041323275,person,A5041323275,Martin Riedmiller,Martin Riedmiller,https://orcid.org/0000-0002-8465-5690
person:A5070528752,person,A5070528752,Martin Ringwald,Martin Ringwald,https://orcid.org/0000-0002-5696-5421
person:A5041250553,person,A5041250553,Martin Schlumberger,Martin Schlumberger,https://orcid.org/0000-0003-2599-4817
person:A5103098101,person,A5103098101,Martin Schneider,Martin Schneider,https://orcid.org/0000-0002-8864-6492
person:A5103638447,person,A5103638447,Martin Smith,Martin Smith,
person:A5019985343,person,A5019985343,Martin Steinegger,Martin Steinegger,https://orcid.org/0000-0001-8781-9753
person:A5056837393,person,A5056837393,Martin Taphoorn,Martin Taphoorn,https://orcid.org/0000-0001-9949-4722
person:W3003257820-person-79,person,W3003257820-person-79,Martin Thoma,Martin Thoma,
person:A5052117578,person,A5052117578,Martin Zwahlen,Martin Zwahlen,https://orcid.org/0000-0002-0064-4776
person:A5067513167,person,A5067513167,Martinus Th. van Genuchten,Martinus Th. van Genuchten,https://orcid.org/0000-0003-1654-8858
person:A5052155666,person,A5052155666,Martyn Winn,Martyn Winn,https://orcid.org/0000-0003-0496-6796
person:W3165656738-person-0,person,W3165656738-person-0,"Martínez González, Marina","Martínez González, Marina",
person:A5071266965,person,A5071266965,Marvin Turck,Marvin Turck,
person:A5008617550,person,A5008617550,Marwan Nusair,Marwan Nusair,
person:A5072451833,person,A5072451833,Mary Ann McBurnie,Mary Ann McBurnie,https://orcid.org/0000-0003-0314-220X
person:A5105301983,person,A5105301983,Mary E. Charlson,Mary E. Charlson,
person:A5110186242,person,A5110186242,Mary Jane Ferraro,Mary Jane Ferraro,
person:A5034532474,person,A5034532474,Mary L. Preuss,Mary L. Preuss,
person:A5052677693,person,A5052677693,Mary McIntosh,Mary McIntosh,
person:A5110179662,person,A5110179662,Mary Osborn,Mary Osborn,
person:A5047435579,person,A5047435579,Mary P. Koss,Mary P. Koss,https://orcid.org/0000-0001-9317-9318
person:A5026327806,person,A5026327806,Maryam Adabi,Maryam Adabi,https://orcid.org/0000-0002-5083-9061
person:A5061037631,person,A5061037631,Maryann E. Martone,Maryann E. Martone,https://orcid.org/0000-0002-8406-3871
person:A5027031712,person,A5027031712,María C. Carrillo,María C. Carrillo,https://orcid.org/0000-0003-3057-2387
person:A5081243390,person,A5081243390,Masaharu Nishimura,Masaharu Nishimura,https://orcid.org/0000-0002-6456-4361
person:A5090298420,person,A5090298420,Masahiro Kawabata,Masahiro Kawabata,https://orcid.org/0009-0003-3362-3458
person:A5091037421,person,A5091037421,Masao Kanamitsu,Masao Kanamitsu,
person:W1485283179-person-0,person,W1485283179-person-0,"Massalski, Tadeusz B. 1926-","Massalski, Tadeusz B. 1926-",
person:A5048323819,person,A5048323819,Massimo Bonavita,Massimo Bonavita,https://orcid.org/0000-0002-0392-284X
person:A5038322549,person,A5038322549,Massimo Dominici,Massimo Dominici,https://orcid.org/0000-0002-4007-1503
person:A5090166556,person,A5090166556,Massoud Maher,Massoud Maher,
person:A5060241561,person,A5060241561,Mathias Uhlén,Mathias Uhlén,https://orcid.org/0000-0002-4858-8056
person:A5026861762,person,A5026861762,Mathieu Laversanne,Mathieu Laversanne,https://orcid.org/0000-0002-1568-7218
person:W3003257820-person-3,person,W3003257820-person-3,Matt Haberland,Matt Haberland,https://orcid.org/0000-0003-4806-3601
person:A5023048831,person,A5023048831,Matt van de Rijn,Matt van de Rijn,https://orcid.org/0000-0002-1909-9739
person:A5001480237,person,A5001480237,Matteo Calandra,Matteo Calandra,https://orcid.org/0000-0003-1505-2535
person:A5003673940,person,A5003673940,Matteo Cococcioni,Matteo Cococcioni,https://orcid.org/0000-0002-1546-3513
person:A5112758519,person,A5112758519,Matthew B. Miles,Matthew B. Miles,
person:W3035965352-person-14,person,W3035965352-person-14,Matthew Brett,Matthew Brett,
person:W3003257820-person-11,person,W3003257820-person-11,Matthew Brett,Matthew Brett,
person:A5103897730,person,A5103897730,Matthew C. Jones,Matthew C. Jones,https://orcid.org/0009-0000-9788-0793
person:A5007077635,person,A5007077635,Matthew C. Wiener,Matthew C. Wiener,
person:A5112601052,person,A5112601052,Matthew Cheung,Matthew Cheung,
person:A5046781938,person,A5046781938,Matthew D. Kearse,Matthew D. Kearse,
person:A5068997042,person,A5068997042,Matthew E. Hurles,Matthew E. Hurles,https://orcid.org/0000-0002-2333-7015
person:A5015434839,person,A5015434839,Matthew E. Ritchie,Matthew E. Ritchie,https://orcid.org/0000-0002-7383-0609
person:A5006842434,person,A5006842434,Matthew G. Vander Heiden,Matthew G. Vander Heiden,https://orcid.org/0000-0002-6702-4192
person:A5113697433,person,A5113697433,Matthew H. Liang,Matthew H. Liang,
person:A5089979303,person,A5089979303,Matthew J. Page,Matthew J. Page,https://orcid.org/0000-0002-4242-7526
person:W3003257820-person-80,person,W3003257820-person-80,Matthew Newville,Matthew Newville,
person:A5044141437,person,A5044141437,Matthew R. Dillon,Matthew R. Dillon,https://orcid.org/0000-0002-7713-1952
person:A5036504609,person,A5036504609,Matthew Stephens,Matthew Stephens,https://orcid.org/0000-0001-5397-9257
person:A5077161809,person,A5077161809,Matthias Egger,Matthias Egger,https://orcid.org/0000-0001-7462-5132
person:A5053648717,person,A5053648717,Matthias Ernzerhof,Matthias Ernzerhof,https://orcid.org/0000-0001-5679-8902
person:W3003257820-person-81,person,W3003257820-person-81,Matthias Kümmerer,Matthias Kümmerer,
person:A5090940750,person,A5090940750,Matthias Mann,Matthias Mann,https://orcid.org/0000-0003-1292-4799
person:A5052174858,person,A5052174858,Matthias Thommes,Matthias Thommes,https://orcid.org/0000-0002-3702-4976
person:W3035965352-person-11,person,W3035965352-person-11,Matti Picus,Matti Picus,https://orcid.org/0000-0002-1771-9949
person:A5110017313,person,A5110017313,Mattias Forsberg,Mattias Forsberg,
person:A5085859597,person,A5085859597,Maureen Lahiff,Maureen Lahiff,https://orcid.org/0000-0001-7522-4314
person:A5098505189,person,A5098505189,Maurice Bloch,Maurice Bloch,
person:A5112712466,person,A5112712466,Maurice L. Huggins,Maurice L. Huggins,
person:A5012222528,person,A5012222528,Max A. Alekseyev,Max A. Alekseyev,https://orcid.org/0000-0002-5140-8095
person:A5110893439,person,A5110893439,Max Born,Max Born,
person:A5036328726,person,A5036328726,Max Kühn,Max Kühn,https://orcid.org/0000-0003-2402-136X
person:A5017660699,person,A5017660699,Max L. Berkowitz,Max L. Berkowitz,https://orcid.org/0000-0002-9116-0362
person:A5072785379,person,A5072785379,Max von Hippel,Max von Hippel,https://orcid.org/0000-0003-0288-5802
person:A5058899830,person,A5058899830,Maxim Teslenko,Maxim Teslenko,
person:A5049425698,person,A5049425698,Maxima M. David,Maxima M. David,
person:W3003257820-person-82,person,W3003257820-person-82,Maximilian Bolingbroke,Maximilian Bolingbroke,
person:A5085804894,person,A5085804894,Maxwell B. Stinchcombe,Maxwell B. Stinchcombe,
person:A5035597551,person,A5035597551,Meera Viswanathan,Meera Viswanathan,https://orcid.org/0000-0003-3486-8126
person:A5058228910,person,A5058228910,Meg Pirrung,Meg Pirrung,
person:A5019583219,person,A5019583219,Megumi Narita,Megumi Narita,https://orcid.org/0000-0002-8198-4042
person:A5100693052,person,A5100693052,Mehdi Ahmadi,Mehdi Ahmadi,https://orcid.org/0000-0002-9227-7562
person:A5084483965,person,A5084483965,Mehran Alijanzadeh,Mehran Alijanzadeh,
person:A5070246213,person,A5070246213,Mehran Asadi-Aliabadi,Mehran Asadi-Aliabadi,https://orcid.org/0000-0003-1582-5489
person:A5049341324,person,A5049341324,Mehrbod Estaki,Mehrbod Estaki,https://orcid.org/0000-0003-4556-8444
person:A5029219116,person,A5029219116,Mei-Qin Liu,Mei-Qin Liu,
person:A5004406489,person,A5004406489,Meifang Tang,Meifang Tang,https://orcid.org/0000-0001-9248-1435
person:A5065200226,person,A5065200226,Meiru Zhao,Meiru Zhao,
person:A5052803135,person,A5052803135,Melinda Marquis,Melinda Marquis,https://orcid.org/0000-0002-4073-2965
person:A5019954898,person,A5019954898,Melinda Tignor,Melinda Tignor,
person:A5012295433,person,A5012295433,Melissa E. Graebner,Melissa E. Graebner,https://orcid.org/0000-0001-7361-8862
person:A5004780312,person,A5004780312,Menglong Zhu,Menglong Zhu,https://orcid.org/0000-0003-4796-6235
person:A5056421325,person,A5056421325,Mercè Crosas,Mercè Crosas,https://orcid.org/0000-0003-1304-1939
person:A5022102306,person,A5022102306,Mervyn Singer,Mervyn Singer,https://orcid.org/0000-0002-1042-6350
person:A5055760362,person,A5055760362,Micah D.J. Peters,Micah D.J. Peters,https://orcid.org/0000-0002-1108-3783
person:A5065488391,person,A5065488391,Michael A. Gillette,Michael A. Gillette,https://orcid.org/0000-0001-9300-1448
person:A5068097121,person,A5068097121,Michael A. Nielsen,Michael A. Nielsen,https://orcid.org/0000-0002-6188-5389
person:A5069887963,person,A5069887963,Michael Ashburner,Michael Ashburner,
person:A5068063822,person,A5068063822,Michael B. Eisen,Michael B. Eisen,https://orcid.org/0000-0002-7528-738X
person:A5068261184,person,A5068261184,Michael Bauer,Michael Bauer,https://orcid.org/0000-0002-1521-3514
person:A5103449635,person,A5103449635,Michael Booth,Michael Booth,
person:A5068490503,person,A5068490503,Michael C. Jensen,Michael C. Jensen,https://orcid.org/0000-0001-9084-1361
person:A5013327075,person,A5013327075,Michael C. Munger,Michael C. Munger,https://orcid.org/0000-0002-2160-487X
person:A5033154286,person,A5033154286,Michael C. Wendl,Michael C. Wendl,https://orcid.org/0000-0002-5694-2668
person:A5038698652,person,A5038698652,Michael C. Zody,Michael C. Zody,https://orcid.org/0000-0001-6594-7199
person:A5052890596,person,A5052890596,Michael Cogswell,Michael Cogswell,https://orcid.org/0000-0003-1647-0325
person:A5029259188,person,A5029259188,Michael D. Geurts,Michael D. Geurts,
person:A5072977706,person,A5072977706,Michael D. Woodhams,Michael D. Woodhams,https://orcid.org/0000-0002-5204-4123
person:A5081922410,person,A5081922410,Michael E. Porter,Michael E. Porter,https://orcid.org/0000-0001-9380-6625
person:A5004531184,person,A5004531184,Michael Figurnov,Michael Figurnov,https://orcid.org/0000-0003-1386-8741
person:W2332086916-person-1,person,W2332086916-person-1,Michael Foucault,Michael Foucault,
person:A5079953196,person,A5079953196,Michael G. Wilson,Michael G. Wilson,https://orcid.org/0000-0002-5383-2471
person:A5016136470,person,A5016136470,Michael H. Picard,Michael H. Picard,https://orcid.org/0000-0002-9264-3243
person:A5002909072,person,A5002909072,Michael Haenlein,Michael Haenlein,https://orcid.org/0000-0001-6175-4947
person:A5090047444,person,A5090047444,Michael Heuer,Michael Heuer,https://orcid.org/0000-0002-9052-6000
person:A5049812527,person,A5049812527,Michael I. Jordan,Michael I. Jordan,https://orcid.org/0000-0001-8935-817X
person:A5049770701,person,A5049770701,Michael I. Love,Michael I. Love,https://orcid.org/0000-0001-8401-0545
person:A5025938207,person,A5025938207,Michael J. Frisch,Michael J. Frisch,https://orcid.org/0000-0001-7043-9690
person:A5064275902,person,A5064275902,Michael Jones,Michael Jones,https://orcid.org/0000-0001-5215-2346
person:A5006830648,person,A5006830648,Michael Kass,Michael Kass,
person:A5068247471,person,A5068247471,Michael L. Klein,Michael L. Klein,https://orcid.org/0000-0002-0027-9262
person:A5103055442,person,A5103055442,Michael Li,Michael Li,https://orcid.org/0000-0002-0229-7667
person:A5001371942,person,A5001371942,Michael Maire,Michael Maire,https://orcid.org/0000-0002-9778-6673
person:A5003077083,person,A5003077083,Michael Newman,Michael Newman,https://orcid.org/0000-0002-9305-5742
person:A5049526322,person,A5049526322,Michael P. Allen,Michael P. Allen,https://orcid.org/0000-0003-0158-0046
person:A5058847615,person,A5058847615,Michael P. Doyle,Michael P. Doyle,https://orcid.org/0000-0003-1386-3780
person:A5009368676,person,A5009368676,Michael Porter,Michael Porter,
person:A5089136645,person,A5089136645,Michael Pratt,Michael Pratt,https://orcid.org/0000-0002-8939-7715
person:A5003709069,person,A5003709069,Michael Quinn Patton,Michael Quinn Patton,https://orcid.org/0000-0002-4706-2941
person:A5078307783,person,A5078307783,Michael R. Hoffmann,Michael R. Hoffmann,https://orcid.org/0000-0001-6495-1946
person:A5014823035,person,A5014823035,Michael R. Lamprecht,Michael R. Lamprecht,
person:A5073588344,person,A5073588344,Michael R.M. Abrigo,Michael R.M. Abrigo,https://orcid.org/0000-0002-8187-4302
person:A5040165643,person,A5040165643,Michael Remmert,Michael Remmert,
person:A5053271325,person,A5053271325,Michael Rosen,Michael Rosen,https://orcid.org/0000-0002-8842-6692
person:A5076189854,person,A5076189854,Michael S. Bernstein,Michael S. Bernstein,https://orcid.org/0000-0001-8020-9434
person:A5028011279,person,A5028011279,Michael S. Robeson,Michael S. Robeson,https://orcid.org/0000-0001-7119-6301
person:A5041330438,person,A5041330438,Michael S. Strano,Michael S. Strano,https://orcid.org/0000-0003-2944-808X
person:A5033941906,person,A5033941906,Michael Shaffer,Michael Shaffer,https://orcid.org/0000-0002-1783-3709
person:W2171129594-person-2,person,W2171129594-person-2,MICHAEL SJ??STR??M,MICHAEL SJ??STR??M,
person:W3003257820-person-83,person,W3003257820-person-83,Michael Tartre,Michael Tartre,
person:A5067803369,person,A5067803369,Michael W. Browne,Michael W. Browne,
person:A5032653169,person,A5032653169,Michael W. Pfaffl,Michael W. Pfaffl,https://orcid.org/0000-0002-3192-1019
person:A5060703811,person,A5060703811,Michael W. Schmidt,Michael W. Schmidt,https://orcid.org/0000-0002-7227-0646
person:A5017177249,person,A5017177249,Michael Weller,Michael Weller,https://orcid.org/0000-0002-1748-174X
person:A5111938831,person,A5111938831,Michaele C. Christian,Michaele C. Christian,
person:A5040608006,person,A5040608006,Michail Diamantakis,Michail Diamantakis,https://orcid.org/0000-0003-2279-9717
person:A5034531389,person,A5034531389,Michalina Pacholska,Michalina Pacholska,https://orcid.org/0000-0002-2160-6226
person:A5109160404,person,A5109160404,Michaël Grätzel,Michaël Grätzel,
person:A5024276029,person,A5024276029,Michaël Nilges,Michaël Nilges,https://orcid.org/0000-0002-1451-8092
person:A5101599399,person,A5101599399,Michał Zieliński,Michał Zieliński,https://orcid.org/0009-0008-6785-9326
person:A5055227491,person,A5055227491,Michel Armand,Michel Armand,https://orcid.org/0000-0002-1303-9233
person:A5110084601,person,A5110084601,Michel Dubois,Michel Dubois,
person:A5044836472,person,A5044836472,Michel Dumontier,Michel Dumontier,https://orcid.org/0000-0003-4727-9435
person:A5074474528,person,A5074474528,Michel Dupuis,Michel Dupuis,https://orcid.org/0000-0003-4799-3364
person:A5010562544,person,A5010562544,Michel F. Sanner,Michel F. Sanner,https://orcid.org/0000-0001-9342-327X
person:A5005989677,person,A5005989677,Michel Foucault,Michel Foucault,
person:A5016696647,person,A5016696647,Michele Lazzeri,Michele Lazzeri,https://orcid.org/0000-0002-6644-6617
person:A5023487560,person,A5023487560,Michele Parrinello,Michele Parrinello,https://orcid.org/0000-0001-6550-3272
person:A5033935560,person,A5033935560,Micheline Kamber,Micheline Kamber,
person:A5086831577,person,A5086831577,Michelle Fernández,Michelle Fernández,https://orcid.org/0000-0003-0224-0991
person:A5017906200,person,A5017906200,Michelle Girvan,Michelle Girvan,https://orcid.org/0000-0001-7519-2842
person:A5078228713,person,A5078228713,Michelle Waknitz,Michelle Waknitz,https://orcid.org/0000-0002-8048-6623
person:A5036802322,person,A5036802322,Michio Sugeno,Michio Sugeno,https://orcid.org/0000-0003-1564-5349
person:A5050526698,person,A5050526698,Michiru Nishita,Michiru Nishita,https://orcid.org/0000-0001-5352-173X
person:A5024953209,person,A5024953209,Midori A. Harris,Midori A. Harris,https://orcid.org/0000-0003-4148-4606
person:A5084268825,person,A5084268825,Miguel A. Hernán,Miguel A. Hernán,https://orcid.org/0000-0003-1619-8456
person:A5056014764,person,A5056014764,Miguel Caldas,Miguel Caldas,https://orcid.org/0000-0003-4858-4730
person:A5064979917,person,A5064979917,Mihai Pop,Mihai Pop,https://orcid.org/0000-0001-9617-5304
person:A5048562587,person,A5048562587,Mikael Kubista,Mikael Kubista,https://orcid.org/0000-0002-2940-352X
person:A5068789733,person,A5068789733,Mike Clarke,Mike Clarke,https://orcid.org/0000-0002-2926-7257
person:A5066368718,person,A5066368718,Mikhail Dvorkin,Mikhail Dvorkin,
person:W3003257820-person-84,person,W3003257820-person-84,Mikhail Pak,Mikhail Pak,
person:A5084703314,person,A5084703314,Miklós Palkovits,Miklós Palkovits,https://orcid.org/0000-0003-0578-0387
person:A5072338334,person,A5072338334,Milan Simonovic,Milan Simonovic,
person:A5049045547,person,A5049045547,Miller McPherson,Miller McPherson,
person:W3099878876-person-1,person,W3099878876-person-1,"Millman, KJ","Millman, KJ",
person:A5053484459,person,A5053484459,Milton Abramowitz,Milton Abramowitz,
person:A5088968470,person,A5088968470,Min Hye Yang,Min Hye Yang,
person:A5016529100,person,A5016529100,Min Jian,Min Jian,https://orcid.org/0000-0003-4985-5520
person:A5045493285,person,A5045493285,Min Liu,Min Liu,https://orcid.org/0000-0003-1298-4441
person:A5049496067,person,A5049496067,Min Zhou,Min Zhou,https://orcid.org/0000-0002-8718-8506
person:A5009283382,person,A5009283382,Mina Anjomshoa,Mina Anjomshoa,
person:A5076904467,person,A5076904467,Ming‐Wei Chang,Ming‐Wei Chang,https://orcid.org/0000-0002-0137-8895
person:A5058022821,person,A5058022821,Minoru Kanehisa,Minoru Kanehisa,https://orcid.org/0000-0001-6123-540X
person:A5052599603,person,A5052599603,Mitchell Guttman,Mitchell Guttman,https://orcid.org/0000-0003-4748-9352
person:A5000157972,person,A5000157972,Mitchell M. Levy,Mitchell M. Levy,https://orcid.org/0000-0001-8556-2405
person:A5016971429,person,A5016971429,Mitra Abbasifard,Mitra Abbasifard,https://orcid.org/0000-0001-8149-8549
person:A5103201651,person,A5103201651,Mohammad Abbasi,Mohammad Abbasi,https://orcid.org/0000-0002-9261-9489
person:A5068915111,person,A5068915111,Mohammad Abdollahı,Mohammad Abdollahı,https://orcid.org/0000-0003-0123-1209
person:A5030523667,person,A5030523667,Mohammad Aghaali,Mohammad Aghaali,https://orcid.org/0000-0003-3417-1580
person:A5109313491,person,A5109313491,Mohammed Ansari,Mohammed Ansari,
person:A5038454257,person,A5038454257,Mohsen Abbasi‐Kangevari,Mohsen Abbasi‐Kangevari,https://orcid.org/0000-0001-8405-7482
person:A5080683619,person,A5080683619,Monica Grasso,Monica Grasso,https://orcid.org/0000-0003-1739-3448
person:A5031669206,person,A5031669206,Monika Bullinger,Monika Bullinger,https://orcid.org/0000-0001-8876-0159
person:A5013265313,person,A5013265313,Moran Yassour,Moran Yassour,https://orcid.org/0000-0002-7344-5188
person:A5061354858,person,A5061354858,Morgan G. I. Langille,Morgan G. I. Langille,https://orcid.org/0000-0002-6604-3009
person:A5072368469,person,A5072368469,Morgan N. Price,Morgan N. Price,https://orcid.org/0000-0002-4251-0362
person:A5052368642,person,A5052368642,Morris A. Swertz,Morris A. Swertz,https://orcid.org/0000-0002-0979-3401
person:A5112615448,person,A5112615448,Morris Rosenberg,Morris Rosenberg,
person:A5049582382,person,A5049582382,Morteza Arab‐Zozani,Morteza Arab‐Zozani,https://orcid.org/0000-0001-7223-6707
person:A5017054765,person,A5017054765,Mostafa Amini‐Rarani,Mostafa Amini‐Rarani,https://orcid.org/0000-0002-4809-2237
person:A5026923999,person,A5026923999,Mourad Ouzzani,Mourad Ouzzani,https://orcid.org/0000-0002-4035-3025
person:A5042386888,person,A5042386888,Muhammad Ali,Muhammad Ali,https://orcid.org/0000-0002-3393-6222
person:A5070851390,person,A5070851390,Murray W. Johns,Murray W. Johns,https://orcid.org/0000-0001-7195-3173
person:A5077093969,person,A5077093969,Muthuvel Chelliah,Muthuvel Chelliah,
person:A5076248976,person,A5076248976,Myle Ott,Myle Ott,
person:A5027743525,person,A5027743525,Myles Axton,Myles Axton,https://orcid.org/0000-0002-8042-4131
person:A5033532061,person,A5033532061,Myles Brown,Myles Brown,https://orcid.org/0000-0002-8213-1658
person:A5080649765,person,A5080649765,Myron S. Scholes,Myron S. Scholes,
person:A5024491002,person,A5024491002,Myunghee Cho Paik,Myunghee Cho Paik,https://orcid.org/0000-0001-6239-4883
person:A5077951346,person,A5077951346,N O Kaplan,N O Kaplan,
person:A5065346852,person,A5065346852,N. A. Walton,N. A. Walton,https://orcid.org/0000-0003-3983-8778
person:A5022259389,person,A5022259389,N. B. Suntzeff,N. B. Suntzeff,https://orcid.org/0000-0002-8102-181X
person:A5039543399,person,A5039543399,N. Duez,N. Duez,
person:A5000856599,person,A5000856599,N. J. Nunes,N. J. Nunes,https://orcid.org/0000-0002-3837-6914
person:A5113519078,person,A5113519078,N. Kanaya,N. Kanaya,
person:A5107384928,person,A5107384928,N. M. Laird,N. M. Laird,https://orcid.org/0000-0003-2066-3234
person:A5000953435,person,A5000953435,N. M. R. Peres,N. M. R. Peres,https://orcid.org/0000-0002-7928-8005
person:A5017266669,person,A5017266669,N. MacIntyre,N. MacIntyre,
person:A5007322687,person,A5007322687,N. Metropolis,N. Metropolis,
person:A5110696956,person,A5110696956,N. P. J. Walker,N. P. J. Walker,
person:A5004420981,person,A5004420981,N. Panagia,N. Panagia,https://orcid.org/0000-0002-2515-5653
person:A5110106506,person,A5110106506,N. Rosen,N. Rosen,
person:A5079066306,person,A5079066306,N. Savvas,N. Savvas,
person:A5070202325,person,A5070202325,N. Troullier,N. Troullier,
person:A5111752493,person,A5111752493,N. Tzourio-Mazoyer,N. Tzourio-Mazoyer,
person:A5075030358,person,A5075030358,N.K. Aaronson,N.K. Aaronson,
person:A5075922650,person,A5075922650,N.M. Goeke,N.M. Goeke,
person:A5112999757,person,A5112999757,Na Zhu,Na Zhu,https://orcid.org/0009-0001-5499-8756
person:A5103353640,person,A5103353640,Nadezhda T. Doncheva,Nadezhda T. Doncheva,https://orcid.org/0000-0002-8806-6850
person:A5082143205,person,A5082143205,Nadine Krüger,Nadine Krüger,https://orcid.org/0000-0002-4413-8699
person:A5015213142,person,A5015213142,Nadine Van Roy,Nadine Van Roy,https://orcid.org/0000-0003-0247-2223
person:W2010094123-person-9,person,W2010094123-person-9,Nadph Oxidase,Nadph Oxidase,
person:A5111832890,person,A5111832890,Nai-chyuan Yen,Nai-chyuan Yen,
person:A5028405920,person,A5028405920,Nai-Huei Wu,Nai-Huei Wu,
person:A5059729571,person,A5059729571,Nal Kalchbrenner,Nal Kalchbrenner,https://orcid.org/0000-0002-8148-3088
person:A5101581051,person,A5101581051,Namrata Gupta,Namrata Gupta,https://orcid.org/0000-0001-6786-4995
person:A5107379548,person,A5107379548,Nan M. Laird,Nan M. Laird,
person:A5023729007,person,A5023729007,Nancy D Berkman,Nancy D Berkman,https://orcid.org/0000-0003-3617-1082
person:A5079000753,person,A5079000753,Nanshan Chen,Nanshan Chen,https://orcid.org/0000-0003-2249-4892
person:A5101475024,person,A5101475024,Nanshan Zhong,Nanshan Zhong,https://orcid.org/0000-0003-2274-1427
person:A5072175751,person,A5072175751,Naomi Habib,Naomi Habib,https://orcid.org/0000-0002-6049-2487
person:A5052941366,person,A5052941366,Naruya Saitou,Naruya Saitou,
person:W1663973292-person-0,person,W1663973292-person-0,Nasser M. Nasrabadi,Nasser M. Nasrabadi,
person:A5082814826,person,A5082814826,Nassim Tabri,Nassim Tabri,https://orcid.org/0000-0002-7085-9350
person:A5086171406,person,A5086171406,Natalie A. Phillips,Natalie A. Phillips,https://orcid.org/0000-0003-0855-2961
person:A5055466397,person,A5055466397,Natalie Blencowe,Natalie Blencowe,https://orcid.org/0000-0002-6111-2175
person:A5081890911,person,A5081890911,Nathan P. Podsakoff,Nathan P. Podsakoff,
person:A5112138120,person,A5112138120,Nathaniel Echols,Nathaniel Echols,
person:A5057407051,person,A5057407051,Nathaniel Gonzalez,Nathaniel Gonzalez,
person:W3035965352-person-9,person,W3035965352-person-9,Nathaniel J. Smith,Nathaniel J. Smith,
person:W3003257820-person-85,person,W3003257820-person-85,Nathaniel J. Smith,Nathaniel J. Smith,
person:A5096278320,person,A5096278320,National Research Council,National Research Council,
person:A5050292858,person,A5050292858,Navneet Dalal,Navneet Dalal,
person:A5023488789,person,A5023488789,Nazneen Aziz,Nazneen Aziz,
person:W4392145873-person-0,person,W4392145873-person-0,"Ndiaye, Matar","Ndiaye, Matar",
person:W4292363360-person-1,person,W4292363360-person-1,Neal Parikh,Neal Parikh,
person:A5010180174,person,A5010180174,Neda Gharani,Neda Gharani,
person:A5079208483,person,A5079208483,Nees Jan van Eck,Nees Jan van Eck,https://orcid.org/0000-0001-8448-4521
person:A5042956432,person,A5042956432,Neesh Pannu,Neesh Pannu,https://orcid.org/0000-0002-8626-8504
person:A5038182313,person,A5038182313,Neil David McKay,Neil David McKay,
person:A5077472317,person,A5077472317,Neil Greenberg,Neil Greenberg,https://orcid.org/0000-0003-4550-2971
person:A5059521689,person,A5059521689,Neil S. Trudinger,Neil S. Trudinger,https://orcid.org/0000-0002-4031-2100
person:A5078832673,person,A5078832673,Nelson Alvis‐Guzmán,Nelson Alvis‐Guzmán,https://orcid.org/0000-0001-9458-864X
person:A5085934063,person,A5085934063,Nelson J Alvis-Zakzuk,Nelson J Alvis-Zakzuk,https://orcid.org/0000-0001-9382-214X
person:A5000165682,person,A5000165682,Nicholas A. Bokulich,Nicholas A. Bokulich,https://orcid.org/0000-0002-1784-8935
person:A5042899303,person,A5042899303,Nicholas S. Majluf,Nicholas S. Majluf,
person:A5046764771,person,A5046764771,Nicholas T. Longford,Nicholas T. Longford,
person:A5004708181,person,A5004708181,Nick Rhind,Nick Rhind,https://orcid.org/0000-0003-1758-7736
person:A5007613136,person,A5007613136,Nicola Bonini,Nicola Bonini,https://orcid.org/0000-0003-4429-5536
person:A5005167296,person,A5005167296,Nicola Marzari,Nicola Marzari,https://orcid.org/0000-0002-9764-0199
person:A5068576885,person,A5068576885,Nicola Segata,Nicola Segata,https://orcid.org/0000-0002-1583-5794
person:A5049498403,person,A5049498403,Nicolas Delcroix,Nicolas Delcroix,
person:A5063775633,person,A5063775633,Nicolas Demartines,Nicolas Demartines,https://orcid.org/0000-0002-1530-3114
person:A5015041288,person,A5015041288,Nicole B. Ellison,Nicole B. Ellison,https://orcid.org/0000-0003-2793-4842
person:A5090716657,person,A5090716657,Nicole Stange-Thomann,Nicole Stange-Thomann,
person:A5062394387,person,A5062394387,Nicoletta Pellegrini,Nicoletta Pellegrini,https://orcid.org/0000-0002-9178-5274
person:A5073693721,person,A5073693721,Nicoletta Sacchi,Nicoletta Sacchi,https://orcid.org/0000-0002-7164-401X
person:A5066723581,person,A5066723581,Niels Bormann,Niels Bormann,https://orcid.org/0000-0001-5302-6093
person:A5102094687,person,A5102094687,Nigel Carter,Nigel Carter,
person:A5021921687,person,A5021921687,Nigel P. Brown,Nigel P. Brown,https://orcid.org/0000-0002-5164-4186
person:A5084490031,person,A5084490031,Nigel W. Moriarty,Nigel W. Moriarty,https://orcid.org/0000-0001-8857-9464
person:A5075507875,person,A5075507875,Niguse Meles Alema,Niguse Meles Alema,https://orcid.org/0000-0003-3439-4688
person:A5110760432,person,A5110760432,Nijuan Xiang,Nijuan Xiang,
person:A5072865444,person,A5072865444,Nikita Matsunaga,Nikita Matsunaga,
person:A5089336149,person,A5089336149,Nikita Sandeep Wagle,Nikita Sandeep Wagle,https://orcid.org/0000-0003-1337-483X
person:A5010916394,person,A5010916394,Niklas Blomberg,Niklas Blomberg,https://orcid.org/0000-0003-4155-5910
person:A5071769479,person,A5071769479,Nikola M. Stojanović,Nikola M. Stojanović,https://orcid.org/0000-0002-0124-3501
person:W3003257820-person-86,person,W3003257820-person-86,Nikolai Nowaczyk,Nikolai Nowaczyk,
person:A5033125884,person,A5033125884,Nikolaus Schultz,Nikolaus Schultz,https://orcid.org/0000-0002-0131-4904
person:W3003257820-person-14,person,W3003257820-person-14,Nikolay Mayorov,Nikolay Mayorov,
person:W3003257820-person-87,person,W3003257820-person-87,Nikolay Shebanov,Nikolay Shebanov,
person:A5076617190,person,A5076617190,Nikolay Vyahhi,Nikolay Vyahhi,https://orcid.org/0009-0005-5834-7650
person:A5090073148,person,A5090073148,Nils Homer,Nils Homer,
person:A5103281519,person,A5103281519,Ning Ma,Ning Ma,https://orcid.org/0000-0002-7589-9749
person:A5076999649,person,A5076999649,Nir Friedman,Nir Friedman,https://orcid.org/0000-0002-9678-3550
person:A5048859270,person,A5048859270,Nir Hacohen,Nir Hacohen,https://orcid.org/0000-0002-2349-2656
person:A5032482932,person,A5032482932,NiraJ. Rosebrough,NiraJ. Rosebrough,
person:A5068157871,person,A5068157871,Nitesh V. Chawla,Nitesh V. Chawla,https://orcid.org/0000-0003-3932-5956
person:A5103070090,person,A5103070090,Nitish Srivastava,Nitish Srivastava,https://orcid.org/0000-0002-3442-5352
person:A5090803123,person,A5090803123,Noah Fierer,Noah Fierer,https://orcid.org/0000-0002-6432-4261
person:A5113732540,person,A5113732540,Nobuko Ohishi,Nobuko Ohishi,
person:A5112431155,person,A5112431155,Nobuyuki Otsu,Nobuyuki Otsu,
person:A5085634981,person,A5085634981,Noore Alam,Noore Alam,https://orcid.org/0000-0002-1150-7582
person:A5110852504,person,A5110852504,Nora Peterson,Nora Peterson,
person:A5083819316,person,A5083819316,Norbert M. Seel,Norbert M. Seel,
person:A5110969892,person,A5110969892,Norden E. Huang,Norden E. Huang,
person:A5010297697,person,A5010297697,Norman A. Doggett,Norman A. Doggett,https://orcid.org/0000-0001-8254-2126
person:A5043467343,person,A5043467343,Norman K. Denzin,Norman K. Denzin,
person:A5109070857,person,A5109070857,Norman Myers,Norman Myers,
person:A5002408945,person,A5002408945,Norman P. Gerry,Norman P. Gerry,
person:A5029196051,person,A5029196051,Norman S. Cooper,Norman S. Cooper,
person:A5097863766,person,A5097863766,null,null,
person:A5097852737,person,A5097852737,Number Collaborative Computational Project,Number Collaborative Computational Project,
person:W2010094123-person-0,person,W2010094123-person-0,Offered The,Offered The,
person:A5025832040,person,A5025832040,Oladimeji Adebayo,Oladimeji Adebayo,https://orcid.org/0000-0001-7096-4460
person:A5045981348,person,A5045981348,Olaf Ronneberger,Olaf Ronneberger,https://orcid.org/0000-0002-4266-1515
person:A5028307745,person,A5028307745,Olatunji Adetokunboh,Olatunji Adetokunboh,https://orcid.org/0000-0002-4608-3951
person:A5102985030,person,A5102985030,Ole F. Pedersen,Ole F. Pedersen,https://orcid.org/0000-0002-1153-3844
person:A5056022653,person,A5056022653,Oleg Trott,Oleg Trott,
person:A5080530103,person,A5080530103,Oleg V. Dolomanov,Oleg V. Dolomanov,https://orcid.org/0000-0002-6152-2502
person:W3003257820-person-88,person,W3003257820-person-88,Oleksandr Pavlyk,Oleksandr Pavlyk,
person:A5068432987,person,A5068432987,Olga Chernomor,Olga Chernomor,https://orcid.org/0000-0001-9311-2009
person:A5091746574,person,A5091746574,Olga Demler,Olga Demler,https://orcid.org/0000-0003-3355-3210
person:A5022811687,person,A5022811687,Olga Russakovsky,Olga Russakovsky,https://orcid.org/0000-0001-5272-3241
person:W3099878876-person-25,person,W3099878876-person-25,"Oliphant, TE","Oliphant, TE",
person:A5110127684,person,A5110127684,OliverH. Lowry,OliverH. Lowry,
person:A5050655123,person,A5050655123,Olivier Dumon,Olivier Dumon,https://orcid.org/0000-0001-8599-7345
person:A5051457645,person,A5051457645,Olivier Etard,Olivier Etard,https://orcid.org/0000-0003-3661-0233
person:A5078068308,person,A5078068308,Olivier Gascuel,Olivier Gascuel,https://orcid.org/0000-0002-9412-9723
person:A5009968141,person,A5009968141,Olivier Michielin,Olivier Michielin,https://orcid.org/0000-0003-4926-6355
person:A5026185670,person,A5026185670,Olympia Bover,Olympia Bover,https://orcid.org/0000-0001-9558-8158
person:W4385245566-person-4,person,W4385245566-person-4,"Olšák, Mirek","Olšák, Mirek",https://orcid.org/0000-0002-9361-1921
person:A5044268160,person,A5044268160,Omar M. Yaghi,Omar M. Yaghi,https://orcid.org/0000-0002-5611-3325
person:A5024311574,person,A5024311574,Omer Levy,Omer Levy,https://orcid.org/0000-0001-7300-8191
person:A5003562101,person,A5003562101,Oriol Vinyals,Oriol Vinyals,https://orcid.org/0000-0001-7848-7283
person:A5111874068,person,A5111874068,Otmar D. Wiestler,Otmar D. Wiestler,
person:A5009890068,person,A5009890068,Otto D. L. Strack,Otto D. L. Strack,https://orcid.org/0000-0001-9512-2825
person:A5008093964,person,A5008093964,Owen P. Hamill,Owen P. Hamill,
person:W2134812217-person-0,person,W2134812217-person-0,P CHOMZYNSKI,P CHOMZYNSKI,
person:A5106897627,person,A5106897627,P TURNER,P TURNER,
person:A5050231739,person,A5050231739,P. A. Rebers,P. A. Rebers,
person:W1666853924-person-7,person,W1666853924-person-7,P. A. Wayman,P. A. Wayman,
person:A5053120153,person,A5053120153,P. Arce,P. Arce,https://orcid.org/0000-0003-3009-0484
person:A5046745038,person,A5046745038,P. B. Johnson,P. B. Johnson,
person:W1666853924-person-3,person,W1666853924-person-3,P. C. Clemmow,P. C. Clemmow,
person:A5109971836,person,A5109971836,P. C. Hariharan,P. C. Hariharan,
person:A5013055860,person,A5013055860,P. Challis,P. Challis,
person:A5076052276,person,A5076052276,P. G. Castro,P. G. Castro,https://orcid.org/0000-0002-3064-8831
person:A5024387678,person,A5024387678,P. Garnavich,P. Garnavich,https://orcid.org/0000-0003-4069-2817
person:A5003526591,person,A5003526591,P. Gumplinger,P. Gumplinger,
person:A5062546643,person,A5062546643,P. Gustafsson,P. Gustafsson,
person:A5036797016,person,A5036797016,P. H. Emmett,P. H. Emmett,
person:A5111730431,person,A5111730431,P. Kundur,P. Kundur,
person:A5070479555,person,A5070479555,P. Kållberg,P. Kållberg,
person:A5017980758,person,A5017980758,P. Mora de Freitas,P. Mora de Freitas,
person:A5005520215,person,A5005520215,P. Nieminen,P. Nieminen,
person:A5072900037,person,A5072900037,P. Nugent,P. Nugent,https://orcid.org/0000-0002-3389-0586
person:A5023599143,person,A5023599143,P. Ruiz‐Lapuente,P. Ruiz‐Lapuente,
person:A5109907671,person,A5109907671,P. Therasse,P. Therasse,
person:A5048080465,person,A5048080465,P. V. Degtyarenko,P. V. Degtyarenko,
person:A5040874215,person,A5040874215,P.J. Devereaux,P.J. Devereaux,https://orcid.org/0000-0003-2935-637X
person:A5109877645,person,A5109877645,P.J. Van Soest,P.J. Van Soest,
person:A5012215238,person,A5012215238,Pablo Alonso‐Coello,Pablo Alonso‐Coello,https://orcid.org/0000-0002-8001-8504
person:A5030402857,person,A5030402857,Pablo Librado,Pablo Librado,https://orcid.org/0000-0001-5974-2189
person:A5017114712,person,A5017114712,Pablo Tamayo,Pablo Tamayo,https://orcid.org/0000-0002-9360-4668
person:A5073935114,person,A5073935114,Pablo Yarza,Pablo Yarza,https://orcid.org/0000-0001-5716-9403
person:A5018516395,person,A5018516395,Pak C. Sham,Pak C. Sham,https://orcid.org/0000-0002-2533-7270
person:A5113229683,person,A5113229683,Pam Smith,Pam Smith,
person:A5113577680,person,A5113577680,Pamela Sklar,Pamela Sklar,
person:A5082712082,person,A5082712082,Panos Deloukas,Panos Deloukas,https://orcid.org/0000-0001-9251-070X
person:A5007892044,person,A5007892044,Paola Pisani,Paola Pisani,
person:A5022822719,person,A5022822719,Paolo Giannozzi,Paolo Giannozzi,https://orcid.org/0000-0002-9635-3227
person:A5026985550,person,A5026985550,Paolo Umari,Paolo Umari,https://orcid.org/0000-0002-4589-0313
person:A5013558711,person,A5013558711,Paramvir Dehal,Paramvir Dehal,https://orcid.org/0000-0001-5810-2497
person:A5070111795,person,A5070111795,Pasqualina Santaguida,Pasqualina Santaguida,https://orcid.org/0000-0001-7360-7362
person:A5016144644,person,A5016144644,Patrice Simon,Patrice Simon,https://orcid.org/0000-0002-0461-8268
person:A5109837280,person,A5109837280,Patricia A. Berglund,Patricia A. Berglund,https://orcid.org/0000-0001-5952-6021
person:A5028378139,person,A5028378139,Patricia Cohen,Patricia Cohen,
person:A5056408351,person,A5056408351,Patricia de Rosnay,Patricia de Rosnay,https://orcid.org/0000-0002-7374-3820
person:A5060049408,person,A5060049408,Patrick D. Hsu,Patrick D. Hsu,https://orcid.org/0000-0002-9380-2648
person:A5062762496,person,A5062762496,Patrick D. Schloss,Patrick D. Schloss,https://orcid.org/0000-0002-6935-4275
person:A5058047443,person,A5058047443,Patrick E. Shrout,Patrick E. Shrout,https://orcid.org/0000-0003-2139-0485
person:A5021751458,person,A5021751458,Patrick H. O’Farrell,Patrick H. O’Farrell,https://orcid.org/0000-0003-0011-2734
person:A5026605560,person,A5026605560,Patrick Haffner,Patrick Haffner,https://orcid.org/0000-0002-2319-5109
person:A5008668264,person,A5008668264,Patrick Laloyaux,Patrick Laloyaux,https://orcid.org/0000-0003-2808-0463
person:A5061726857,person,A5061726857,Patrick M. Bossuyt,Patrick M. Bossuyt,https://orcid.org/0000-0003-4427-0128
person:A5006986395,person,A5006986395,Patrick Minx,Patrick Minx,https://orcid.org/0000-0003-1179-2173
person:A5065906655,person,A5065906655,Patrick O. Brown,Patrick O. Brown,https://orcid.org/0000-0002-9940-5993
person:A5068955749,person,A5068955749,Patrick Rosenthal,Patrick Rosenthal,
person:A5109912291,person,A5109912291,Patrick Therasse,Patrick Therasse,
person:A5034995895,person,A5034995895,Patrizio Lancellotti,Patrizio Lancellotti,https://orcid.org/0000-0002-0804-8194
person:A5006360782,person,A5006360782,Patrícia Hill Collins,Patrícia Hill Collins,
person:A5016939870,person,A5016939870,Paul A. Harris,Paul A. Harris,https://orcid.org/0000-0002-1744-2011
person:A5025954456,person,A5025954456,Paul Berrisford,Paul Berrisford,
person:A5017913101,person,A5017913101,Paul C. Sutton,Paul C. Sutton,https://orcid.org/0000-0001-6972-3256
person:A5027915011,person,A5027915011,Paul D. Adams,Paul D. Adams,https://orcid.org/0000-0001-9333-8219
person:A5033773211,person,A5033773211,Paul D. Ryan,Paul D. Ryan,https://orcid.org/0000-0002-3720-0079
person:A5016858660,person,A5016858660,Paul DiMaggio,Paul DiMaggio,https://orcid.org/0000-0001-5330-2529
person:A5071138931,person,A5071138931,Paul Emsley,Paul Emsley,https://orcid.org/0000-0002-0138-5227
person:A5111705720,person,A5111705720,Paul Enright,Paul Enright,
person:A5006816272,person,A5006816272,Paul Flicek,Paul Flicek,https://orcid.org/0000-0002-3897-7955
person:W2104549677-person-77,person,W2104549677-person-77,Paul Flicek,Paul Flicek,
person:A5034924491,person,A5034924491,Paul Groth,Paul Groth,https://orcid.org/0000-0003-0183-6910
person:A5078971011,person,A5078971011,Paul Hoffman,Paul Hoffman,https://orcid.org/0000-0002-7693-8957
person:A5066704276,person,A5066704276,Paul I. W. de Bakker,Paul I. W. de Bakker,https://orcid.org/0000-0001-7735-7858
person:A5056369189,person,A5056369189,Paul J. Besl,Paul J. Besl,
person:A5035781073,person,A5035781073,Paul J. Feeney,Paul J. Feeney,
person:A5050867199,person,A5050867199,Paul J. McMurdie,Paul J. McMurdie,https://orcid.org/0000-0001-8879-3954
person:A5000958944,person,A5000958944,Paul Jones,Paul Jones,https://orcid.org/0000-0001-6087-9182
person:A5045601734,person,A5045601734,Paul Keim,Paul Keim,https://orcid.org/0000-0003-0089-5820
person:A5017135203,person,A5017135203,Paul Kleihues,Paul Kleihues,
person:A5048963768,person,A5048963768,Paul McEwan,Paul McEwan,
person:A5062243310,person,A5062243310,Paul McGettigan,Paul McGettigan,https://orcid.org/0000-0001-5815-8394
person:A5103404782,person,A5103404782,Paul Meier,Paul Meier,
person:A5006477339,person,A5006477339,Paul Poli,Paul Poli,https://orcid.org/0000-0002-8392-6524
person:A5020071768,person,A5020071768,Paul Predki,Paul Predki,
person:A5061511981,person,A5061511981,Paul R. C. Kent,Paul R. C. Kent,https://orcid.org/0000-0001-5539-4017
person:A5108567967,person,A5108567967,Paul R. Lohnes,Paul R. Lohnes,
person:A5103269584,person,A5103269584,Paul R. McHugh,Paul R. McHugh,https://orcid.org/0000-0003-2162-0762
person:A5103599799,person,A5103599799,Paul R. Rosenbaum,Paul R. Rosenbaum,
person:A5031899616,person,A5031899616,Paul R. Warshaw,Paul R. Warshaw,
person:A5108082201,person,A5108082201,Paul Richardson,Paul Richardson,
person:A5048969969,person,A5048969969,Paul Romer,Paul Romer,
person:A5109914479,person,A5109914479,Paul Shekelle,Paul Shekelle,
person:A5044658654,person,A5044658654,Paul T. Spellman,Paul T. Spellman,https://orcid.org/0000-0002-4810-0022
person:A5014255302,person,A5014255302,Paul Theodor Pyl,Paul Theodor Pyl,https://orcid.org/0000-0002-7651-883X
person:A5086733446,person,A5086733446,Paul van der Mark,Paul van der Mark,https://orcid.org/0000-0002-1624-2296
person:W3003257820-person-33,person,W3003257820-person-33,Paul van Mulbregt,Paul van Mulbregt,https://orcid.org/0000-0002-2382-8308
person:A5042310818,person,A5042310818,Paul Viola,Paul Viola,
person:A5044698181,person,A5044698181,Paul W. Eggers,Paul W. Eggers,
person:W3035965352-person-4,person,W3035965352-person-4,Pauli Virtanen,Pauli Virtanen,
person:W3003257820-person-0,person,W3003257820-person-0,Pauli Virtanen,Pauli Virtanen,
person:W2963276645-person-90,person,W2963276645-person-90,Pauline Trinh,Pauline Trinh,
person:A5027480961,person,A5027480961,Pavel A. Pevzner,Pavel A. Pevzner,https://orcid.org/0000-0002-0418-165X
person:A5042671050,person,A5042671050,Pavel Tomančák,Pavel Tomančák,https://orcid.org/0000-0002-2222-9370
person:A5027485418,person,A5027485418,Pavel V. Afonine,Pavel V. Afonine,https://orcid.org/0000-0002-5052-991X
person:W2163815564-person-0,person,W2163815564-person-0,"Paxinos, George","Paxinos, George",
person:W3035965352-person-18,person,W3035965352-person-18,Pearu Peterson,Pearu Peterson,https://orcid.org/0000-0001-7328-4305
person:W3003257820-person-7,person,W3003257820-person-7,Pearu Peterson,Pearu Peterson,
person:A5058418462,person,A5058418462,Pedro J. Torres,Pedro J. Torres,https://orcid.org/0000-0002-0606-8482
person:A5074309419,person,A5074309419,Peer Bork,Peer Bork,https://orcid.org/0000-0002-2627-833X
person:A5045195522,person,A5045195522,Peihua Niu,Peihua Niu,https://orcid.org/0000-0001-5930-4234
person:A5040233371,person,A5040233371,Pekka Oja,Pekka Oja,
person:A5091885910,person,A5091885910,Pelin Yilmaz,Pelin Yilmaz,https://orcid.org/0000-0003-4724-323X
person:A5100416329,person,A5100416329,Peng Peng,Peng Peng,https://orcid.org/0000-0002-8170-8961
person:A5011439848,person,A5011439848,Peng Wu,Peng Wu,https://orcid.org/0000-0003-1157-9401
person:A5083165835,person,A5083165835,Peng Zhou,Peng Zhou,https://orcid.org/0000-0001-9863-4201
person:A5077388783,person,A5077388783,Penny Whiting,Penny Whiting,https://orcid.org/0000-0003-1138-5682
person:W3003257820-person-89,person,W3003257820-person-89,Per A. Brodtkorb,Per A. Brodtkorb,
person:A5069382830,person,A5069382830,Per B. Brockhoff,Per B. Brockhoff,https://orcid.org/0000-0002-1432-7229
person:A5060417938,person,A5060417938,Per Dahlgren,Per Dahlgren,
person:A5035837487,person,A5035837487,Per Eystein Lønning,Per Eystein Lønning,https://orcid.org/0000-0002-8890-6303
person:A5039653029,person,A5039653029,Per Oksvold,Per Oksvold,https://orcid.org/0000-0003-3014-5502
person:A5109214692,person,A5109214692,Per-Henrik Edqvist,Per-Henrik Edqvist,
person:W3003257820-person-90,person,W3003257820-person-90,Perry Lee,Perry Lee,
person:A5112793169,person,A5112793169,Peter A. Kollman,Peter A. Kollman,
person:A5031050247,person,A5031050247,Peter A. Lachenbruch,Peter A. Lachenbruch,
person:A5021033668,person,A5021033668,Peter A.C. ’t Hoen,Peter A.C. ’t Hoen,https://orcid.org/0000-0003-4450-3112
person:A5011524331,person,A5011524331,Peter Alle­beck,Peter Alle­beck,https://orcid.org/0000-0002-2778-6467
person:A5015417603,person,A5015417603,Peter B. C. Rofe,Peter B. C. Rofe,
person:A5005317955,person,A5005317955,Peter Bechtold,Peter Bechtold,https://orcid.org/0000-0002-1967-3382
person:A5002375158,person,A5002375158,Peter C Gøtzsche,Peter C Gøtzsche,https://orcid.org/0000-0002-2108-7016
person:A5076177583,person,A5076177583,Peter C.B. Phillips,Peter C.B. Phillips,https://orcid.org/0000-0003-2341-0451
person:A5060959562,person,A5060959562,Peter Cundall,Peter Cundall,
person:A5064186655,person,A5064186655,Peter D. Baade,Peter D. Baade,https://orcid.org/0000-0001-8576-8868
person:A5077722090,person,A5077722090,Peter Donnelly,Peter Donnelly,https://orcid.org/0000-0001-9495-3408
person:A5030965628,person,A5030965628,Peter E. Blöchl,Peter E. Blöchl,https://orcid.org/0000-0002-1416-5207
person:A5091275445,person,A5091275445,Peter E. Hart,Peter E. Hart,https://orcid.org/0000-0002-0128-168X
person:A5102836099,person,A5102836099,Peter E. Smouse,Peter E. Smouse,https://orcid.org/0000-0003-4474-3458
person:A5111376905,person,A5111376905,Peter G. Jones,Peter G. Jones,
person:A5081770773,person,A5081770773,Peter H. Zwart,Peter H. Zwart,
person:A5030258071,person,A5030258071,Peter J. Barnes,Peter J. Barnes,https://orcid.org/0000-0002-5122-4018
person:A5075121395,person,A5075121395,Peter J. Rousseeuw,Peter J. Rousseeuw,https://orcid.org/0000-0002-3807-5353
person:A5079232459,person,A5079232459,Peter J. Turnbaugh,Peter J. Turnbaugh,https://orcid.org/0000-0002-0888-2875
person:A5038409870,person,A5038409870,Peter Jüni,Peter Jüni,https://orcid.org/0000-0002-5985-0670
person:A5084562655,person,A5084562655,Peter L. Berger,Peter L. Berger,https://orcid.org/0000-0002-6530-3956
person:A5008135470,person,A5008135470,Peter Langfelder,Peter Langfelder,https://orcid.org/0000-0003-3418-4146
person:A5065916093,person,A5065916093,Peter M. Bentler,Peter M. Bentler,https://orcid.org/0000-0002-9440-721X
person:A5060838905,person,A5060838905,Peter M. Senge,Peter M. Senge,
person:A5102833882,person,A5102833882,Peter McCullagh,Peter McCullagh,https://orcid.org/0000-0002-5200-4965
person:A5020597078,person,A5020597078,Peter Meintjes,Peter Meintjes,
person:A5084408140,person,A5084408140,Peter Nilsson,Peter Nilsson,https://orcid.org/0000-0002-4657-8532
person:A5041225023,person,A5041225023,Peter Pompei,Peter Pompei,https://orcid.org/0000-0002-2332-3318
person:A5065535374,person,A5065535374,Peter Reutemann,Peter Reutemann,https://orcid.org/0000-0002-1226-0948
person:A5074920837,person,A5074920837,Peter Sainsbury,Peter Sainsbury,https://orcid.org/0000-0002-0638-9438
person:A5039402589,person,A5039402589,Peter Smibert,Peter Smibert,https://orcid.org/0000-0003-0772-1647
person:A5022067453,person,A5022067453,Peter Tugwell,Peter Tugwell,https://orcid.org/0000-0001-5062-0556
person:A5056816256,person,A5056816256,Peter Wittenburg,Peter Wittenburg,https://orcid.org/0000-0003-3538-0106
person:W3099878876-person-18,person,W3099878876-person-18,"Peterson, P","Peterson, P",
person:A5038201103,person,A5038201103,Petr Danecek,Petr Danecek,https://orcid.org/0000-0002-4159-1666
person:W2010094123-person-2,person,W2010094123-person-2,Ph. D,Ph. D,
person:W2010094123-person-4,person,W2010094123-person-4,Ph. D,Ph. D,
person:A5075833022,person,A5075833022,Philip E. Bourne,Philip E. Bourne,https://orcid.org/0000-0002-7618-7292
person:A5053868357,person,A5053868357,Philip Holmes,Philip Holmes,https://orcid.org/0000-0002-1459-7157
person:A5113642947,person,A5113642947,Philip J. Stephens,Philip J. Stephens,
person:A5046587712,person,A5046587712,Philip M. Podsakoff,Philip M. Podsakoff,
person:A5025870220,person,A5025870220,Philip Scheltens,Philip Scheltens,https://orcid.org/0000-0002-1046-6408
person:A5041583196,person,A5041583196,Philipp Fischer,Philipp Fischer,https://orcid.org/0000-0002-3357-5420
person:A5026426674,person,A5026426674,Philippe Batut,Philippe Batut,https://orcid.org/0000-0003-4250-0663
person:A5024435893,person,A5024435893,Philippe Lopez,Philippe Lopez,https://orcid.org/0000-0003-4014-5813
person:A5018395535,person,A5018395535,Philippe Rocca‐Serra,Philippe Rocca‐Serra,https://orcid.org/0000-0001-9853-5668
person:A5017456911,person,A5017456911,Phillip Isola,Phillip Isola,
person:W3099878876-person-11,person,W3099878876-person-11,"Picus, M","Picus, M",
person:A5035242470,person,A5035242470,Pierre Bourdıeu,Pierre Bourdıeu,https://orcid.org/0000-0001-6386-4269
person:W3035965352-person-19,person,W3035965352-person-19,Pierre Gérard-Marchant,Pierre Gérard-Marchant,
person:A5017831058,person,A5017831058,Pierre Perrón,Pierre Perrón,https://orcid.org/0000-0001-6249-3574
person:A5066544075,person,A5066544075,Pierre Sermanet,Pierre Sermanet,
person:A5110080498,person,A5110080498,Pierre-Alain Clavien,Pierre-Alain Clavien,
person:A5045574506,person,A5045574506,Piet Gros,Piet Gros,https://orcid.org/0000-0002-7782-2585
person:A5082720301,person,A5082720301,Pieter C. Dorrestein,Pieter C. Dorrestein,https://orcid.org/0000-0002-3003-1030
person:A5026825380,person,A5026825380,Pietro Perona,Pietro Perona,https://orcid.org/0000-0002-7583-5809
person:A5012491543,person,A5012491543,Pingyan Chen,Pingyan Chen,https://orcid.org/0000-0002-3747-8003
person:A5070962272,person,A5070962272,Piotr Chomczyński,Piotr Chomczyński,https://orcid.org/0000-0001-9375-1353
person:A5057866698,person,A5057866698,Piotr Dollár,Piotr Dollár,
person:W4385245566-person-5,person,W4385245566-person-5,"Piotrowski, Bartosz","Piotrowski, Bartosz",https://orcid.org/0000-0002-1699-018X
person:A5076080098,person,A5076080098,Prescott L. Deininger,Prescott L. Deininger,https://orcid.org/0000-0002-1067-3028
person:W2432517183-person-0,person,W2432517183-person-0,"Press, William H","Press, William H",
person:A5113855519,person,A5113855519,Priscilla Robinson,Priscilla Robinson,
person:W2161374186-person-0,person,W2161374186-person-0,PRISMA-P Group,PRISMA-P Group,
person:A5035445731,person,A5035445731,Priya Goyal,Priya Goyal,https://orcid.org/0009-0009-3125-9123
person:W2104549677-person-29,person,W2104549677-person-29,Production group,Production group,
person:W2122410182-person-3,person,W2122410182-person-3,Prof. Ganesh Vasudeo Manerkar,Prof. Ganesh Vasudeo Manerkar,
person:A5013834379,person,A5013834379,Pushmeet Kohli,Pushmeet Kohli,https://orcid.org/0000-0002-7466-7997
person:A5063590572,person,A5063590572,Péter Bauer,Péter Bauer,https://orcid.org/0000-0002-3205-6055
person:W2010094123-person-6,person,W2010094123-person-6,Q Schafer,Q Schafer,
person:A5100340176,person,A5100340176,Qi Chen,Qi Chen,https://orcid.org/0000-0002-6190-0403
person:A5100637146,person,A5100637146,Qi Jin,Qi Jin,https://orcid.org/0000-0002-3586-6344
person:A5086654710,person,A5086654710,Qi Wang,Qi Wang,https://orcid.org/0000-0002-7091-5666
person:A5101506692,person,A5101506692,Qiandong Zeng,Qiandong Zeng,https://orcid.org/0000-0002-1885-7892
person:A5058327122,person,A5058327122,Qiang Feng,Qiang Feng,https://orcid.org/0000-0002-4055-226X
person:A5100636286,person,A5100636286,Qiang Yang,Qiang Yang,https://orcid.org/0000-0001-5059-8360
person:A5037591628,person,A5037591628,Qin Jiang,Qin Jiang,https://orcid.org/0000-0002-0689-8304
person:A5022376808,person,A5022376808,Qing Hua Wang,Qing Hua Wang,https://orcid.org/0000-0002-7982-7275
person:A5100646656,person,A5100646656,Qing‐Yu He,Qing‐Yu He,https://orcid.org/0000-0003-0503-9492
person:A5100417364,person,A5100417364,Qiong Wang,Qiong Wang,https://orcid.org/0000-0001-7798-1554
person:A5029583070,person,A5029583070,Quan-Jiao Chen,Quan-Jiao Chen,
person:A5053140466,person,A5053140466,Quanan Zheng,Quanan Zheng,https://orcid.org/0000-0003-1560-1370
person:A5100426166,person,A5100426166,Qun Li,Qun Li,https://orcid.org/0000-0002-5754-7619
person:A5029049881,person,A5029049881,R Andrew Moore,R Andrew Moore,https://orcid.org/0000-0001-8393-2193
person:A5064659367,person,A5064659367,R Chytracek,R Chytracek,
person:A5016212527,person,A5016212527,R Myers,R Myers,https://orcid.org/0000-0001-9701-676X
person:W1964184380-person-14,person,W1964184380-person-14,R Nagai,R Nagai,
person:A5045625713,person,A5045625713,R Paul Levine,R Paul Levine,
person:A5074206499,person,A5074206499,R Waterston,R Waterston,https://orcid.org/0000-0001-5956-5215
person:A5109455558,person,A5109455558,R. A. Knop,R. A. Knop,
person:A5044153519,person,A5044153519,R. A. Leibler,R. A. Leibler,
person:A5108120339,person,A5108120339,R. A. Schommer,R. A. Schommer,
person:A5110225175,person,A5110225175,R. Ainscough,R. Ainscough,
person:A5082226580,person,A5082226580,R. Brian Haynes,R. Brian Haynes,https://orcid.org/0000-0002-1453-3196
person:A5077667471,person,A5077667471,R. C. Edgar,R. C. Edgar,https://orcid.org/0000-0001-7355-2541
person:A5056349538,person,A5056349538,R. C. Oldfield,R. C. Oldfield,
person:A5109731978,person,A5109731978,R. C. Turner,R. C. Turner,
person:W2137015675-person-3,person,W2137015675-person-3,R. Chenna,R. Chenna,
person:A5104475182,person,A5104475182,R. Chris Smith,R. Chris Smith,
person:A5112607389,person,A5112607389,R. D. Shannon,R. D. Shannon,
person:A5109227733,person,A5109227733,R. Deans,R. Deans,
person:A5088465776,person,A5088465776,R. Ditchfield,R. Ditchfield,https://orcid.org/0000-0003-3984-1360
person:A5011466656,person,A5011466656,R. E. Kalman,R. E. Kalman,
person:A5015746014,person,A5015746014,R. E. Smalley,R. E. Smalley,
person:A5055698218,person,A5055698218,R. Enami,R. Enami,
person:A5050630131,person,A5050630131,R. F. Curl,R. F. Curl,
person:A5078798103,person,A5078798103,R. G. D. Steel,R. G. D. Steel,
person:A5003040118,person,A5003040118,R. G. McMahon,R. G. McMahon,https://orcid.org/0000-0001-8447-8869
person:A5082956608,person,A5082956608,R. Giannitrapani,R. Giannitrapani,
person:A5010445014,person,A5010445014,R. Gordon Douglas,R. Gordon Douglas,
person:A5088185191,person,A5088185191,R. Hamatsu,R. Hamatsu,
person:A5085107775,person,A5085107775,R. Kirshner,R. Kirshner,https://orcid.org/0000-0002-1966-3942
person:A5109987723,person,A5109987723,R. Krishnan,R. Krishnan,
person:A5111791838,person,A5111791838,R. Mead,R. Mead,
person:A5009898984,person,A5009898984,R. Michael Tuttle,R. Michael Tuttle,https://orcid.org/0000-0001-9899-9702
person:A5072309854,person,A5072309854,R. Nartallo,R. Nartallo,
person:A5088498607,person,A5088498607,R. P. Snaith,R. P. Snaith,
person:A5068381373,person,A5068381373,R. P. Waldren,R. P. Waldren,
person:A5064867579,person,A5064867579,R. Pain,R. Pain,https://orcid.org/0000-0003-4016-6067
person:A5022656140,person,A5022656140,R. Pellegrino,R. Pellegrino,
person:A5056247138,person,A5056247138,R. Quimby,R. Quimby,https://orcid.org/0000-0001-9171-5236
person:A5109886075,person,A5109886075,R. Raskin,R. Raskin,
person:A5061520454,person,A5061520454,R. Reynolds,R. Reynolds,
person:A5044012216,person,A5044012216,R. Shownkeen,R. Shownkeen,
person:A5080304823,person,A5080304823,R. W. Christy,R. W. Christy,
person:A5043582447,person,A5043582447,R. W. Plumb,R. W. Plumb,
person:A5109974163,person,A5109974163,R.C. Eberhart,R.C. Eberhart,
person:A5110046289,person,A5110046289,R.O. Mirimanoff,R.O. Mirimanoff,
person:A5086038630,person,A5086038630,R.S. de Groot,R.S. de Groot,https://orcid.org/0000-0002-5023-5575
person:A5106923143,person,A5106923143,Rabi S. Bhagat,Rabi S. Bhagat,
person:A5049972945,person,A5049972945,Rachel Churchill,Rachel Churchill,https://orcid.org/0000-0002-1751-0512
person:A5085074627,person,A5085074627,Rachid Skouta,Rachid Skouta,https://orcid.org/0000-0003-3324-4362
person:A5112526522,person,A5112526522,Rafael La Porta,Rafael La Porta,
person:A5058180202,person,A5058180202,Rahul Satija,Rahul Satija,https://orcid.org/0000-0002-1479-664X
person:A5057877217,person,A5057877217,Raija Korpelainen,Raija Korpelainen,https://orcid.org/0000-0002-3627-0542
person:A5043882095,person,A5043882095,Rainer Storn,Rainer Storn,
person:A5035907008,person,A5035907008,Rajaa Al‐Raddadi,Rajaa Al‐Raddadi,https://orcid.org/0000-0002-8921-9628
person:A5049513467,person,A5049513467,Rajesh Dikshit,Rajesh Dikshit,https://orcid.org/0000-0003-4830-0486
person:A5034697550,person,A5034697550,Rajesh Radhakrishnan,Rajesh Radhakrishnan,https://orcid.org/0000-0001-7170-699X
person:A5046472405,person,A5046472405,Rajiv D. Banker,Rajiv D. Banker,https://orcid.org/0000-0001-8082-7312
person:A5070853960,person,A5070853960,Raktima Raychowdhury,Raktima Raychowdhury,
person:W3035965352-person-3,person,W3035965352-person-3,Ralf Gommers,Ralf Gommers,https://orcid.org/0000-0002-0300-3333
person:W3003257820-person-1,person,W3003257820-person-1,Ralf Gommers,Ralf Gommers,https://orcid.org/0000-0002-0300-3333
person:A5110342059,person,A5110342059,Ralf W. Grosse‐Kunstleve,Ralf W. Grosse‐Kunstleve,
person:A5002260826,person,A5002260826,Ralph C. d’Arge,Ralph C. d’Arge,
person:A5105988194,person,A5105988194,Ralph E. Johnson,Ralph E. Johnson,
person:A5029822603,person,A5029822603,Ralph Gebauer,Ralph Gebauer,https://orcid.org/0000-0002-7918-0790
person:A5043077854,person,A5043077854,Ralph Santos,Ralph Santos,
person:A5085254598,person,A5085254598,Raluca Radu,Raluca Radu,
person:A5113643074,person,A5113643074,Rama K. Jaiswal,Rama K. Jaiswal,
person:A5041797310,person,A5041797310,Ramakrishna Vedantam,Ramakrishna Vedantam,
person:A5046238088,person,A5046238088,Ramprasaath R. Selvaraju,Ramprasaath R. Selvaraju,
person:A5070686724,person,A5070686724,Ramón Doallo,Ramón Doallo,https://orcid.org/0000-0002-6011-3387
person:A5027468826,person,A5027468826,Randall I. Krohn,Randall I. Krohn,
person:A5026977942,person,A5026977942,Randall K. Saiki,Randall K. Saiki,
person:A5068323278,person,A5068323278,Randy J. Read,Randy J. Read,https://orcid.org/0000-0001-8273-0047
person:A5109598133,person,A5109598133,Raphael Labaca-Castro,Raphael Labaca-Castro,
person:A5084125220,person,A5084125220,Rashmi Sinha,Rashmi Sinha,https://orcid.org/0000-0002-2466-7462
person:A5034321074,person,A5034321074,Rasko Leinonen,Rasko Leinonen,https://orcid.org/0000-0002-2639-7187
person:W4392145873-person-3,person,W4392145873-person-3,"Rasse, Michel","Rasse, Michel",
person:A5038396804,person,A5038396804,Raymond J. MacDonald,Raymond J. MacDonald,https://orcid.org/0000-0002-8576-766X
person:A5047221475,person,A5047221475,Razique Anwer,Razique Anwer,https://orcid.org/0000-0002-9223-1951
person:A5022965952,person,A5022965952,Rebecca Deadman,Rebecca Deadman,
person:A5032305781,person,A5032305781,Rebecca DerSimonian,Rebecca DerSimonian,
person:A5047300895,person,A5047300895,Rebecca L. Siegel,Rebecca L. Siegel,https://orcid.org/0000-0001-5247-8522
person:A5039261458,person,A5039261458,Rebecca Webster,Rebecca Webster,https://orcid.org/0000-0002-5136-1098
person:W3099878876-person-21,person,W3099878876-person-21,"Reddy, T","Reddy, T",
person:A5058128340,person,A5058128340,Regina Kunz,Regina Kunz,https://orcid.org/0000-0003-0931-8990
person:A5035042552,person,A5035042552,Reinhart Ahlrichs,Reinhart Ahlrichs,
person:A5004474974,person,A5004474974,Reinhold Mueller,Reinhold Mueller,
person:A5050578152,person,A5050578152,Ren-Di Jiang,Ren-Di Jiang,https://orcid.org/0000-0003-4235-6964
person:A5020910604,person,A5020910604,Renata M. Wentzcovitch,Renata M. Wentzcovitch,https://orcid.org/0000-0001-5663-9426
person:A5034372799,person,A5034372799,Renaud Lambiotte,Renaud Lambiotte,https://orcid.org/0000-0002-0583-4595
person:W2104549677-person-61,person,W2104549677-person-61,Renhua Wu,Renhua Wu,
person:A5010012493,person,A5010012493,René van Schaik,René van Schaik,
person:A5077619229,person,A5077619229,Reuben M. Baron,Reuben M. Baron,
person:A5058995931,person,A5058995931,Rex B. Kline,Rex B. Kline,https://orcid.org/0000-0001-6581-592X
person:A5063348766,person,A5063348766,Ricardo Silva,Ricardo Silva,https://orcid.org/0000-0001-6378-0479
person:A5090166730,person,A5090166730,Riccardo Mazzarello,Riccardo Mazzarello,https://orcid.org/0000-0003-2319-375X
person:A5101670626,person,A5101670626,Riccardo Poli,Riccardo Poli,https://orcid.org/0000-0003-4612-0780
person:W2104549677-person-13,person,W2104549677-person-13,Richard A. Gibbs,Richard A. Gibbs,
person:W2104549677-person-30,person,W2104549677-person-30,Richard A. Gibbs,Richard A. Gibbs,
person:A5085875110,person,A5085875110,Richard A. Lempicki,Richard A. Lempicki,https://orcid.org/0000-0002-7059-409X
person:A5068820196,person,A5068820196,Richard A. Olshen,Richard A. Olshen,
person:A5089998471,person,A5089998471,Richard Blundell,Richard Blundell,https://orcid.org/0000-0003-1588-2299
person:A5037912275,person,A5037912275,Richard C. Mohs,Richard C. Mohs,https://orcid.org/0000-0002-3765-6287
person:A5058532986,person,A5058532986,Richard Casaburi,Richard Casaburi,https://orcid.org/0000-0002-8851-8589
person:A5082040351,person,A5082040351,Richard Durbin,Richard Durbin,https://orcid.org/0000-0002-9130-1006
person:A5056321634,person,A5056321634,Richard E. Offeman,Richard E. Offeman,
person:W2104549677-person-89,person,W2104549677-person-89,Richard E. Smith,Richard E. Smith,
person:W3177828909-person-1,person,W3177828909-person-1,Richard Evans,Richard Evans,
person:A5011041108,person,A5011041108,Richard F. Helm,Richard F. Helm,https://orcid.org/0000-0001-5317-0925
person:A5091360374,person,A5091360374,Richard Finkers,Richard Finkers,https://orcid.org/0000-0002-4368-8058
person:A5012391383,person,A5012391383,Richard Forbes,Richard Forbes,https://orcid.org/0000-0002-3596-8287
person:A5101924772,person,A5101924772,Richard G. Allen,Richard G. Allen,https://orcid.org/0000-0003-2306-9521
person:A5020216442,person,A5020216442,Richard Hartley,Richard Hartley,https://orcid.org/0000-0002-5005-0191
person:A5061442960,person,A5061442960,Richard J. Gildea,Richard J. Gildea,https://orcid.org/0000-0001-5038-6958
person:A5101403147,person,A5101403147,Richard J. Smith,Richard J. Smith,https://orcid.org/0000-0002-6340-0656
person:A5004299489,person,A5004299489,Richard K. Belew,Richard K. Belew,
person:A5056256738,person,A5056256738,Richard K. Fenn,Richard K. Fenn,
person:A5014714324,person,A5014714324,Richard K. Wilson,Richard K. Wilson,https://orcid.org/0000-0002-1992-1358
person:A5105786443,person,A5105786443,Richard K. Wilson,Richard K. Wilson,
person:A5053919588,person,A5053919588,Richard Kaplan,Richard Kaplan,https://orcid.org/0000-0002-0189-8348
person:A5032812428,person,A5032812428,Richard L. Gorsuch,Richard L. Gorsuch,
person:A5020349487,person,A5020349487,Richard Lightsey,Richard Lightsey,
person:A5001390698,person,A5001390698,Richard M. Ryan,Richard M. Ryan,https://orcid.org/0000-0002-2355-6154
person:A5077632970,person,A5077632970,Richard Mayeux,Richard Mayeux,https://orcid.org/0000-0001-6519-9696
person:A5022923330,person,A5022923330,Richard Moir,Richard Moir,
person:A5068331895,person,A5068331895,Richard P. Bagozzi,Richard P. Bagozzi,https://orcid.org/0000-0002-8807-8210
person:A5109805326,person,A5109805326,Richard R. Nelson,Richard R. Nelson,
person:A5079173006,person,A5079173006,Richard S. Ellis,Richard S. Ellis,https://orcid.org/0000-0001-7782-7071
person:A5001543982,person,A5001543982,Richard S. Hotchkiss,Richard S. Hotchkiss,https://orcid.org/0000-0002-5470-3655
person:A5004923102,person,A5004923102,Richard S. Sutton,Richard S. Sutton,https://orcid.org/0000-0002-3679-3415
person:A5109867375,person,A5109867375,Richard Schlegel,Richard Schlegel,
person:A5059955534,person,A5059955534,Richard Socher,Richard Socher,https://orcid.org/0000-0002-3577-639X
person:A5039042860,person,A5039042860,Rileen Sinha,Rileen Sinha,https://orcid.org/0000-0001-5497-5055
person:A5011216396,person,A5011216396,Rinaldo Bellomo,Rinaldo Bellomo,https://orcid.org/0000-0002-1650-8939
person:A5019154965,person,A5019154965,Rishub Jain,Rishub Jain,https://orcid.org/0000-0002-8212-9427
person:A5033074461,person,A5033074461,Rob Hooft,Rob Hooft,https://orcid.org/0000-0001-6825-9439
person:A5033881627,person,A5033881627,Rob Knight,Rob Knight,https://orcid.org/0000-0002-0975-9019
person:A5010056224,person,A5010056224,Robert A. Stockley,Robert A. Stockley,https://orcid.org/0000-0003-3726-1207
person:A5012557712,person,A5012557712,Robert A. Weinberg,Robert A. Weinberg,https://orcid.org/0000-0002-0895-3557
person:A5102740532,person,A5102740532,Robert Axelrod,Robert Axelrod,https://orcid.org/0000-0001-9568-5441
person:A5019197436,person,A5019197436,Robert C. Bolles,Robert C. Bolles,
person:A5050157175,person,A5050157175,Robert C. Ford,Robert C. Ford,https://orcid.org/0000-0002-0958-1505
person:A5108417601,person,A5108417601,Robert C. Janzer,Robert C. Janzer,
person:A5071137998,person,A5071137998,Robert Castelo,Robert Castelo,https://orcid.org/0000-0003-2229-4508
person:W3003257820-person-26,person,W3003257820-person-26,Robert Cimrman,Robert Cimrman,
person:A5091724650,person,A5091724650,Robert Costanza,Robert Costanza,https://orcid.org/0000-0001-6348-8734
person:A5032625379,person,A5032625379,Robert Cudeck,Robert Cudeck,
person:A5019087806,person,A5019087806,Robert D. Oeffner,Robert D. Oeffner,https://orcid.org/0000-0003-3107-2202
person:A5049797937,person,A5049797937,Robert D. Skeel,Robert D. Skeel,https://orcid.org/0000-0002-4807-8988
person:A5054867399,person,A5054867399,Robert E. Handsaker,Robert E. Handsaker,https://orcid.org/0000-0002-3128-3547
person:A5028437506,person,A5028437506,Robert E. Lushene,Robert E. Lushene,
person:A5084108666,person,A5084108666,Robert E. Schapire,Robert E. Schapire,https://orcid.org/0000-0001-8616-1611
person:A5080473804,person,A5080473804,Robert E. Stake,Robert E. Stake,
person:A5112456413,person,A5112456413,Robert F. Anda,Robert F. Anda,
person:A5047040699,person,A5047040699,Robert F. Engle,Robert F. Engle,https://orcid.org/0009-0009-9491-1510
person:A5050747355,person,A5050747355,Robert Filders,Robert Filders,
person:A5009013437,person,A5009013437,Robert G. Parr,Robert G. Parr,
person:A5104194836,person,A5104194836,Robert I. Levy,Robert I. Levy,
person:A5044124578,person,A5044124578,Robert J. Hijmans,Robert J. Hijmans,https://orcid.org/0000-0001-5872-2872
person:A5091771382,person,A5091771382,Robert J. Taylor,Robert J. Taylor,https://orcid.org/0000-0002-6106-7722
person:A5023564623,person,A5023564623,Robert J. Thielke,Robert J. Thielke,
person:A5111028468,person,A5111028468,Robert Jin,Robert Jin,
person:A5112624486,person,A5112624486,Robert K. Yin,Robert K. Yin,
person:A5037028051,person,A5037028051,Robert Katzman,Robert Katzman,
person:W3035965352-person-10,person,W3035965352-person-10,Robert Kern,Robert Kern,
person:W3003257820-person-17,person,W3003257820-person-17,Robert Kern,Robert Kern,
person:A5066828579,person,A5066828579,Robert Kistler,Robert Kistler,
person:A5113699779,person,A5113699779,Robert L. Jensen,Robert L. Jensen,
person:A5107836452,person,A5107836452,Robert L. Spitzer,Robert L. Spitzer,
person:A5037983874,person,A5037983874,Robert Lanfear,Robert Lanfear,https://orcid.org/0000-0002-1140-2596
person:A5111535679,person,A5111535679,Robert M. Featherstone,Robert M. Featherstone,
person:A5103500270,person,A5103500270,Robert M. Haralick,Robert M. Haralick,
person:A5103406769,person,A5103406769,Robert M. Morgan,Robert M. Morgan,
person:A5001761955,person,A5001761955,Robert M. Solow,Robert M. Solow,
person:A5111812427,person,A5111812427,Robert O. Crapo,Robert O. Crapo,
person:A5088966095,person,A5088966095,Robert P. Anderson,Robert P. Anderson,https://orcid.org/0000-0002-7706-4649
person:A5033377296,person,A5033377296,Robert P. J. Barretto,Robert P. J. Barretto,
person:A5034798175,person,A5034798175,Robert R. Sokal,Robert R. Sokal,
person:A5061026009,person,A5061026009,Robert S. Fulton,Robert S. Fulton,https://orcid.org/0009-0006-6820-3404
person:A5048310567,person,A5048310567,Robert S. Pinals,Robert S. Pinals,
person:W3003257820-person-91,person,W3003257820-person-91,Robert T. McGibbon,Robert T. McGibbon,
person:A5028916333,person,A5028916333,Robert Taylor,Robert Taylor,https://orcid.org/0000-0001-8196-6218
person:A5027340494,person,A5027340494,Robert Tibshirani,Robert Tibshirani,https://orcid.org/0000-0003-0553-5090
person:A5112584650,person,A5112584650,Robert Tibshirani,Robert Tibshirani,
person:A5030084342,person,A5030084342,Robert V. Krejcie,Robert V. Krejcie,
person:A5108290426,person,A5108290426,Robert V. O’Neill,Robert V. O’Neill,
person:A5042883498,person,A5042883498,Robert W. Vishny,Robert W. Vishny,https://orcid.org/0009-0000-0539-9872
person:A5058810725,person,A5058810725,Roberta Re,Roberta Re,https://orcid.org/0000-0001-9669-2571
person:A5053508480,person,A5053508480,Roberto Cammi,Roberto Cammi,https://orcid.org/0000-0002-7026-7750
person:A5007841515,person,A5007841515,Roberto Car,Roberto Car,https://orcid.org/0000-0001-5243-2647
person:A5016597149,person,A5016597149,Roberto D’Amico,Roberto D’Amico,https://orcid.org/0000-0002-3211-6687
person:A5049765310,person,A5049765310,Roberto M. Lang,Roberto M. Lang,https://orcid.org/0000-0003-3723-1577
person:A5110223271,person,A5110223271,Roberto Rodríguez-Roisin,Roberto Rodríguez-Roisin,
person:A5082425702,person,A5082425702,Roberto Zecchin,Roberto Zecchin,
person:A5081199934,person,A5081199934,Robin J. Hogan,Robin J. Hogan,https://orcid.org/0000-0002-3180-5157
person:A5110082402,person,A5110082402,Robin Mermelstein,Robin Mermelstein,
person:A5073802325,person,A5073802325,Rod Peakall,Rod Peakall,https://orcid.org/0000-0001-9407-8404
person:A5072262441,person,A5072262441,Roderick J. A. Little,Roderick J. A. Little,https://orcid.org/0000-0001-9878-6977
person:A5018972787,person,A5018972787,Rodrigo López,Rodrigo López,https://orcid.org/0000-0003-1256-7306
person:A5111904241,person,A5111904241,Roel Funke,Roel Funke,
person:A5073752893,person,A5073752893,Roger A. Horn,Roger A. Horn,https://orcid.org/0000-0003-1307-2938
person:A5070442023,person,A5070442023,Roger Chou,Roger Chou,https://orcid.org/0000-0001-9889-8610
person:A5070881659,person,A5070881659,Roger Impey,Roger Impey,
person:A5053052330,person,A5053052330,Roger Stupp,Roger Stupp,https://orcid.org/0000-0002-5483-3118
person:A5109193097,person,A5109193097,Roger Y. Tsien,Roger Y. Tsien,
person:A5046986222,person,A5046986222,Roland Geyer,Roland Geyer,https://orcid.org/0000-0001-7430-1058
person:A5041396463,person,A5041396463,Roland Schulz,Roland Schulz,https://orcid.org/0000-0003-1603-2413
person:A5013419773,person,A5013419773,Rolf Seeger,Rolf Seeger,
person:A5034098815,person,A5034098815,Romain François,Romain François,https://orcid.org/0000-0002-2444-4226
person:A5090423985,person,A5090423985,Romain M. Wolf,Romain M. Wolf,
person:A5026919510,person,A5026919510,Roman A. Laskowski,Roman A. Laskowski,https://orcid.org/0000-0001-5528-0087
person:W3003257820-person-92,person,W3003257820-person-92,Roman Feldbauer,Roman Feldbauer,
person:A5112658480,person,A5112658480,Ron Gilliland,Ron Gilliland,
person:A5112523816,person,A5112523816,Ronald Aylmer Fisher,Ronald Aylmer Fisher,
person:A5057810294,person,A5057810294,Ronald C. Kessler,Ronald C. Kessler,https://orcid.org/0000-0003-4831-2305
person:A5048382598,person,A5048382598,Ronald H. Coase,Ronald H. Coase,
person:A5112059424,person,A5112059424,Ronald J. Williams,Ronald J. Williams,
person:A5051087399,person,A5051087399,Ronald L. Rivest,Ronald L. Rivest,
person:A5111528130,person,A5111528130,Ronald L. Wilder,Ronald L. Wilder,
person:A5102865683,person,A5102865683,Ronghui Du,Ronghui Du,https://orcid.org/0000-0001-6416-5531
person:A5112776266,person,A5112776266,Rongmeng Jiang,Rongmeng Jiang,
person:A5073808064,person,A5073808064,Rongshou Zheng,Rongshou Zheng,https://orcid.org/0000-0003-4295-3398
person:A5045447641,person,A5045447641,Rosa M. Lamuela‐Raventós,Rosa M. Lamuela‐Raventós,https://orcid.org/0000-0002-1287-4560
person:A5051192450,person,A5051192450,Rose M. Brewer,Rose M. Brewer,https://orcid.org/0000-0002-4452-5402
person:A5109894513,person,A5109894513,RoseJ. Randall,RoseJ. Randall,
person:A5048838217,person,A5048838217,Rosemary Braun,Rosemary Braun,https://orcid.org/0000-0001-9668-9866
person:A5049246408,person,A5049246408,Ross Girshick,Ross Girshick,
person:A5020478929,person,A5020478929,Rossana Dragani,Rossana Dragani,
person:A5112492347,person,A5112492347,Roujian Lu,Roujian Lu,https://orcid.org/0000-0002-3362-662X
person:A5083945877,person,A5083945877,Roy F. Baumeister,Roy F. Baumeister,https://orcid.org/0000-0003-1413-3296
person:A5045704195,person,A5045704195,Roy G. Elbers,Roy G. Elbers,https://orcid.org/0000-0002-4850-6954
person:A5030942823,person,A5030942823,Roy L. Jenne,Roy L. Jenne,
person:A5069864756,person,A5069864756,Ruben Kok,Ruben Kok,
person:A5061008437,person,A5061008437,Ruchong Chen,Ruchong Chen,https://orcid.org/0000-0001-5376-8230
person:A5053411159,person,A5053411159,Rudolf Orthofer,Rudolf Orthofer,
person:A5022954543,person,A5022954543,Rufus Akinyemi,Rufus Akinyemi,https://orcid.org/0000-0001-5286-428X
person:A5028153158,person,A5028153158,Rui Wang,Rui Wang,https://orcid.org/0000-0002-7402-6372
person:A5111759101,person,A5111759101,Rui Yang,Rui Yang,https://orcid.org/0009-0008-3970-4351
person:A5112645115,person,A5112645115,Ruiqi Ren,Ruiqi Ren,
person:A5100939057,person,A5100939057,Ruiqin Ma,Ruiqin Ma,https://orcid.org/0009-0002-6696-5668
person:A5086458689,person,A5086458689,Rune Haubo Bojesen Christensen,Rune Haubo Bojesen Christensen,https://orcid.org/0000-0002-4494-3399
person:A5071983998,person,A5071983998,Ruslan Salakhutdinov,Ruslan Salakhutdinov,https://orcid.org/0000-0002-3752-2756
person:A5113989875,person,A5113989875,Russ Bates,Russ Bates,
person:A5030139784,person,A5030139784,Russell A. Mittermeier,Russell A. Mittermeier,https://orcid.org/0000-0002-8002-826X
person:A5109558515,person,A5109558515,Russell F. Doolittle,Russell F. Doolittle,
person:A5113658176,person,A5113658176,Russell Grocock,Russell Grocock,
person:A5112087783,person,A5112087783,Russell Higuchi,Russell Higuchi,
person:A5048908501,person,A5048908501,Russell P. Tracy,Russell P. Tracy,https://orcid.org/0000-0002-0080-2420
person:A5114252790,person,A5114252790,Russell Ross,Russell Ross,
person:A5066589732,person,A5066589732,Ruth E. Ley,Ruth E. Ley,https://orcid.org/0000-0002-9087-1672
person:A5000392051,person,A5000392051,Ruth Huey,Ruth Huey,
person:A5017853443,person,A5017853443,Ryan A. Lesniewski,Ryan A. Lesniewski,
person:A5045810064,person,A5045810064,Ryan T. McKay,Ryan T. McKay,https://orcid.org/0000-0002-0255-159X
person:A5106133480,person,A5106133480,Ryuju Hashimoto,Ryuju Hashimoto,
person:A5012905268,person,A5012905268,Réka Albert,Réka Albert,https://orcid.org/0000-0002-9485-0828
person:A5101968884,person,A5101968884,S Kobayashi,S Kobayashi,https://orcid.org/0000-0002-1939-3380
person:W1964184380-person-13,person,W1964184380-person-13,S Nishikawa,S Nishikawa,
person:A5017790958,person,A5017790958,S P Colowick,S P Colowick,
person:A5002902059,person,A5002902059,S Schraub,S Schraub,https://orcid.org/0000-0003-4972-1928
person:A5019950553,person,A5019950553,S. Agostinelli,S. Agostinelli,
person:A5027951850,person,A5027951850,S. B. Healy,S. B. Healy,https://orcid.org/0000-0003-4810-9593
person:A5030344172,person,A5030344172,S. Fabbro,S. Fabbro,https://orcid.org/0000-0003-2239-7988
person:A5110677852,person,A5110677852,S. Gianì,S. Gianì,
person:A5067673309,person,A5067673309,S. H. Vosko,S. H. Vosko,
person:A5080812721,person,A5080812721,S. Kaasa,S. Kaasa,
person:A5069849313,person,A5069849313,S. Kullback,S. Kullback,
person:A5035256244,person,A5035256244,S. Nicklen,S. Nicklen,
person:A5020961360,person,A5020961360,S. Onur Sumer,S. Onur Sumer,https://orcid.org/0000-0001-9726-9441
person:A5073299189,person,A5073299189,S. P,S. P,
person:A5030135192,person,A5030135192,S. Perlmutter,S. Perlmutter,https://orcid.org/0000-0002-4436-4661
person:A5045151954,person,A5045151954,S. R. Kelner,S. R. Kelner,
person:A5059712250,person,A5059712250,S. Uppala,S. Uppala,
person:A5072442751,person,A5072442751,S. V. Dubonos,S. V. Dubonos,
person:A5112837268,person,A5112837268,S.A. Miller,S.A. Miller,
person:A5091640119,person,A5091640119,S.H. Jenkins,S.H. Jenkins,https://orcid.org/0009-0008-2564-0043
person:A5006490364,person,A5006490364,S.S Sadilov,S.S Sadilov,
person:A5107196229,person,A5107196229,S.W. OʼNeale,S.W. OʼNeale,
person:A5003179870,person,A5003179870,Sabah Ul-Hasan,Sabah Ul-Hasan,https://orcid.org/0000-0001-6334-452X
person:W2153943092-person-1,person,W2153943092-person-1,Saby Mitra,Saby Mitra,
person:W3092849554-person-69,person,W3092849554-person-69,Saeed Amini,Saeed Amini,
person:A5110225207,person,A5110225207,Sakshi Agarwal,Sakshi Agarwal,
person:W3025949386-person-12,person,W3025949386-person-12,Saleh Abdalla,Saleh Abdalla,https://orcid.org/0000-0003-4469-7949
person:A5043396055,person,A5043396055,Salim Roukos,Salim Roukos,https://orcid.org/0000-0003-2140-4349
person:A5049975458,person,A5049975458,Sally Hopewell,Sally Hopewell,https://orcid.org/0000-0002-6881-6984
person:A5053015332,person,A5053015332,Sam H. Ahmedzai,Sam H. Ahmedzai,https://orcid.org/0000-0002-2028-8510
person:W3003257820-person-93,person,W3003257820-person-93,Sam Lewis,Sam Lewis,
person:W3003257820-person-94,person,W3003257820-person-94,Sam Tygier,Sam Tygier,
person:A5021126287,person,A5021126287,Samantha K. Brooks,Samantha K. Brooks,https://orcid.org/0000-0003-3884-3583
person:A5050954407,person,A5050954407,Samuel B Albertson,Samuel B Albertson,
person:A5007897986,person,A5007897986,Samuel Francis Boys,Samuel Francis Boys,
person:A5007347096,person,A5007347096,Samuel K. Ludwin,Samuel K. Ludwin,
person:A5017863068,person,A5017863068,Samuel L Peoples,Samuel L Peoples,
person:A5035867888,person,A5035867888,Samuel S. Shapiro,Samuel S. Shapiro,
person:A5034960578,person,A5034960578,Sander Dieleman,Sander Dieleman,
person:A5038364281,person,A5038364281,Sander L. Gilman,Sander L. Gilman,https://orcid.org/0000-0002-4630-390X
person:A5110386118,person,A5110386118,Sander S. Shapiro,Sander S. Shapiro,
person:A5007536017,person,A5007536017,Sandra Eldridge,Sandra Eldridge,https://orcid.org/0000-0001-5638-2317
person:A5083074687,person,A5083074687,Sandra Erichsen,Sandra Erichsen,
person:A5081176388,person,A5081176388,Sandra W. Clifton,Sandra W. Clifton,
person:A5002754020,person,A5002754020,Sandra Weıntraub,Sandra Weıntraub,https://orcid.org/0000-0003-2605-5205
person:A5068192508,person,A5068192508,Sandro Scandolo,Sandro Scandolo,https://orcid.org/0000-0003-3826-4813
person:A5050850544,person,A5050850544,Sanghyun Woo,Sanghyun Woo,https://orcid.org/0000-0002-9789-7103
person:A5012998255,person,A5012998255,Sanjay Ghemawat,Sanjay Ghemawat,https://orcid.org/0009-0005-6843-3093
person:A5002591650,person,A5002591650,Sanjay Navani,Sanjay Navani,
person:A5090158590,person,A5090158590,Sanjeev Satheesh,Sanjeev Satheesh,
person:A5022947458,person,A5022947458,Saqib Ali,Saqib Ali,https://orcid.org/0000-0001-7905-7306
person:A5082722135,person,A5082722135,Sara Garelli,Sara Garelli,
person:A5049945196,person,A5049945196,Sara Y. Brucker,Sara Y. Brucker,https://orcid.org/0000-0001-8588-1094
person:A5069080391,person,A5069080391,Sarah E. Shannon,Sarah E. Shannon,https://orcid.org/0000-0001-8492-8743
person:A5044085246,person,A5044085246,Sarah Hunt,Sarah Hunt,https://orcid.org/0000-0002-8350-1235
person:A5088749134,person,A5088749134,Sarah Keeley,Sarah Keeley,https://orcid.org/0000-0002-8046-765X
person:A5111530938,person,A5111530938,Sarah L. Westcott,Sarah L. Westcott,
person:A5063609461,person,A5063609461,Sarah Lewis,Sarah Lewis,https://orcid.org/0000-0001-5308-6619
person:A5002456982,person,A5002456982,Sarah Milne,Sarah Milne,https://orcid.org/0000-0002-9778-7836
person:A5023083359,person,A5023083359,Sarah Sims,Sarah Sims,https://orcid.org/0000-0002-9505-5498
person:A5022255729,person,A5022255729,Sarah Wenning,Sarah Wenning,
person:A5057600712,person,A5057600712,Sasha Shepperd,Sasha Shepperd,https://orcid.org/0000-0001-6384-8322
person:A5066440194,person,A5066440194,Satu Elo,Satu Elo,https://orcid.org/0000-0002-4833-4937
person:A5018303472,person,A5018303472,Saurabh W. Jha,Saurabh W. Jha,https://orcid.org/0000-0001-8738-6011
person:A5014241799,person,A5014241799,Sayan Mukherjee,Sayan Mukherjee,https://orcid.org/0000-0002-6715-3920
person:W2964121744-person-1,person,W2964121744-person-1,"Schulman, Rebecca","Schulman, Rebecca",
person:W4385245566-person-6,person,W4385245566-person-6,"Schulz, Stephan","Schulz, Stephan",https://orcid.org/0000-0001-6262-8555
person:W3003257820-person-34,person,W3003257820-person-34,SciPy 1.0 Contributors,SciPy 1.0 Contributors,
person:A5081871898,person,A5081871898,Scot T. Martin,Scot T. Martin,https://orcid.org/0000-0002-8996-7554
person:A5091565842,person,A5091565842,Scott Edmunds,Scott Edmunds,https://orcid.org/0000-0001-6444-1436
person:A5047039050,person,A5047039050,Scott J. Dixon,Scott J. Dixon,https://orcid.org/0000-0001-6230-8199
person:A5076459682,person,A5076459682,Scott J. Lusher,Scott J. Lusher,https://orcid.org/0000-0003-2401-4223
person:A5013336788,person,A5013336788,Scott Kirkpatrick,Scott Kirkpatrick,https://orcid.org/0000-0001-5273-395X
person:A5018379179,person,A5018379179,Scott L. Pomeroy,Scott L. Pomeroy,https://orcid.org/0000-0003-2102-686X
person:A5000968299,person,A5000968299,Scott L. Zeger,Scott L. Zeger,https://orcid.org/0000-0001-8907-1603
person:A5056794714,person,A5056794714,Scott M. Grundy,Scott M. Grundy,https://orcid.org/0000-0003-2956-7900
person:A5021741190,person,A5021741190,Scott MacKenzie,Scott MacKenzie,
person:A5053345339,person,A5053345339,Scott Makeig,Scott Makeig,https://orcid.org/0000-0002-9048-8438
person:W2193145675-person-4,person,W2193145675-person-4,Scott Reed,Scott Reed,
person:A5059110895,person,A5059110895,Scott Reed,Scott Reed,
person:W3003257820-person-95,person,W3003257820-person-95,Scott Sievert,Scott Sievert,
person:A5049973896,person,A5049973896,Scott T. Kelley,Scott T. Kelley,https://orcid.org/0000-0001-9547-4169
person:A5007034049,person,A5007034049,Se Jin Song,Se Jin Song,https://orcid.org/0000-0003-0750-5709
person:A5103526070,person,A5103526070,Sean C. O’Brien,Sean C. O’Brien,
person:W2104549677-person-98,person,W2104549677-person-98,Sean Humphray,Sean Humphray,
person:A5035692364,person,A5035692364,Sean Humphray,Sean Humphray,
person:A5064118261,person,A5064118261,Sean M. Gibbons,Sean M. Gibbons,https://orcid.org/0000-0002-8724-7916
person:A5102331250,person,A5102331250,Sean Ma,Sean Ma,
person:A5035950418,person,A5035950418,Sebastiaan Theodorus Michaël Peek,Sebastiaan Theodorus Michaël Peek,https://orcid.org/0000-0003-0105-4230
person:W3035965352-person-8,person,W3035965352-person-8,Sebastian Berg,Sebastian Berg,
person:A5110768391,person,A5110768391,Sebastian Höhna,Sebastian Höhna,
person:A5063529978,person,A5063529978,Sebastian W. Bodenstein,Sebastian W. Bodenstein,https://orcid.org/0000-0002-0000-6627
person:W3003257820-person-96,person,W3003257820-person-96,Sebastiano Vigna,Sebastiano Vigna,
person:A5079846682,person,A5079846682,Selina S. Dwight,Selina S. Dwight,https://orcid.org/0000-0002-8546-7798
person:A5053148274,person,A5053148274,Sepp Hochreiter,Sepp Hochreiter,https://orcid.org/0000-0001-7449-2528
person:A5018609918,person,A5018609918,Serge Belongie,Serge Belongie,https://orcid.org/0000-0002-0388-5217
person:A5004700865,person,A5004700865,Sergey Brin,Sergey Brin,
person:A5032800189,person,A5032800189,Sergey Ioffe,Sergey Ioffe,
person:A5045523675,person,A5045523675,Sergey Nikolenko,Sergey Nikolenko,https://orcid.org/0000-0001-7787-2251
person:A5057619814,person,A5057619814,Sergey Nurk,Sergey Nurk,https://orcid.org/0000-0003-1301-5749
person:A5107657538,person,A5107657538,Seung‐Yeol Park,Seung‐Yeol Park,https://orcid.org/0000-0001-5061-4535
person:A5054276792,person,A5054276792,Seyed Mohammad Kazem Aghamir,Seyed Mohammad Kazem Aghamir,https://orcid.org/0000-0003-1611-0362
person:A5071437793,person,A5071437793,Seyed Mohammad Mirjalili,Seyed Mohammad Mirjalili,https://orcid.org/0000-0002-5364-2715
person:A5091500375,person,A5091500375,Seyedali Mirjalili,Seyedali Mirjalili,https://orcid.org/0000-0002-1443-9458
person:A5033867997,person,A5033867997,Shahid Naeem,Shahid Naeem,https://orcid.org/0000-0002-6569-2648
person:A5008987732,person,A5008987732,Shane Legg,Shane Legg,
person:A5076410128,person,A5076410128,Shane Sturrock,Shane Sturrock,
person:A5032532898,person,A5032532898,Shaoqin Qiu,Shaoqin Qiu,
person:A5100824251,person,A5100824251,Shaoqing Ren,Shaoqing Ren,
person:A5110669068,person,A5110669068,Shaoyong Zhu,Shaoyong Zhu,
person:A5015613005,person,A5015613005,Sharan B. Merriam,Sharan B. Merriam,
person:A5007761401,person,A5007761401,Sharon E. Straus,Sharon E. Straus,https://orcid.org/0000-0002-6106-832X
person:A5051460895,person,A5051460895,Shaun Purcell,Shaun Purcell,https://orcid.org/0000-0002-7402-5812
person:A5101711502,person,A5101711502,Shazia Alam,Shazia Alam,https://orcid.org/0000-0003-2606-9463
person:A5079887059,person,A5079887059,Shelby D. Hunt,Shelby D. Hunt,https://orcid.org/0000-0002-8928-3400
person:A5019172558,person,A5019172558,Sheldon Cohen,Sheldon Cohen,https://orcid.org/0000-0003-2248-4600
person:A5001851890,person,A5001851890,Shengjin Tu,Shengjin Tu,
person:A5050221114,person,A5050221114,Shengmao Liu,Shengmao Liu,
person:A5113587209,person,A5113587209,Shen‐Su Sun,Shen‐Su Sun,
person:W3099878876-person-20,person,W3099878876-person-20,"Sheppard, K","Sheppard, K",
person:A5060138620,person,A5060138620,Sherri J. Bale,Sherri J. Bale,
person:A5002901852,person,A5002901852,Shifu Chen,Shifu Chen,https://orcid.org/0000-0001-5799-653X
person:A5109052943,person,A5109052943,Shiing-Shen Chern,Shiing-Shen Chern,
person:A5025375729,person,A5025375729,Shinobu Kitayama,Shinobu Kitayama,https://orcid.org/0000-0001-9147-7936
person:A5081862387,person,A5081862387,Shinya Yamanaka,Shinya Yamanaka,https://orcid.org/0009-0003-1393-0987
person:A5078993134,person,A5078993134,Shirley Zhu,Shirley Zhu,https://orcid.org/0009-0005-8492-7915
person:A5040547033,person,A5040547033,Shiro Koseki,Shiro Koseki,https://orcid.org/0000-0003-1208-4574
person:A5101728447,person,A5101728447,Shiyue Li,Shiyue Li,https://orcid.org/0000-0001-8213-6566
person:A5052671847,person,A5052671847,Shoji Hirahara,Shoji Hirahara,https://orcid.org/0000-0001-8415-3263
person:A5110288404,person,A5110288404,Shuailiang Lin,Shuailiang Lin,
person:A5043060452,person,A5043060452,Shujun Su,Shujun Su,
person:A5109557719,person,A5109557719,Shūichi Nosé,Shūichi Nosé,
person:A5103445562,person,A5103445562,Sidney G. Winter,Sidney G. Winter,
person:A5003452560,person,A5003452560,Sidney Markowitz,Sidney Markowitz,
person:A5111503488,person,A5111503488,Sidney Siegel,Sidney Siegel,
person:A5112140704,person,A5112140704,Sigmund Freud,Sigmund Freud,
person:A5083247761,person,A5083247761,Sil Aarts,Sil Aarts,https://orcid.org/0000-0002-3121-412X
person:A5022280742,person,A5022280742,Simon Anders,Simon Anders,https://orcid.org/0000-0003-4868-1805
person:A5033252568,person,A5033252568,Simon Buxton,Simon Buxton,
person:A5110326819,person,A5110326819,Simon Charbonneau,Simon Charbonneau,
person:A5004078699,person,A5004078699,Simon G. Gregory,Simon G. Gregory,https://orcid.org/0000-0002-7805-1743
person:A5007606690,person,A5007606690,Simon G. Thompson,Simon G. Thompson,https://orcid.org/0000-0002-5274-7814
person:A5103553598,person,A5103553598,Simon G. Thompson,Simon G. Thompson,
person:A5022678891,person,A5022678891,Simon Haykin,Simon Haykin,
person:A5054576402,person,A5054576402,Simon Köhl,Simon Köhl,https://orcid.org/0000-0003-4271-4418
person:A5065626862,person,A5065626862,Simon Lewin,Simon Lewin,https://orcid.org/0000-0001-7521-9515
person:A5007133493,person,A5007133493,Simon Mercer,Simon Mercer,
person:A5052435039,person,A5052435039,Simon Osindero,Simon Osindero,
person:A5037182479,person,A5037182479,Simon Phelan,Simon Phelan,https://orcid.org/0000-0001-9624-8606
person:A5074494709,person,A5074494709,Simon Schroeder,Simon Schroeder,https://orcid.org/0000-0003-2085-767X
person:A5091639078,person,A5091639078,Simon Wessely,Simon Wessely,https://orcid.org/0000-0002-6743-9929
person:A5056306774,person,A5056306774,Simone Magni,Simone Magni,https://orcid.org/0000-0002-8956-7235
person:A5082984558,person,A5082984558,Sinno Jialin Pan,Sinno Jialin Pan,https://orcid.org/0000-0001-6565-3836
person:W2122410182-person-1,person,W2122410182-person-1,Sivasubramanian Balasubramanian,Sivasubramanian Balasubramanian,
person:A5104832272,person,A5104832272,Siwei Zhang,Siwei Zhang,https://orcid.org/0000-0002-7878-9940
person:W2034562813-person-1,person,W2034562813-person-1,"Smith, Harry","Smith, Harry",
person:W3099878876-person-9,person,W3099878876-person-9,"Smith, NJ","Smith, NJ",
person:A5101858681,person,A5101858681,Soma Das,Soma Das,https://orcid.org/0000-0003-0387-6801
person:A5015116910,person,A5015116910,Son Pham,Son Pham,https://orcid.org/0000-0001-6642-8796
person:A5071496329,person,A5071496329,Sonali Jha,Sonali Jha,
person:A5004945875,person,A5004945875,Sonja Hänzelmann,Sonja Hänzelmann,https://orcid.org/0000-0003-4953-0101
person:A5044920044,person,A5044920044,Sophia Hober,Sophia Hober,https://orcid.org/0000-0003-0605-8417
person:W2104549677-person-12,person,W2104549677-person-12,Stacey B. Gabriel,Stacey B. Gabriel,
person:A5108378152,person,A5108378152,Stacey Gabriel,Stacey Gabriel,
person:A5051623730,person,A5051623730,Stanislav Nikolov,Stanislav Nikolov,https://orcid.org/0000-0001-8234-0751
person:A5109125505,person,A5109125505,Stanley Lemeshow,Stanley Lemeshow,
person:A5112198450,person,A5112198450,Stanley R. Kay,Stanley R. Kay,
person:A5110328496,person,A5110328496,Stanley Wasserman,Stanley Wasserman,
person:A5042863303,person,A5042863303,Stefan Grimme,Stefan Grimme,https://orcid.org/0000-0002-5844-4371
person:A5065650315,person,A5065650315,Stefan Janssen,Stefan Janssen,https://orcid.org/0000-0003-0955-0589
person:W3003257820-person-97,person,W3003257820-person-97,Stefan Peterson,Stefan Peterson,
person:A5004595481,person,A5004595481,Stefan Pöhlmann,Stefan Pöhlmann,https://orcid.org/0000-0001-6086-9136
person:A5106122722,person,A5106122722,Stefan Wyder,Stefan Wyder,https://orcid.org/0000-0002-3412-0292
person:A5017044520,person,A5017044520,Stefanie S. Jeffrey,Stefanie S. Jeffrey,https://orcid.org/0000-0003-4478-2764
person:A5016865358,person,A5016865358,Stefano Baroni,Stefano Baroni,https://orcid.org/0000-0002-3508-6663
person:A5030313940,person,A5030313940,Stefano de Gironcoli,Stefano de Gironcoli,https://orcid.org/0000-0002-2307-0998
person:A5001539080,person,A5001539080,Stefano Fabris,Stefano Fabris,https://orcid.org/0000-0003-2562-8788
person:A5039348366,person,A5039348366,Stefano Paolini,Stefano Paolini,
person:A5050027372,person,A5050027372,Stefano Schiavon,Stefano Schiavon,https://orcid.org/0000-0003-1285-5682
person:A5097324925,person,A5097324925,Stephan Bache,Stephan Bache,
person:A5017588786,person,A5017588786,Stephan Beck,Stephan Beck,https://orcid.org/0000-0001-5290-2151
person:A5046284587,person,A5046284587,Stephan Ehrlich,Stephan Ehrlich,https://orcid.org/0000-0002-6594-4710
person:A5079674718,person,A5079674718,Stephan Grzesiek,Stephan Grzesiek,https://orcid.org/0000-0003-1998-4225
person:W3035965352-person-12,person,W3035965352-person-12,Stephan Hoyer,Stephan Hoyer,https://orcid.org/0000-0002-5207-0380
person:A5036369136,person,A5036369136,Stephan Preibisch,Stephan Preibisch,https://orcid.org/0000-0002-0276-494X
person:A5086016562,person,A5086016562,Stephan Ramon Garcia,Stephan Ramon Garcia,https://orcid.org/0000-0001-8971-5448
person:A5024381551,person,A5024381551,Stephan Saalfeld,Stephan Saalfeld,https://orcid.org/0000-0002-4106-1761
person:A5090259722,person,A5090259722,Stephanie B. Orchanian,Stephanie B. Orchanian,https://orcid.org/0000-0002-2491-1074
person:A5050119930,person,A5050119930,Stephanie L. Chissoe,Stephanie L. Chissoe,
person:A5088872453,person,A5088872453,Stephany N. Duda,Stephany N. Duda,https://orcid.org/0000-0001-6247-9350
person:A5043596447,person,A5043596447,Stephen A. Bustin,Stephen A. Bustin,https://orcid.org/0000-0003-1870-6098
person:A5107790695,person,A5107790695,Stephen Bond,Stephen Bond,https://orcid.org/0000-0001-5541-8752
person:A5011176205,person,A5011176205,Stephen Boyd,Stephen Boyd,https://orcid.org/0000-0001-8353-6000
person:A5074378485,person,A5074378485,Stephen Brunauer,Stephen Brunauer,
person:A5103572770,person,A5103572770,Stephen C. Beck,Stephen C. Beck,
person:A5089844972,person,A5089844972,Stephen E. Fick,Stephen E. Fick,https://orcid.org/0000-0002-3548-6966
person:A5015061000,person,A5015061000,Stephen F. Altschul,Stephen F. Altschul,https://orcid.org/0000-0003-2120-9631
person:A5024881899,person,A5024881899,Stephen Färber,Stephen Färber,
person:A5108089949,person,A5108089949,Stephen G. West,Stephen G. West,
person:A5112904642,person,A5112904642,Stephen J. Gwyther,Stephen J. Gwyther,
person:A5109113477,person,A5109113477,Stephen J. Scharf,Stephen J. Scharf,
person:A5025114648,person,A5025114648,Stephen Lin,Stephen Lin,https://orcid.org/0000-0002-5616-558X
person:A5110261421,person,A5110261421,Stephen R. Kaplan,Stephen R. Kaplan,
person:A5112677199,person,A5112677199,Stephen S Lim,Stephen S Lim,https://orcid.org/0009-0008-2734-3165
person:A5077913833,person,A5077913833,Stephen T. Elbert,Stephen T. Elbert,https://orcid.org/0000-0003-2258-8901
person:A5085914713,person,A5085914713,Stephen T. Sherry,Stephen T. Sherry,https://orcid.org/0000-0002-7982-076X
person:W2104549677-person-26,person,W2104549677-person-26,Stephen T. Sherry,Stephen T. Sherry,
person:A5112799992,person,A5112799992,Stephen W. Raudenbush,Stephen W. Raudenbush,
person:A5026019149,person,A5026019149,Steve G. Gwyther,Steve G. Gwyther,
person:A5000192581,person,A5000192581,Steve Horvath,Steve Horvath,https://orcid.org/0000-0002-4110-3589
person:A5074391235,person,A5074391235,Steve McDonald,Steve McDonald,https://orcid.org/0000-0003-2832-5205
person:A5043596018,person,A5043596018,Steve Walker,Steve Walker,https://orcid.org/0000-0002-6838-8334
person:A5065829841,person,A5065829841,Steven A. Goldstein,Steven A. Goldstein,https://orcid.org/0000-0001-5207-5061
person:A5029418921,person,A5029418921,Steven H. Strogatz,Steven H. Strogatz,https://orcid.org/0000-0003-2923-3118
person:A5084622735,person,A5084622735,Steven I. Sherman,Steven I. Sherman,https://orcid.org/0000-0002-3079-5153
person:A5038539249,person,A5038539249,Steven J. Clough,Steven J. Clough,https://orcid.org/0000-0002-4156-3833
person:A5049983178,person,A5049983178,Steven J. Miller,Steven J. Miller,https://orcid.org/0000-0003-4904-4605
person:A5110062251,person,A5110062251,Steven J. Phillips,Steven J. Phillips,
person:A5068520992,person,A5068520992,Steven J. Plimpton,Steven J. Plimpton,https://orcid.org/0000-0003-2446-8209
person:A5036983792,person,A5036983792,Steven K. Boyd,Steven K. Boyd,https://orcid.org/0000-0002-2930-5997
person:A5010384159,person,A5010384159,Steven L. Salzberg,Steven L. Salzberg,https://orcid.org/0000-0002-8859-7432
person:A5100666686,person,A5100666686,Steven Lee,Steven Lee,https://orcid.org/0000-0002-5114-1247
person:A5021398871,person,A5021398871,Steven Long,Steven Long,https://orcid.org/0000-0001-9629-4872
person:A5016058561,person,A5016058561,Steven M. Edworthy,Steven M. Edworthy,
person:A5025379878,person,A5025379878,Steven M. Opal,Steven M. Opal,
person:A5056633769,person,A5056633769,Steven Stones-Havas,Steven Stones-Havas,
person:A5108800208,person,A5108800208,Stewart B. Fleishman,Stewart B. Fleishman,
person:A5015461877,person,A5015461877,Stewart C. Myers,Stewart C. Myers,
person:A5108530731,person,A5108530731,Stewart Craig,Stewart Craig,
person:A5050109164,person,A5050109164,Stig Petersen,Stig Petersen,https://orcid.org/0000-0002-5043-2325
person:A5040941243,person,A5040941243,Stuart Geman,Stuart Geman,
person:A5023436129,person,A5023436129,Stuart Pocock,Stuart Pocock,https://orcid.org/0000-0003-2212-4007
person:W1973948212-person-2,person,W1973948212-person-2,"Sturdivant, Rodney X.","Sturdivant, Rodney X.",
person:A5102150038,person,A5102150038,Sture Holm,Sture Holm,
person:W3035965352-person-2,person,W3035965352-person-2,Stéfan J. van der Walt,Stéfan J. van der Walt,https://orcid.org/0000-0001-9276-1891
person:W3003257820-person-10,person,W3003257820-person-10,Stéfan J. van der Walt,Stéfan J. van der Walt,https://orcid.org/0000-0001-9276-1891
person:A5047187911,person,A5047187911,Stéphane Chauvie,Stéphane Chauvie,https://orcid.org/0000-0003-4394-5031
person:A5079627910,person,A5079627910,Stéphane Guindon,Stéphane Guindon,https://orcid.org/0000-0002-3665-8096
person:A5065086376,person,A5065086376,Stéphane Mallat,Stéphane Mallat,https://orcid.org/0000-0001-5263-8960
person:A5004613714,person,A5004613714,Subha Kalyaanamoorthy,Subha Kalyaanamoorthy,https://orcid.org/0000-0003-0854-6449
person:W4385245566-person-7,person,W4385245566-person-7,"Suda, Martin","Suda, Martin",https://orcid.org/0000-0003-0989-5800
person:A5100680948,person,A5100680948,Sudhir Kumar,Sudhir Kumar,https://orcid.org/0000-0002-9918-8212
person:A5012486829,person,A5012486829,Sue Brennan,Sue Brennan,https://orcid.org/0000-0003-1789-8809
person:A5109352890,person,A5109352890,Sue Richards,Sue Richards,
person:A5010952523,person,A5010952523,Suharsimi Arikunto,Suharsimi Arikunto,
person:A5059611813,person,A5059611813,Suhas V. Patankar,Suhas V. Patankar,
person:A5110798721,person,A5110798721,Suhua Zhou,Suhua Zhou,
person:A5025276497,person,A5025276497,Sultan Eser,Sultan Eser,https://orcid.org/0000-0003-4427-4540
person:A5079749826,person,A5079749826,Sumio Iijima,Sumio Iijima,https://orcid.org/0000-0001-5857-0346
person:A5109971543,person,A5109971543,Suranjana Saha,Suranjana Saha,
person:W3003257820-person-98,person,W3003257820-person-98,Surhud More,Surhud More,
person:A5009219340,person,A5009219340,Susan Berman,Susan Berman,https://orcid.org/0000-0002-6711-3435
person:A5000528278,person,A5000528278,Susan E. Cameron,Susan E. Cameron,
person:A5065212941,person,A5065212941,Susan E. Folstein,Susan E. Folstein,
person:A5023092535,person,A5023092535,Susan Folkman,Susan Folkman,
person:A5109228194,person,A5109228194,Susan G. Arbuck,Susan G. Arbuck,
person:A5003674456,person,A5003674456,Susan Holmes,Susan Holmes,https://orcid.org/0000-0002-2208-8168
person:A5111630451,person,A5111630451,Susan J. Mandel,Susan J. Mandel,
person:A5103406763,person,A5103406763,Susan Keller,Susan Keller,
person:A5070300720,person,A5070300720,Susan L. Solomon,Susan L. Solomon,https://orcid.org/0000-0002-2020-7581
person:A5106716980,person,A5106716980,Susan Lucas,Susan Lucas,
person:A5049629462,person,A5049629462,Susana E. Deustua,Susana E. Deustua,https://orcid.org/0000-0003-2823-360X
person:A5068840916,person,A5068840916,Susanna Guatelli,Susanna Guatelli,https://orcid.org/0000-0002-9289-7956
person:A5008806860,person,A5008806860,Susanna‐Assunta Sansone,Susanna‐Assunta Sansone,https://orcid.org/0000-0001-5306-5690
person:A5085697520,person,A5085697520,Susanne Hempel,Susanne Hempel,https://orcid.org/0000-0003-1597-5110
person:A5075660307,person,A5075660307,Susanne Stoffel,Susanne Stoffel,
person:A5102872908,person,A5102872908,Susumu Goto,Susumu Goto,https://orcid.org/0000-0003-2989-8486
person:W2121863487-person-0,person,W2121863487-person-0,"Sutton, Richard S","Sutton, Richard S",
person:A5105780503,person,A5105780503,Suzanna Lewis,Suzanna Lewis,
person:A5064137195,person,A5064137195,Suzanne S. Hurd,Suzanne S. Hurd,
person:A5115739212,person,A5115739212,Sw. Banerjee,Sw. Banerjee,https://orcid.org/0000-0001-7880-922X
person:A5091486856,person,A5091486856,Sydney Morgan,Sydney Morgan,https://orcid.org/0000-0002-8152-1320
person:A5029961086,person,A5029961086,Syed Mohamed Aljunid,Syed Mohamed Aljunid,https://orcid.org/0000-0002-0380-1335
person:A5035037595,person,A5035037595,Sylvain Foissac,Sylvain Foissac,https://orcid.org/0000-0002-2631-5356
person:A5009705616,person,A5009705616,Szilárd Páll,Szilárd Páll,https://orcid.org/0000-0003-0603-5514
person:A5049599323,person,A5049599323,Sébastien Regnaut,Sébastien Regnaut,https://orcid.org/0000-0002-2837-750X
person:A5023844474,person,A5023844474,Sébastien Villaume,Sébastien Villaume,https://orcid.org/0000-0002-3041-076X
person:A5033404536,person,A5033404536,Søren Johansen,Søren Johansen,https://orcid.org/0000-0002-9285-8236
person:A5067538373,person,A5067538373,T Gingeras,T Gingeras,https://orcid.org/0000-0001-9106-3573
person:W1964184380-person-8,person,W1964184380-person-8,T Kaname,T Kaname,
person:W1964184380-person-12,person,W1964184380-person-12,T Shiraki-Iida,T Shiraki-Iida,
person:W1964184380-person-4,person,W1964184380-person-4,T Suga,T Suga,
person:W1964184380-person-5,person,W1964184380-person-5,T Utsugi,T Utsugi,
person:A5103822389,person,A5103822389,T. A. Hall,T. A. Hall,
person:A5113607747,person,A5113607747,T. H. Monk,T. H. Monk,
person:A5091829898,person,A5091829898,T. J. White,T. J. White,https://orcid.org/0000-0001-8282-6380
person:A5107918505,person,A5107918505,T. Kodama,T. Kodama,
person:A5107772402,person,A5107772402,T. Lampén,T. Lampén,https://orcid.org/0000-0002-8398-4249
person:A5016979058,person,A5016979058,T. Matheson,T. Matheson,https://orcid.org/0000-0001-6685-0479
person:A5066045362,person,A5066045362,T. Meyarivan,T. Meyarivan,
person:A5103452590,person,A5103452590,T. Nishimura,T. Nishimura,
person:A5110018707,person,A5110018707,T. Sasaki,T. Sasaki,
person:A5112012171,person,A5112012171,T. Staehelin,T. Staehelin,
person:A5045599140,person,A5045599140,Tadashi Nishio,Tadashi Nishio,
person:W3003257820-person-99,person,W3003257820-person-99,Tadeusz Pudlik,Tadeusz Pudlik,
person:A5100643662,person,A5100643662,Taesung Park,Taesung Park,https://orcid.org/0000-0002-8294-590X
person:A5019273406,person,A5019273406,Talima Pearson,Talima Pearson,https://orcid.org/0000-0003-3696-041X
person:A5041605654,person,A5041605654,Tamas Berghammer,Tamas Berghammer,
person:A5062080271,person,A5062080271,Tammy Clifford,Tammy Clifford,https://orcid.org/0000-0002-2356-2300
person:A5090700680,person,A5090700680,Tammy Hoffmann,Tammy Hoffmann,https://orcid.org/0000-0001-5210-8548
person:A5110679900,person,A5110679900,Tania Nolan,Tania Nolan,
person:A5063536124,person,A5063536124,Tanja Herrler,Tanja Herrler,
person:A5085699502,person,A5085699502,Tanya Horsley,Tanya Horsley,https://orcid.org/0000-0002-1256-9582
person:A5038876085,person,A5038876085,Tanya Yatsunenko,Tanya Yatsunenko,
person:A5100338122,person,A5100338122,Tao Liu,Tao Liu,https://orcid.org/0000-0002-8818-8313
person:A5100453619,person,A5100453619,Tao Wang,Tao Wang,https://orcid.org/0000-0002-8943-7916
person:A5097011502,person,A5097011502,Task Force of the European Society of Cardiology the North A Electrophysiology,Task Force of the European Society of Cardiology the North A Electrophysiology,
person:A5048024665,person,A5048024665,Tatiana Kuznetsova,Tatiana Kuznetsova,https://orcid.org/0000-0003-4293-4576
person:A5100647892,person,A5100647892,Tauseef Ahmad,Tauseef Ahmad,https://orcid.org/0000-0001-8793-273X
person:W3099878876-person-7,person,W3099878876-person-7,"Taylor, J","Taylor, J",
person:A5003303412,person,A5003303412,Ted Slater,Ted Slater,https://orcid.org/0000-0003-1386-0731
person:A5073365583,person,A5073365583,Teemu J. Murtola,Teemu J. Murtola,https://orcid.org/0000-0003-2932-9590
person:A5063768278,person,A5063768278,Temesgen Yihunie Akalu,Temesgen Yihunie Akalu,https://orcid.org/0000-0002-0340-0443
person:A5039537064,person,A5039537064,Terena James,Terena James,
person:A5066728260,person,A5066728260,Terence Tao,Terence Tao,https://orcid.org/0000-0002-0140-7641
person:A5091406579,person,A5091406579,Teresa E. Seeman,Teresa E. Seeman,https://orcid.org/0000-0001-8583-4239
person:A5109082953,person,A5109082953,Terry Clark,Terry Clark,
person:A5022978461,person,A5022978461,Terry K. Koo,Terry K. Koo,https://orcid.org/0000-0002-9167-0661
person:W2432517183-person-2,person,W2432517183-person-2,"Teukolsky, Saul Arno","Teukolsky, Saul Arno",
person:W2769264260-person-0,person,W2769264260-person-0,The Diabetes Control and Complications Trial Research Group,The Diabetes Control and Complications Trial Research Group,
person:W4294215472-person-4,person,W4294215472-person-4,The PRISMA Group,The PRISMA Group,
person:W2005501262-person-4,person,W2005501262-person-4,the PRISMA Group*,the PRISMA Group*,
person:A5106717193,person,A5106717193,The Supernova Cosmology Project,The Supernova Cosmology Project,
person:A5007119101,person,A5007119101,Theo Vos,Theo Vos,https://orcid.org/0000-0002-5690-5365
person:A5058193542,person,A5058193542,Theodore S. Rappaport,Theodore S. Rappaport,https://orcid.org/0000-0001-7449-9957
person:A5064604634,person,A5064604634,Theresa D Pigott,Theresa D Pigott,
person:A5081731526,person,A5081731526,Theresa L. Windus,Theresa L. Windus,https://orcid.org/0000-0001-6065-3167
person:A5038129366,person,A5038129366,Thierry Gorlia,Thierry Gorlia,
person:A5027225010,person,A5027225010,Thierry Sengstag,Thierry Sengstag,https://orcid.org/0000-0002-7516-6246
person:A5075316492,person,A5075316492,Thom H. Dunning,Thom H. Dunning,https://orcid.org/0000-0002-3290-6507
person:A5112247165,person,A5112247165,Thomas A. Medsger,Thomas A. Medsger,
person:A5072219728,person,A5072219728,Thomas A. Widiger,Thomas A. Widiger,https://orcid.org/0000-0003-1127-3234
person:A5011300391,person,A5011300391,Thomas A. Wills,Thomas A. Wills,https://orcid.org/0000-0002-0433-3895
person:A5070290355,person,A5070290355,Thomas Brox,Thomas Brox,https://orcid.org/0000-0002-6282-8861
person:A5090015351,person,A5090015351,Thomas C. Terwilliger,Thomas C. Terwilliger,https://orcid.org/0000-0001-6384-0320
person:A5083628552,person,A5083628552,Thomas D. Bruns,Thomas D. Bruns,https://orcid.org/0000-0002-2943-8669
person:A5113145311,person,A5113145311,Thomas D. Goddard,Thomas D. Goddard,
person:A5001854674,person,A5001854674,Thomas D. Schmittgen,Thomas D. Schmittgen,https://orcid.org/0000-0002-2812-8546
person:A5086093811,person,A5086093811,Thomas E. Ferrin,Thomas E. Ferrin,https://orcid.org/0000-0001-6227-0637
person:A5047460493,person,A5047460493,Thomas H. Cormen,Thomas H. Cormen,
person:A5091416583,person,A5091416583,Thomas K. F. Wong,Thomas K. F. Wong,https://orcid.org/0000-0002-0580-6324
person:A5102738088,person,A5102738088,Thomas Kühn,Thomas Kühn,https://orcid.org/0000-0003-3701-7925
person:A5012646041,person,A5012646041,Thomas Lin Pedersen,Thomas Lin Pedersen,https://orcid.org/0000-0002-5147-4711
person:A5078010687,person,A5078010687,Thomas Luckmann,Thomas Luckmann,
person:A5055073921,person,A5055073921,Thomas M. Cover,Thomas M. Cover,
person:A5064872013,person,A5064872013,Thomas Madden,Thomas Madden,https://orcid.org/0000-0003-1641-7321
person:A5011688695,person,A5011688695,Thomas Ryabin,Thomas Ryabin,
person:A5033410644,person,A5033410644,Thomas Simonson,Thomas Simonson,https://orcid.org/0000-0002-5117-7338
person:A5032214993,person,A5032214993,Thomas W. Kamarck,Thomas W. Kamarck,https://orcid.org/0000-0002-6141-726X
person:A5051619646,person,A5051619646,Thore Graepel,Thore Graepel,https://orcid.org/0000-0003-3957-0310
person:A5052676245,person,A5052676245,Thérese Sørlie,Thérese Sørlie,https://orcid.org/0000-0002-5995-2319
person:A5113745163,person,A5113745163,Tian Liu,Tian Liu,
person:A5069147938,person,A5069147938,Tian Lu,Tian Lu,https://orcid.org/0000-0002-1822-1229
person:A5072760500,person,A5072760500,Tianjing Li,Tianjing Li,https://orcid.org/0000-0001-5371-4558
person:A5024331115,person,A5024331115,Tianming Lan,Tianming Lan,https://orcid.org/0000-0002-6934-0439
person:W2295598076-person-0,person,W2295598076-person-0,Tianqi Chen,Tianqi Chen,
person:A5078630420,person,A5078630420,Tim Blackwell,Tim Blackwell,https://orcid.org/0000-0002-2886-8931
person:A5102799463,person,A5102799463,Tim Bollerslev,Tim Bollerslev,
person:A5102810338,person,A5102810338,Tim Cole,Tim Cole,https://orcid.org/0000-0001-5711-8200
person:A5057927341,person,A5057927341,Tim Fennell,Tim Fennell,
person:A5101569668,person,A5101569668,Tim Green,Tim Green,https://orcid.org/0000-0002-3227-1505
person:A5007549481,person,A5007549481,Tim Hubbard,Tim Hubbard,https://orcid.org/0000-0002-1767-9318
person:A5078753422,person,A5078753422,Tim R. Mosmann,Tim R. Mosmann,https://orcid.org/0000-0001-9753-6941
person:A5003957777,person,A5003957777,Tim Stuart,Tim Stuart,https://orcid.org/0000-0002-3044-0897
person:A5007020202,person,A5007020202,Tim W. Clark,Tim W. Clark,https://orcid.org/0000-0003-4060-7360
person:A5056910945,person,A5056910945,Timmy Schweer,Timmy Schweer,
person:A5053956008,person,A5053956008,Timo Jämsä,Timo Jämsä,https://orcid.org/0000-0001-8394-9462
person:A5066294254,person,A5066294254,Timothy Lillicrap,Timothy Lillicrap,https://orcid.org/0000-0001-8918-486X
person:A5100655339,person,A5100655339,Ting Yu,Ting Yu,https://orcid.org/0000-0003-4096-8975
person:A5100458374,person,A5100458374,Ting Zhang,Ting Zhang,https://orcid.org/0000-0003-4229-6332
person:A5016394820,person,A5016394820,Tobias Kuhn,Tobias Kuhn,https://orcid.org/0000-0002-1267-0234
person:A5081122949,person,A5081122949,Tobias Pietzsch,Tobias Pietzsch,https://orcid.org/0000-0002-9477-3957
person:A5033152934,person,A5033152934,Tobias S. Schiergens,Tobias S. Schiergens,https://orcid.org/0000-0001-6111-5328
person:A5031270105,person,A5031270105,Tobias Thierer,Tobias Thierer,
person:A5064914332,person,A5064914332,Toby J Lasserson,Toby J Lasserson,https://orcid.org/0000-0001-9638-2856
person:A5004328524,person,A5004328524,Toby J. Gibson,Toby J. Gibson,https://orcid.org/0000-0003-0657-5166
person:A5039037597,person,A5039037597,Todd J. Ward,Todd J. Ward,https://orcid.org/0000-0001-5880-9919
person:A5001449157,person,A5001449157,Todd R. Golub,Todd R. Golub,https://orcid.org/0000-0003-0113-2403
person:A5108489476,person,A5108489476,Tom Darden,Tom Darden,
person:A5039764415,person,A5039764415,Tom Fawcett,Tom Fawcett,https://orcid.org/0000-0002-9074-7516
person:A5016452405,person,A5016452405,Tom Greene,Tom Greene,https://orcid.org/0000-0002-3706-7570
person:A5091116725,person,A5091116725,Tom Maniatis,Tom Maniatis,https://orcid.org/0000-0002-2722-8633
person:A5110462789,person,A5110462789,Tom Slezak,Tom Slezak,
person:A5048965254,person,A5048965254,Tom van der Poll,Tom van der Poll,https://orcid.org/0000-0002-9199-5079
person:A5084827722,person,A5084827722,Tomasz Kościółek,Tomasz Kościółek,https://orcid.org/0000-0002-9915-7387
person:A5074539440,person,A5074539440,Tomi Akinyemiju,Tomi Akinyemiju,https://orcid.org/0000-0002-1412-3234
person:A5033703745,person,A5033703745,Tommy Tsan‐Yuk Lam,Tommy Tsan‐Yuk Lam,https://orcid.org/0000-0002-9769-1527
person:A5101138074,person,A5101138074,Tomohiro Takagi,Tomohiro Takagi,
person:A5073683190,person,A5073683190,Tomoko Ichisaka,Tomoko Ichisaka,
person:A5088404965,person,A5088404965,Torsten Seemann,Torsten Seemann,https://orcid.org/0000-0001-6046-610X
person:A5001786419,person,A5001786419,Toru Takumi,Toru Takumi,https://orcid.org/0000-0001-7153-266X
person:A5111512062,person,A5111512062,Toshihiko Satoh,Toshihiko Satoh,
person:A5053356367,person,A5053356367,Toshio Murashige,Toshio Murashige,
person:A5102109904,person,A5102109904,Tosio Kato,Tosio Kato,
person:A5042500540,person,A5042500540,Tove Alm,Tove Alm,https://orcid.org/0000-0002-2643-8241
person:A5034614889,person,A5034614889,Tracie L. Miner,Tracie L. Miner,
person:W3035965352-person-25,person,W3035965352-person-25,Travis E. Oliphant,Travis E. Oliphant,
person:W3003257820-person-2,person,W3003257820-person-2,Travis E. Oliphant,Travis E. Oliphant,
person:A5051168505,person,A5051168505,Trevor Back,Trevor Back,https://orcid.org/0000-0002-0567-8043
person:A5029105520,person,A5029105520,Trevor Darrell,Trevor Darrell,https://orcid.org/0000-0001-5453-8533
person:A5045744709,person,A5045744709,Trevor Hastie,Trevor Hastie,https://orcid.org/0000-0002-0164-3142
person:A5018212413,person,A5018212413,Trevor Hawkins,Trevor Hawkins,
person:W4392145873-person-2,person,W4392145873-person-2,"Tribolo, Chantal","Tribolo, Chantal",
person:A5052768778,person,A5052768778,Tsung-Yi Lin,Tsung-Yi Lin,https://orcid.org/0000-0003-4819-0627
person:A5030322278,person,A5030322278,Tsutomu Miyasaka,Tsutomu Miyasaka,https://orcid.org/0000-0001-8535-7911
person:A5016293332,person,A5016293332,Tudorel Andrei,Tudorel Andrei,https://orcid.org/0000-0003-1203-7612
person:A5043822651,person,A5043822651,Turki M Alanzi,Turki M Alanzi,https://orcid.org/0000-0001-6598-1274
person:W3035965352-person-21,person,W3035965352-person-21,Tyler Reddy,Tyler Reddy,
person:W3003257820-person-4,person,W3003257820-person-4,Tyler Reddy,Tyler Reddy,https://orcid.org/0000-0003-2364-6157
person:A5049468136,person,A5049468136,U. Gerstmann,U. Gerstmann,https://orcid.org/0000-0002-4476-223X
person:A5058313508,person,A5058313508,Ulf Andrae,Ulf Andrae,https://orcid.org/0009-0008-4259-224X
person:A5064338533,person,A5064338533,Ulf Ekelund,Ulf Ekelund,https://orcid.org/0000-0003-2115-9267
person:A5022725575,person,A5022725575,Ulla Hällgren Graneheim,Ulla Hällgren Graneheim,https://orcid.org/0000-0003-0208-4343
person:A5108105228,person,A5108105228,Ulrich Bogdahn,Ulrich Bogdahn,
person:A5045067759,person,A5045067759,Ulrich Essmann,Ulrich Essmann,
person:A5030122660,person,A5030122660,Ulrich K. Laemmli,Ulrich K. Laemmli,
person:W4385245566-person-8,person,W4385245566-person-8,"Urban, Josef","Urban, Josef",https://orcid.org/0000-0002-1384-1613
person:A5003220133,person,A5003220133,Urie Bronfenbrenner,Urie Bronfenbrenner,
person:A5006798669,person,A5006798669,Uğur Doğrusöz,Uğur Doğrusöz,https://orcid.org/0000-0002-7153-0784
person:A5022664058,person,A5022664058,V. Balakrishnan,V. Balakrishnan,https://orcid.org/0000-0001-9284-2202
person:A5090050350,person,A5090050350,V. Grichine,V. Grichine,https://orcid.org/0000-0002-7338-0142
person:A5011037729,person,A5011037729,V. Ivanchenko,V. Ivanchenko,https://orcid.org/0000-0002-1844-5433
person:A5003354242,person,A5003354242,V. J. Rayward‐Smith,V. J. Rayward‐Smith,https://orcid.org/0000-0003-2432-853X
person:A5111928723,person,A5111928723,V. Lara,V. Lara,
person:A5108619990,person,A5108619990,V. Lefebure,V. Lefebure,
person:A5107926219,person,A5107926219,Vahid Alipour,Vahid Alipour,
person:A5058039273,person,A5058039273,Vahram Avagyan,Vahram Avagyan,
person:A5002771076,person,A5002771076,Valarie A. Zeithaml,Valarie A. Zeithaml,https://orcid.org/0000-0003-4693-6069
person:A5053435230,person,A5053435230,Valentino Andres,Valentino Andres,
person:A5112481881,person,A5112481881,Valerie J. Edwards,Valerie J. Edwards,
person:A5066775675,person,A5066775675,Valery M. Lesin,Valery M. Lesin,
person:A5060672403,person,A5060672403,Valérie Bédirian,Valérie Bédirian,
person:A5068971521,person,A5068971521,Vamsi K. Mootha,Vamsi K. Mootha,https://orcid.org/0000-0001-9924-642X
person:W3099878876-person-2,person,W3099878876-person-2,"van der Walt, SJ","van der Walt, SJ",
person:W3099878876-person-13,person,W3099878876-person-13,"van Kerkwijk, MH","van Kerkwijk, MH",
person:A5008968626,person,A5008968626,Veda Panneershelvam,Veda Panneershelvam,
person:A5019832012,person,A5019832012,Veida Elliott,Veida Elliott,
person:A5109844665,person,A5109844665,Venkatesh,Venkatesh,
person:A5055757900,person,A5055757900,Verena Kaynig,Verena Kaynig,https://orcid.org/0000-0002-3520-0577
person:A5088548433,person,A5088548433,Vernon L. Singleton,Vernon L. Singleton,
person:W2432517183-person-3,person,W2432517183-person-3,"Vetterling, William T","Vetterling, William T",
person:A5114083534,person,A5114083534,Victor Aboyans,Victor Aboyans,
person:A5089232733,person,A5089232733,Victor Adekanmbi,Victor Adekanmbi,https://orcid.org/0000-0002-7394-1640
person:A5021369527,person,A5021369527,Victor Mor‐Avi,Victor Mor‐Avi,https://orcid.org/0000-0001-7932-6473
person:A5061082822,person,A5061082822,Victor W. Hsu,Victor W. Hsu,https://orcid.org/0000-0002-6763-4636
person:A5077733825,person,A5077733825,Victor Whitehead,Victor Whitehead,
person:A5045921227,person,A5045921227,Victoria Clarke,Victoria Clarke,https://orcid.org/0000-0001-9405-7363
person:A5034973328,person,A5034973328,Viktoriya Korchina,Viktoriya Korchina,https://orcid.org/0000-0002-9069-8806
person:A5019366254,person,A5019366254,Vincent B. Chen,Vincent B. Chen,https://orcid.org/0000-0003-2492-979X
person:A5073875709,person,A5073875709,Vincent D. Blondel,Vincent D. Blondel,
person:A5049529015,person,A5049529015,Vincent J. Felitti,Vincent J. Felitti,
person:A5088743342,person,A5088743342,Vincent Lefort,Vincent Lefort,https://orcid.org/0000-0003-2864-4783
person:A5013813527,person,A5013813527,Vincent Vanhoucke,Vincent Vanhoucke,https://orcid.org/0000-0003-0544-2791
person:A5049236772,person,A5049236772,Vincent Zoete,Vincent Zoete,https://orcid.org/0000-0002-2336-6537
person:A5083221636,person,A5083221636,Vincenzo Barone,Vincenzo Barone,https://orcid.org/0000-0001-6420-4107
person:A5054729605,person,A5054729605,Virginia Braun,Virginia Braun,https://orcid.org/0000-0002-3435-091X
person:W3099878876-person-4,person,W3099878876-person-4,"Virtanen, P","Virtanen, P",
person:A5010981460,person,A5010981460,Viswanath Venkatesh,Viswanath Venkatesh,https://orcid.org/0000-0001-8473-376X
person:A5015379340,person,A5015379340,Vitalie Spinu,Vitalie Spinu,https://orcid.org/0000-0002-2138-3413
person:A5006490204,person,A5006490204,Vito Brusasco,Vito Brusasco,https://orcid.org/0000-0001-8948-0896
person:A5029006782,person,A5029006782,Vivian Welch,Vivian Welch,https://orcid.org/0000-0002-5238-7097
person:A5109869056,person,A5109869056,Vivienne S. Marshall,Vivienne S. Marshall,
person:A5062753972,person,A5062753972,Vladimir Vapnik,Vladimir Vapnik,
person:A5048071608,person,A5048071608,Vladimı́r Beneš,Vladimı́r Beneš,https://orcid.org/0000-0002-0352-2547
person:A5023873563,person,A5023873563,Volker Hartenstein,Volker Hartenstein,https://orcid.org/0000-0001-9676-7393
person:A5008904142,person,A5008904142,Volodymyr Mnih,Volodymyr Mnih,
person:A5053628685,person,A5053628685,W D Hamilton,W D Hamilton,
person:A5041086433,person,A5041086433,W. C. Oliver,W. C. Oliver,https://orcid.org/0000-0003-2685-5755
person:A5080490811,person,A5080490811,W. Ebisuzaki,W. Ebisuzaki,
person:A5016983675,person,A5016983675,W. F. McDonough,W. F. McDonough,https://orcid.org/0000-0001-9154-3673
person:A5063283743,person,A5063283743,W. G. Scott,W. G. Scott,https://orcid.org/0000-0002-9273-3564
person:A5066428609,person,A5066428609,W. Higgins,W. Higgins,
person:A5040765134,person,A5040765134,W. J. Couch,W. J. Couch,https://orcid.org/0000-0001-5005-3125
person:A5032047957,person,A5032047957,W. J. Dyer,W. J. Dyer,
person:A5015070406,person,A5015070406,W. Kohn,W. Kohn,
person:W1666853924-person-8,person,W1666853924-person-8,W. L. Wilcock,W. L. Wilcock,
person:A5006511805,person,A5006511805,W. Minor,W. Minor,https://orcid.org/0000-0001-7075-7090
person:A5044319865,person,A5044319865,W. N. Venables,W. N. Venables,
person:A5047122075,person,A5047122075,W. Philip Kegelmeyer,W. Philip Kegelmeyer,
person:A5081960116,person,A5081960116,W. S. Abbott,W. S. Abbott,
person:A5107840434,person,A5107840434,W. S. Lockman,W. S. Lockman,
person:A5111972371,person,A5111972371,W. Scott Richardson,W. Scott Richardson,
person:A5109004846,person,A5109004846,W. W. Cooper,W. W. Cooper,
person:A5052588458,person,A5052588458,W.M. Haynes,W.M. Haynes,
person:A5061297345,person,A5061297345,Walter Greiner,Walter Greiner,
person:A5000644127,person,A5000644127,Walter J. Koroshetz,Walter J. Koroshetz,https://orcid.org/0000-0001-7292-7831
person:A5109328597,person,A5109328597,Walter Pitts,Walter Pitts,
person:A5051910920,person,A5051910920,Walter W. Powell,Walter W. Powell,
person:A5002106907,person,A5002106907,Wan Seok Yang,Wan Seok Yang,https://orcid.org/0000-0003-0017-3991
person:W2964015378-person-8,person,W2964015378-person-8,"Wang, Qianxiang","Wang, Qianxiang",https://orcid.org/0000-0002-6598-0041
person:W2964015378-person-1,person,W2964015378-person-1,"Wang, Zeyu","Wang, Zeyu",
person:A5083719308,person,A5083719308,Wanqing Chen,Wanqing Chen,https://orcid.org/0000-0002-1159-1884
person:A5019579037,person,A5019579037,Warren Gish,Warren Gish,
person:A5052626400,person,A5052626400,Warren J. Hehre,Warren J. Hehre,https://orcid.org/0000-0003-4138-8569
person:A5090802246,person,A5090802246,Warren L. DeLano,Warren L. DeLano,
person:A5006549117,person,A5006549117,Warren Mason,Warren Mason,https://orcid.org/0000-0001-9107-2242
person:A5110509669,person,A5110509669,Warren S. McCulloch,Warren S. McCulloch,
person:W3035965352-person-22,person,W3035965352-person-22,Warren Weckesser,Warren Weckesser,
person:W3003257820-person-8,person,W3003257820-person-8,Warren Weckesser,Warren Weckesser,
person:A5032497384,person,A5032497384,Wasifa Zarin,Wasifa Zarin,
person:A5027636639,person,A5027636639,Wataru Fujibuchi,Wataru Fujibuchi,https://orcid.org/0000-0003-2243-9981
person:W1856219842-person-0,person,W1856219842-person-0,Water Environment Federation.,Water Environment Federation.,
person:W1856219842-person-1,person,W1856219842-person-1,Water Pollution Control Federation.,Water Pollution Control Federation.,
person:W2163815564-person-1,person,W2163815564-person-1,"Watson, Charles","Watson, Charles",
person:A5053114801,person,A5053114801,Wayne A. Fuller,Wayne A. Fuller,https://orcid.org/0000-0002-5744-6674
person:A5052725140,person,A5052725140,Wayne Rasband,Wayne Rasband,
person:A5113656961,person,A5113656961,Wayne W. Grody,Wayne W. Grody,
person:A5051340059,person,A5051340059,Webb Miller,Webb Miller,
person:A5072507966,person,A5072507966,Webster K. Cavenee,Webster K. Cavenee,https://orcid.org/0000-0003-3804-9179
person:W3099878876-person-22,person,W3099878876-person-22,"Weckesser, W","Weckesser, W",
person:A5086692495,person,A5086692495,Wei Dong,Wei Dong,https://orcid.org/0000-0003-3067-8720
person:A5100318082,person,A5100318082,Wei Li,Wei Li,https://orcid.org/0000-0001-9931-5990
person:A5100751018,person,A5100751018,Wei Li,Wei Li,https://orcid.org/0000-0002-5257-7130
person:W2193145675-person-0,person,W2193145675-person-0,Wei Liu,Wei Liu,
person:A5100431792,person,A5100431792,Wei Liu,Wei Liu,https://orcid.org/0000-0002-3865-8145
person:A5100641142,person,A5100641142,Wei Liu,Wei Liu,https://orcid.org/0000-0002-7409-0948
person:A5076240767,person,A5076240767,Wei Shi,Wei Shi,https://orcid.org/0000-0003-1182-7735
person:A5100391662,person,A5100391662,Wei Wang,Wei Wang,https://orcid.org/0000-0001-5441-0302
person:A5100622062,person,A5100622062,Wei Zhang,Wei Zhang,https://orcid.org/0000-0002-1960-4475
person:A5111884032,person,A5111884032,Wei-Jing Zhu,Wei-Jing Zhu,
person:A5079289072,person,A5079289072,Weifeng Shi,Weifeng Shi,https://orcid.org/0000-0002-8717-2942
person:A5019149002,person,A5019149002,Weilian Su,Weilian Su,
person:A5100415565,person,A5100415565,Weiping Li,Weiping Li,https://orcid.org/0000-0002-0454-4262
person:A5019365851,person,A5019365851,Weitao Yang,Weitao Yang,https://orcid.org/0000-0001-5576-2828
person:A5101583301,person,A5101583301,Weizhong Li,Weizhong Li,https://orcid.org/0000-0002-9003-7733
person:A5101633572,person,A5101633572,Wei‐jie Guan,Wei‐jie Guan,https://orcid.org/0000-0001-5463-391X
person:A5014572115,person,A5014572115,Wen Yin,Wen Yin,https://orcid.org/0000-0002-1393-7682
person:A5102005952,person,A5102005952,Wenbo Xu,Wenbo Xu,https://orcid.org/0000-0001-5911-8837
person:A5057325863,person,A5057325863,Wenchao Hong,Wenchao Hong,
person:A5013359153,person,A5013359153,Wendy Brand-Williams,Wendy Brand-Williams,
person:A5019637527,person,A5019637527,Wendy Freeman,Wendy Freeman,
person:A5091604970,person,A5091604970,Wendy S. Garrett,Wendy S. Garrett,https://orcid.org/0000-0002-5092-0150
person:A5000844027,person,A5000844027,Wendy Tsang,Wendy Tsang,https://orcid.org/0000-0003-2356-4805
person:A5078967801,person,A5078967801,Wendy Winckler,Wendy Winckler,https://orcid.org/0009-0008-9893-9652
person:A5031255136,person,A5031255136,Wenhua Liang,Wenhua Liang,https://orcid.org/0000-0002-1391-8238
person:A5053933911,person,A5053933911,Wenjie Tan,Wenjie Tan,
person:A5103981505,person,A5103981505,Wenjuan Wu,Wenjuan Wu,
person:A5100709477,person,A5100709477,Wenwei Zhang,Wenwei Zhang,https://orcid.org/0000-0001-9220-2467
person:A5101109502,person,A5101109502,Wenxiao Tu,Wenxiao Tu,
person:A5101516462,person,A5101516462,Wenyan Jiang,Wenyan Jiang,https://orcid.org/0000-0002-0593-0296
person:A5057178901,person,A5057178901,Wen‐Ching Wang,Wen‐Ching Wang,https://orcid.org/0000-0002-7422-3667
person:A5066540447,person,A5066540447,Wesley M. Cohen,Wesley M. Cohen,
person:A5113931380,person,A5113931380,Whitney K. Newey,Whitney K. Newey,
person:W3099878876-person-17,person,W3099878876-person-17,"Wiebe, M","Wiebe, M",
person:W3099878876-person-6,person,W3099878876-person-6,"Wieser, E","Wieser, E",
person:A5053242305,person,A5053242305,Wiesław J. Roth,Wiesław J. Roth,https://orcid.org/0000-0002-4090-8043
person:A5063856246,person,A5063856246,Wilfred F. van Gunsteren,Wilfred F. van Gunsteren,https://orcid.org/0000-0002-9583-7019
person:A5083447971,person,A5083447971,Willem J. Kop,Willem J. Kop,https://orcid.org/0000-0003-3141-4815
person:A5025148058,person,A5025148058,William A. Walters,William A. Walters,
person:A5084222883,person,A5084222883,William A. Walters,William A. Walters,https://orcid.org/0000-0003-1716-3984
person:A5111488266,person,A5111488266,William B. Jakoby,William B. Jakoby,
person:A5009132654,person,A5009132654,William D. Collins,William D. Collins,https://orcid.org/0000-0002-4463-9848
person:A5036841670,person,A5036841670,William E. Klunk,William E. Klunk,https://orcid.org/0000-0001-5512-0251
person:A5111539706,person,A5111539706,William F. Sharpe,William F. Sharpe,
person:A5073258256,person,A5073258256,William G. Hoover,William G. Hoover,https://orcid.org/0000-0002-1717-052X
person:A5053050215,person,A5053050215,William H. Baltosser,William H. Baltosser,
person:A5111475928,person,A5111475928,William H. Habig,William H. Habig,
person:A5000102021,person,A5000102021,William H. Meckling,William H. Meckling,
person:A5006129599,person,A5006129599,William Humphrey,William Humphrey,https://orcid.org/0000-0003-4359-4913
person:A5036382303,person,A5036382303,William J. Rutter,William J. Rutter,
person:A5110382264,person,A5110382264,William Kirby,William Kirby,
person:A5053850265,person,A5053850265,William L. Jorgensen,William L. Jorgensen,https://orcid.org/0000-0002-3993-9520
person:A5028009074,person,A5028009074,William Lindstrom,William Lindstrom,
person:A5065039556,person,A5065039556,William M. Mauck,William M. Mauck,https://orcid.org/0000-0001-9455-7245
person:A5052502792,person,A5052502792,William McLaren,William McLaren,https://orcid.org/0000-0001-6218-1116
person:A5109400070,person,A5109400070,William Morris,William Morris,
person:A5083018976,person,A5083018976,William Rosenberg,William Rosenberg,https://orcid.org/0000-0002-2732-2304
person:A5050603933,person,A5050603933,William S. Hummers,William S. Hummers,
person:A5112155211,person,A5112155211,William Shakespeare,William Shakespeare,
person:A5020575969,person,A5020575969,William T. Friedewald,William T. Friedewald,
person:A5080419206,person,A5080419206,William T. McGivney,William T. McGivney,
person:A5113386915,person,A5113386915,William W. Cooley,William W. Cooley,
person:A5006631993,person,A5006631993,William W. Fitzhugh,William W. Fitzhugh,
person:A5053511679,person,A5053511679,Wim Hordijk,Wim Hordijk,https://orcid.org/0000-0002-0223-6194
person:A5004351971,person,A5004351971,Winston Chang,Winston Chang,https://orcid.org/0000-0002-1576-2126
person:A5029601108,person,A5029601108,Wolfgang Huber,Wolfgang Huber,https://orcid.org/0000-0002-0474-2218
person:A5013181401,person,A5013181401,Wolfgang Kabsch,Wolfgang Kabsch,
person:A5082230764,person,A5082230764,Wolfgang Viechtbauer,Wolfgang Viechtbauer,https://orcid.org/0000-0003-3463-4063
person:A5064690703,person,A5064690703,Wonyong Choi,Wonyong Choi,https://orcid.org/0000-0003-1801-9386
person:W1593442063-person-0,person,W1593442063-person-0,Writing Group for the Women's Health Initiative Investigators,Writing Group for the Women's Health Initiative Investigators,
person:A5045575546,person,A5045575546,X. Shirley Liu,X. Shirley Liu,https://orcid.org/0000-0003-4736-7339
person:A5018520453,person,A5018520453,Xavier Abellan,Xavier Abellan,https://orcid.org/0000-0002-1999-1823
person:A5101507174,person,A5101507174,Xi Wang,Xi Wang,https://orcid.org/0000-0002-4660-9562
person:A5080948604,person,A5080948604,Xian Adiconis,Xian Adiconis,https://orcid.org/0000-0002-4052-2503
person:A5002787853,person,A5002787853,Xian-Guang Wang,Xian-Guang Wang,
person:A5079882302,person,A5079882302,Xiang Zhao,Xiang Zhao,https://orcid.org/0000-0002-1168-3439
person:W2104549677-person-94,person,W2104549677-person-94,Xiangqun Zheng-Bradley,Xiangqun Zheng-Bradley,
person:A5100362465,person,A5100362465,Xiangyu Zhang,Xiangyu Zhang,https://orcid.org/0000-0003-2138-4608
person:A5100441085,person,A5100441085,Xiao Liu,Xiao Liu,https://orcid.org/0000-0002-8073-0534
person:A5100606060,person,A5100606060,Xiao Yan,Xiao Yan,https://orcid.org/0000-0001-7626-2128
person:A5102343941,person,A5102343941,Xiao-Shuang Zheng,Xiao-Shuang Zheng,
person:A5042779337,person,A5042779337,Xiaoding Wei,Xiaoding Wei,https://orcid.org/0000-0002-5173-4923
person:A5052083635,person,A5052083635,Xiaodong Fang,Xiaodong Fang,https://orcid.org/0000-0001-7061-3337
person:A5101587265,person,A5101587265,Xiaohui Gong,Xiaohui Gong,https://orcid.org/0000-0003-4696-1168
person:W2104549677-person-68,person,W2104549677-person-68,Xiaole Zheng,Xiaole Zheng,
person:A5009510775,person,A5009510775,Xiaosen Guo,Xiaosen Guo,https://orcid.org/0000-0003-1317-2760
person:A5107791286,person,A5107791286,Xiaowei Xu,Xiaowei Xu,https://orcid.org/0000-0003-1543-009X
person:A5100668249,person,A5100668249,Xiaoye Wang,Xiaoye Wang,https://orcid.org/0000-0003-3540-0277
person:A5101081875,person,A5101081875,Xiaoying Gu,Xiaoying Gu,
person:W2964015378-person-9,person,W2964015378-person-9,"Xie, Tao","Xie, Tao",https://orcid.org/0000-0002-6731-216X
person:W2104549677-person-48,person,W2104549677-person-48,Xin Jin,Xin Jin,
person:W3005079553-person-4,person,W3005079553-person-4,Xing Liu,Xing Liu,
person:W3005079553-person-12,person,W3005079553-person-12,Xinghuan Wang,Xinghuan Wang,
person:A5101925685,person,A5101925685,Xingwang Li,Xingwang Li,https://orcid.org/0009-0001-5424-6722
person:A5039460637,person,A5039460637,Xing‐Lou Yang,Xing‐Lou Yang,https://orcid.org/0000-0002-5317-8983
person:A5100375454,person,A5100375454,Xinxin Zhang,Xinxin Zhang,https://orcid.org/0000-0002-0598-6425
person:A5101077869,person,A5101077869,Xu-Rui Shen,Xu-Rui Shen,
person:A5059448769,person,A5059448769,Xuan Dong,Xuan Dong,https://orcid.org/0000-0002-5853-2136
person:A5003556048,person,A5003556048,Xudong Wu,Xudong Wu,https://orcid.org/0000-0001-9594-479X
person:A5004937788,person,A5004937788,Xue Qin Yu,Xue Qin Yu,https://orcid.org/0000-0001-8638-7979
person:A5037201682,person,A5037201682,Xuebing Wu,Xuebing Wu,https://orcid.org/0000-0003-0369-5269
person:A5073827104,person,A5073827104,Xuedi Ma,Xuedi Ma,
person:A5078433604,person,A5078433604,Xuejun Ma,Xuejun Ma,https://orcid.org/0000-0001-5891-5260
person:A5037416293,person,A5037416293,Xuelei Xie,Xuelei Xie,
person:A5042728044,person,A5042728044,Xuesen Xing,Xuesen Xing,
person:A5112245971,person,A5112245971,Xuhua Guan,Xuhua Guan,
person:A5100451926,person,A5100451926,Xun Xu,Xun Xu,https://orcid.org/0000-0002-5338-5173
person:W1964184380-person-15,person,W1964184380-person-15,Y I Nabeshima,Y I Nabeshima,
person:W1964184380-person-1,person,W1964184380-person-1,Y Matsumura,Y Matsumura,
person:W1964184380-person-6,person,W1964184380-person-6,Y Ohyama,Y Ohyama,
person:A5076966537,person,A5076966537,Y. Kawabata,Y. Kawabata,
person:A5107867044,person,A5107867044,Y. Morita,Y. Morita,https://orcid.org/0000-0003-2471-7340
person:A5027568671,person,A5027568671,Y. Oohata,Y. Oohata,
person:A5111822195,person,A5111822195,Y. Sawada,Y. Sawada,
person:A5082766715,person,A5082766715,Y. Subbarow,Y. Subbarow,
person:A5035053309,person,A5035053309,Y. Zhang,Y. Zhang,https://orcid.org/0000-0002-0157-188X
person:A5102707681,person,A5102707681,Yahua Hu,Yahua Hu,https://orcid.org/0000-0003-3115-5956
person:W3005079553-person-10,person,W3005079553-person-10,Yan Zhao,Yan Zhao,
person:A5050699488,person,A5050699488,Yan Zhao,Yan Zhao,https://orcid.org/0000-0002-1234-4455
person:A5060118564,person,A5060118564,Yan Zhu,Yan Zhu,https://orcid.org/0000-0002-7045-4847
person:A5100630907,person,A5100630907,Yang Bai,Yang Bai,https://orcid.org/0000-0003-2652-7022
person:A5100657871,person,A5100657871,Yang Han,Yang Han,https://orcid.org/0009-0001-9675-512X
person:A5022244006,person,A5022244006,Yang Liao,Yang Liao,
person:A5015539974,person,A5015539974,Yang Qiu,Yang Qiu,https://orcid.org/0000-0001-5152-1242
person:A5101874184,person,A5101874184,Yang Wu,Yang Wu,https://orcid.org/0000-0003-1345-5568
person:A5100397719,person,A5100397719,Yang Yang,Yang Yang,https://orcid.org/0000-0003-0428-5480
person:A5110220840,person,A5110220840,Yangqing Jia,Yangqing Jia,
person:A5001226970,person,A5001226970,Yann LeCun,Yann LeCun,
person:A5100430703,person,A5100430703,Yanping Zhang,Yanping Zhang,https://orcid.org/0000-0002-1680-7592
person:A5052814282,person,A5052814282,Yanqing Zhou,Yanqing Zhou,https://orcid.org/0000-0002-9319-2579
person:A5101869812,person,A5101869812,Yanyan Han,Yanyan Han,https://orcid.org/0000-0001-5247-920X
person:A5027156402,person,A5027156402,Yanyi Wang,Yanyi Wang,https://orcid.org/0000-0003-0192-1891
person:A5090998485,person,A5090998485,Yao Lu,Yao Lu,https://orcid.org/0000-0002-2898-9813
person:A5100366781,person,A5100366781,Yaping Zhang,Yaping Zhang,https://orcid.org/0000-0002-9264-3120
person:A5037446400,person,A5037446400,Yaru Chen,Yaru Chen,https://orcid.org/0000-0003-2549-8880
person:A5112282250,person,A5112282250,Yasin Sarı,Yasin Sarı,
person:A5008413640,person,A5008413640,Yasuhiro Minami,Yasuhiro Minami,https://orcid.org/0000-0003-3514-4285
person:A5110148822,person,A5110148822,Yasuo Shirai,Yasuo Shirai,
person:A5079060255,person,A5079060255,Ye Yin,Ye Yin,https://orcid.org/0000-0002-7051-1987
person:A5003271205,person,A5003271205,Yee‐Whye Teh,Yee‐Whye Teh,
person:A5101454711,person,A5101454711,Yeming Wang,Yeming Wang,https://orcid.org/0000-0003-4343-9606
person:A5030155090,person,A5030155090,Yeqing Tong,Yeqing Tong,https://orcid.org/0000-0001-5652-0564
person:A5050760316,person,A5050760316,Yevgeniy Antipin,Yevgeniy Antipin,
person:A5088473119,person,A5088473119,Yi Han,Yi Han,https://orcid.org/0000-0001-7605-8979
person:A5031491320,person,A5031491320,Yi Hu,Yi Hu,https://orcid.org/0000-0002-2882-5210
person:A5100388089,person,A5100388089,Yi Zhang,Yi Zhang,https://orcid.org/0000-0001-9861-4681
person:A5027373743,person,A5027373743,Yichao Sun,Yichao Sun,https://orcid.org/0000-0003-4138-2079
person:A5102946135,person,A5102946135,Yifang Hu,Yifang Hu,https://orcid.org/0000-0001-8200-0052
person:A5100559157,person,A5100559157,Yiming Zhu,Yiming Zhu,https://orcid.org/0009-0001-3486-2368
person:A5004095744,person,A5004095744,Yinbo Luo,Yinbo Luo,
person:A5100383015,person,A5100383015,Ying Chen,Ying Chen,https://orcid.org/0000-0001-8306-8083
person:A5100414097,person,A5100414097,Ying Liu,Ying Liu,https://orcid.org/0000-0001-9385-992X
person:A5100414285,person,A5100414285,Ying Liu,Ying Liu,https://orcid.org/0000-0002-6540-0473
person:W2104549677-person-52,person,W2104549677-person-52,Yingrui Li,Yingrui Li,
person:A5019081674,person,A5019081674,Yinhan Liu,Yinhan Liu,
person:W3005079553-person-11,person,W3005079553-person-11,Yirong Li,Yirong Li,
person:A5109466473,person,A5109466473,Yixiang Peng,Yixiang Peng,
person:A5009248953,person,A5009248953,Yixuan Wei,Yixuan Wei,https://orcid.org/0000-0003-1775-7301
person:A5101621486,person,A5101621486,Yizhong Wang,Yizhong Wang,https://orcid.org/0000-0003-0964-3849
person:A5101485320,person,A5101485320,Yngve Falck–Ytter,Yngve Falck–Ytter,https://orcid.org/0000-0002-4688-3211
person:A5062207756,person,A5062207756,Yoav Benjamini,Yoav Benjamini,https://orcid.org/0000-0002-3253-7588
person:A5072341135,person,A5072341135,Yoav Freund,Yoav Freund,https://orcid.org/0000-0002-3850-6184
person:A5109880568,person,A5109880568,Yogesh Sankarasubramaniam,Yogesh Sankarasubramaniam,
person:A5008676917,person,A5008676917,Yong Liu,Yong Liu,https://orcid.org/0000-0002-5208-888X
person:W3005079553-person-9,person,W3005079553-person-9,Yong Xiong,Yong Xiong,
person:A5007650371,person,A5007650371,Yong Zhang,Yong Zhang,https://orcid.org/0000-0001-6316-2734
person:A5070819732,person,A5070819732,Yongcheol Shin,Yongcheol Shin,https://orcid.org/0000-0002-8589-9689
person:A5100765918,person,A5100765918,Yongxin Liu,Yongxin Liu,https://orcid.org/0000-0003-1832-9835
person:A5072911500,person,A5072911500,Yoon K. Loke,Yoon K. Loke,https://orcid.org/0000-0001-9109-2307
person:A5111786816,person,A5111786816,Yosef Hochberg,Yosef Hochberg,
person:A5109932084,person,A5109932084,Yoshiharu Aizawa,Yoshiharu Aizawa,
person:A5024143614,person,A5024143614,Yoshiki Vázquez‐Baeza,Yoshiki Vázquez‐Baeza,https://orcid.org/0000-0001-6014-2009
person:A5009975594,person,A5009975594,Yoshinobu Kanda,Yoshinobu Kanda,https://orcid.org/0000-0002-4866-9307
person:A5086198262,person,A5086198262,Yoshua Bengio,Yoshua Bengio,https://orcid.org/0000-0002-9322-3515
person:A5025102458,person,A5025102458,Youjae Yi,Youjae Yi,https://orcid.org/0000-0001-5536-6083
person:W3003257820-person-21,person,W3003257820-person-21,Yu Feng,Yu Feng,
person:A5100523570,person,A5100523570,Yu Hu,Yu Hu,https://orcid.org/0009-0009-1746-0402
person:A5100390838,person,A5100390838,Yuan Liu,Yuan Liu,https://orcid.org/0000-0002-0024-9290
person:A5100707411,person,A5100707411,Yuan Wei,Yuan Wei,https://orcid.org/0000-0003-3387-7549
person:A5100344847,person,A5100344847,Yuan Wei,Yuan Wei,https://orcid.org/0000-0002-4025-6567
person:A5101593662,person,A5101593662,Yue Cao,Yue Cao,https://orcid.org/0000-0002-1679-0444
person:A5036860312,person,A5036860312,Yue Wang,Yue Wang,https://orcid.org/0000-0001-6636-354X
person:A5045836736,person,A5045836736,Yuhai Wu,Yuhai Wu,
person:A5014193997,person,A5014193997,Yuhan Hao,Yuhan Hao,https://orcid.org/0000-0002-1810-0822
person:A5046852323,person,A5046852323,Yuh‐Shan Ho,Yuh‐Shan Ho,https://orcid.org/0000-0002-2557-8736
person:A5100340464,person,A5100340464,Yujie Li,Yujie Li,https://orcid.org/0000-0003-3527-5859
person:A5077234479,person,A5077234479,Yun Luo,Yun Luo,https://orcid.org/0000-0002-6243-7000
person:A5077722217,person,A5077722217,Yuqi Chang,Yuqi Chang,https://orcid.org/0000-0001-7487-370X
person:A5020353829,person,A5020353829,Yuri E. Nikiforov,Yuri E. Nikiforov,https://orcid.org/0000-0002-2239-1095
person:A5035467559,person,A5035467559,Yury Gogotsi,Yury Gogotsi,https://orcid.org/0000-0001-9423-4032
person:A5102798361,person,A5102798361,Yutong Lin,Yutong Lin,https://orcid.org/0000-0001-8038-4064
person:A5101736566,person,A5101736566,Yutong Zhu,Yutong Zhu,https://orcid.org/0009-0002-1589-0408
person:A5009556605,person,A5009556605,Yves Rosseel,Yves Rosseel,https://orcid.org/0000-0002-4129-4477
person:A5027555740,person,A5027555740,Yvonna S. Lincoln,Yvonna S. Lincoln,
person:A5041722253,person,A5041722253,Zbigniew Wojna,Zbigniew Wojna,https://orcid.org/0000-0002-9629-5688
person:A5045912789,person,A5045912789,Zbys Fedorowicz,Zbys Fedorowicz,https://orcid.org/0000-0003-3952-965X
person:A5063625875,person,A5063625875,Zbyszek Otwinowski,Zbyszek Otwinowski,https://orcid.org/0000-0003-3640-8545
person:A5100349451,person,A5100349451,Ze Liu,Ze Liu,https://orcid.org/0000-0001-8512-5408
person:A5100718751,person,A5100718751,Zehua Chen,Zehua Chen,https://orcid.org/0000-0003-2127-7829
person:A5026007726,person,A5026007726,Zhancheng Gao,Zhancheng Gao,https://orcid.org/0000-0002-8495-9221
person:A5100459168,person,A5100459168,Zheng Zhang,Zheng Zhang,https://orcid.org/0000-0003-1470-6998
person:A5017751512,person,A5017751512,Zhengwei Shen,Zhengwei Shen,https://orcid.org/0000-0001-5472-2242
person:A5034117843,person,A5034117843,Zhengyi Ni,Zhengyi Ni,
person:A5100689158,person,A5100689158,Zheng‐Li Shi,Zheng‐Li Shi,https://orcid.org/0000-0001-8089-163X
person:A5101873521,person,A5101873521,Zhenlin Chen,Zhenlin Chen,https://orcid.org/0000-0003-0561-8929
person:W3005079553-person-8,person,W3005079553-person-8,Zhenshun Cheng,Zhenshun Cheng,
person:A5101711490,person,A5101711490,Zhenshun Cheng,Zhenshun Cheng,https://orcid.org/0000-0002-7387-496X
person:A5100748265,person,A5100748265,Zhibo Liu,Zhibo Liu,https://orcid.org/0000-0001-9210-156X
person:A5100398365,person,A5100398365,Zhichao Wang,Zhichao Wang,
person:A5011349177,person,A5011349177,Zhiheng Huang,Zhiheng Huang,https://orcid.org/0000-0001-5982-9778
person:A5110448998,person,A5110448998,Zhijian Zheng,Zhijian Zheng,
person:A5086287153,person,A5086287153,Zhiqiang Deng,Zhiqiang Deng,https://orcid.org/0000-0002-9245-2826
person:A5081253261,person,A5081253261,Zhitao Ma,Zhitao Ma,
person:W3005079553-person-13,person,W3005079553-person-13,Zhiyong Peng,Zhiyong Peng,
person:A5113360709,person,A5113360709,Zhong Chen,Zhong Chen,https://orcid.org/0009-0007-6692-2648
person:A5113050265,person,A5113050265,Zhongfa Tao,Zhongfa Tao,
person:A5100420313,person,A5100420313,Zhou Wang,Zhou Wang,https://orcid.org/0000-0003-4413-4441
person:A5100452089,person,A5100452089,Zhuang Liu,Zhuang Liu,https://orcid.org/0000-0001-6395-0212
person:A5014481998,person,A5014481998,Ziad Nasreddine,Ziad Nasreddine,
person:A5100866265,person,A5100866265,Zijian Feng,Zijian Feng,https://orcid.org/0009-0004-3171-7220
person:A5087858925,person,A5087858925,Zijing Liang,Zijing Liang,
person:A5047490642,person,A5047490642,Ziyad Al‐Aly,Ziyad Al‐Aly,https://orcid.org/0000-0002-2600-0434
person:A5012397238,person,A5012397238,Zunyou Wu,Zunyou Wu,https://orcid.org/0000-0002-0839-4548
person:A5054165025,person,A5054165025,Àlvar Agustí,Àlvar Agustí,https://orcid.org/0000-0003-3271-3788
person:A5087576182,person,A5087576182,Ándrás Horányi,Ándrás Horányi,https://orcid.org/0000-0002-1517-6602
person:A5085999299,person,A5085999299,Åsa Sivertsson,Åsa Sivertsson,https://orcid.org/0000-0001-8800-8469
person:A5041145688,person,A5041145688,Çaǧlar Gülçehre,Çaǧlar Gülçehre,https://orcid.org/0009-0003-4124-1687
person:A5083088424,person,A5083088424,Étienne V Langlois,Étienne V Langlois,https://orcid.org/0000-0002-4853-2511
person:A5018954657,person,A5018954657,Étienne Wenger,Étienne Wenger,
person:A5085065665,person,A5085065665,Ömer Toprak,Ömer Toprak,https://orcid.org/0000-0002-2865-1687
person:A5034889366,person,A5034889366,Özge Tunçalp,Özge Tunçalp,https://orcid.org/0000-0002-5370-682X
person:A5016467945,person,A5016467945,Øystein Fluge,Øystein Fluge,
person:A5039190318,person,A5039190318,Øyvind Hammer,Øyvind Hammer,https://orcid.org/0000-0001-9951-0630
person:W3003257820-person-20,person,W3003257820-person-20,İlhan Polat,İlhan Polat,
person:A5001198014,person,A5001198014,А. А. Firsov,А. А. Firsov,https://orcid.org/0000-0002-9530-874X
person:W2473786944-person-0,person,W2473786944-person-0,Неизвестный автор,Неизвестный автор,
person:W4292528167-person-0,person,W4292528167-person-0,Неизвестный автор,Неизвестный автор,
person:W2991792334-person-4,person,W2991792334-person-4,Неизвестный автор,Неизвестный автор,
person:A5089483250,person,A5089483250,Р. П. Кокоулин,Р. П. Кокоулин,
person:A5088527376,person,A5088527376,С. В. Морозов,С. В. Морозов,https://orcid.org/0000-0003-3075-7787
person:A5003087402,person,A5003087402,Элинор Остром,Элинор Остром,
person:W2099471712-person-0,person,W2099471712-person-0,柴田 淳司,柴田 淳司,
