id,type,publication_id,label,title,year,journal_id,journal_name,cited_by_count
publication:W2964015378,publication,W2964015378,Detecting Functionality-Specific Vulnerabilities via Retrieving Individual Functionality-Equivalent APIs in Open-Source Repositories,Detecting Functionality-Specific Vulnerabilities via Retrieving Individual Functionality-Equivalent APIs in Open-Source Repositories,2025,S7407052059,Dagstuhl Research Online Publication Server,16099
publication:W2787959293,publication,W2787959293,Fractional Differential Equations,Fractional Differential Equations,2025,name:без журнала,Без журнала,20501
publication:W1803273808,publication,W1803273808,The Coding Manual for Qualitative Researchers,The Coding Manual for Qualitative Researchers,2025,name:без журнала,Без журнала,17891
publication:W4393935425,publication,W4393935425,Global cancer statistics 2022: GLOBOCAN estimates of incidence and mortality worldwide for 36 cancers in 185 countries,Global cancer statistics 2022: GLOBOCAN estimates of incidence and mortality worldwide for 36 cancers in 185 countries,2024,S126094547,CA A Cancer Journal for Clinicians,21217
publication:W4392145873,publication,W4392145873,"Two new Later Stone Age sites from the Final Pleistocene in the Falémé Valley, eastern Senegal","Two new Later Stone Age sites from the Final Pleistocene in the Falémé Valley, eastern Senegal",2024,S4210235606,ENLIGHTEN (Jurnal Bimbingan dan Konseling Islam),23814
publication:W4315754639,publication,W4315754639,"Cancer statistics, 2023","Cancer statistics, 2023",2023,S126094547,CA A Cancer Journal for Clinicians,16372
publication:W4320013936,publication,W4320013936,Generative Adversarial Nets,Generative Adversarial Nets,2023,name:machine learning under malware attack,Machine Learning under Malware Attack,19895
publication:W4385245566,publication,W4385245566,MizAR 60 for Mizar 50,MizAR 60 for Mizar 50,2023,S4377196569,DROPS (Schloss Dagstuhl – Leibniz Center for Informatics),74877
publication:W4367314869,publication,W4367314869,The Presentation of Self in Everyday Life,The Presentation of Self in Everyday Life,2023,name:social theory re-wired,Social Theory Re-Wired,17680
publication:W4214907476,publication,W4214907476,Advances In Experimental Social Psychology,Advances In Experimental Social Psychology,2022,S106560479,Advances in experimental social psychology,22492
publication:W4206841660,publication,W4206841660,"Cancer statistics, 2022","Cancer statistics, 2022",2022,S126094547,CA A Cancer Journal for Clinicians,18040
publication:W4281687410,publication,W4281687410,Diagnostic and Statistical Manual of Mental Disorders,Diagnostic and Statistical Manual of Mental Disorders,2022,S4306462816,American Psychiatric Association Publishing eBooks,20775
publication:W3119005666,publication,W3119005666,"Cancer Statistics, 2021","Cancer Statistics, 2021",2021,S126094547,CA A Cancer Journal for Clinicians,17302
publication:W3128646645,publication,W3128646645,Global Cancer Statistics 2020: GLOBOCAN Estimates of Incidence and Mortality Worldwide for 36 Cancers in 185 Countries,Global Cancer Statistics 2020: GLOBOCAN Estimates of Incidence and Mortality Worldwide for 36 Cancers in 185 Countries,2021,S126094547,CA A Cancer Journal for Clinicians,111051
publication:W3177828909,publication,W3177828909,Highly accurate protein structure prediction with AlphaFold,Highly accurate protein structure prediction with AlphaFold,2021,S137773608,Nature,43443
publication:W4251751280,publication,W4251751280,MEGA11: Molecular Evolutionary Genetics Analysis Version 11,MEGA11: Molecular Evolutionary Genetics Analysis Version 11,2021,S57552105,Molecular Biology and Evolution,21206
publication:W3138516171,publication,W3138516171,Swin Transformer: Hierarchical Vision Transformer using Shifted Windows,Swin Transformer: Hierarchical Vision Transformer using Shifted Windows,2021,S4363607764,2021 IEEE/CVF International Conference on Computer Vision (ICCV),28826
publication:W3118615836,publication,W3118615836,The PRISMA 2020 statement: an updated guideline for reporting systematic reviews,The PRISMA 2020 statement: an updated guideline for reporting systematic reviews,2021,S4393917726,BMJ,88531
publication:W2964121744,publication,W2964121744,Без названия,Без названия,2021,S4377196569,DROPS (Schloss Dagstuhl – Leibniz Center for Informatics),50141
publication:W3001897055,publication,W3001897055,"A Novel Coronavirus from Patients with Pneumonia in China, 2019","A Novel Coronavirus from Patients with Pneumonia in China, 2019",2020,S62468778,New England Journal of Medicine,30234
publication:W3004280078,publication,W3004280078,A pneumonia outbreak associated with a new coronavirus of probable bat origin,A pneumonia outbreak associated with a new coronavirus of probable bat origin,2020,S137773608,Nature,23233
publication:W3099878876,publication,W3099878876,Array programming with NumPy,Array programming with NumPy,2020,S4306402624,TUScholarShare (Temple University),18804
publication:W3035965352,publication,W3035965352,Array programming with NumPy,Array programming with NumPy,2020,S137773608,Nature,21224
publication:W2999417355,publication,W2999417355,"Cancer statistics, 2020","Cancer statistics, 2020",2020,S126094547,CA A Cancer Journal for Clinicians,21321
publication:W3008028633,publication,W3008028633,Characteristics of and Important Lessons From the Coronavirus Disease 2019 (COVID-19) Outbreak in China,Characteristics of and Important Lessons From the Coronavirus Disease 2019 (COVID-19) Outbreak in China,2020,S172573765,JAMA,17945
publication:W3039083618,publication,W3039083618,Classical Electrodynamics,Classical Electrodynamics,2020,S4306463805,Princeton University Press eBooks,22229
publication:W3005079553,publication,W3005079553,"Clinical Characteristics of 138 Hospitalized Patients With 2019 Novel Coronavirus–Infected Pneumonia in Wuhan, China","Clinical Characteristics of 138 Hospitalized Patients With 2019 Novel Coronavirus–Infected Pneumonia in Wuhan, China",2020,S172573765,JAMA,21139
publication:W3008827533,publication,W3008827533,Clinical Characteristics of Coronavirus Disease 2019 in China,Clinical Characteristics of Coronavirus Disease 2019 in China,2020,S62468778,New England Journal of Medicine,31083
publication:W3009885589,publication,W3009885589,"Clinical course and risk factors for mortality of adult inpatients with COVID-19 in Wuhan, China: a retrospective cohort study","Clinical course and risk factors for mortality of adult inpatients with COVID-19 in Wuhan, China: a retrospective cohort study",2020,S49861241,The Lancet,29034
publication:W3001118548,publication,W3001118548,"Clinical features of patients infected with 2019 novel coronavirus in Wuhan, China","Clinical features of patients infected with 2019 novel coronavirus in Wuhan, China",2020,S49861241,The Lancet,51636
publication:W3003668884,publication,W3003668884,"Early Transmission Dynamics in Wuhan, China, of Novel Coronavirus–Infected Pneumonia","Early Transmission Dynamics in Wuhan, China, of Novel Coronavirus–Infected Pneumonia",2020,S62468778,New England Journal of Medicine,17909
publication:W3002108456,publication,W3002108456,"Epidemiological and clinical characteristics of 99 cases of 2019 novel coronavirus pneumonia in Wuhan, China: a descriptive study","Epidemiological and clinical characteristics of 99 cases of 2019 novel coronavirus pneumonia in Wuhan, China: a descriptive study",2020,S49861241,The Lancet,22636
publication:W3092849554,publication,W3092849554,"Global burden of 369 diseases and injuries in 204 countries and territories, 1990–2019: a systematic analysis for the Global Burden of Disease Study 2019","Global burden of 369 diseases and injuries in 204 countries and territories, 1990–2019: a systematic analysis for the Global Burden of Disease Study 2019",2020,S49861241,The Lancet,18650
publication:W3005235420,publication,W3005235420,IQ-TREE 2: New Models and Efficient Methods for Phylogenetic Inference in the Genomic Era,IQ-TREE 2: New Models and Efficient Methods for Phylogenetic Inference in the Genomic Era,2020,S57552105,Molecular Biology and Evolution,15871
publication:W3165656738,publication,W3165656738,La certeza de lo impredecible: Cultura Educación y Sociedad en tiempos de COVID19,La certeza de lo impredecible: Cultura Educación y Sociedad en tiempos de COVID19,2020,S4377196388,DSPACE System - Metalibrary (University of the Coast),19284
publication:W3038568908,publication,W3038568908,Radiation Resistant Camera System for Monitoring Deuterium Plasma Discharges in the Large Helical Device,Radiation Resistant Camera System for Monitoring Deuterium Plasma Discharges in the Large Helical Device,2020,S46033839,Plasma and Fusion Research,801217
publication:W3009912996,publication,W3009912996,SARS-CoV-2 Cell Entry Depends on ACE2 and TMPRSS2 and Is Blocked by a Clinically Proven Protease Inhibitor,SARS-CoV-2 Cell Entry Depends on ACE2 and TMPRSS2 and Is Blocked by a Clinically Proven Protease Inhibitor,2020,S110447773,Cell,21227
publication:W3003257820,publication,W3003257820,SciPy 1.0: fundamental algorithms for scientific computing in Python,SciPy 1.0: fundamental algorithms for scientific computing in Python,2020,S127827428,Nature Methods,36481
publication:W3025949386,publication,W3025949386,The ERA5 global reanalysis,The ERA5 global reanalysis,2020,S70522100,Quarterly Journal of the Royal Meteorological Society,29134
publication:W3006659024,publication,W3006659024,The psychological impact of quarantine and how to reduce it: rapid review of the evidence,The psychological impact of quarantine and how to reduce it: rapid review of the evidence,2020,S49861241,The Lancet,16217
publication:W2911188335,publication,W2911188335,"Cancer statistics, 2019","Cancer statistics, 2019",2019,S126094547,CA A Cancer Journal for Clinicians,20887
publication:W2949177718,publication,W2949177718,Comprehensive Integration of Single-Cell Data,Comprehensive Integration of Single-Cell Data,2019,S110447773,Cell,16460
publication:W1990513740,publication,W1990513740,Diffusion of Innovations 1,Diffusion of Innovations 1,2019,name:an integrated approach to communication theory and research,An Integrated Approach to Communication Theory and Research,37198
publication:W2965373594,publication,W2965373594,"HISTORIAE, History of Socio-Cultural Transformation as Linguistic Data Science. A Humanities Use Case","HISTORIAE, History of Socio-Cultural Transformation as Linguistic Data Science. A Humanities Use Case",2019,S4377196569,DROPS (Schloss Dagstuhl – Leibniz Center for Informatics),17242
publication:W2950504429,publication,W2950504429,Reflecting on reflexive thematic analysis,Reflecting on reflexive thematic analysis,2019,S2764513707,Qualitative Research in Sport Exercise and Health,16053
publication:W2963276645,publication,W2963276645,"Reproducible, interactive, scalable and extensible microbiome data science using QIIME 2","Reproducible, interactive, scalable and extensible microbiome data science using QIIME 2",2019,S106963461,Nature Biotechnology,23202
publication:W2970684805,publication,W2970684805,RoB 2: a revised tool for assessing risk of bias in randomised trials,RoB 2: a revised tool for assessing risk of bias in randomised trials,2019,S4393917726,BMJ,29194
publication:W2944434778,publication,W2944434778,The REDCap consortium: Building an international community of software platform partners,The REDCap consortium: Building an international community of software platform partners,2019,S11622463,Journal of Biomedical Informatics,23137
publication:W2144846366,publication,W2144846366,Theory of games and economic behavior,Theory of games and economic behavior,2019,S4306462811,American Mathematical Society eBooks,16928
publication:W2990427812,publication,W2990427812,Welcome to the Tidyverse,Welcome to the Tidyverse,2019,S4210214273,The Journal of Open Source Software,20667
publication:W2963341956,publication,W2963341956,Без названия,Без названия,2019,name:proceedings of the 2019 conference of the north,Proceedings of the 2019 Conference of the North,31791
publication:W2896457183,publication,W2896457183,AI-Assisted Pipeline for Dynamic Generation of Trustworthy Health Supplement Content at Scale,AI-Assisted Pipeline for Dynamic Generation of Trustworthy Health Supplement Content at Scale,2018,S4377196569,DROPS (Schloss Dagstuhl – Leibniz Center for Informatics),45495
publication:W2781525129,publication,W2781525129,"Cancer statistics, 2018","Cancer statistics, 2018",2018,S126094547,CA A Cancer Journal for Clinicians,16957
publication:W2884585870,publication,W2884585870,CBAM: Convolutional Block Attention Module,CBAM: Convolutional Block Attention Module,2018,S106296714,Lecture notes in computer science,21612
publication:W2129905273,publication,W2129905273,Density Estimation for Statistics and Data Analysis,Density Estimation for Statistics and Data Analysis,2018,name:без журнала,Без журнала,15906
publication:W1533200881,publication,W1533200881,Distinction: A Social Critique of the Judgement of Taste*,Distinction: A Social Critique of the Judgement of Taste*,2018,name:food and culture,Food and Culture,20376
publication:W2951912016,publication,W2951912016,fastp: an ultra-fast all-in-one FASTQ preprocessor,fastp: an ultra-fast all-in-one FASTQ preprocessor,2018,S52395412,Bioinformatics,28345
publication:W2889646458,publication,W2889646458,Global cancer statistics 2018: GLOBOCAN estimates of incidence and mortality worldwide for 36 cancers in 185 countries,Global cancer statistics 2018: GLOBOCAN estimates of incidence and mortality worldwide for 36 cancers in 185 countries,2018,S126094547,CA A Cancer Journal for Clinicians,87424
publication:W2799524357,publication,W2799524357,MEGA X: Molecular Evolutionary Genetics Analysis across Computing Platforms,MEGA X: Molecular Evolutionary Genetics Analysis across Computing Platforms,2018,S57552105,Molecular Biology and Evolution,38149
publication:W2789843538,publication,W2789843538,Minimap2: pairwise alignment for nucleotide sequences,Minimap2: pairwise alignment for nucleotide sequences,2018,S52395412,Bioinformatics,16239
publication:W2963163009,publication,W2963163009,MobileNetV2: Inverted Residuals and Linear Bottlenecks,MobileNetV2: Inverted Residuals and Linear Bottlenecks,2018,name:2018 ieee/cvf conference on computer vision and pattern recognition,2018 IEEE/CVF Conference on Computer Vision and Pattern Recognition,24712
publication:W2124192278,publication,W2124192278,Numerical Heat Transfer and Fluid Flow,Numerical Heat Transfer and Fluid Flow,2018,name:без журнала,Без журнала,23343
publication:W2891378911,publication,W2891378911,PRISMA Extension for Scoping Reviews (PRISMA-ScR): Checklist and Explanation,PRISMA Extension for Scoping Reviews (PRISMA-ScR): Checklist and Explanation,2018,S119722071,Annals of Internal Medicine,38299
publication:W2752782242,publication,W2752782242,Squeeze-and-Excitation Networks,Squeeze-and-Excitation Networks,2018,name:2018 ieee/cvf conference on computer vision and pattern recognition,2018 IEEE/CVF Conference on Computer Vision and Pattern Recognition,27521
publication:W2900569176,publication,W2900569176,"STRING v11: protein–protein association networks with increased coverage, supporting functional discovery in genome-wide experimental datasets","STRING v11: protein–protein association networks with increased coverage, supporting functional discovery in genome-wide experimental datasets",2018,S134668137,Nucleic Acids Research,18929
publication:W2412247133,publication,W2412247133,Transforming Our World: The 2030 Agenda for Sustainable Development,Transforming Our World: The 2030 Agenda for Sustainable Development,2018,name:a new era in global health,A New Era in Global Health,19553
publication:W2905811773,publication,W2905811773,When to use and how to report the results of PLS-SEM,When to use and how to report the results of PLS-SEM,2018,S94775995,European Business Review,22682
publication:W2774486220,publication,W2774486220,<b>lmerTest</b> Package: Tests in Linear Mixed Effects Models,<b>lmerTest</b> Package: Tests in Linear Mixed Effects Models,2017,S167961193,Journal of Statistical Software,22634
publication:W1966114254,publication,W1966114254,A Theory of Cognitive Dissonance,A Theory of Cognitive Dissonance,2017,S4306488689,Macat Library eBooks,18344
publication:W2041902442,publication,W2041902442,Computer Simulation of Liquids,Computer Simulation of Liquids,2017,name:без журнала,Без журнала,20875
publication:W2412782625,publication,W2412782625,"DeepLab: Semantic Image Segmentation with Deep Convolutional Nets, Atrous Convolution, and Fully Connected CRFs","DeepLab: Semantic Image Segmentation with Deep Convolutional Nets, Atrous Convolution, and Fully Connected CRFs",2017,S199944782,IEEE Transactions on Pattern Analysis and Machine Intelligence,21743
publication:W2963446712,publication,W2963446712,Densely Connected Convolutional Networks,Densely Connected Convolutional Networks,2017,name:2017 ieee conference on computer vision and pattern recognition (cvpr),2017 IEEE Conference on Computer Vision and Pattern Recognition (CVPR),43912
publication:W2249595199,publication,W2249595199,Discovering Statistics Using Ibm Spss Statistics,Discovering Statistics Using Ibm Spss Statistics,2017,name:без журнала,Без журнала,16559
publication:W2565639579,publication,W2565639579,Feature Pyramid Networks for Object Detection,Feature Pyramid Networks for Object Detection,2017,name:2017 ieee conference on computer vision and pattern recognition (cvpr),2017 IEEE Conference on Computer Vision and Pattern Recognition (CVPR),28144
publication:W2963351448,publication,W2963351448,Focal Loss for Dense Object Detection,Focal Loss for Dense Object Detection,2017,name:2017 ieee international conference on computer vision (iccv),2017 IEEE International Conference on Computer Vision (ICCV),24929
publication:W2099471712,publication,W2099471712,GAN（Generative Adversarial Nets）,GAN（Generative Adversarial Nets）,2017,S19366293,Journal of Japan Society for Fuzzy Theory and Intelligent Informatics,21792
publication:W2962858109,publication,W2962858109,Grad-CAM: Visual Explanations from Deep Networks via Gradient-Based Localization,Grad-CAM: Visual Explanations from Deep Networks via Gradient-Based Localization,2017,name:2017 ieee international conference on computer vision (iccv),2017 IEEE International Conference on Computer Vision (ICCV),20676
publication:W2163605009,publication,W2163605009,ImageNet classification with deep convolutional neural networks,ImageNet classification with deep convolutional neural networks,2017,S103482838,Communications of the ACM,75671
publication:W2607031541,publication,W2607031541,"Magnesium Replacement Improves the Metabolic Profile in Obese and Pre-Diabetic Patients with Mild-to-Moderate Chronic Kidney Disease: A 3-Month, Randomised, Double-Blind, Placebo-Controlled Study","Magnesium Replacement Improves the Metabolic Profile in Obese and Pre-Diabetic Patients with Mild-to-Moderate Chronic Kidney Disease: A 3-Month, Randomised, Double-Blind, Placebo-Controlled Study",2017,S167815962,Kidney & Blood Pressure Research,29696
publication:W2963150697,publication,W2963150697,Mask R-CNN,Mask R-CNN,2017,name:2017 ieee international conference on computer vision (iccv),2017 IEEE International Conference on Computer Vision (ICCV),28314
publication:W2614081736,publication,W2614081736,ModelFinder: fast model selection for accurate phylogenetic estimates,ModelFinder: fast model selection for accurate phylogenetic estimates,2017,S127827428,Nature Methods,18103
publication:W2737217596,publication,W2737217596,"Production, use, and fate of all plastics ever made","Production, use, and fate of all plastics ever made",2017,S2737427234,Science Advances,16954
publication:W2971035958,publication,W2971035958,Qualitative Inquiry and Research Design : Choosing Among Five Approaches,Qualitative Inquiry and Research Design : Choosing Among Five Approaches,2017,name:без журнала,Без журнала,16098
publication:W2580767461,publication,W2580767461,Ror2 signaling regulates Golgi structure and transport through IFT20 for tumor invasiveness,Ror2 signaling regulates Golgi structure and transport through IFT20 for tumor invasiveness,2017,S196734849,Scientific Reports,16087
publication:W2593436234,publication,W2593436234,"SwissADME: a free web tool to evaluate pharmacokinetics, drug-likeness and medicinal chemistry friendliness of small molecules","SwissADME: a free web tool to evaluate pharmacokinetics, drug-likeness and medicinal chemistry friendliness of small molecules",2017,S196734849,Scientific Reports,16401
publication:W1515587369,publication,W1515587369,The Discovery of Grounded Theory,The Discovery of Grounded Theory,2017,name:без журнала,Без журнала,23565
publication:W2118882740,publication,W2118882740,The Interpretation of Cultures,The Interpretation of Cultures,2017,S4306488689,Macat Library eBooks,16558
publication:W2588681363,publication,W2588681363,The “Golden Age” of Probiotics: A Systematic Review and Meta-Analysis of Randomized and Observational Studies in Preterm Infants,The “Golden Age” of Probiotics: A Systematic Review and Meta-Analysis of Randomized and Observational Studies in Preterm Infants,2017,S168252155,Neonatology,24489
publication:W2962793481,publication,W2962793481,Unpaired Image-to-Image Translation Using Cycle-Consistent Adversarial Networks,Unpaired Image-to-Image Translation Using Cycle-Consistent Adversarial Networks,2017,name:2017 ieee international conference on computer vision (iccv),2017 IEEE International Conference on Computer Vision (ICCV),21574
publication:W2614464134,publication,W2614464134,WorldClim 2: new 1‐km spatial resolution climate surfaces for global land areas,WorldClim 2: new 1‐km spatial resolution climate surfaces for global land areas,2017,S32061424,International Journal of Climatology,16185
publication:W2531409750,publication,W2531409750,Xception: Deep Learning with Depthwise Separable Convolutions,Xception: Deep Learning with Depthwise Separable Convolutions,2017,name:2017 ieee conference on computer vision and pattern recognition (cvpr),2017 IEEE Conference on Computer Vision and Pattern Recognition (CVPR),18558
publication:W2570343428,publication,W2570343428,"YOLO9000: Better, Faster, Stronger","YOLO9000: Better, Faster, Stronger",2017,name:2017 ieee conference on computer vision and pattern recognition (cvpr),2017 IEEE Conference on Computer Vision and Pattern Recognition (CVPR),18772
publication:W2327037637,publication,W2327037637,A Guideline of Selecting and Reporting Intraclass Correlation Coefficients for Reliability Research,A Guideline of Selecting and Reporting Intraclass Correlation Coefficients for Reliability Research,2016,S67905653,Journal of Chiropractic Medicine,26502
publication:W2502134830,publication,W2502134830,AJCC Cancer Staging Manual,AJCC Cancer Staging Manual,2016,name:без журнала,Без журнала,17404
publication:W1485283179,publication,W1485283179,Binary Alloy Phase Diagrams,Binary Alloy Phase Diagrams,2016,S4306462866,ASM International eBooks,16142
publication:W2272984102,publication,W2272984102,"Cancer statistics in China, 2015","Cancer statistics in China, 2015",2016,S126094547,CA A Cancer Journal for Clinicians,17946
publication:W2235523093,publication,W2235523093,"Cancer statistics, 2016","Cancer statistics, 2016",2016,S126094547,CA A Cancer Journal for Clinicians,16138
publication:W2401404581,publication,W2401404581,DADA2: High-resolution sample inference from Illumina amplicon data,DADA2: High-resolution sample inference from Illumina amplicon data,2016,S127827428,Nature Methods,35133
publication:W2194775991,publication,W2194775991,Deep Residual Learning for Image Recognition,Deep Residual Learning for Image Recognition,2016,name:2016 ieee conference on computer vision and pattern recognition (cvpr),2016 IEEE Conference on Computer Vision and Pattern Recognition (CVPR),218090
publication:W639708223,publication,W639708223,Faster R-CNN: Towards Real-Time Object Detection with Region Proposal Networks,Faster R-CNN: Towards Real-Time Object Detection with Region Proposal Networks,2016,S199944782,IEEE Transactions on Pattern Analysis and Machine Intelligence,53220
publication:W4254687493,publication,W4254687493,ggplot2,ggplot2,2016,S4210197309,Use R!,31537
publication:W2257979135,publication,W2257979135,Mastering the game of Go with deep neural networks and tree search,Mastering the game of Go with deep neural networks and tree search,2016,S137773608,Nature,15638
publication:W2311203695,publication,W2311203695,MEGA7: Molecular Evolutionary Genetics Analysis Version 7.0 for Bigger Datasets,MEGA7: Molecular Evolutionary Genetics Analysis Version 7.0 for Bigger Datasets,2016,S57552105,Molecular Biology and Evolution,45246
publication:W2567289819,publication,W2567289819,null,null,2016,S2764821508,Philosophy study,28320
publication:W2560367415,publication,W2560367415,PD-1 and PD-L1 Immune Checkpoint Blockade to Treat Breast Cancer,PD-1 and PD-L1 Immune Checkpoint Blockade to Treat Breast Cancer,2016,S9986330,Breast Care,30917
publication:W2560438049,publication,W2560438049,Rayyan—a web and mobile app for systematic reviews,Rayyan—a web and mobile app for systematic reviews,2016,S82452678,Systematic Reviews,23489
publication:W2183341477,publication,W2183341477,Rethinking the Inception Architecture for Computer Vision,Rethinking the Inception Architecture for Computer Vision,2016,name:2016 ieee conference on computer vision and pattern recognition (cvpr),2016 IEEE Conference on Computer Vision and Pattern Recognition (CVPR),30532
publication:W2531269403,publication,W2531269403,ROBINS-I: a tool for assessing risk of bias in non-randomised studies of interventions,ROBINS-I: a tool for assessing risk of bias in non-randomised studies of interventions,2016,S4393917726,BMJ,18270
publication:W3106250896,publication,W3106250896,SSD: Single Shot MultiBox Detector,SSD: Single Shot MultiBox Detector,2016,name:http://www.cs.unc.edu/%7ewliu/papers/ssd.pdf,http://www.cs.unc.edu/%7Ewliu/papers/ssd.pdf,30527
publication:W2193145675,publication,W2193145675,SSD: Single Shot MultiBox Detector,SSD: Single Shot MultiBox Detector,2016,S106296714,Lecture notes in computer science,20466
publication:W2366536035,publication,W2366536035,The 2016 World Health Organization Classification of Tumors of the Central Nervous System: a summary,The 2016 World Health Organization Classification of Tumors of the Central Nervous System: a summary,2016,S198620474,Acta Neuropathologica,15781
publication:W2302501749,publication,W2302501749,The FAIR Guiding Principles for scientific data management and stewardship,The FAIR Guiding Principles for scientific data management and stewardship,2016,S2607323502,Scientific Data,17160
publication:W2280404143,publication,W2280404143,The Third International Consensus Definitions for Sepsis and Septic Shock (Sepsis-3),The Third International Consensus Definitions for Sepsis and Septic Shock (Sepsis-3),2016,S172573765,JAMA,27215
publication:W2295598076,publication,W2295598076,XGBoost,XGBoost,2016,name:proceedings of the 22nd acm sigkdd international conference on knowledge discovery and data mining,Proceedings of the 22nd ACM SIGKDD International Conference on Knowledge Discovery and Data Mining,46136
publication:W2145150141,publication,W2145150141,2015 American Thyroid Association Management Guidelines for Adult Patients with Thyroid Nodules and Differentiated Thyroid Cancer: The American Thyroid Association Guidelines Task Force on Thyroid Nodules and Differentiated Thyroid Cancer,2015 American Thyroid Association Management Guidelines for Adult Patients with Thyroid Nodules and Differentiated Thyroid Cancer: The American Thyroid Association Guidelines Task Force on Thyroid Nodules and Differentiated Thyroid Cancer,2015,S27569427,Thyroid,16188
publication:W2104549677,publication,W2104549677,A global reference for human genetic variation,A global reference for human genetic variation,2015,S137773608,Nature,19664
publication:W2000380427,publication,W2000380427,A primer on partial least squares structural equation modeling (PLS-SEM),A primer on partial least squares structural equation modeling (PLS-SEM),2015,S114106686,International Journal of Research & Method in Education,18980
publication:W2919115771,publication,W2919115771,Deep learning,Deep learning,2015,S137773608,Nature,79802
publication:W1677182931,publication,W1677182931,Delving Deep into Rectifiers: Surpassing Human-Level Performance on ImageNet Classification,Delving Deep into Rectifiers: Surpassing Human-Level Performance on ImageNet Classification,2015,name:2015 ieee international conference on computer vision (iccv),2015 IEEE International Conference on Computer Vision (ICCV),18605
publication:W1536680647,publication,W1536680647,Fast R-CNN,Fast R-CNN,2015,name:2015 ieee international conference on computer vision (iccv),2015 IEEE International Conference on Computer Vision (ICCV),27537
publication:W1951724000,publication,W1951724000,Fitting Linear Mixed-Effects Models Using <b>lme4</b>,Fitting Linear Mixed-Effects Models Using <b>lme4</b>,2015,S167961193,Journal of Statistical Software,83351
publication:W1903029394,publication,W1903029394,Fully convolutional networks for semantic segmentation,Fully convolutional networks for semantic segmentation,2015,name:2015 ieee conference on computer vision and pattern recognition (cvpr),2015 IEEE Conference on Computer Vision and Pattern Recognition (CVPR),36526
publication:W2917837889,publication,W2917837889,"Global cancer statistics, 2012","Global cancer statistics, 2012",2015,S126094547,CA A Cancer Journal for Clinicians,27328
publication:W2097117768,publication,W2097117768,Going deeper with convolutions,Going deeper with convolutions,2015,name:2015 ieee conference on computer vision and pattern recognition (cvpr),2015 IEEE Conference on Computer Vision and Pattern Recognition (CVPR),46492
publication:W1031578623,publication,W1031578623,GROMACS: High performance molecular simulations through multi-level parallelism from laptops to supercomputers,GROMACS: High performance molecular simulations through multi-level parallelism from laptops to supercomputers,2015,S2506067282,SoftwareX,25876
publication:W2102278945,publication,W2102278945,HISAT: a fast spliced aligner with low memory requirements,HISAT: a fast spliced aligner with low memory requirements,2015,S127827428,Nature Methods,25624
publication:W2145339207,publication,W2145339207,Human-level control through deep reinforcement learning,Human-level control through deep reinforcement learning,2015,S137773608,Nature,29352
publication:W2117539524,publication,W2117539524,ImageNet Large Scale Visual Recognition Challenge,ImageNet Large Scale Visual Recognition Challenge,2015,S25538012,International Journal of Computer Vision,39818
publication:W2146512944,publication,W2146512944,limma powers differential expression analyses for RNA-sequencing and microarray studies,limma powers differential expression analyses for RNA-sequencing and microarray studies,2015,S134668137,Nucleic Acids Research,42138
publication:W2167311298,publication,W2167311298,Older Adults' Reasons for Using Technology while Aging in Place,Older Adults' Reasons for Using Technology while Aging in Place,2015,S190989491,Gerontology,19737
publication:W843007777,publication,W843007777,"Physisorption of gases, with special reference to the evaluation of surface area and pore size distribution (IUPAC Technical Report)","Physisorption of gases, with special reference to the evaluation of surface area and pore size distribution (IUPAC Technical Report)",2015,S142816121,Pure and Applied Chemistry,19062
publication:W2161374186,publication,W2161374186,Preferred reporting items for systematic review and meta-analysis protocols (PRISMA-P) 2015 statement,Preferred reporting items for systematic review and meta-analysis protocols (PRISMA-P) 2015 statement,2015,S82452678,Systematic Reviews,26134
publication:W2149868499,publication,W2149868499,Qualitative Inquiry and Research Design: Choosing Among Five Approaches,Qualitative Inquiry and Research Design: Choosing Among Five Approaches,2015,S176903982,Health Promotion Practice,22251
publication:W2124624517,publication,W2124624517,Recommendations for Cardiac Chamber Quantification by Echocardiography in Adults: An Update from the American Society of Echocardiography and the European Association of Cardiovascular Imaging,Recommendations for Cardiac Chamber Quantification by Echocardiography in Adults: An Update from the American Society of Echocardiography and the European Association of Cardiovascular Imaging,2015,S185321339,Journal of the American Society of Echocardiography,17783
publication:W1523693806,publication,W1523693806,Repertoires of Autophagy in the Pathogenesis of Ocular Diseases,Repertoires of Autophagy in the Pathogenesis of Ocular Diseases,2015,S161399637,Cellular Physiology and Biochemistry,16339
publication:W2051978340,publication,W2051978340,Standards and guidelines for the interpretation of sequence variants: a joint consensus recommendation of the American College of Medical Genetics and Genomics and the Association for Molecular Pathology,Standards and guidelines for the interpretation of sequence variants: a joint consensus recommendation of the American College of Medical Genetics and Genomics and the Association for Molecular Pathology,2015,S187186932,Genetics in Medicine,31402
publication:W246286872,publication,W246286872,The Effect of Riding as an Alternative Treatment for Children with Cerebral Palsy: A Systematic Review and Meta-Analysis,The Effect of Riding as an Alternative Treatment for Children with Cerebral Palsy: A Systematic Review and Meta-Analysis,2015,S4210208459,Integrative Medicine International,18696
publication:W2012034410,publication,W2012034410,Tissue-based map of the human proteome,Tissue-based map of the human proteome,2015,S3880285,Science,15641
publication:W1901129140,publication,W1901129140,U-Net: Convolutional Networks for Biomedical Image Segmentation,U-Net: Convolutional Networks for Biomedical Image Segmentation,2015,S106296714,Lecture notes in computer science,86935
publication:W2132454074,publication,W2132454074,<i>SHELXT</i>– Integrated space-group and crystal-structure determination,<i>SHELXT</i>– Integrated space-group and crystal-structure determination,2014,S4393918093,Acta Crystallographica Section A Foundations and Advances,27924
publication:W2105846236,publication,W2105846236,A new criterion for assessing discriminant validity in variance-based structural equation modeling,A new criterion for assessing discriminant validity in variance-based structural equation modeling,2014,S92522684,Journal of the Academy of Marketing Science,31898
publication:W2159401492,publication,W2159401492,Applied Multiple Regression/Correlation Analysis for the Behavioral Sciences,Applied Multiple Regression/Correlation Analysis for the Behavioral Sciences,2014,S4306463811,Psychology Press eBooks,20870
publication:W1757407923,publication,W1757407923,"Cancer incidence and mortality worldwide: Sources, methods and major patterns in GLOBOCAN 2012","Cancer incidence and mortality worldwide: Sources, methods and major patterns in GLOBOCAN 2012",2014,S5382288,International Journal of Cancer,28980
publication:W2132905138,publication,W2132905138,CRC Handbook of Chemistry and Physics,CRC Handbook of Chemistry and Physics,2014,name:без журнала,Без журнала,57802
publication:W1969360633,publication,W1969360633,Crystal structure refinement with<i>SHELXL</i>,Crystal structure refinement with<i>SHELXL</i>,2014,S4393918092,Acta Crystallographica Section C Structural Chemistry,41698
publication:W2076063813,publication,W2076063813,Deep learning in neural networks: An overview,Deep learning in neural networks: An overview,2014,S123019304,Neural Networks,17855
publication:W2095705004,publication,W2095705004,Dropout: a simple way to prevent neural networks from overfitting,Dropout: a simple way to prevent neural networks from overfitting,2014,name:http://www.cs.toronto.edu/%7ersalakhu/papers/srivastava14a.pdf,http://www.cs.toronto.edu/%7Ersalakhu/papers/srivastava14a.pdf,34244
publication:W2250539671,publication,W2250539671,Glove: Global Vectors for Word Representation,Glove: Global Vectors for Word Representation,2014,name:proceedings of the 2014 conference on empirical methods in natural language processing (emnlp),Proceedings of the 2014 Conference on Empirical Methods in Natural Language Processing (EMNLP),33457
publication:W2061438946,publication,W2061438946,Grey Wolf Optimizer,Grey Wolf Optimizer,2014,S16540516,Advances in Engineering Software,17918
publication:W2134526812,publication,W2134526812,HTSeq—a Python framework to work with high-throughput sequencing data,HTSeq—a Python framework to work with high-throughput sequencing data,2014,S52395412,Bioinformatics,22437
publication:W2111647009,publication,W2111647009,IQ-TREE: A Fast and Effective Stochastic Algorithm for Estimating Maximum-Likelihood Phylogenies,IQ-TREE: A Fast and Effective Stochastic Algorithm for Estimating Maximum-Likelihood Phylogenies,2014,S57552105,Molecular Biology and Evolution,26893
publication:W2157331557,publication,W2157331557,Learning Phrase Representations using RNN Encoder–Decoder for Statistical Machine Translation,Learning Phrase Representations using RNN Encoder–Decoder for Statistical Machine Translation,2014,name:proceedings of the 2014 conference on empirical methods in natural language processing (emnlp),Proceedings of the 2014 Conference on Empirical Methods in Natural Language Processing (EMNLP),24073
publication:W1861492603,publication,W1861492603,Microsoft COCO: Common Objects in Context,Microsoft COCO: Common Objects in Context,2014,S106296714,Lecture notes in computer science,41455
publication:W2179438025,publication,W2179438025,Moderated estimation of fold change and dispersion for RNA-seq data with DESeq2,Moderated estimation of fold change and dispersion for RNA-seq data with DESeq2,2014,S81160022,Genome biology,97904
publication:W2096093282,publication,W2096093282,Prokka: rapid prokaryotic genome annotation,Prokka: rapid prokaryotic genome annotation,2014,S52395412,Bioinformatics,19068
publication:W377384883,publication,W377384883,Qualitative data analysis a methods sourcebook,Qualitative data analysis a methods sourcebook,2014,name:без журнала,Без журнала,19881
publication:W2141052558,publication,W2141052558,RAxML version 8: a tool for phylogenetic analysis and post-analysis of large phylogenies,RAxML version 8: a tool for phylogenetic analysis and post-analysis of large phylogenies,2014,S52395412,Bioinformatics,33930
publication:W2102605133,publication,W2102605133,Rich Feature Hierarchies for Accurate Object Detection and Semantic Segmentation,Rich Feature Hierarchies for Accurate Object Detection and Semantic Segmentation,2014,name:2014 ieee conference on computer vision and pattern recognition,2014 IEEE Conference on Computer Vision and Pattern Recognition,31453
publication:W2008854521,publication,W2008854521,Sensitivity and False Alarm Rate of a Fall Sensor in Long-Term Fall Detection in the Elderly,Sensitivity and False Alarm Rate of a Fall Sensor in Long-Term Fall Detection in the Elderly,2014,S190989491,Gerontology,18958
publication:W4300009529,publication,W4300009529,Summary for Policymakers,Summary for Policymakers,2014,S4306462995,Cambridge University Press eBooks,23920
publication:W2612891587,publication,W2612891587,The Newcastle-Ottawa Scale (NOS) for Assessing the Quality of Nonrandomised Studies in Meta-Analyses,The Newcastle-Ottawa Scale (NOS) for Assessing the Quality of Nonrandomised Studies in Meta-Analyses,2014,S4210197683,Medical Entomology and Zoology,17872
publication:W2131271579,publication,W2131271579,Trimmomatic: a flexible trimmer for Illumina sequence data,Trimmomatic: a flexible trimmer for Illumina sequence data,2014,S52395412,Bioinformatics,68361
publication:W4247665917,publication,W4247665917,Diagnostic and Statistical Manual of Mental Disorders,Diagnostic and Statistical Manual of Mental Disorders,2013,S4306462815,American Psychiatric Association eBooks,112302
publication:W2138207763,publication,W2138207763,featureCounts: an efficient general purpose program for assigning sequence reads to genomic features,featureCounts: an efficient general purpose program for assigning sequence reads to genomic features,2013,S52395412,Bioinformatics,28365
publication:W2159707944,publication,W2159707944,GSVA: gene set variation analysis for microarray and RNA-Seq data,GSVA: gene set variation analysis for microarray and RNA-Seq data,2013,S19032547,BMC Bioinformatics,16094
publication:W2114843025,publication,W2114843025,Integrative Analysis of Complex Cancer Genomics and Clinical Profiles Using the cBioPortal,Integrative Analysis of Complex Cancer Genomics and Clinical Profiles Using the cBioPortal,2013,S155937366,Science Signaling,15771
publication:W1849190772,publication,W1849190772,"Introduction to Mediation, Moderation, and Conditional Process Analysis: A Regression-Based Approach","Introduction to Mediation, Moderation, and Conditional Process Analysis: A Regression-Based Approach",2013,name:без журнала,Без журнала,45130
publication:W2160378127,publication,W2160378127,MAFFT Multiple Sequence Alignment Software Version 7: Improvements in Performance and Usability,MAFFT Multiple Sequence Alignment Software Version 7: Improvements in Performance and Usability,2013,S57552105,Molecular Biology and Evolution,47156
publication:W2152207030,publication,W2152207030,MEGA6: Molecular Evolutionary Genetics Analysis Version 6.0,MEGA6: Molecular Evolutionary Genetics Analysis Version 6.0,2013,S57552105,Molecular Biology and Evolution,47758
publication:W2064815984,publication,W2064815984,Multiplex Genome Engineering Using CRISPR/Cas Systems,Multiplex Genome Engineering Using CRISPR/Cas Systems,2013,S3880285,Science,15580
publication:W2056279562,publication,W2056279562,phyloseq: An R Package for Reproducible Interactive Analysis and Graphics of Microbiome Census Data,phyloseq: An R Package for Reproducible Interactive Analysis and Graphics of Microbiome Census Data,2013,S202381698,PLoS ONE,21950
publication:W2018289835,publication,W2018289835,"Short-Term Effects of Nose-Only Cigarette Smoke Exposure on Glutathione Redox Homeostasis, Cytochrome P450 1A1/2 and Respiratory Enzyme Activities in Mice Tissues","Short-Term Effects of Nose-Only Cigarette Smoke Exposure on Glutathione Redox Homeostasis, Cytochrome P450 1A1/2 and Respiratory Enzyme Activities in Mice Tissues",2013,S161399637,Cellular Physiology and Biochemistry,47289
publication:W2148080316,publication,W2148080316,"Special Care Units and Traditional Care in Dementia: Relationship with Behavior, Cognition, Functional Status and Quality of Life - A Review","Special Care Units and Traditional Care in Dementia: Relationship with Behavior, Cognition, Functional Status and Quality of Life - A Review",2013,S2764877394,Dementia and Geriatric Cognitive Disorders Extra,20659
publication:W4299627282,publication,W4299627282,Statistical Power Analysis for the Behavioral Sciences,Statistical Power Analysis for the Behavioral Sciences,2013,name:без журнала,Без журнала,22788
publication:W1530155851,publication,W1530155851,Stress: Appraisal and Coping,Stress: Appraisal and Coping,2013,name:encyclopedia of behavioral medicine,Encyclopedia of Behavioral Medicine,27759
publication:W2141939342,publication,W2141939342,The Chemistry and Applications of Metal-Organic Frameworks,The Chemistry and Applications of Metal-Organic Frameworks,2013,S3880285,Science,16201
publication:W1554944419,publication,W1554944419,"The Elements of Statistical Learning: Data Mining, Inference, and Prediction","The Elements of Statistical Learning: Data Mining, Inference, and Prediction",2013,name:http://www-stat.stanford.edu/~hastie/papers/eslii.pdf,http://www-stat.stanford.edu/~hastie/Papers/ESLII.pdf,19404
publication:W2088833470,publication,W2088833470,UPARSE: highly accurate OTU sequences from microbial amplicon reads,UPARSE: highly accurate OTU sequences from microbial amplicon reads,2013,S127827428,Nature Methods,17056
publication:W4292528167,publication,W4292528167,World Medical Association Declaration of Helsinki,World Medical Association Declaration of Helsinki,2013,S172573765,JAMA,28322
publication:W1913957972,publication,W1913957972,<b>lavaan</b>: An<i>R</i>Package for Structural Equation Modeling,<b>lavaan</b>: An<i>R</i>Package for Structural Equation Modeling,2012,S167961193,Journal of Statistical Software,24585
publication:W2045435533,publication,W2045435533,A Programmable Dual-RNA–Guided DNA Endonuclease in Adaptive Bacterial Immunity,A Programmable Dual-RNA–Guided DNA Endonuclease in Adaptive Bacterial Immunity,2012,S3880285,Science,17014
publication:W2259938310,publication,W2259938310,An integrated encyclopedia of DNA elements in the human genome,An integrated encyclopedia of DNA elements in the human genome,2012,S137773608,Nature,19222
publication:W2035618305,publication,W2035618305,clusterProfiler: an R Package for Comparing Biological Themes Among Gene Clusters,clusterProfiler: an R Package for Comparing Biological Themes Among Gene Clusters,2012,S116972989,OMICS A Journal of Integrative Biology,37299
publication:W2140190241,publication,W2140190241,Data mining: concepts and techniques,Data mining: concepts and techniques,2012,S2764375719,Choice Reviews Online,28872
publication:W2115786064,publication,W2115786064,Electronics and optoelectronics of two-dimensional transition metal dichalcogenides,Electronics and optoelectronics of two-dimensional transition metal dichalcogenides,2012,S7822423,Nature Nanotechnology,15935
publication:W2170551349,publication,W2170551349,Fast gapped-read alignment with Bowtie 2,Fast gapped-read alignment with Bowtie 2,2012,S127827428,Nature Methods,60058
publication:W1997183854,publication,W1997183854,Ferroptosis: An Iron-Dependent Form of Nonapoptotic Cell Death,Ferroptosis: An Iron-Dependent Form of Nonapoptotic Cell Death,2012,S110447773,Cell,17493
publication:W2167279371,publication,W2167279371,Fiji: an open-source platform for biological-image analysis,Fiji: an open-source platform for biological-image analysis,2012,S127827428,Nature Methods,69355
publication:W2128880918,publication,W2128880918,Geneious Basic: An integrated and extendable desktop software platform for the organization and analysis of sequence data,Geneious Basic: An integrated and extendable desktop software platform for the organization and analysis of sequence data,2012,S52395412,Bioinformatics,20573
publication:W2127951128,publication,W2127951128,"Global Strategy for the Diagnosis, Management, and Prevention of Chronic Obstructive Pulmonary Disease","Global Strategy for the Diagnosis, Management, and Prevention of Chronic Obstructive Pulmonary Disease",2012,S93356601,American Journal of Respiratory and Critical Care Medicine,16076
publication:W4294214983,publication,W4294214983,Interrater reliability: the kappa statistic,Interrater reliability: the kappa statistic,2012,S185467459,Biochemia Medica,18121
publication:W2121960517,publication,W2121960517,Investigation of the freely available easy-to-use software ‘EZR’ for medical statistics,Investigation of the freely available easy-to-use software ‘EZR’ for medical statistics,2012,S183182149,Bone Marrow Transplantation,18342
publication:W1969042907,publication,W1969042907,"jModelTest 2: more models, new heuristics and parallel computing","jModelTest 2: more models, new heuristics and parallel computing",2012,S127827428,Nature Methods,16851
publication:W2798909945,publication,W2798909945,Matrix Computations,Matrix Computations,2012,S4306463499,Johns Hopkins University Press eBooks,30421
publication:W2148698435,publication,W2148698435,MrBayes 3.2: Efficient Bayesian Phylogenetic Inference and Model Choice Across a Large Model Space,MrBayes 3.2: Efficient Bayesian Phylogenetic Inference and Model Choice Across a Large Model Space,2012,S65478581,Systematic Biology,27504
publication:W2099540110,publication,W2099540110,NIH Image to ImageJ: 25 years of image analysis,NIH Image to ImageJ: 25 years of image analysis,2012,S127827428,Nature Methods,64005
publication:W2799061466,publication,W2799061466,Pattern Classification,Pattern Classification,2012,name:encyclopedia of the sciences of learning,Encyclopedia of the Sciences of Learning,19520
publication:W2118338381,publication,W2118338381,Principles and Practice of Structural Equation Modeling,Principles and Practice of Structural Equation Modeling,2012,S4210189559,Canadian Graduate Journal of Sociology and Criminology,26064
publication:W2120902911,publication,W2120902911,SPAdes: A New Genome Assembly Algorithm and Its Applications to Single-Cell Sequencing,SPAdes: A New Genome Assembly Algorithm and Its Applications to Single-Cell Sequencing,2012,S78571599,Journal of Computational Biology,26706
publication:W2169456326,publication,W2169456326,STAR: ultrafast universal RNA-seq aligner,STAR: ultrafast universal RNA-seq aligner,2012,S52395412,Bioinformatics,55050
publication:W2149441684,publication,W2149441684,The cBio Cancer Genomics Portal: An Open Platform for Exploring Multidimensional Cancer Genomics Data,The cBio Cancer Genomics Portal: An Open Platform for Exploring Multidimensional Cancer Genomics Data,2012,S2486275289,Cancer Discovery,18201
publication:W2034285706,publication,W2034285706,The SILVA ribosomal RNA gene database project: improved data processing and web-based tools,The SILVA ribosomal RNA gene database project: improved data processing and web-based tools,2012,S134668137,Nucleic Acids Research,33268
publication:W2028056984,publication,W2028056984,"<i>VESTA 3</i> for three-dimensional visualization of crystal, volumetric and morphology data","<i>VESTA 3</i> for three-dimensional visualization of crystal, volumetric and morphology data",2011,S79162954,Journal of Applied Crystallography,24439
publication:W2133766618,publication,W2133766618,Case study research: design and methods,Case study research: design and methods,2011,S17192686,Evaluation & Research in Education,21948
publication:W2036897871,publication,W2036897871,Cutadapt removes adapter sequences from high-throughput sequencing reads,Cutadapt removes adapter sequences from high-throughput sequencing reads,2011,S2914327366,EMBnet journal,35041
publication:W1570448133,publication,W1570448133,Data Mining: Practical Machine Learning Tools and Techniques,Data Mining: Practical Machine Learning Tools and Techniques,2011,S4306463230,Elsevier eBooks,25709
publication:W4292363360,publication,W4292363360,Distributed Optimization and Statistical Learning via the Alternating Direction Method of Multipliers,Distributed Optimization and Statistical Learning via the Alternating Direction Method of Multipliers,2011,S4210188176,Foundations and Trends® in Machine Learning,15788
publication:W2096747776,publication,W2096747776,Effect of the damping function in dispersion corrected density functional theory,Effect of the damping function in dispersion corrected density functional theory,2011,S21117631,Journal of Computational Chemistry,26197
publication:W2127322768,publication,W2127322768,"Fast, scalable generation of high‐quality protein multiple sequence alignments using Clustal Omega","Fast, scalable generation of high‐quality protein multiple sequence alignments using Clustal Omega",2011,S200893805,Molecular Systems Biology,16072
publication:W2126419817,publication,W2126419817,Full-length transcriptome assembly from RNA-Seq data without a reference genome,Full-length transcriptome assembly from RNA-Seq data without a reference genome,2011,S106963461,Nature Biotechnology,22425
publication:W2106787323,publication,W2106787323,Global cancer statistics,Global cancer statistics,2011,S126094547,CA A Cancer Journal for Clinicians,55016
publication:W2955504961,publication,W2955504961,Guide for the Care and Use of Laboratory Animals,Guide for the Care and Use of Laboratory Animals,2011,S4306463641,National Academies Press eBooks,16234
publication:W2117692326,publication,W2117692326,Hallmarks of Cancer: The Next Generation,Hallmarks of Cancer: The Next Generation,2011,S110447773,Cell,65876
publication:W2021341670,publication,W2021341670,Integrative genomics viewer,Integrative genomics viewer,2011,S106963461,Nature Biotechnology,16286
publication:W2124614417,publication,W2124614417,Intermolecular and Surface Forces,Intermolecular and Surface Forces,2011,S4306463230,Elsevier eBooks,17033
publication:W2153635508,publication,W2153635508,LIBSVM,LIBSVM,2011,S2492086750,ACM Transactions on Intelligent Systems and Technology,41246
publication:W2132632499,publication,W2132632499,"MEGA5: Molecular Evolutionary Genetics Analysis Using Maximum Likelihood, Evolutionary Distance, and Maximum Parsimony Methods","MEGA5: Molecular Evolutionary Genetics Analysis Using Maximum Likelihood, Evolutionary Distance, and Maximum Parsimony Methods",2011,S57552105,Molecular Biology and Evolution,40245
publication:W2133856765,publication,W2133856765,Metagenomic biomarker discovery and explanation,Metagenomic biomarker discovery and explanation,2011,S81160022,Genome biology,16332
publication:W2132525235,publication,W2132525235,Multiwfn: A multifunctional wavefunction analyzer,Multiwfn: A multifunctional wavefunction analyzer,2011,S21117631,Journal of Computational Chemistry,41077
publication:W1988050849,publication,W1988050849,PLS-SEM: Indeed a Silver Bullet,PLS-SEM: Indeed a Silver Bullet,2011,S42468459,The Journal of Marketing Theory and Practice,20476
publication:W1999574084,publication,W1999574084,RSEM: accurate transcript quantification from RNA-Seq data with or without a reference genome,RSEM: accurate transcript quantification from RNA-Seq data with or without a reference genome,2011,S19032547,BMC Bioinformatics,23099
publication:W2098923148,publication,W2098923148,The Cochrane Collaboration's tool for assessing risk of bias in randomised trials,The Cochrane Collaboration's tool for assessing risk of bias in randomised trials,2011,S192814187,BMJ,33756
publication:W2115017507,publication,W2115017507,The diagnosis of dementia due to Alzheimer's disease: Recommendations from the National Institute on Aging‐Alzheimer's Association workgroups on diagnostic guidelines for Alzheimer's disease,The diagnosis of dementia due to Alzheimer's disease: Recommendations from the National Institute on Aging‐Alzheimer's Association workgroups on diagnostic guidelines for Alzheimer's disease,2011,S108427512,Alzheimer s & Dementia,18628
publication:W2121745948,publication,W2121745948,The ERA‐Interim reanalysis: configuration and performance of the data assimilation system,The ERA‐Interim reanalysis: configuration and performance of the data assimilation system,2011,S70522100,Quarterly Journal of the Royal Meteorological Society,26274
publication:W2149992227,publication,W2149992227,The variant call format and VCFtools,The variant call format and VCFtools,2011,S52395412,Bioinformatics,17379
publication:W2102074887,publication,W2102074887,<i>Colloquium</i>: Topological insulators,<i>Colloquium</i>: Topological insulators,2010,S73260565,Reviews of Modern Physics,19618
publication:W2180229411,publication,W2180229411,<i>PHENIX</i>: a comprehensive Python-based system for macromolecular structure solution,<i>PHENIX</i>: a comprehensive Python-based system for macromolecular structure solution,2010,S114502960,Acta Crystallographica Section D Biological Crystallography,24320
publication:W4248872320,publication,W4248872320,<i>XDS</i>,<i>XDS</i>,2010,S114502960,Acta Crystallographica Section D Biological Crystallography,16666
publication:W2092157292,publication,W2092157292,A consistent and accurate<i>ab initio</i>parametrization of density functional dispersion correction (DFT-D) for the 94 elements H-Pu,A consistent and accurate<i>ab initio</i>parametrization of density functional dispersion correction (DFT-D) for the 94 elements H-Pu,2010,S77047749,The Journal of Chemical Physics,55142
publication:W1990074132,publication,W1990074132,Arlequin suite ver 3.5: a new series of programs to perform population genetics analyses under Linux and Windows,Arlequin suite ver 3.5: a new series of programs to perform population genetics analyses under Linux and Windows,2010,S64961995,Molecular Ecology Resources,16458
publication:W2102619694,publication,W2102619694,BEDTools: a flexible suite of utilities for comparing genomic features,BEDTools: a flexible suite of utilities for comparing genomic features,2010,S52395412,Bioinformatics,29950
publication:W2289205268,publication,W2289205268,Como Elaborar Projetos de Pesquisa,Como Elaborar Projetos de Pesquisa,2010,S4306402641,LA Referencia (Red Federada de Repositorios Institucionales de Publicaciones Científicas),31581
publication:W2139168999,publication,W2139168999,Conducting Meta-Analyses in<i>R</i>with the<b>metafor</b>Package,Conducting Meta-Analyses in<i>R</i>with the<b>metafor</b>Package,2010,S167961193,Journal of Statistical Software,17773
publication:W2116475791,publication,W2116475791,Critical evaluation of the Newcastle-Ottawa scale for the assessment of the quality of nonrandomized studies in meta-analyses,Critical evaluation of the Newcastle-Ottawa scale for the assessment of the quality of nonrandomized studies in meta-analyses,2010,S48690275,European Journal of Epidemiology,17315
publication:W1797402740,publication,W1797402740,"Development and Distortion of Malaysian Public- Private Partnerships: Patronage, Privatised Profits and Pitfalls DOI: 10.1111/j.1467- 8500.2009.00655.x","Development and Distortion of Malaysian Public- Private Partnerships: Patronage, Privatised Profits and Pitfalls DOI: 10.1111/j.1467- 8500.2009.00655.x",2010,S4306401748,Intellectum (Universidad de La Sabana),16138
publication:W2152239989,publication,W2152239989,Differential expression analysis for sequence count data,Differential expression analysis for sequence count data,2010,S81160022,Genome biology,16316
publication:W1981989535,publication,W1981989535,Estimates of worldwide burden of cancer in 2008: GLOBOCAN 2008,Estimates of worldwide burden of cancer in 2008: GLOBOCAN 2008,2010,S5382288,International Journal of Cancer,21390
publication:W2031611770,publication,W2031611770,FastTree 2 – Approximately Maximum-Likelihood Trees for Large Alignments,FastTree 2 – Approximately Maximum-Likelihood Trees for Large Alignments,2010,S202381698,PLoS ONE,15668
publication:W2124026197,publication,W2124026197,Features and development of <i>Coot</i>,Features and development of <i>Coot</i>,2010,S114502960,Acta Crystallographica Section D Biological Crystallography,29187
publication:W2111211467,publication,W2111211467,New Algorithms and Methods to Estimate Maximum-Likelihood Phylogenies: Assessing the Performance of PhyML 3.0,New Algorithms and Methods to Estimate Maximum-Likelihood Phylogenies: Assessing the Performance of PhyML 3.0,2010,S65478581,Systematic Biology,18776
publication:W2072970694,publication,W2072970694,QIIME allows analysis of high-throughput community sequencing data,QIIME allows analysis of high-throughput community sequencing data,2010,S127827428,Nature Methods,35711
publication:W4294541781,publication,W4294541781,Regularization Paths for Generalized Linear Models via Coordinate Descent,Regularization Paths for Generalized Linear Models via Coordinate Descent,2010,S167961193,Journal of Statistical Software,16771
publication:W2124351063,publication,W2124351063,Search and clustering orders of magnitude faster than BLAST,Search and clustering orders of magnitude faster than BLAST,2010,S52395412,Bioinformatics,21523
publication:W2141458291,publication,W2141458291,Transcript assembly and quantification by RNA-Seq reveals unannotated transcripts and isoform switching during cell differentiation,Transcript assembly and quantification by RNA-Seq reveals unannotated transcripts and isoform switching during cell differentiation,2010,S106963461,Nature Biotechnology,16380
publication:W2059205366,publication,W2059205366,"<i>OLEX2</i>: a complete structure solution, refinement and analysis program","<i>OLEX2</i>: a complete structure solution, refinement and analysis program",2009,S79162954,Journal of Applied Crystallography,30850
publication:W2114104545,publication,W2114104545,<tt>edgeR</tt> : a Bioconductor package for differential expression analysis of digital gene expression data,<tt>edgeR</tt> : a Bioconductor package for differential expression analysis of digital gene expression data,2009,S52395412,Bioinformatics,43943
publication:W2155965977,publication,W2155965977,A New Equation to Estimate Glomerular Filtration Rate,A New Equation to Estimate Glomerular Filtration Rate,2009,S119722071,Annals of Internal Medicine,25402
publication:W2165698076,publication,W2165698076,A Survey on Transfer Learning,A Survey on Transfer Learning,2009,S30698027,IEEE Transactions on Knowledge and Data Engineering,22782
publication:W2134967712,publication,W2134967712,"AutoDock Vina: Improving the speed and accuracy of docking with a new scoring function, efficient optimization, and multithreading","AutoDock Vina: Improving the speed and accuracy of docking with a new scoring function, efficient optimization, and multithreading",2009,S21117631,Journal of Computational Chemistry,36003
publication:W2105668062,publication,W2105668062,AutoDock4 and AutoDockTools4: Automated docking with selective receptor flexibility,AutoDock4 and AutoDockTools4: Automated docking with selective receptor flexibility,2009,S21117631,Journal of Computational Chemistry,24364
publication:W2142678478,publication,W2142678478,BLAST+: architecture and applications,BLAST+: architecture and applications,2009,S19032547,BMC Bioinformatics,22622
publication:W1535803599,publication,W1535803599,Development as Freedom,Development as Freedom,2009,name:rugman reviews,Rugman Reviews,15966
publication:W2154845780,publication,W2154845780,DnaSP v5: a software for comprehensive analysis of DNA polymorphism data,DnaSP v5: a software for comprehensive analysis of DNA polymorphism data,2009,S52395412,Bioinformatics,16283
publication:W2103441770,publication,W2103441770,Fast and accurate short read alignment with Burrows–Wheeler transform,Fast and accurate short read alignment with Burrows–Wheeler transform,2009,S52395412,Bioinformatics,62006
publication:W1587026990,publication,W1587026990,ggplot2: Elegant Graphics for Data Analysis,ggplot2: Elegant Graphics for Data Analysis,2009,name:без журнала,Без журнала,20553
publication:W2108598243,publication,W2108598243,ImageNet: A large-scale hierarchical image database,ImageNet: A large-scale hierarchical image database,2009,S4363607795,2009 IEEE Conference on Computer Vision and Pattern Recognition,60861
publication:W2108718991,publication,W2108718991,"Introducing mothur: Open-Source, Platform-Independent, Community-Supported Software for Describing and Comparing Microbial Communities","Introducing mothur: Open-Source, Platform-Independent, Community-Supported Software for Describing and Comparing Microbial Communities",2009,S158228368,Applied and Environmental Microbiology,21572
publication:W2162674813,publication,W2162674813,MicroRNAs: Target Recognition and Regulatory Functions,MicroRNAs: Target Recognition and Regulatory Functions,2009,S110447773,Cell,20208
publication:W1518897246,publication,W1518897246,Mixed effects models and extensions in ecology with R,Mixed effects models and extensions in ecology with R,2009,S4210186945,Statistics for biology and health,17505
publication:W2057327293,publication,W2057327293,Organometal Halide Perovskites as Visible-Light Sensitizers for Photovoltaic Cells,Organometal Halide Perovskites as Visible-Light Sensitizers for Photovoltaic Cells,2009,S111155417,Journal of the American Chemical Society,22299
publication:W4294215472,publication,W4294215472,Preferred Reporting Items for Systematic Reviews and Meta-Analyses: The PRISMA Statement,Preferred Reporting Items for Systematic Reviews and Meta-Analyses: The PRISMA Statement,2009,S197939330,PLoS Medicine,63294
publication:W2468996569,publication,W2468996569,Preferred Reporting Items for Systematic Reviews and Meta-Analyses: The PRISMA Statement,Preferred Reporting Items for Systematic Reviews and Meta-Analyses: The PRISMA Statement,2009,S64418186,Journal of Clinical Epidemiology,19812
publication:W2156098321,publication,W2156098321,Preferred reporting items for systematic reviews and meta-analyses: the PRISMA statement,Preferred reporting items for systematic reviews and meta-analyses: the PRISMA statement,2009,S192814187,BMJ,82987
publication:W2005501262,publication,W2005501262,Preferred Reporting Items for Systematic Reviews and Meta-Analyses: The PRISMA Statement,Preferred Reporting Items for Systematic Reviews and Meta-Analyses: The PRISMA Statement,2009,S119722071,Annals of Internal Medicine,37679
publication:W2991792334,publication,W2991792334,Preferred reporting items for systematic reviews and meta-analyses: the PRISMA Statement.,Preferred reporting items for systematic reviews and meta-analyses: the PRISMA Statement.,2009,S4306525036,PubMed,45126
publication:W2398350456,publication,W2398350456,Proceedings of the National Academy of Sciences of the United States of America,Proceedings of the National Academy of Sciences of the United States of America,2009,S38078933,Nutrition Reviews,17970
publication:W1516534262,publication,W1516534262,Qualitative Research: A Guide to Design and Implementation,Qualitative Research: A Guide to Design and Implementation,2009,name:без журнала,Без журнала,21431
publication:W2120145199,publication,W2120145199,QUANTUM ESPRESSO: a modular and open-source software project for quantum simulations of materials,QUANTUM ESPRESSO: a modular and open-source software project for quantum simulations of materials,2009,S190924190,Journal of Physics Condensed Matter,28452
publication:W2150220236,publication,W2150220236,"Software survey: VOSviewer, a computer program for bibliometric mapping","Software survey: VOSviewer, a computer program for bibliometric mapping",2009,S148561398,Scientometrics,19064
publication:W2072500831,publication,W2072500831,Statistical power analyses using G*Power 3.1: Tests for correlation and regression analyses,Statistical power analyses using G*Power 3.1: Tests for correlation and regression analyses,2009,S137478622,Behavior Research Methods,34903
publication:W2105685140,publication,W2105685140,The electronic properties of graphene,The electronic properties of graphene,2009,S73260565,Reviews of Modern Physics,24423
publication:W2787894218,publication,W2787894218,The Elements of Statistical Learning,The Elements of Statistical Learning,2009,S4210187552,Springer series in statistics,22646
publication:W2168420558,publication,W2168420558,The MIQE Guidelines: Minimum Information for Publication of Quantitative Real-Time PCR Experiments,The MIQE Guidelines: Minimum Information for Publication of Quantitative Real-Time PCR Experiments,2009,S139212996,Clinical Chemistry,15848
publication:W2031489346,publication,W2031489346,The Pascal Visual Object Classes (VOC) Challenge,The Pascal Visual Object Classes (VOC) Challenge,2009,S25538012,International Journal of Computer Vision,19232
publication:W3022903699,publication,W3022903699,The PRISMA Statement for Reporting Systematic Reviews and Meta-Analyses of Studies That Evaluate Health Care Interventions: Explanation and Elaboration,The PRISMA Statement for Reporting Systematic Reviews and Meta-Analyses of Studies That Evaluate Health Care Interventions: Explanation and Elaboration,2009,S197939330,PLoS Medicine,27740
publication:W2134833483,publication,W2134833483,The PRISMA statement for reporting systematic reviews and meta-analyses of studies that evaluate healthcare interventions: explanation and elaboration,The PRISMA statement for reporting systematic reviews and meta-analyses of studies that evaluate healthcare interventions: explanation and elaboration,2009,S192814187,BMJ,17511
publication:W2108234281,publication,W2108234281,The Sequence Alignment/Map format and SAMtools,The Sequence Alignment/Map format and SAMtools,2009,S52395412,Bioinformatics,66530
publication:W2133990480,publication,W2133990480,The WEKA data mining software,The WEKA data mining software,2009,S4210176598,ACM SIGKDD Explorations Newsletter,17822
publication:W2124985265,publication,W2124985265,Ultrafast and memory-efficient alignment of short DNA sequences to the human genome,Ultrafast and memory-efficient alignment of short DNA sequences to the human genome,2009,S81160022,Genome biology,22826
publication:W2097259163,publication,W2097259163,Understanding the Warburg Effect: The Metabolic Requirements of Cell Proliferation,Understanding the Warburg Effect: The Metabolic Requirements of Cell Proliferation,2009,S3880285,Science,15879
publication:W2011215428,publication,W2011215428,Universal Solvation Model Based on Solute Electron Density and on a Continuum Model of the Solvent Defined by the Bulk Dielectric Constant and Atomic Surface Tensions,Universal Solvation Model Based on Solute Electron Density and on a Continuum Model of the Solvent Defined by the Bulk Dielectric Constant and Atomic Surface Tensions,2009,S185621672,The Journal of Physical Chemistry B,17022
publication:W2121001699,publication,W2121001699,"Users of the world, unite! The challenges and opportunities of Social Media","Users of the world, unite! The challenges and opportunities of Social Media",2009,S113237667,Business Horizons,17361
publication:W2047968138,publication,W2047968138,Visualization and analysis of atomistic simulation data with OVITO–the Open Visualization Tool,Visualization and analysis of atomistic simulation data with OVITO–the Open Visualization Tool,2009,S117777245,Modelling and Simulation in Materials Science and Engineering,15694
publication:W2114570899,publication,W2114570899,Analyzing real-time PCR data by the comparative CT method,Analyzing real-time PCR data by the comparative CT method,2008,S109387254,Nature Protocols,26367
publication:W2038702827,publication,W2038702827,Asymptotic and resampling strategies for assessing and comparing indirect effects in multiple mediator models,Asymptotic and resampling strategies for assessing and comparing indirect effects in multiple mediator models,2008,S137478622,Behavior Research Methods,32095
publication:W2006318126,publication,W2006318126,Building better batteries,Building better batteries,2008,S137773608,Nature,19150
publication:W1598602811,publication,W1598602811,Cochrane Handbook for Systematic Reviews of Interventions,Cochrane Handbook for Systematic Reviews of Interventions,2008,name:без журнала,Без журнала,25059
publication:W2131681506,publication,W2131681506,Fast unfolding of communities in large networks,Fast unfolding of communities in large networks,2008,S167943036,Journal of Statistical Mechanics Theory and Experiment,20901
publication:W2165010366,publication,W2165010366,GRADE: an emerging consensus on rating quality of evidence and strength of recommendations,GRADE: an emerging consensus on rating quality of evidence and strength of recommendations,2008,S4393917726,BMJ,21386
publication:W1966078827,publication,W1966078827,"GROMACS 4:  Algorithms for Highly Efficient, Load-Balanced, and Scalable Molecular Simulation","GROMACS 4:  Algorithms for Highly Efficient, Load-Balanced, and Scalable Molecular Simulation",2008,S189701308,Journal of Chemical Theory and Computation,15911
publication:W3120106258,publication,W3120106258,Home visits: a strategy to improve newborn survival - Authors' reply,Home visits: a strategy to improve newborn survival - Authors' reply,2008,S4306402433,"Portuguese National Funding Agency for Science, Research and Technology (RCAAP Project by FCT)",22524
publication:W2173213060,publication,W2173213060,MapReduce,MapReduce,2008,S103482838,Communications of the ACM,18483
publication:W2053328406,publication,W2053328406,Materials for electrochemical capacitors,Materials for electrochemical capacitors,2008,S103895331,Nature Materials,15939
publication:W2080752012,publication,W2080752012,"MaxQuant enables high peptide identification rates, individualized p.p.b.-range mass accuracies and proteome-wide protein quantification","MaxQuant enables high peptide identification rates, individualized p.p.b.-range mass accuracies and proteome-wide protein quantification",2008,S106963461,Nature Biotechnology,15562
publication:W2010971702,publication,W2010971702,Measurement of the Elastic Properties and Intrinsic Strength of Monolayer Graphene,Measurement of the Elastic Properties and Intrinsic Strength of Monolayer Graphene,2008,S3880285,Science,20499
publication:W2171808845,publication,W2171808845,Model-based Analysis of ChIP-Seq (MACS),Model-based Analysis of ChIP-Seq (MACS),2008,S81160022,Genome biology,19617
publication:W2019607817,publication,W2019607817,New response evaluation criteria in solid tumours: Revised RECIST guideline (version 1.1),New response evaluation criteria in solid tumours: Revised RECIST guideline (version 1.1),2008,S16731738,European Journal of Cancer,29091
publication:W3144127399,publication,W3144127399,Qualitative Data Analysis,Qualitative Data Analysis,2008,name:biostatistics and microbiology: a survival manual,Biostatistics and Microbiology: A Survival Manual,17452
publication:W2093274439,publication,W2093274439,Research electronic data capture (REDCap)—A metadata-driven methodology and workflow process for providing translational research informatics support,Research electronic data capture (REDCap)—A metadata-driven methodology and workflow process for providing translational research informatics support,2008,S11622463,Journal of Biomedical Informatics,50462
publication:W2158217645,publication,W2158217645,Systematic and integrative analysis of large gene lists using DAVID bioinformatics resources,Systematic and integrative analysis of large gene lists using DAVID bioinformatics resources,2008,S109387254,Nature Protocols,37188
publication:W2067404301,publication,W2067404301,The qualitative content analysis process,The qualitative content analysis process,2008,S137832324,Journal of Advanced Nursing,21835
publication:W4292229870,publication,W4292229870,The Strengthening the Reporting of Observational Studies in Epidemiology (STROBE) statement: guidelines for reporting observational studies,The Strengthening the Reporting of Observational Studies in Epidemiology (STROBE) statement: guidelines for reporting observational studies,2008,S64418186,Journal of Clinical Epidemiology,15585
publication:W2187089797,publication,W2187089797,Visualizing Data using t-SNE,Visualizing Data using t-SNE,2008,S118988714,Journal of Machine Learning Research,35711
publication:W1966327575,publication,W1966327575,WGCNA: an R package for weighted correlation network analysis,WGCNA: an R package for weighted correlation network analysis,2008,S19032547,BMC Bioinformatics,28530
publication:W2163341755,publication,W2163341755,<i>Phaser</i>crystallographic software,<i>Phaser</i>crystallographic software,2007,S79162954,Journal of Applied Crystallography,20740
publication:W2131350133,publication,W2131350133,A short history of<i>SHELX</i>,A short history of<i>SHELX</i>,2007,S150871906,Acta Crystallographica Section A Foundations of Crystallography,87092
publication:W2990138404,publication,W2990138404,Advances in Neural Information Processing Systems 19,Advances in Neural Information Processing Systems 19,2007,S4306463997,The MIT Press eBooks,15646
publication:W2057477511,publication,W2057477511,Canonical sampling through velocity rescaling,Canonical sampling through velocity rescaling,2007,S77047749,The Journal of Chemical Physics,17905
publication:W273955616,publication,W273955616,Classification and Regression by randomForest,Classification and Regression by randomForest,2007,name:без журнала,Без журнала,18406
publication:W1520428197,publication,W1520428197,Climate change 2007 : the physical science basis : contribution of Working Group I to the Fourth Assessment Report of the Intergovernmental Panel on Climate Change,Climate change 2007 : the physical science basis : contribution of Working Group I to the Fourth Assessment Report of the Intergovernmental Panel on Climate Change,2007,name:без журнала,Без журнала,17676
publication:W2939474406,publication,W2939474406,Climate change 2007: the physical science basis,Climate change 2007: the physical science basis,2007,S4306400792,University of North Texas Digital Library (University of North Texas),23473
publication:W75231382,publication,W75231382,Climate Change 2007: The Physical Science Basis.,Climate Change 2007: The Physical Science Basis.,2007,S4306400115,eScholarship (California Digital Library),17139
publication:W2137015675,publication,W2137015675,Clustal W and Clustal X version 2.0,Clustal W and Clustal X version 2.0,2007,S52395412,Bioinformatics,28949
publication:W1815596065,publication,W1815596065,Confirmatory factor analysis for applied research,Confirmatory factor analysis for applied research,2007,S2764375719,Choice Reviews Online,15828
publication:W2138664283,publication,W2138664283,Consolidated criteria for reporting qualitative research (COREQ): a 32-item checklist for interviews and focus groups,Consolidated criteria for reporting qualitative research (COREQ): a 32-item checklist for interviews and focus groups,2007,S74917805,International Journal for Quality in Health Care,40209
publication:W1914972138,publication,W1914972138,Designing and Conducting Mixed Methods Research,Designing and Conducting Mixed Methods Research,2007,S4210198536,Australian and New Zealand Journal of Public Health,23539
publication:W2798333393,publication,W2798333393,Digital communications,Digital communications,2007,name:electronics: a first course,Electronics: A First Course,25093
publication:W2087484885,publication,W2087484885,"G*Power 3: A flexible statistical power analysis program for the social, behavioral, and biomedical sciences","G*Power 3: A flexible statistical power analysis program for the social, behavioral, and biomedical sciences",2007,S137478622,Behavior Research Methods,62523
publication:W2138977668,publication,W2138977668,Induction of Pluripotent Stem Cells from Adult Human Fibroblasts by Defined Factors,Induction of Pluripotent Stem Cells from Adult Human Fibroblasts by Defined Factors,2007,S110447773,Cell,20064
publication:W2011301426,publication,W2011301426,Matplotlib: A 2D Graphics Environment,Matplotlib: A 2D Graphics Environment,2007,S107923245,Computing in Science & Engineering,38539
publication:W2125121305,publication,W2125121305,MEGA4: Molecular Evolutionary Genetics Analysis (MEGA) Software Version 4.0,MEGA4: Molecular Evolutionary Genetics Analysis (MEGA) Software Version 4.0,2007,S57552105,Molecular Biology and Evolution,28802
publication:W2152885278,publication,W2152885278,Naive Bayesian Classifier for Rapid Assignment of rRNA Sequences into the New Bacterial Taxonomy,Naive Bayesian Classifier for Rapid Assignment of rRNA Sequences into the New Bacterial Taxonomy,2007,S158228368,Applied and Environmental Microbiology,20333
publication:W2543580944,publication,W2543580944,Particle swarm optimization,Particle swarm optimization,2007,S120411249,Swarm Intelligence,21301
publication:W1663973292,publication,W1663973292,Pattern Recognition and Machine Learning,Pattern Recognition and Machine Learning,2007,S158511090,Journal of Electronic Imaging,22072
publication:W2161633633,publication,W2161633633,PLINK: A Tool Set for Whole-Genome Association and Population-Based Linkage Analyses,PLINK: A Tool Set for Whole-Genome Association and Population-Based Linkage Analyses,2007,S134425043,The American Journal of Human Genetics,35684
publication:W1542932561,publication,W1542932561,Research Methods in Education,Research Methods in Education,2007,name:без журнала,Без журнала,19981
publication:W1985749074,publication,W1985749074,"Social Network Sites: Definition, History, and Scholarship","Social Network Sites: Definition, History, and Scholarship",2007,S30594836,Journal of Computer-Mediated Communication,16009
publication:W2150697053,publication,W2150697053,"The M06 suite of density functionals for main group thermochemistry, thermochemical kinetics, noncovalent interactions, excited states, and transition elements: two new functionals and systematic testing of four M06-class functionals and 12 other functionals","The M06 suite of density functionals for main group thermochemistry, thermochemical kinetics, noncovalent interactions, excited states, and transition elements: two new functionals and systematic testing of four M06-class functionals and 12 other functionals",2007,S81945236,Theoretical Chemistry Accounts,29575
publication:W2014935324,publication,W2014935324,The rise of graphene,The rise of graphene,2007,S103895331,Nature Materials,39223
publication:W2275737843,publication,W2275737843,The Strengthening the Reporting of Observational Studies in Epidemiology (STROBE) statement: guidelines for reporting observational studies,The Strengthening the Reporting of Observational Studies in Epidemiology (STROBE) statement: guidelines for reporting observational studies,2007,S49861241,The Lancet,17807
publication:W2599076725,publication,W2599076725,The Strengthening the Reporting of Observational Studies in Epidemiology (STROBE) Statement: Guidelines for Reporting Observational Studies,The Strengthening the Reporting of Observational Studies in Epidemiology (STROBE) Statement: Guidelines for Reporting Observational Studies,2007,S197939330,PLoS Medicine,21334
publication:W2059796825,publication,W2059796825,The Strengthening the Reporting of Observational Studies in Epidemiology (STROBE) Statement: Guidelines for Reporting Observational Studies,The Strengthening the Reporting of Observational Studies in Epidemiology (STROBE) Statement: Guidelines for Reporting Observational Studies,2007,S119722071,Annals of Internal Medicine,16872
publication:W2167928095,publication,W2167928095,Theory Building From Cases: Opportunities And Challenges,Theory Building From Cases: Opportunities And Challenges,2007,S117778295,Academy of Management Journal,15819
publication:W3120740533,publication,W3120740533,UCI Machine Learning Repository,UCI Machine Learning Repository,2007,S4210197683,Medical Entomology and Zoology,24319
publication:W2043705607,publication,W2043705607,A Brief Measure for Assessing Generalized Anxiety Disorder,A Brief Measure for Assessing Generalized Anxiety Disorder,2006,S4210206803,Archives of Internal Medicine,30521
publication:W2136922672,publication,W2136922672,A Fast Learning Algorithm for Deep Belief Nets,A Fast Learning Algorithm for Deep Belief Nets,2006,S207023548,Neural Computation,16299
publication:W4250955649,publication,W4250955649,Compressed sensing,Compressed sensing,2006,S4502562,IEEE Transactions on Information Theory,22978
publication:W1605824561,publication,W1605824561,Constructing grounded theory : a practical guide through qualitative analysis,Constructing grounded theory : a practical guide through qualitative analysis,2006,name:без журнала,Без журнала,18760
publication:W2125987139,publication,W2125987139,Induction of Pluripotent Stem Cells from Mouse Embryonic and Adult Fibroblast Cultures by Defined Factors,Induction of Pluripotent Stem Cells from Mouse Embryonic and Adult Fibroblast Cultures by Defined Factors,2006,S110447773,Cell,26346
publication:W2025371271,publication,W2025371271,Minimal criteria for defining multipotent mesenchymal stromal cells. The International Society for Cellular Therapy position statement,Minimal criteria for defining multipotent mesenchymal stromal cells. The International Society for Cellular Therapy position statement,2006,S36838616,Cytotherapy,17555
publication:W2491458126,publication,W2491458126,Principles of Fluorescence Spectroscopy,Principles of Fluorescence Spectroscopy,2006,name:без журнала,Без журнала,18833
publication:W593898368,publication,W593898368,Prosedur Penelitian Suatu Pendekatan Praktik,Prosedur Penelitian Suatu Pendekatan Praktik,2006,S4377196922,Andalas University Repository (Andalas University),22136
publication:W2168696662,publication,W2168696662,RAxML-VI-HPC: maximum likelihood-based phylogenetic analyses with thousands of taxa and mixed models,RAxML-VI-HPC: maximum likelihood-based phylogenetic analyses with thousands of taxa and mixed models,2006,S52395412,Bioinformatics,15846
publication:W2100495367,publication,W2100495367,Reducing the Dimensionality of Data with Neural Networks,Reducing the Dimensionality of Data with Neural Networks,2006,S3880285,Science,20719
publication:W2145096794,publication,W2145096794,Robust uncertainty principles: exact signal reconstruction from highly incomplete frequency information,Robust uncertainty principles: exact signal reconstruction from highly incomplete frequency information,2006,S4502562,IEEE Transactions on Information Theory,15714
publication:W2044591029,publication,W2044591029,Semiempirical GGA‐type density functional constructed with a long‐range dispersion correction,Semiempirical GGA‐type density functional constructed with a long‐range dispersion correction,2006,S21117631,Journal of Computational Chemistry,30294
publication:W1979290264,publication,W1979290264,Using thematic analysis in psychology,Using thematic analysis in psychology,2006,S51001188,Qualitative Research in Psychology,176731
publication:W2070227796,publication,W2070227796,"<i>ATHENA</i>,<i>ARTEMIS</i>,<i>HEPHAESTUS</i>: data analysis for X-ray absorption spectroscopy using<i>IFEFFIT</i>","<i>ATHENA</i>,<i>ARTEMIS</i>,<i>HEPHAESTUS</i>: data analysis for X-ray absorption spectroscopy using<i>IFEFFIT</i>",2005,S114484406,Journal of Synchrotron Radiation,16171
publication:W2004444667,publication,W2004444667,<scp>genalex</scp> 6: genetic analysis in Excel. Population genetic software for teaching and research,<scp>genalex</scp> 6: genetic analysis in Excel. Population genetic software for teaching and research,2005,S165787973,Molecular Ecology Notes,16657
publication:W2158698691,publication,W2158698691,An introduction to ROC analysis,An introduction to ROC analysis,2005,S151820558,Pattern Recognition Letters,20835
publication:W2034562813,publication,W2034562813,Applied Regression Analysis,Applied Regression Analysis,2005,S985303,Technometrics,18059
publication:W1988091937,publication,W1988091937,"Balanced basis sets of split valence, triple zeta valence and quadruple zeta valence quality for H to Rn: Design and assessment of accuracy","Balanced basis sets of split valence, triple zeta valence and quadruple zeta valence quality for H to Rn: Design and assessment of accuracy",2005,S181332294,Physical Chemistry Chemical Physics,29128
publication:W2161339576,publication,W2161339576,Detecting the number of clusters of individuals using the software <scp>structure</scp>: a simulation study,Detecting the number of clusters of individuals using the software <scp>structure</scp>: a simulation study,2005,S22454499,Molecular Ecology,21937
publication:W2130410032,publication,W2130410032,Gene set enrichment analysis: A knowledge-based approach for interpreting genome-wide expression profiles,Gene set enrichment analysis: A knowledge-based approach for interpreting genome-wide expression profiles,2005,S125754415,Proceedings of the National Academy of Sciences,55781
publication:W1528905581,publication,W1528905581,Generalized Linear Models,Generalized Linear Models,2005,S4210186945,Statistics for biology and health,20453
publication:W2020830322,publication,W2020830322,"Global Cancer Statistics, 2002","Global Cancer Statistics, 2002",2005,S126094547,CA A Cancer Journal for Clinicians,18376
publication:W2171268876,publication,W2171268876,"GROMACS: Fast, flexible, and free","GROMACS: Fast, flexible, and free",2005,S21117631,Journal of Computational Chemistry,18712
publication:W2161969291,publication,W2161969291,Histograms of Oriented Gradients for Human Detection,Histograms of Oriented Gradients for Human Detection,2005,name:2005 ieee computer society conference on computer vision and pattern recognition (cvpr'05),2005 IEEE Computer Society Conference on Computer Vision and Pattern Recognition (CVPR'05),31724
publication:W2129660502,publication,W2129660502,How Many Interviews Are Enough?,How Many Interviews Are Enough?,2005,S83253694,Field Methods,18695
publication:W3145128584,publication,W3145128584,Introduction to Algorithms,Introduction to Algorithms,2005,name:без журнала,Без журнала,18373
publication:W2118826874,publication,W2118826874,Lifetime Prevalence and Age-of-Onset Distributions of DSM-IV Disorders in the National Comorbidity Survey Replication,Lifetime Prevalence and Age-of-Onset Distributions of DSM-IV Disorders in the National Comorbidity Survey Replication,2005,S126359496,Archives of General Psychiatry,20328
publication:W2139416101,publication,W2139416101,Maximum entropy modeling of species geographic distributions,Maximum entropy modeling of species geographic distributions,2005,S88315673,Ecological Modelling,17373
publication:W1665332082,publication,W1665332082,Principles and Practice of Structural Equation Modeling,Principles and Practice of Structural Equation Modeling,2005,name:без журнала,Без журнала,36218
publication:W1997151511,publication,W1997151511,Quantum Mechanical Continuum Solvation Models,Quantum Mechanical Continuum Solvation Models,2005,S41143188,Chemical Reviews,16341
publication:W2096287682,publication,W2096287682,Radiotherapy plus Concomitant and Adjuvant Temozolomide for Glioblastoma,Radiotherapy plus Concomitant and Adjuvant Temozolomide for Glioblastoma,2005,S62468778,New England Journal of Medicine,21347
publication:W2164598857,publication,W2164598857,Rapid object detection using a boosted cascade of simple features,Rapid object detection using a boosted cascade of simple features,2005,name:proceedings of the 2001 ieee computer society conference on computer vision and pattern recognition. cvpr 2001,Proceedings of the 2001 IEEE Computer Society Conference on Computer Vision and Pattern Recognition. CVPR 2001,18161
publication:W2122825543,publication,W2122825543,Regularization and Variable Selection Via the Elastic Net,Regularization and Variable Selection Via the Elastic Net,2005,S145009937,Journal of the Royal Statistical Society Series B (Statistical Methodology),20607
publication:W2121863487,publication,W2121863487,Reinforcement Learning: An Introduction,Reinforcement Learning: An Introduction,2005,S42080949,IEEE Transactions on Neural Networks,25772
publication:W2150981663,publication,W2150981663,Scalable molecular dynamics with NAMD,Scalable molecular dynamics with NAMD,2005,S21117631,Journal of Computational Chemistry,17255
publication:W2075950485,publication,W2075950485,Scoping studies: towards a methodological framework,Scoping studies: towards a methodological framework,2005,S125130336,International Journal of Social Research Methodology,34285
publication:W2125078269,publication,W2125078269,Standardisation of spirometry,Standardisation of spirometry,2005,S4210207896,European Respiratory Journal,15561
publication:W2165758561,publication,W2165758561,"The Montreal Cognitive Assessment, MoCA: A Brief Screening Tool For Mild Cognitive Impairment","The Montreal Cognitive Assessment, MoCA: A Brief Screening Tool For Mild Cognitive Impairment",2005,S204183829,Journal of the American Geriatrics Society,24876
publication:W2142225512,publication,W2142225512,Three Approaches to Qualitative Content Analysis,Three Approaches to Qualitative Content Analysis,2005,S32648145,Qualitative Health Research,43242
publication:W2125284466,publication,W2125284466,Two-dimensional gas of massless Dirac fermions in graphene,Two-dimensional gas of massless Dirac fermions in graphene,2005,S137773608,Nature,21339
publication:W2112776483,publication,W2112776483,Very high resolution interpolated climate surfaces for global land areas,Very high resolution interpolated climate surfaces for global land areas,2005,S32061424,International Journal of Climatology,20040
publication:W2144081223,publication,W2144081223,<i>Coot</i>: model-building tools for molecular graphics,<i>Coot</i>: model-building tools for molecular graphics,2004,S114502960,Acta Crystallographica Section D Biological Crystallography,31217
publication:W2096998881,publication,W2096998881,Classification of Surgical Complications,Classification of Surgical Complications,2004,S157664895,Annals of Surgery,30454
publication:W2296616510,publication,W2296616510,Compressed sensing,Compressed sensing,2004,name:без журнала,Без журнала,17216
publication:W2296319761,publication,W2296319761,Convex Optimization,Convex Optimization,2004,S4306462995,Cambridge University Press eBooks,31260
publication:W2147993766,publication,W2147993766,Development and testing of a general amber force field,Development and testing of a general amber force field,2004,S21117631,Journal of Computational Chemistry,19155
publication:W2151103935,publication,W2151103935,Distinctive Image Features from Scale-Invariant Keypoints,Distinctive Image Features from Scale-Invariant Keypoints,2004,S25538012,International Journal of Computer Vision,54906
publication:W2128495200,publication,W2128495200,EEGLAB: an open source toolbox for analysis of single-trial EEG dynamics including independent component analysis,EEGLAB: an open source toolbox for analysis of single-trial EEG dynamics including independent component analysis,2004,S132751470,Journal of Neuroscience Methods,24602
publication:W2058122340,publication,W2058122340,Electric Field Effect in Atomically Thin Carbon Films,Electric Field Effect in Atomically Thin Carbon Films,2004,S3880285,Science,65642
publication:W2061977616,publication,W2061977616,Firm resources and sustained competitive advantage,Firm resources and sustained competitive advantage,2004,S4210174510,Advances in strategic management,38499
publication:W2133665775,publication,W2133665775,Image quality assessment: from error visibility to structural similarity,Image quality assessment: from error visibility to structural similarity,2004,S4210173141,IEEE Transactions on Image Processing,54914
publication:W144423133,publication,W144423133,MicroRNAs,MicroRNAs,2004,S110447773,Cell,34726
publication:W2033819227,publication,W2033819227,Multiple View Geometry in Computer Vision,Multiple View Geometry in Computer Vision,2004,S4306462995,Cambridge University Press eBooks,20675
publication:W2132926880,publication,W2132926880,MUSCLE: multiple sequence alignment with high accuracy and high throughput,MUSCLE: multiple sequence alignment with high accuracy and high throughput,2004,S134668137,Nucleic Acids Research,46100
publication:W1995031937,publication,W1995031937,SPSS and SAS procedures for estimating indirect effects in simple mediation models,SPSS and SAS procedures for estimating indirect effects in simple mediation models,2004,S192806854,"Behavior Research Methods, Instruments, & Computers",17052
publication:W1993663609,publication,W1993663609,The iron cage revisited institutional isomorphism and collective rationality in organizational fields,The iron cage revisited institutional isomorphism and collective rationality in organizational fields,2004,S4210174510,Advances in strategic management,25969
publication:W2132629607,publication,W2132629607,UCSF Chimera—A visualization system for exploratory research and analysis,UCSF Chimera—A visualization system for exploratory research and analysis,2004,S21117631,Journal of Computational Chemistry,47320
publication:W2103546861,publication,W2103546861,"A Simple, Fast, and Accurate Algorithm to Estimate Large Phylogenies by Maximum Likelihood","A Simple, Fast, and Accurate Algorithm to Estimate Large Phylogenies by Maximum Likelihood",2003,S65478581,Systematic Biology,16930
publication:W2106096361,publication,W2106096361,Common method biases in behavioral research: A critical review of the literature and recommended remedies.,Common method biases in behavioral research: A critical review of the literature and recommended remedies.,2003,S166002381,Journal of Applied Psychology,74313
publication:W2128158076,publication,W2128158076,Geant4—a simulation toolkit,Geant4—a simulation toolkit,2003,S145630073,Nuclear Instruments and Methods in Physics Research Section A Accelerators Spectrometers Detectors and Associated Equipment,24196
publication:W2085093563,publication,W2085093563,Hybrid functionals based on a screened Coulomb potential,Hybrid functionals based on a screened Coulomb potential,2003,S77047749,The Journal of Chemical Physics,18815
publication:W2171129594,publication,W2171129594,International Physical Activity Questionnaire: 12-Country Reliability and Validity,International Physical Activity Questionnaire: 12-Country Reliability and Validity,2003,S14544163,Medicine & Science in Sports & Exercise,21298
publication:W1880262756,publication,W1880262756,Latent dirichlet allocation,Latent dirichlet allocation,2003,S118988714,Journal of Machine Learning Research,27006
publication:W2125435699,publication,W2125435699,Measuring inconsistency in meta-analyses,Measuring inconsistency in meta-analyses,2003,S192814187,BMJ,61952
publication:W2052417512,publication,W2052417512,Metaphors We Live By,Metaphors We Live By,2003,name:без журнала,Без журнала,16518
publication:W2009435671,publication,W2009435671,Model Selection and Multimodel Inference: A Practical Information-Theoretic Approach,Model Selection and Multimodel Inference: A Practical Information-Theoretic Approach,2003,S72902805,Journal of Wildlife Management,42165
publication:W2146058063,publication,W2146058063,MrBayes 3: Bayesian phylogenetic inference under mixed models,MrBayes 3: Bayesian phylogenetic inference under mixed models,2003,S52395412,Bioinformatics,29237
publication:W2122328334,publication,W2122328334,"Qualitative content analysis in nursing research: concepts, procedures and measures to achieve trustworthiness","Qualitative content analysis in nursing research: concepts, procedures and measures to achieve trustworthiness",2003,S62565178,Nurse Education Today,20523
publication:W2021365718,publication,W2021365718,"Research design: qualitative, quantitative, and mixed methods approaches","Research design: qualitative, quantitative, and mixed methods approaches",2003,S2739018597,Revista de Administração Contemporânea,18967
publication:W2150290224,publication,W2150290224,Statistical Methods for Rates and Proportions,Statistical Methods for Rates and Proportions,2003,S4210188905,Wiley series in probability and statistics,18003
publication:W2156121263,publication,W2156121263,"The Seventh Report of the Joint National Committee on Prevention, Detection, Evaluation, and Treatment of High Blood Pressure&lt;SUBTITLE&gt;The JNC 7 Report&lt;/SUBTITLE&gt;","The Seventh Report of the Joint National Committee on Prevention, Detection, Evaluation, and Treatment of High Blood Pressure&lt;SUBTITLE&gt;The JNC 7 Report&lt;/SUBTITLE&gt;",2003,S172573765,JAMA,25517
publication:W2148606196,publication,W2148606196,The Structure and Function of Complex Networks,The Structure and Function of Complex Networks,2003,S160107561,SIAM Review,18640
publication:W2100379340,publication,W2100379340,User Acceptance of Information Technology: Toward A Unified View1,User Acceptance of Information Technology: Toward A Unified View1,2003,S57293258,MIS Quarterly,41220
publication:W1631356911,publication,W1631356911,<i>Quantum Computation and Quantum Information</i>,<i>Quantum Computation and Quantum Information</i>,2002,S38866342,American Journal of Physics,22716
publication:W2126105956,publication,W2126105956,A fast and elitist multiobjective genetic algorithm: NSGA-II,A fast and elitist multiobjective genetic algorithm: NSGA-II,2002,S93787993,IEEE Transactions on Evolutionary Computation,46842
publication:W1577577364,publication,W1577577364,Accurate normalization of real-time quantitative RT-PCR data by geometric averaging of multiple internal control genes,Accurate normalization of real-time quantitative RT-PCR data by geometric averaging of multiple internal control genes,2002,S81160022,Genome biology,19927
publication:W2058046532,publication,W2058046532,Automated Anatomical Labeling of Activations in SPM Using a Macroscopic Anatomical Parcellation of the MNI MRI Single-Subject Brain,Automated Anatomical Labeling of Activations in SPM Using a Macroscopic Anatomical Parcellation of the MNI MRI Single-Subject Brain,2002,S103225281,NeuroImage,16659
publication:W1971421925,publication,W1971421925,Community structure in social and biological networks,Community structure in social and biological networks,2002,S125754415,Proceedings of the National Academy of Sciences,15573
publication:W2081228936,publication,W2081228936,"Culture's Consequences: Comparing Values, Behaviors, Institutions, and Organizations across Nations","Culture's Consequences: Comparing Values, Behaviors, Institutions, and Organizations across Nations",2002,S46763546,Academy of Management Review,21946
publication:W2904250082,publication,W2904250082,Genetic Algorithms,Genetic Algorithms,2002,name:без журнала,Без журнала,16153
publication:W2127774996,publication,W2127774996,MAFFT: a novel method for rapid multiple sequence alignment based on fast Fourier transform,MAFFT: a novel method for rapid multiple sequence alignment based on fast Fourier transform,2002,S134668137,Nucleic Acids Research,17456
publication:W1513618424,publication,W1513618424,Modern Applied Statistics with S,Modern Applied Statistics with S,2002,S4210187487,Statisctics and computing/Statistics and computing,24040
publication:W2152195021,publication,W2152195021,Particle swarm optimization,Particle swarm optimization,2002,name:proceedings of icnn'95 - international conference on neural networks,Proceedings of ICNN'95 - International Conference on Neural Networks,46957
publication:W2126930838,publication,W2126930838,Quantifying heterogeneity in a meta‐analysis,Quantifying heterogeneity in a meta‐analysis,2002,S55189604,Statistics in Medicine,36262
publication:W2158822657,publication,W2158822657,Reduction in the Incidence of Type 2 Diabetes with Lifestyle Intervention or Metformin,Reduction in the Incidence of Type 2 Diabetes with Lifestyle Intervention or Metformin,2002,S62468778,New England Journal of Medicine,18924
publication:W1593442063,publication,W1593442063,Risks and Benefits of Estrogen Plus Progestin in Healthy Postmenopausal Women: Principal Results From the Women's Health Initiative Randomized Controlled Trial,Risks and Benefits of Estrogen Plus Progestin in Healthy Postmenopausal Women: Principal Results From the Women's Health Initiative Randomized Controlled Trial,2002,S172573765,JAMA,15757
publication:W2148143831,publication,W2148143831,SMOTE: Synthetic Minority Over-sampling Technique,SMOTE: Synthetic Minority Over-sampling Technique,2002,S139930977,Journal of Artificial Intelligence Research,30301
publication:W2124637492,publication,W2124637492,Statistical mechanics of complex networks,Statistical mechanics of complex networks,2002,S73260565,Reviews of Modern Physics,20530
publication:W255996521,publication,W255996521,The PyMOL Molecular Graphics System,The PyMOL Molecular Graphics System,2002,S4210197683,Medical Entomology and Zoology,18136
publication:W2145417574,publication,W2145417574,Wireless communications principles and practice,Wireless communications principles and practice,2002,name:без журнала,Без журнала,17559
publication:W2168452204,publication,W2168452204,Wireless sensor networks: a survey,Wireless sensor networks: a survey,2002,S63392143,Computer Networks,17320
publication:W2108244474,publication,W2108244474,A new mathematical model for relative quantification in real-time RT-PCR,A new mathematical model for relative quantification in real-time RT-PCR,2001,S134668137,Nucleic Acids Research,34635
publication:W2107277218,publication,W2107277218,Analysis of Relative Gene Expression Data Using Real-Time Quantitative PCR and the 2−ΔΔCT Method,Analysis of Relative Gene Expression Data Using Real-Time Quantitative PCR and the 2−ΔΔCT Method,2001,S73539393,Methods,179332
publication:W2130354913,publication,W2130354913,Birds of a Feather: Homophily in Social Networks,Birds of a Feather: Homophily in Social Networks,2001,S61274580,Annual Review of Sociology,18387
publication:W2101105183,publication,W2101105183,BLEU,BLEU,2001,name:proceedings of the 40th annual meeting on association for computational linguistics  - acl '02,Proceedings of the 40th Annual Meeting on Association for Computational Linguistics  - ACL '02,21192
publication:W1966910378,publication,W1966910378,Bounds testing approaches to the analysis of level relationships,Bounds testing approaches to the analysis of level relationships,2001,S85739584,Journal of Applied Econometrics,19214
publication:W2124758339,publication,W2124758339,Econometric Analysis of Cross Section and Panel Data,Econometric Analysis of Cross Section and Panel Data,2001,S4306401271,RePEc: Research Papers in Economics,28330
publication:W1539265701,publication,W1539265701,"Educational Research: Planning, Conducting, and Evaluating Quantitative and Qualitative Research","Educational Research: Planning, Conducting, and Evaluating Quantitative and Qualitative Research",2001,name:без журнала,Без журнала,25679
publication:W2099111195,publication,W2099111195,Elements of Information Theory,Elements of Information Theory,2001,name:без журнала,Без журнала,37872
publication:W1866311589,publication,W1866311589,Elliptic Partial Differential Equations of Second Order,Elliptic Partial Differential Equations of Second Order,2001,S4210217276,Classics in mathematics,19291
publication:W4238251256,publication,W4238251256,"Executive Summary of the Third Report of the National Cholesterol Education Program (NCEP) Expert Panel on Detection, Evaluation, and Treatment of High Blood Cholesterol in Adults (Adult Treatment Panel III)","Executive Summary of the Third Report of the National Cholesterol Education Program (NCEP) Expert Panel on Detection, Evaluation, and Treatment of High Blood Cholesterol in Adults (Adult Treatment Panel III)",2001,S172573765,JAMA,25884
publication:W2135732933,publication,W2135732933,Experimental and computational approaches to estimate solubility and permeability in drug discovery and development settings 1PII of original article: S0169-409X(96)00423-1. The article was originally published in Advanced Drug Delivery Reviews 23 (1997) 3–25. 1,Experimental and computational approaches to estimate solubility and permeability in drug discovery and development settings 1PII of original article: S0169-409X(96)00423-1. The article was originally published in Advanced Drug Delivery Reviews 23 (1997) 3–25. 1,2001,S114437232,Advanced Drug Delivery Reviews,17677
publication:W2164059021,publication,W2164059021,Frailty in Older Adults: Evidence for a Phenotype,Frailty in Older Adults: Evidence for a Phenotype,2001,S969433497,The Journals of Gerontology Series A,24070
publication:W1678356000,publication,W1678356000,Greedy function approximation: A gradient boosting machine.,Greedy function approximation: A gradient boosting machine.,2001,S119757635,The Annals of Statistics,28081
publication:W2168909179,publication,W2168909179,Initial sequencing and analysis of the human genome,Initial sequencing and analysis of the human genome,2001,S137773608,Nature,24477
publication:W1949231392,publication,W1949231392,Issues and challenges facing rechargeable lithium batteries,Issues and challenges facing rechargeable lithium batteries,2001,S137773608,Nature,20477
publication:W2161444534,publication,W2161444534,MRBAYES: Bayesian inference of phylogenetic trees,MRBAYES: Bayesian inference of phylogenetic trees,2001,S52395412,Bioinformatics,22074
publication:W2183707334,publication,W2183707334,PAST: PALEONTOLOGICAL STATISTICAL SOFTWARE PACKAGE FOR EDUCATION AND DATA ANALYSIS,PAST: PALEONTOLOGICAL STATISTICAL SOFTWARE PACKAGE FOR EDUCATION AND DATA ANALYSIS,2001,S130519153,Palaeontologia Electronica,18005
publication:W2764347725,publication,W2764347725,Quantum computation and quantum information,Quantum computation and quantum information,2001,S186921487,ACM SIGSOFT Software Engineering Notes,19239
publication:W2911964244,publication,W2911964244,Random Forests,Random Forests,2001,S62148650,Machine Learning,122439
publication:W1480376833,publication,W1480376833,The Elements of Statistical Learning,The Elements of Statistical Learning,2001,S4210187552,Springer series in statistics,24300
publication:W2132322340,publication,W2132322340,The PHQ-9,The PHQ-9,2001,S116608325,Journal of General Internal Medicine,43163
publication:W2122427541,publication,W2122427541,A climbing image nudged elastic band method for finding saddle points and minimum energy paths,A climbing image nudged elastic band method for finding saddle points and minimum energy paths,2000,S77047749,The Journal of Chemical Physics,20759
publication:W2168569455,publication,W2168569455,A Theoretical Extension of the Technology Acceptance Model: Four Longitudinal Field Studies,A Theoretical Extension of the Technology Acceptance Model: Four Longitudinal Field Studies,2000,S33323087,Management Science,21932
publication:W4299689471,publication,W4299689471,Applied Logistic Regression,Applied Logistic Regression,2000,name:без журнала,Без журнала,20168
publication:W2162348455,publication,W2162348455,Biodiversity hotspots for conservation priorities,Biodiversity hotspots for conservation priorities,2000,S137773608,Nature,30885
publication:W1607071030,publication,W1607071030,Boundary-Layer Theory,Boundary-Layer Theory,2000,name:без журнала,Без журнала,16362
publication:W2147264455,publication,W2147264455,Bowling alone: the collapse and revival of American community,Bowling alone: the collapse and revival of American community,2000,S2764375719,Choice Reviews Online,29028
publication:W3196369884,publication,W3196369884,Diagnostic and Statistical Manual of Mental Disorders.,Diagnostic and Statistical Manual of Mental Disorders.,2000,S4306463708,Oxford University Press eBooks,19848
publication:W1573234480,publication,W1573234480,Discovering Statistics Using SPSS,Discovering Statistics Using SPSS,2000,S4210197683,Medical Entomology and Zoology,27797
publication:W2104129218,publication,W2104129218,Establishing a standard definition for child overweight and obesity worldwide: international survey,Establishing a standard definition for child overweight and obesity worldwide: international survey,2000,S192814187,BMJ,16501
publication:W2103017472,publication,W2103017472,Gene Ontology: tool for the unification of biology,Gene Ontology: tool for the unification of biology,2000,S137905309,Nature Genetics,44163
publication:W2098126593,publication,W2098126593,Inference of Population Structure Using Multilocus Genotype Data,Inference of Population Structure Using Multilocus Genotype Data,2000,S65932378,Genetics,34026
publication:W2170899200,publication,W2170899200,Intrinsic and Extrinsic Motivations: Classic Definitions and New Directions,Intrinsic and Extrinsic Motivations: Classic Definitions and New Directions,2000,S64506217,Contemporary Educational Psychology,17895
publication:W4294216483,publication,W4294216483,KEGG: Kyoto Encyclopedia of Genes and Genomes,KEGG: Kyoto Encyclopedia of Genes and Genomes,2000,S134668137,Nucleic Acids Research,38600
publication:W1979423827,publication,W1979423827,Meta-analysis of Observational Studies in Epidemiology&lt;SUBTITLE&gt;A Proposal for Reporting&lt;/SUBTITLE&gt;,Meta-analysis of Observational Studies in Epidemiology&lt;SUBTITLE&gt;A Proposal for Reporting&lt;/SUBTITLE&gt;,2000,S172573765,JAMA,20537
publication:W1505626160,publication,W1505626160,Methods for dilution antimicrobial susceptibility tests for bacteria that grow aerobically,Methods for dilution antimicrobial susceptibility tests for bacteria that grow aerobically,2000,name:без журнала,Без журнала,16888
publication:W2097255042,publication,W2097255042,Molecular portraits of human breast tumours,Molecular portraits of human breast tumours,2000,S137773608,Nature,16213
publication:W2139248078,publication,W2139248078,New Guidelines to Evaluate the Response to Treatment in Solid Tumors,New Guidelines to Evaluate the Response to Treatment in Solid Tumors,2000,S98010888,JNCI Journal of the National Cancer Institute,15695
publication:W2121947440,publication,W2121947440,Normalized cuts and image segmentation,Normalized cuts and image segmentation,2000,S199944782,IEEE Transactions on Pattern Analysis and Machine Intelligence,15635
publication:W2141846678,publication,W2141846678,"Self-determination theory and the facilitation of intrinsic motivation, social development, and well-being.","Self-determination theory and the facilitation of intrinsic motivation, social development, and well-being.",2000,S80146597,American Psychologist,27343
publication:W4242883546,publication,W4242883546,"Self-determination theory and the facilitation of intrinsic motivation, social development, and well-being.","Self-determination theory and the facilitation of intrinsic motivation, social development, and well-being.",2000,S80146597,American Psychologist,33638
publication:W2085491458,publication,W2085491458,Social Capital in the Creation of Human Capital,Social Capital in the Creation of Human Capital,2000,S4306463230,Elsevier eBooks,21836
publication:W2036149274,publication,W2036149274,"Structural equation modeling with AMOS: basic concepts, applications, and programming","Structural equation modeling with AMOS: basic concepts, applications, and programming",2000,name:без журнала,Без журнала,18097
publication:W2122517769,publication,W2122517769,"The ""What"" and ""Why"" of Goal Pursuits: Human Needs and the Self-Determination of Behavior","The ""What"" and ""Why"" of Goal Pursuits: Human Needs and the Self-Determination of Behavior",2000,S16647404,Psychological Inquiry,31119
publication:W2034269086,publication,W2034269086,The Hallmarks of Cancer,The Hallmarks of Cancer,2000,S110447773,Cell,28439
publication:W2130479394,publication,W2130479394,The Protein Data Bank,The Protein Data Bank,2000,S134668137,Nucleic Acids Research,39345
publication:W2063334178,publication,W2063334178,<i>WinGX</i>suite for small-molecule single-crystal crystallography,<i>WinGX</i>suite for small-molecule single-crystal crystallography,1999,S79162954,Journal of Applied Crystallography,18822
publication:W1559903407,publication,W1559903407,[14] Analysis of total phenols and other oxidation substrates and antioxidants by means of folin-ciocalteu reagent,[14] Analysis of total phenols and other oxidation substrates and antioxidants by means of folin-ciocalteu reagent,1999,S182211142,Methods in enzymology on CD-ROM/Methods in enzymology,18246
publication:W2115755118,publication,W2115755118,A Wavelet Tour of Signal Processing,A Wavelet Tour of Signal Processing,1999,S4306463230,Elsevier eBooks,16462
publication:W2012991711,publication,W2012991711,Antioxidant activity applying an improved ABTS radical cation decolorization assay,Antioxidant activity applying an improved ABTS radical cation decolorization assay,1999,S128018148,Free Radical Biology and Medicine,25200
publication:W2324841714,publication,W2324841714,Atherosclerosis — An Inflammatory Disease,Atherosclerosis — An Inflammatory Disease,1999,S62468778,New England Journal of Medicine,21650
publication:W1483247593,publication,W1483247593,BIOEDIT: A USER-FRIENDLY BIOLOGICAL SEQUENCE ALIGNMENT EDITOR AND ANALYSIS PROGRAM FOR WINDOWS 95/98/ NT,BIOEDIT: A USER-FRIENDLY BIOLOGICAL SEQUENCE ALIGNMENT EDITOR AND ANALYSIS PROGRAM FOR WINDOWS 95/98/ NT,1999,S193378857,Nucleic Acids Symposium Series,38716
publication:W1780382453,publication,W1780382453,"Communities of practice learning, meaning, and identity","Communities of practice learning, meaning, and identity",1999,name:без журнала,Без журнала,28557
publication:W2071666535,publication,W2071666535,Cutoff criteria for fit indexes in covariance structure analysis: Conventional criteria versus new alternatives,Cutoff criteria for fit indexes in covariance structure analysis: Conventional criteria versus new alternatives,1999,S78020522,Structural Equation Modeling A Multidisciplinary Journal,103294
publication:W2008620264,publication,W2008620264,Emergence of Scaling in Random Networks,Emergence of Scaling in Random Networks,1999,S3880285,Science,36145
publication:W1979544533,publication,W1979544533,From ultrasoft pseudopotentials to the projector augmented-wave method,From ultrasoft pseudopotentials to the projector augmented-wave method,1999,S4210174675,"Physical review. B, Condensed matter",82015
publication:W2159482845,publication,W2159482845,KEGG: Kyoto Encyclopedia of Genes and Genomes,KEGG: Kyoto Encyclopedia of Genes and Genomes,1999,S134668137,Nucleic Acids Research,32360
publication:W2561675875,publication,W2561675875,Lecture Notes in Computer Science 1205,Lecture Notes in Computer Science 1205,1999,S166948985,Industrial Robot the international journal of robotics research and application,38730
publication:W1853767801,publication,W1853767801,Measurements of Ω and Λ from 42 High‐Redshift Supernovae,Measurements of Ω and Λ from 42 High‐Redshift Supernovae,1999,S1980519,The Astrophysical Journal,17763
publication:W2159999899,publication,W2159999899,Multilineage Potential of Adult Human Mesenchymal Stem Cells,Multilineage Potential of Adult Human Mesenchymal Stem Cells,1999,S3880285,Science,20999
publication:W2124386111,publication,W2124386111,Object recognition from local scale-invariant features,Object recognition from local scale-invariant features,1999,name:proceedings of the seventh ieee international conference on computer vision,Proceedings of the Seventh IEEE International Conference on Computer Vision,16144
publication:W2129995310,publication,W2129995310,Principles of Fluorescence Spectroscopy,Principles of Fluorescence Spectroscopy,1999,name:без журнала,Без журнала,26999
publication:W1666853924,publication,W1666853924,Principles of Optics,Principles of Optics,1999,S4306462995,Cambridge University Press eBooks,18841
publication:W2112017750,publication,W2112017750,Pseudo-second order model for sorption processes,Pseudo-second order model for sorption processes,1999,S173499201,Process Biochemistry,16920
publication:W1562208008,publication,W1562208008,Self-Efficacy: The Exercise of Control,Self-Efficacy: The Exercise of Control,1999,S18971317,Journal of Cognitive Psychotherapy,40832
publication:W2148603752,publication,W2148603752,Statistical Learning Theory,Statistical Learning Theory,1999,S985303,Technometrics,26954
publication:W2008423326,publication,W2008423326,Toward reliable density functional methods without adjustable parameters: The PBE0 model,Toward reliable density functional methods without adjustable parameters: The PBE0 model,1999,S77047749,The Journal of Chemical Physics,18543
publication:W2116122104,publication,W2116122104,<b>Floral dip: a simplified method for</b><i><b>Agrobacterium</b></i><b>‐mediated transformation of</b><i><b>Arabidopsis thaliana</b></i>,<b>Floral dip: a simplified method for</b><i><b>Agrobacterium</b></i><b>‐mediated transformation of</b><i><b>Arabidopsis thaliana</b></i>,1998,S67862205,The Plant Journal,22261
publication:W2139212933,publication,W2139212933,A Tutorial on Support Vector Machines for Pattern Recognition,A Tutorial on Support Vector Machines for Pattern Recognition,1998,S121920818,Data Mining and Knowledge Discovery,16375
publication:W1672766972,publication,W1672766972,Absorption and Scattering of Light by Small Particles,Absorption and Scattering of Light by Small Particles,1998,name:без журнала,Без журнала,18597
publication:W1658908529,publication,W1658908529,Basics of qualitative research : techniques and procedures for developing grounded theory,Basics of qualitative research : techniques and procedures for developing grounded theory,1998,S4306463867,Sage eBooks,38914
publication:W2150926065,publication,W2150926065,Cluster analysis and display of genome-wide expression patterns,Cluster analysis and display of genome-wide expression patterns,1998,S125754415,Proceedings of the National Academy of Sciences,16372
publication:W2112090702,publication,W2112090702,Collective dynamics of ‘small-world’ networks,Collective dynamics of ‘small-world’ networks,1998,S137773608,Nature,42864
publication:W4210702550,publication,W4210702550,Communities of Practice,Communities of Practice,1998,S4306462995,Cambridge University Press eBooks,21558
publication:W1487923163,publication,W1487923163,Crop evapotranspiration : guidelines for computing crop water requirements,Crop evapotranspiration : guidelines for computing crop water requirements,1998,name:без журнала,Без журнала,20480
publication:W1995017064,publication,W1995017064,Crystallography &amp; NMR System: A New Software Suite for Macromolecular Structure Determination,Crystallography &amp; NMR System: A New Software Suite for Macromolecular Structure Determination,1998,S114502960,Acta Crystallographica Section D Biological Crystallography,15775
publication:W2086943348,publication,W2086943348,Embryonic Stem Cell Lines Derived from Human Blastocysts,Embryonic Stem Cell Lines Derived from Human Blastocysts,1998,S3880285,Science,15858
publication:W2112796928,publication,W2112796928,Gradient-based learning applied to document recognition,Gradient-based learning applied to document recognition,1998,S68686220,Proceedings of the IEEE,57337
publication:W2058815839,publication,W2058815839,Information Theory and an Extension of the Maximum Likelihood Principle,Information Theory and an Extension of the Maximum Likelihood Principle,1998,S4210187552,Springer series in statistics,17991
publication:W3121403162,publication,W3121403162,Initial conditions and moment restrictions in dynamic panel data models,Initial conditions and moment restrictions in dynamic panel data models,1998,S127742747,Journal of Econometrics,21308
publication:W2337454357,publication,W2337454357,Intensive blood-glucose control with sulphonylureas or insulin compared with conventional treatment and risk of complications in patients with type 2 diabetes (UKPDS 33),Intensive blood-glucose control with sulphonylureas or insulin compared with conventional treatment and risk of complications in patients with type 2 diabetes (UKPDS 33),1998,S49861241,The Lancet,20004
publication:W3121759882,publication,W3121759882,Law and Finance,Law and Finance,1998,S95323914,Journal of Political Economy,17964
publication:W2082928585,publication,W2082928585,MODELTEST: testing the model of DNA substitution.,MODELTEST: testing the model of DNA substitution.,1998,S52395412,Bioinformatics,20070
publication:W2004038836,publication,W2004038836,Modernity at Large: Cultural Dimensions of Globalization.,Modernity at Large: Cultural Dimensions of Globalization.,1998,S90857023,International Migration Review,18238
publication:W2124776405,publication,W2124776405,Neural Networks: A Comprehensive Foundation,Neural Networks: A Comprehensive Foundation,1998,name:без журнала,Без журнала,29833
publication:W2073832139,publication,W2073832139,Observational Evidence from Supernovae for an Accelerating Universe and a Cosmological Constant,Observational Evidence from Supernovae for an Accelerating Universe and a Cosmological Constant,1998,S100695177,The Astronomical Journal,19261
publication:W2028954902,publication,W2028954902,Qualitative inquiry and research design: choosing among five traditions.,Qualitative inquiry and research design: choosing among five traditions.,1998,name:без журнала,Без журнала,18675
publication:W1590154464,publication,W1590154464,Qualitative research and case study applications in education,Qualitative research and case study applications in education,1998,S4210197683,Medical Entomology and Zoology,18487
publication:W4214717370,publication,W4214717370,Reinforcement Learning: An Introduction,Reinforcement Learning: An Introduction,1998,S42080949,IEEE Transactions on Neural Networks,26897
publication:W2116839388,publication,W2116839388,Relationship of Childhood Abuse and Household Dysfunction to Many of the Leading Causes of Death in Adults,Relationship of Childhood Abuse and Household Dysfunction to Many of the Leading Causes of Death in Adults,1998,S195759676,American Journal of Preventive Medicine,18065
publication:W2066636486,publication,W2066636486,The anatomy of a large-scale hypertextual Web search engine,The anatomy of a large-scale hypertextual Web search engine,1998,S3084184,Computer Networks and ISDN Systems,15951
publication:W2007221293,publication,W2007221293,The empirical mode decomposition and the Hilbert spectrum for nonlinear and non-stationary time series analysis,The empirical mode decomposition and the Hilbert spectrum for nonlinear and non-stationary time series analysis,1998,S3006183880,Proceedings of the Royal Society A Mathematical Physical and Engineering Sciences,23080
publication:W3171418018,publication,W3171418018,The Mini-International Neuropsychiatric Interview (M.I.N.I.): the development and validation of a structured diagnostic psychiatric interview for DSM-IV and ICD-10,The Mini-International Neuropsychiatric Interview (M.I.N.I.): the development and validation of a structured diagnostic psychiatric interview for DSM-IV and ICD-10,1998,S17992710,The Journal of Clinical Psychiatry,19372
publication:W1999130958,publication,W1999130958,The National Comprehensive Cancer Network,The National Comprehensive Cancer Network,1998,S126033908,Cancer,16869
publication:W2059020082,publication,W2059020082,<i>ORTEP</i>-3 for Windows - a version of<i>ORTEP</i>-III with a Graphical User Interface (GUI),<i>ORTEP</i>-3 for Windows - a version of<i>ORTEP</i>-III with a Graphical User Interface (GUI),1997,S79162954,Journal of Applied Crystallography,19885
publication:W1539796472,publication,W1539796472,[20] Processing of X-ray diffraction data collected in oscillation mode,[20] Processing of X-ray diffraction data collected in oscillation mode,1997,S182211142,Methods in enzymology on CD-ROM/Methods in enzymology,33551
publication:W1988790447,publication,W1988790447,A Decision-Theoretic Generalization of On-Line Learning and an Application to Boosting,A Decision-Theoretic Generalization of On-Line Learning and an Application to Boosting,1997,S141020589,Journal of Computer and System Sciences,20077
publication:W3121693921,publication,W3121693921,A Survey of Corporate Governance,A Survey of Corporate Governance,1997,S5353659,The Journal of Finance,16107
publication:W1981276685,publication,W1981276685,Advances in neural information processing systems 7,Advances in neural information processing systems 7,1997,S45693802,Neurocomputing,22300
publication:W2157823046,publication,W2157823046,"Bias in meta-analysis detected by a simple, graphical test","Bias in meta-analysis detected by a simple, graphical test",1997,S192814187,BMJ,55447
publication:W1595159159,publication,W1595159159,Differential Evolution – A Simple and Efficient Heuristic for global Optimization over Continuous Spaces,Differential Evolution – A Simple and Efficient Heuristic for global Optimization over Continuous Spaces,1997,S115925768,Journal of Global Optimization,28300
publication:W2123709218,publication,W2123709218,Dynamic capabilities and strategic management,Dynamic capabilities and strategic management,1997,S102949365,Strategic Management Journal,30729
publication:W2158714788,publication,W2158714788,Gapped BLAST and PSI-BLAST: a new generation of protein database search programs,Gapped BLAST and PSI-BLAST: a new generation of protein database search programs,1997,S134668137,Nucleic Acids Research,74235
publication:W2128572087,publication,W2128572087,LINCS: A linear constraint solver for molecular simulations,LINCS: A linear constraint solver for molecular simulations,1997,S21117631,Journal of Computational Chemistry,16864
publication:W2064675550,publication,W2064675550,Long Short-Term Memory,Long Short-Term Memory,1997,S207023548,Neural Computation,95816
publication:W1964184380,publication,W1964184380,Mutation of the mouse klotho gene leads to a syndrome resembling ageing.,Mutation of the mouse klotho gene leads to a syndrome resembling ageing.,1997,S4306525036,PubMed,66556
publication:W2136120210,publication,W2136120210,On Persistence in Mutual Fund Performance,On Persistence in Mutual Fund Performance,1997,S5353659,The Journal of Finance,16859
publication:W4293586167,publication,W4293586167,Self-efficacy: the exercise of control,Self-efficacy: the exercise of control,1997,S2764375719,Choice Reviews Online,24440
publication:W2097382368,publication,W2097382368,The CLUSTAL_X windows interface: flexible strategies for multiple sequence alignment aided by quality analysis tools,The CLUSTAL_X windows interface: flexible strategies for multiple sequence alignment aided by quality analysis tools,1997,S134668137,Nucleic Acids Research,39153
publication:W4294214781,publication,W4294214781,The Psychophysics Toolbox,The Psychophysics Toolbox,1997,S5152312,Spatial Vision,19924
publication:W2746485780,publication,W2746485780,The value of the world's ecosystem services and natural capital,The value of the world's ecosystem services and natural capital,1997,S137773608,Nature,21742
publication:W2172151487,publication,W2172151487,A 12-Item Short-Form Health Survey,A 12-Item Short-Form Health Survey,1996,S79233773,Medical Care,16974
publication:W1673310716,publication,W1673310716,A density-based algorithm for discovering clusters in large spatial Databases with Noise,A density-based algorithm for discovering clusters in large spatial Databases with Noise,1996,name:http://www2.cs.uh.edu/~ceick/7363/papers/dbscan.pdf,http://www2.cs.uh.edu/~ceick/7363/Papers/dbscan.pdf,19132
publication:W1986215651,publication,W1986215651,Assessing the quality of reports of randomized clinical trials: Is blinding necessary?,Assessing the quality of reports of randomized clinical trials: Is blinding necessary?,1996,S84962792,Controlled Clinical Trials,17653
publication:W4212883601,publication,W4212883601,Bagging predictors,Bagging predictors,1996,S62148650,Machine Learning,16306
publication:W2912934387,publication,W2912934387,Bagging Predictors,Bagging Predictors,1996,S62148650,Machine Learning,16776
publication:W4229954146,publication,W4229954146,Biostatistical Analysis,Biostatistical Analysis,1996,S35917800,Ecology,35449
publication:W2007395042,publication,W2007395042,Efficiency of ab-initio total energy calculations for metals and semiconductors using a plane-wave basis set,Efficiency of ab-initio total energy calculations for metals and semiconductors using a plane-wave basis set,1996,S26018076,Computational Materials Science,73268
publication:W2083222334,publication,W2083222334,Efficient iterative schemes for<i>ab initio</i>total-energy calculations using a plane-wave basis set,Efficient iterative schemes for<i>ab initio</i>total-energy calculations using a plane-wave basis set,1996,S4210174675,"Physical review. B, Condensed matter",118184
publication:W2106952837,publication,W2106952837,Evidence based medicine: what it is and what it isn't,Evidence based medicine: what it is and what it isn't,1996,S192814187,BMJ,15573
publication:W2912565176,publication,W2912565176,Fuzzy sets,Fuzzy sets,1996,name:без журнала,Без журнала,47146
publication:W1981368803,publication,W1981368803,Generalized Gradient Approximation Made Simple,Generalized Gradient Approximation Made Simple,1996,S24807848,Physical Review Letters,207479
publication:W2285072859,publication,W2285072859,Heart Rate Variability,Heart Rate Variability,1996,S116251202,Circulation,16789
publication:W2135046866,publication,W2135046866,Regression Shrinkage and Selection Via the Lasso,Regression Shrinkage and Selection Via the Lasso,1996,S145009937,Journal of the Royal Statistical Society Series B (Statistical Methodology),51088
publication:W201578715,publication,W201578715,Sensemaking in Organizations,Sensemaking in Organizations,1996,S46763546,Academy of Management Review,15788
publication:W2056330418,publication,W2056330418,The Art of Case Study Research,The Art of Case Study Research,1996,S72851247,Modern Language Journal,15927
publication:W2165292984,publication,W2165292984,The Ferric Reducing Ability of Plasma (FRAP) as a Measure of “Antioxidant Power”: The FRAP Assay,The Ferric Reducing Ability of Plasma (FRAP) as a Measure of “Antioxidant Power”: The FRAP Assay,1996,S7858788,Analytical Biochemistry,22179
publication:W2173251738,publication,W2173251738,The NCEP/NCAR 40-Year Reanalysis Project,The NCEP/NCAR 40-Year Reanalysis Project,1996,S140302479,Bulletin of the American Meteorological Society,29060
publication:W2029667189,publication,W2029667189,VMD: Visual molecular dynamics,VMD: Visual molecular dynamics,1996,S162544196,Journal of Molecular Graphics,65236
publication:W2035687084,publication,W2035687084,A smooth particle mesh Ewald method,A smooth particle mesh Ewald method,1995,S77047749,The Journal of Chemical Physics,22595
publication:W2035554302,publication,W2035554302,Another look at the instrumental variable estimation of error-components models,Another look at the instrumental variable estimation of error-components models,1995,S127742747,Journal of Econometrics,19285
publication:W2122410182,publication,W2122410182,Artificial intelligence: a modern approach,Artificial intelligence: a modern approach,1995,S2764375719,Choice Reviews Online,22244
publication:W2110065044,publication,W2110065044,Controlling the False Discovery Rate: A Practical and Powerful Approach to Multiple Testing,Controlling the False Discovery Rate: A Practical and Powerful Approach to Multiple Testing,1995,S145009937,Journal of the Royal Statistical Society Series B (Statistical Methodology),107052
publication:W2110540540,publication,W2110540540,Environmental Applications of Semiconductor Photocatalysis,Environmental Applications of Semiconductor Photocatalysis,1995,S41143188,Chemical Reviews,18231
publication:W2019465613,publication,W2019465613,Fast Parallel Algorithms for Short-Range Molecular Dynamics,Fast Parallel Algorithms for Short-Range Molecular Dynamics,1995,S148709879,Journal of Computational Physics,44075
publication:W3089485186,publication,W3089485186,Handbook of X-Ray Photoelectron Spectroscopy,Handbook of X-Ray Photoelectron Spectroscopy,1995,S4210197683,Medical Entomology and Zoology,23688
publication:W1542649433,publication,W1542649433,Mineral Nutrition of Higher Plants,Mineral Nutrition of Higher Plants,1995,S4306463230,Elsevier eBooks,19283
publication:W2169821755,publication,W2169821755,NMRPipe: A multidimensional spectral processing system based on UNIX pipes,NMRPipe: A multidimensional spectral processing system based on UNIX pipes,1995,S181390377,Journal of Biomolecular NMR,16264
publication:W1575147392,publication,W1575147392,Perturbation Theory for Linear Operators,Perturbation Theory for Linear Operators,1995,S4210217276,Classics in mathematics,16678
publication:W2119821739,publication,W2119821739,Support-Vector Networks,Support-Vector Networks,1995,S62148650,Machine Learning,32352
publication:W4239510810,publication,W4239510810,Support-vector networks,Support-vector networks,1995,S62148650,Machine Learning,40100
publication:W4388147587,publication,W4388147587,The Knowledge-Creating Company,The Knowledge-Creating Company,1995,name:без журнала,Без журнала,17160
publication:W2156909104,publication,W2156909104,The Nature of Statistical Learning Theory,The Nature of Statistical Learning Theory,1995,name:без журнала,Без журнала,39181
publication:W2081155210,publication,W2081155210,The need to belong: Desire for interpersonal attachments as a fundamental human motivation.,The need to belong: Desire for interpersonal attachments as a fundamental human motivation.,1995,S75627607,Psychological Bulletin,21189
publication:W2065853716,publication,W2065853716,Use of a free radical method to evaluate antioxidant activity,Use of a free radical method to evaluate antioxidant activity,1995,S26760650,LWT,24852
publication:W2087698390,publication,W2087698390,<i>Ab initio</i>molecular-dynamics simulation of the liquid-metal–amorphous-semiconductor transition in germanium,<i>Ab initio</i>molecular-dynamics simulation of the liquid-metal–amorphous-semiconductor transition in germanium,1994,S4210174675,"Physical review. B, Condensed matter",22296
publication:W2132454116,publication,W2132454116,A Dynamic Theory of Organizational Knowledge Creation,A Dynamic Theory of Organizational Knowledge Creation,1994,S206124708,Organization Science,17427
publication:W2148284063,publication,W2148284063,Ab Initio Calculation of Vibrational Absorption and Circular Dichroism Spectra Using Density Functional Force Fields,Ab Initio Calculation of Vibrational Absorption and Circular Dichroism Spectra Using Density Functional Force Fields,1994,S24459064,The Journal of Physical Chemistry,22765
publication:W1995945562,publication,W1995945562,An Introduction to the Bootstrap,An Introduction to the Bootstrap,1994,name:без журнала,Без журнала,39560
publication:W2106882534,publication,W2106882534,"CLUSTAL W: improving the sensitivity of progressive multiple sequence alignment through sequence weighting, position-specific gap penalties and weight matrix choice","CLUSTAL W: improving the sensitivity of progressive multiple sequence alignment through sequence weighting, position-specific gap penalties and weight matrix choice",1994,S134668137,Nucleic Acids Research,64714
publication:W1649645444,publication,W1649645444,Design Patterns: Elements of Reusable Object-Oriented Software,Design Patterns: Elements of Reusable Object-Oriented Software,1994,name:без журнала,Без журнала,21917
publication:W2033952602,publication,W2033952602,Handbook of Qualitative Research,Handbook of Qualitative Research,1994,S93528005,British Journal of Educational Studies,26718
publication:W4297081765,publication,W4297081765,Harvard business review,Harvard business review,1994,S150273397,Journal of the American Dietetic Association,46511
publication:W3210839039,publication,W3210839039,Linear Matrix Inequalities in System and Control Theory,Linear Matrix Inequalities in System and Control Theory,1994,S4306463922,Society for Industrial and Applied Mathematics eBooks,21454
publication:W1554663460,publication,W1554663460,Neural networks for pattern recognition,Neural networks for pattern recognition,1994,S2764375719,Choice Reviews Online,18723
publication:W1964435302,publication,W1964435302,Operating Characteristics of a Rank Correlation Test for Publication Bias,Operating Characteristics of a Rank Correlation Test for Publication Bias,1994,S8265502,Biometrics,16867
publication:W1763243278,publication,W1763243278,Power System Stability and Control,Power System Stability and Control,1994,name:без журнала,Без журнала,19584
publication:W1970127494,publication,W1970127494,Projector augmented-wave method,Projector augmented-wave method,1994,S4210174675,"Physical review. B, Condensed matter",89026
publication:W1556808170,publication,W1556808170,Qualitative Data Analysis: An Expanded Sourcebook,Qualitative Data Analysis: An Expanded Sourcebook,1994,S32271328,Journal of Environmental Psychology,45613
publication:W1714723801,publication,W1714723801,"Research Design: Qualitative, Quantitative, and Mixed Methods Approaches","Research Design: Qualitative, Quantitative, and Mixed Methods Approaches",1994,name:без журнала,Без журнала,35407
publication:W2116199508,publication,W2116199508,Situated Learning: Legitimate Peripheral Participation.,Situated Learning: Legitimate Peripheral Participation.,1994,S4210196053,Man,39796
publication:W950821216,publication,W950821216,Social Network Analysis,Social Network Analysis,1994,S4306462995,Cambridge University Press eBooks,16886
publication:W2061901927,publication,W2061901927,Social network analysis methods and applications,Social network analysis methods and applications,1994,name:без журнала,Без журнала,18182
publication:W2001641653,publication,W2001641653,The CCP4 suite: programs for protein crystallography,The CCP4 suite: programs for protein crystallography,1994,S114502960,Acta Crystallographica Section D Biological Crystallography,17296
publication:W2137247419,publication,W2137247419,The Commitment-Trust Theory of Relationship Marketing,The Commitment-Trust Theory of Relationship Marketing,1994,S142990027,Journal of Marketing,17415
publication:W1984314602,publication,W1984314602,"The magical number seven, plus or minus two: Some limits on our capacity for processing information.","The magical number seven, plus or minus two: Some limits on our capacity for processing information.",1994,S35223124,Psychological Review,17296
publication:W1974097079,publication,W1974097079,Two-equation eddy-viscosity turbulence models for engineering applications,Two-equation eddy-viscosity turbulence models for engineering applications,1994,S53336109,AIAA Journal,20237
publication:W2079105963,publication,W2079105963,<i>Ab initio</i>molecular dynamics for liquid metals,<i>Ab initio</i>molecular dynamics for liquid metals,1993,S4210174675,"Physical review. B, Condensed matter",44224
publication:W1982356449,publication,W1982356449,A new mixing of Hartree–Fock and local density-functional theories,A new mixing of Hartree–Fock and local density-functional theories,1993,S77047749,The Journal of Chemical Physics,16331
publication:W3106889297,publication,W3106889297,An Introduction to the Bootstrap,An Introduction to the Bootstrap,1993,name:без журнала,Без журнала,20634
publication:W2019207321,publication,W2019207321,ANFIS: adaptive-network-based fuzzy inference system,ANFIS: adaptive-network-based fuzzy inference system,1993,S76152103,IEEE Transactions on Systems Man and Cybernetics,16037
publication:W2329223578,publication,W2329223578,Basics of Qualitative Research: Grounded Theory Procedures and Techniques,Basics of Qualitative Research: Grounded Theory Procedures and Techniques,1993,S72851247,Modern Language Journal,17725
publication:W1995834279,publication,W1995834279,Common risk factors in the returns on stocks and bonds,Common risk factors in the returns on stocks and bonds,1993,S149240962,Journal of Financial Economics,27439
publication:W2140918013,publication,W2140918013,Cultures and Organizations: Software of the Mind.,Cultures and Organizations: Software of the Mind.,1993,S143668711,Administrative Science Quarterly,17876
publication:W2143981217,publication,W2143981217,Density-functional thermochemistry. III. The role of exact exchange,Density-functional thermochemistry. III. The role of exact exchange,1993,S77047749,The Journal of Chemical Physics,101819
publication:W1998866028,publication,W1998866028,"Erratum: Atoms, molecules, solids, and surfaces: Applications of the generalized gradient approximation for exchange and correlation","Erratum: Atoms, molecules, solids, and surfaces: Applications of the generalized gradient approximation for exchange and correlation",1993,S4210174675,"Physical review. B, Condensed matter",17121
publication:W2022950330,publication,W2022950330,General atomic and molecular electronic structure system,General atomic and molecular electronic structure system,1993,S21117631,Journal of Computational Chemistry,20143
publication:W4301377693,publication,W4301377693,Harvard business review,Harvard business review,1993,S150273397,Journal of the American Dietetic Association,18342
publication:W2324392187,publication,W2324392187,Hierarchical Linear Models: Applications and Data Analysis Methods.,Hierarchical Linear Models: Applications and Data Analysis Methods.,1993,S4789869,Contemporary Sociology A Journal of Reviews,18859
publication:W2432517183,publication,W2432517183,Numerical recipes in C: the art of scientific computing,Numerical recipes in C: the art of scientific computing,1993,S2764375719,Choice Reviews Online,18115
publication:W3124872368,publication,W3124872368,Organizational culture and leadership,Organizational culture and leadership,1993,S9435936,Long Range Planning,16606
publication:W2067174909,publication,W2067174909,Particle mesh Ewald: An <i>N</i>⋅log(<i>N</i>) method for Ewald sums in large systems,Particle mesh Ewald: An <i>N</i>⋅log(<i>N</i>) method for Ewald sums in large systems,1993,S77047749,The Journal of Chemical Physics,30225
publication:W1986191025,publication,W1986191025,PROCHECK: a program to check the stereochemical quality of protein structures,PROCHECK: a program to check the stereochemical quality of protein structures,1993,S79162954,Journal of Applied Crystallography,24512
publication:W1820801730,publication,W1820801730,Research methods for business: A skill building approach,Research methods for business: A skill building approach,1993,S9435936,Long Range Planning,17078
publication:W2118310760,publication,W2118310760,"Summary of the Second Report of the National Cholesterol Education Program (NCEP) Expert Panel on Detection, Evaluation, and Treatment of High Blood Cholesterol in Adults (Adult Treatment Panel II)","Summary of the Second Report of the National Cholesterol Education Program (NCEP) Expert Panel on Detection, Evaluation, and Treatment of High Blood Cholesterol in Adults (Adult Treatment Panel II)",1993,S172573765,JAMA,27891
publication:W2769264260,publication,W2769264260,The Effect of Intensive Treatment of Diabetes on the Development and Progression of Long-Term Complications in Insulin-Dependent Diabetes Mellitus,The Effect of Intensive Treatment of Diabetes on the Development and Progression of Long-Term Complications in Insulin-Dependent Diabetes Mellitus,1993,S62468778,New England Journal of Medicine,24631
publication:W2167571044,publication,W2167571044,The European Organization for Research and Treatment of Cancer QLQ-C30: A Quality-of-Life Instrument for Use in International Clinical Trials in Oncology,The European Organization for Research and Treatment of Cancer QLQ-C30: A Quality-of-Life Instrument for Use in International Clinical Trials in Oncology,1993,S98010888,JNCI Journal of the National Cancer Institute,15770
publication:W2049981393,publication,W2049981393,A method for registration of 3-D shapes,A method for registration of 3-D shapes,1992,S199944782,IEEE Transactions on Pattern Analysis and Machine Intelligence,17886
publication:W2037557484,publication,W2037557484,A power primer.,A power primer.,1992,S75627607,Psychological Bulletin,41724
publication:W2049079467,publication,W2049079467,Accurate and simple analytic representation of the electron-gas correlation energy,Accurate and simple analytic representation of the electron-gas correlation energy,1992,S4210174675,"Physical review. B, Condensed matter",24797
publication:W1497256448,publication,W1497256448,Adaptation in Natural and Artificial Systems,Adaptation in Natural and Artificial Systems,1992,S4306463997,The MIT Press eBooks,35555
publication:W1992193527,publication,W1992193527,Alternative Ways of Assessing Model Fit,Alternative Ways of Assessing Model Fit,1992,S9536269,Sociological Methods & Research,25015
publication:W1513281941,publication,W1513281941,American economic review,American economic review,1992,S39841227,International Journal of Forecasting,16276
publication:W2086933933,publication,W2086933933,An improved technique for determining hardness and elastic modulus using load and displacement sensing indentation experiments,An improved technique for determining hardness and elastic modulus using load and displacement sensing indentation experiments,1992,S19730638,Journal of materials research/Pratt's guide to venture capital sources,26330
publication:W3206606417,publication,W3206606417,"Atoms, molecules, solids, and surfaces: Applications of the generalized gradient approximation for exchange and correlation","Atoms, molecules, solids, and surfaces: Applications of the generalized gradient approximation for exchange and correlation",1992,S4210174675,"Physical review. B, Condensed matter",21871
publication:W3022607203,publication,W3022607203,Basics of Qualitative Research,Basics of Qualitative Research,1992,S119950638,Journal of Marketing Research,17942
publication:W2000117884,publication,W2000117884,Basics of Qualitative Research: Grounded Theory Procedures and Techniques.,Basics of Qualitative Research: Grounded Theory Procedures and Techniques.,1992,S4789869,Contemporary Sociology A Journal of Reviews,29438
publication:W2005061283,publication,W2005061283,"Black Feminist Thought: Knowledge, Consciousness, and the Politics of Empowerment.","Black Feminist Thought: Knowledge, Consciousness, and the Politics of Empowerment.",1992,S4789869,Contemporary Sociology A Journal of Reviews,19557
publication:W2125055259,publication,W2125055259,C4.5: Programs for Machine Learning,C4.5: Programs for Machine Learning,1992,name:без журнала,Без журнала,23694
publication:W2175723801,publication,W2175723801,Governing the Commons: The Evolution of Institutions for Collective Action,Governing the Commons: The Evolution of Institutions for Collective Action,1992,S149285975,Land Economics,19144
publication:W2148534890,publication,W2148534890,Inference from Iterative Simulation Using Multiple Sequences,Inference from Iterative Simulation Using Multiple Sequences,1992,S12967704,Statistical Science,16552
publication:W2797247465,publication,W2797247465,Multiple regression: testing and interpreting interactions,Multiple regression: testing and interpreting interactions,1992,S2764375719,Choice Reviews Online,37153
publication:W1979300931,publication,W1979300931,Nonparametric Estimation from Incomplete Observations,Nonparametric Estimation from Incomplete Observations,1992,S4210187552,Springer series in statistics,45542
publication:W2042602209,publication,W2042602209,Ordered mesoporous molecular sieves synthesized by a liquid-crystal template mechanism,Ordered mesoporous molecular sieves synthesized by a liquid-crystal template mechanism,1992,S137773608,Nature,16095
publication:W1580788756,publication,W1580788756,Regression Models and Life-Tables,Regression Models and Life-Tables,1992,S4210187552,Springer series in statistics,26650
publication:W2037377025,publication,W2037377025,The MOS 36-item short-form health survey (SF-36). I. Conceptual framework and item selection.,The MOS 36-item short-form health survey (SF-36). I. Conceptual framework and item selection.,1992,S4306525036,PubMed,33986
publication:W4292806894,publication,W4292806894,The MOS 36-ltem Short-Form Health Survey (SF-36),The MOS 36-ltem Short-Form Health Survey (SF-36),1992,S79233773,Medical Care,29531
publication:W1980216394,publication,W1980216394,"A low-cost, high-efficiency solar cell based on dye-sensitized colloidal TiO2 films","A low-cost, high-efficiency solar cell based on dye-sensitized colloidal TiO2 films",1991,S137773608,Nature,28314
publication:W197066864,publication,W197066864,A New Method for Measuring Daytime Sleepiness: The Epworth Sleepiness Scale,A New Method for Measuring Daytime Sleepiness: The Epworth Sleepiness Scale,1991,S42921845,SLEEP,17009
publication:W1487127700,publication,W1487127700,Applied Nonlinear Control,Applied Nonlinear Control,1991,S4306402195,CERN Document Server (European Organization for Nuclear Research),18992
publication:W2006479099,publication,W2006479099,Case Study Research: Design and Methods,Case Study Research: Design and Methods,1991,S13566964,The Journal of Nervous and Mental Disease,39927
publication:W2097780989,publication,W2097780989,"Culture and the self: Implications for cognition, emotion, and motivation.","Culture and the self: Implications for cognition, emotion, and motivation.",1991,S35223124,Psychological Review,20575
publication:W2045596260,publication,W2045596260,Efficient pseudopotentials for plane-wave calculations,Efficient pseudopotentials for plane-wave calculations,1991,S4210174675,"Physical review. B, Condensed matter",16053
publication:W2164284962,publication,W2164284962,Exploration and Exploitation in Organizational Learning,Exploration and Exploitation in Organizational Learning,1991,S206124708,Organization Science,21066
publication:W3124536214,publication,W3124536214,Firm Resources and Sustained Competitive Advantage,Firm Resources and Sustained Competitive Advantage,1991,S122767448,Journal of Management,44449
publication:W2010094123,publication,W2010094123,Free radicals in biology and medicine,Free radicals in biology and medicine,1991,S3961818,General Pharmacology The Vascular System,17239
publication:W2038600245,publication,W2038600245,Gender Trouble: Feminism and the Subversion of Identity,Gender Trouble: Feminism and the Subversion of Identity,1991,S47042909,Feminist Review,28048
publication:W2018858346,publication,W2018858346,Helical microtubules of graphitic carbon,Helical microtubules of graphitic carbon,1991,S137773608,Nature,42644
publication:W3121147769,publication,W3121147769,"Institutions, Institutional Change and Economic Performance","Institutions, Institutional Change and Economic Performance",1991,S16296580,Southern Economic Journal,25318
publication:W2752885492,publication,W2752885492,Introduction to Algorithms,Introduction to Algorithms,1991,S169988927,Journal of the Operational Research Society,17031
publication:W2337002970,publication,W2337002970,"Mapping the Margins: Intersectionality, Identity Politics, and Violence against Women of Color","Mapping the Margins: Intersectionality, Identity Politics, and Violence against Women of Color",1991,S161743634,Stanford Law Review,27644
publication:W1997087247,publication,W1997087247,"Methods for Dietary Fiber, Neutral Detergent Fiber, and Nonstarch Polysaccharides in Relation to Animal Nutrition","Methods for Dietary Fiber, Neutral Detergent Fiber, and Nonstarch Polysaccharides in Relation to Animal Nutrition",1991,S28349394,Journal of Dairy Science,27840
publication:W2052742260,publication,W2052742260,Neuropathological stageing of Alzheimer-related changes,Neuropathological stageing of Alzheimer-related changes,1991,S198620474,Acta Neuropathologica,16140
publication:W4245961435,publication,W4245961435,Situated Learning,Situated Learning,1991,S4306462995,Cambridge University Press eBooks,31471
publication:W2025610165,publication,W2025610165,Some Tests of Specification for Panel Data: Monte Carlo Evidence and an Application to Employment Equations,Some Tests of Specification for Panel Data: Monte Carlo Evidence and an Application to Employment Equations,1991,S88935262,The Review of Economic Studies,32395
publication:W2059334100,publication,W2059334100,Structural Equations with Latent Variables.,Structural Equations with Latent Variables.,1991,S4789869,Contemporary Sociology A Journal of Reviews,17615
publication:W2013386523,publication,W2013386523,The Competitive Advantage of Nations,The Competitive Advantage of Nations,1991,S142990027,Journal of Marketing,17696
publication:W2101157755,publication,W2101157755,"The fifth discipline, the art and practice of the learning organization","The fifth discipline, the art and practice of the learning organization",1991,S4210199927,Performance + Instruction,20167
publication:W2099697766,publication,W2099697766,The theory of planned behavior,The theory of planned behavior,1991,S64744539,Organizational Behavior and Human Decision Processes,82805
publication:W2108795964,publication,W2108795964,Absorptive Capacity: A New Perspective on Learning and Innovation,Absorptive Capacity: A New Perspective on Learning and Innovation,1990,S143668711,Administrative Science Quarterly,34098
publication:W2120644786,publication,W2120644786,AMPLIFICATION AND DIRECT SEQUENCING OF FUNGAL RIBOSOMAL RNA GENES FOR PHYLOGENETICS,AMPLIFICATION AND DIRECT SEQUENCING OF FUNGAL RIBOSOMAL RNA GENES FOR PHYLOGENETICS,1990,S4306463230,Elsevier eBooks,34894
publication:W1973948212,publication,W1973948212,Applied logistic regression,Applied logistic regression,1990,S2764375719,Choice Reviews Online,35656
publication:W2055043387,publication,W2055043387,Basic local alignment search tool,Basic local alignment search tool,1990,S46058472,Journal of Molecular Biology,93810
publication:W1485044783,publication,W1485044783,Bergey's Manual of Systematic Bacteriology,Bergey's Manual of Systematic Bacteriology,1990,S119722071,Annals of Internal Medicine,15676
publication:W2018201949,publication,W2018201949,Comparative fit indexes in structural models.,Comparative fit indexes in structural models.,1990,S75627607,Psychological Bulletin,23731
publication:W2162484441,publication,W2162484441,Endogenous Technological Change,Endogenous Technological Change,1990,S95323914,Journal of Political Economy,15696
publication:W2473786944,publication,W2473786944,EuroQol - a new facility for the measurement of health-related quality of life,EuroQol - a new facility for the measurement of health-related quality of life,1990,S4210209709,Health Policy,15695
publication:W2153943092,publication,W2153943092,Foundations of social theory,Foundations of social theory,1990,S2764375719,Choice Reviews Online,16852
publication:W4233654598,publication,W4233654598,Governing the Commons,Governing the Commons,1990,S4306462995,Cambridge University Press eBooks,18507
publication:W4298413470,publication,W4298413470,"Institutions, Institutional Change and Economic Performance","Institutions, Institutional Change and Economic Performance",1990,S4306462995,Cambridge University Press eBooks,30088
publication:W2314225431,publication,W2314225431,Molecular cloning: A laboratory manual,Molecular cloning: A laboratory manual,1990,S7858788,Analytical Biochemistry,86160
publication:W2148066840,publication,W2148066840,Phase annealing in SHELX-90: direct methods for larger structures,Phase annealing in SHELX-90: direct methods for larger structures,1990,S150871906,Acta Crystallographica Section A Foundations of Crystallography,16295
publication:W3214833809,publication,W3214833809,Qualitative evaluation and research methods,Qualitative evaluation and research methods,1990,name:без журнала,Без журнала,21746
publication:W2390008750,publication,W2390008750,Qualitative evaluation and research methods,Qualitative evaluation and research methods,1990,S189354248,International Journal of Information Management,18152
publication:W2087585288,publication,W2087585288,Soft self-consistent pseudopotentials in a generalized eigenvalue formalism,Soft self-consistent pseudopotentials in a generalized eigenvalue formalism,1990,S4210174675,"Physical review. B, Condensed matter",22780
publication:W1856219842,publication,W1856219842,Standard methods: For the examination of water and waste water,Standard methods: For the examination of water and waste water,1990,S7858788,Analytical Biochemistry,72466
publication:W2107031757,publication,W2107031757,Statistical power analysis for the behavioral sciences,Statistical power analysis for the behavioral sciences,1990,S60115552,Computers Environment and Urban Systems,65671
publication:W1541515907,publication,W1541515907,The consequences of modernity,The consequences of modernity,1990,S2764375719,Choice Reviews Online,19498
publication:W2157207849,publication,W2157207849,The three worlds of welfare capitalism,The three worlds of welfare capitalism,1990,S2764375719,Choice Reviews Online,16679
publication:W2132984323,publication,W2132984323,A theory for multiresolution signal decomposition: the wavelet representation,A theory for multiresolution signal decomposition: the wavelet representation,1989,S199944782,IEEE Transactions on Pattern Analysis and Machine Intelligence,20944
publication:W2056879345,publication,W2056879345,A Thousand Plateaus: Capitalism and Schizophrenia,A Thousand Plateaus: Capitalism and Schizophrenia,1989,S181027741,The Journal of Interdisciplinary History,22807
publication:W2125838338,publication,W2125838338,A tutorial on hidden Markov models and selected applications in speech recognition,A tutorial on hidden Markov models and selected applications in speech recognition,1989,S68686220,Proceedings of the IEEE,22674
publication:W3123397884,publication,W3123397884,Building Theories from Case Study Research,Building Theories from Case Study Research,1989,S46763546,Academy of Management Review,15843
publication:W2141951329,publication,W2141951329,Building Theories from Case Study Research,Building Theories from Case Study Research,1989,S46763546,Academy of Management Review,23103
publication:W2138522501,publication,W2138522501,Chemical and isotopic systematics of oceanic basalts: implications for mantle composition and processes,Chemical and isotopic systematics of oceanic basalts: implications for mantle composition and processes,1989,S29311329,Geological Society London Special Publications,25095
publication:W2069006374,publication,W2069006374,Gaussian basis sets for use in correlated molecular calculations. I. The atoms boron through neon and hydrogen,Gaussian basis sets for use in correlated molecular calculations. I. The atoms boron through neon and hydrogen,1989,S77047749,The Journal of Chemical Physics,31474
publication:W4301861531,publication,W4301861531,Generalized Linear Models,Generalized Linear Models,1989,name:без журнала,Без журнала,16690
publication:W3023540311,publication,W3023540311,"Genetic algorithms in search, optimization, and machine learning","Genetic algorithms in search, optimization, and machine learning",1989,S2764375719,Choice Reviews Online,49332
publication:W2144634347,publication,W2144634347,Molecular Cloning: A Laboratory Manual,Molecular Cloning: A Laboratory Manual,1989,name:без журнала,Без журнала,129991
publication:W2137983211,publication,W2137983211,Multilayer feedforward networks are universal approximators,Multilayer feedforward networks are universal approximators,1989,S123019304,Neural Networks,20944
publication:W1791587663,publication,W1791587663,"Perceived Usefulness, Perceived Ease of Use, and User Acceptance of Information Technology","Perceived Usefulness, Perceived Ease of Use, and User Acceptance of Information Technology",1989,S57293258,MIS Quarterly,62793
publication:W3199943451,publication,W3199943451,PHYLIP-Phylogeny inference package (Version 3.2),PHYLIP-Phylogeny inference package (Version 3.2),1989,S90511721,Cladistics,17864
publication:W2044758663,publication,W2044758663,Statistical Analysis With Missing Data,Statistical Analysis With Missing Data,1989,S4394736638,Journal of the American Statistical Association,17511
publication:W4240402692,publication,W4240402692,Statistical Power Analysis for the Behavioral Sciences,Statistical Power Analysis for the Behavioral Sciences,1989,S985303,Technometrics,16510
publication:W4300870773,publication,W4300870773,Statistical Power Analysis for the Behavioral Sciences,Statistical Power Analysis for the Behavioral Sciences,1989,S985303,Technometrics,83876
publication:W2037124948,publication,W2037124948,Statistical Power Analysis for the Behavioral Sciences (2nd ed.).,Statistical Power Analysis for the Behavioral Sciences (2nd ed.).,1989,S4394736638,Journal of the American Statistical Association,37562
publication:W4298091299,publication,W4298091299,Structural Equations with Latent Variables,Structural Equations with Latent Variables,1989,name:без журнала,Без журнала,17029
publication:W2151487996,publication,W2151487996,The Pittsburgh sleep quality index: A new instrument for psychiatric practice and research,The Pittsburgh sleep quality index: A new instrument for psychiatric practice and research,1989,S84074229,Psychiatry Research,34032
publication:W2033943395,publication,W2033943395,User Acceptance of Computer Technology: A Comparison of Two Theoretical Models,User Acceptance of Computer Technology: A Comparison of Two Theoretical Models,1989,S33323087,Management Science,25158
publication:W2118094114,publication,W2118094114,A simple salting out procedure for extracting DNA from human nucleated cells,A simple salting out procedure for extracting DNA from human nucleated cells,1988,S134668137,Nucleic Acids Research,20530
publication:W2328176404,publication,W2328176404,Comparing the Areas under Two or More Correlated Receiver Operating Characteristic Curves: A Nonparametric Approach,Comparing the Areas under Two or More Correlated Receiver Operating Characteristic Curves: A Nonparametric Approach,1988,S8265502,Biometrics,21971
publication:W4234347480,publication,W4234347480,Computer Simulation of Liquids,Computer Simulation of Liquids,1988,S189140625,Journal of Molecular Liquids,15922
publication:W2086957099,publication,W2086957099,Density-functional exchange-energy approximation with correct asymptotic behavior,Density-functional exchange-energy approximation with correct asymptotic behavior,1988,S4210219937,"Physical review. A, General physics",53197
publication:W2148905283,publication,W2148905283,Development and validation of brief measures of positive and negative affect: The PANAS scales.,Development and validation of brief measures of positive and negative affect: The PANAS scales.,1988,S29984966,Journal of Personality and Social Psychology,31640
publication:W4292994367,publication,W4292994367,Development and validation of brief measures of positive and negative affect: The PANAS scales.,Development and validation of brief measures of positive and negative affect: The PANAS scales.,1988,S29984966,Journal of Personality and Social Psychology,31749
publication:W2023271753,publication,W2023271753,Development of the Colle-Salvetti correlation-energy formula into a functional of the electron density,Development of the Colle-Salvetti correlation-energy formula into a functional of the electron density,1988,S4210174675,"Physical review. B, Condensed matter",99240
publication:W1639032689,publication,W1639032689,"Genetic Algorithms in Search, Optimization and Machine Learning","Genetic Algorithms in Search, Optimization and Machine Learning",1988,name:без журнала,Без журнала,17770
publication:W1517701247,publication,W1517701247,Harvard Business Review,Harvard Business Review,1988,S39841227,International Journal of Forecasting,18229
publication:W2038767330,publication,W2038767330,"Intermolecular interactions from a natural bond orbital, donor-acceptor viewpoint","Intermolecular interactions from a natural bond orbital, donor-acceptor viewpoint",1988,S41143188,Chemical Reviews,17144
publication:W2160456562,publication,W2160456562,Internal combustion engine fundamentals,Internal combustion engine fundamentals,1988,S2764375719,Choice Reviews Online,16777
publication:W2118016181,publication,W2118016181,On the Evaluation of Structural Equation Models,On the Evaluation of Structural Equation Models,1988,S92522684,Journal of the Academy of Marketing Science,15731
publication:W4243667233,publication,W4243667233,On the evaluation of structural equation models,On the evaluation of structural equation models,1988,S92522684,Journal of the Academy of Marketing Science,20326
publication:W3021722416,publication,W3021722416,Partial Differential Equations,Partial Differential Equations,1988,S118039931,Lecture notes in mathematics,23635
publication:W2032118018,publication,W2032118018,Primer-Directed Enzymatic Amplification of DNA with a Thermostable DNA Polymerase,Primer-Directed Enzymatic Amplification of DNA with a Thermostable DNA Polymerase,1988,S3880285,Science,17130
publication:W2159080219,publication,W2159080219,Probabilistic Reasoning in Intelligent Systems: Networks of Plausible Inference,Probabilistic Reasoning in Intelligent Systems: Networks of Plausible Inference,1988,name:без журнала,Без журнала,16985
publication:W2133469585,publication,W2133469585,Prospect theory: An analysis of decision under risk,Prospect theory: An analysis of decision under risk,1988,S4306462995,Cambridge University Press eBooks,33021
publication:W1689771227,publication,W1689771227,SERVQUAL: A multiple-Item Scale for measuring consumer perceptions of service quality,SERVQUAL: A multiple-Item Scale for measuring consumer perceptions of service quality,1988,S4306400562,Zenodo (CERN European Organization for Nuclear Research),21206
publication:W3146083582,publication,W3146083582,Situated Knowledges: The Science Question in Feminism and the Privilege of Partial Perspective,Situated Knowledges: The Science Question in Feminism and the Privilege of Partial Perspective,1988,S192660949,Feminist Studies,17012
publication:W2104095591,publication,W2104095591,Snakes: Active contour models,Snakes: Active contour models,1988,S25538012,International Journal of Computer Vision,17005
publication:W3123534837,publication,W3123534837,Social Capital in the Creation of Human Capital,Social Capital in the Creation of Human Capital,1988,S122471516,American Journal of Sociology,25122
publication:W2153562738,publication,W2153562738,Statistical analysis of cointegration vectors,Statistical analysis of cointegration vectors,1988,S44585919,Journal of Economic Dynamics and Control,16688
publication:W2122912498,publication,W2122912498,Structural equation modeling in practice: A review and recommended two-step approach.,Structural equation modeling in practice: A review and recommended two-step approach.,1988,S75627607,Psychological Bulletin,39323
publication:W2097580026,publication,W2097580026,Testing for a unit root in time series regression,Testing for a unit root in time series regression,1988,S172180718,Biometrika,17787
publication:W2152348310,publication,W2152348310,The american rheumatism association 1987 revised criteria for the classification of rheumatoid arthritis,The american rheumatism association 1987 revised criteria for the classification of rheumatoid arthritis,1988,S132787887,Arthritis & Rheumatism,19877
publication:W2000445173,publication,W2000445173,A new method of classifying prognostic comorbidity in longitudinal studies: Development and validation,A new method of classifying prognostic comorbidity in longitudinal studies: Development and validation,1987,S69091592,Journal of Chronic Diseases,49389
publication:W2117178635,publication,W2117178635,"A Simple, Positive Semi-Definite, Heteroskedasticity and Autocorrelation Consistent Covariance Matrix","A Simple, Positive Semi-Definite, Heteroskedasticity and Autocorrelation Consistent Covariance Matrix",1987,S95464858,Econometrica,16896
publication:W2110603299,publication,W2110603299,"Co-Integration and Error Correction: Representation, Estimation, and Testing","Co-Integration and Error Correction: Representation, Estimation, and Testing",1987,S95464858,Econometrica,31752
publication:W2153000380,publication,W2153000380,Knowledge and Teaching:Foundations of the New Reform,Knowledge and Teaching:Foundations of the New Reform,1987,S129458801,Harvard Educational Review,16267
publication:W2118502261,publication,W2118502261,Multiple Imputation for Nonresponse in Surveys,Multiple Imputation for Nonresponse in Surveys,1987,S4210188905,Wiley series in probability and statistics,20399
publication:W1987971958,publication,W1987971958,Silhouettes: A graphical aid to the interpretation and validation of cluster analysis,Silhouettes: A graphical aid to the interpretation and validation of cluster analysis,1987,S165473669,Journal of Computational and Applied Mathematics,20223
publication:W4294216491,publication,W4294216491,Single-step method of RNA isolation by acid guanidinium thiocyanate-phenol-chloroform extraction,Single-step method of RNA isolation by acid guanidinium thiocyanate-phenol-chloroform extraction,1987,S7858788,Analytical Biochemistry,46869
publication:W2134812217,publication,W2134812217,Single-Step Method of RNA Isolation by Acid Guanidinium Thiocyanate–Phenol–Chloroform Extraction,Single-Step Method of RNA Isolation by Acid Guanidinium Thiocyanate–Phenol–Chloroform Extraction,1987,S7858788,Analytical Biochemistry,63253
publication:W1965324089,publication,W1965324089,System Identification: Theory for the User,System Identification: Theory for the User,1987,name:без журнала,Без журнала,17859
publication:W2097706568,publication,W2097706568,The neighbor-joining method: a new method for reconstructing phylogenetic trees.,The neighbor-joining method: a new method for reconstructing phylogenetic trees.,1987,S57552105,Molecular Biology and Evolution,60336
publication:W2140606211,publication,W2140606211,The Positive and Negative Syndrome Scale (PANSS) for Schizophrenia,The Positive and Negative Syndrome Scale (PANSS) for Schizophrenia,1987,S117485531,Schizophrenia Bulletin,21227
publication:W1536690700,publication,W1536690700,TNM Classification of Malignant Tumours,TNM Classification of Malignant Tumours,1987,name:без журнала,Без журнала,16123
publication:W2145023731,publication,W2145023731,A Computational Approach to Edge Detection,A Computational Approach to Edge Detection,1986,S199944782,IEEE Transactions on Pattern Analysis and Machine Intelligence,28880
publication:W3121131820,publication,W3121131820,"Agency Costs of Free Cash Flow, Corporate Finance, and Takeovers","Agency Costs of Free Cash Flow, Corporate Finance, and Takeovers",1986,S23254222,American Economic Review,17576
publication:W3085162807,publication,W3085162807,Classification and Regression Trees.,Classification and Regression Trees.,1986,S4394736638,Journal of the American Statistical Association,21045
publication:W2030687437,publication,W2030687437,Density-functional approximation for the correlation energy of the inhomogeneous electron gas,Density-functional approximation for the correlation energy of the inhomogeneous electron gas,1986,S4210174675,"Physical review. B, Condensed matter",18654
publication:W1999996900,publication,W1999996900,Generalized autoregressive conditional heteroskedasticity,Generalized autoregressive conditional heteroskedasticity,1986,S127742747,Journal of Econometrics,22076
publication:W2168605160,publication,W2168605160,Increasing Returns and Long-Run Growth,Increasing Returns and Long-Run Growth,1986,S95323914,Journal of Political Economy,19793
publication:W1980564456,publication,W1980564456,Intuitionistic fuzzy sets,Intuitionistic fuzzy sets,1986,S169411308,Fuzzy Sets and Systems,15975
publication:W1498436455,publication,W1498436455,Learning representations by back-propagating errors,Learning representations by back-propagating errors,1986,S137773608,Nature,30278
publication:W2149860264,publication,W2149860264,Longitudinal data analysis using generalized linear models,Longitudinal data analysis using generalized linear models,1986,S172180718,Biometrika,18016
publication:W2107328434,publication,W2107328434,Meta-analysis in clinical trials,Meta-analysis in clinical trials,1986,S84962792,Controlled Clinical Trials,38948
publication:W2150238850,publication,W2150238850,Self-Reports in Organizational Research: Problems and Prospects,Self-Reports in Organizational Research: Problems and Prospects,1986,S122767448,Journal of Management,16779
publication:W2015795623,publication,W2015795623,STATISTICAL METHODS FOR ASSESSING AGREEMENT BETWEEN TWO METHODS OF CLINICAL MEASUREMENT,STATISTICAL METHODS FOR ASSESSING AGREEMENT BETWEEN TWO METHODS OF CLINICAL MEASUREMENT,1986,S49861241,The Lancet,47302
publication:W1971440513,publication,W1971440513,"The moderator-mediator variable distinction in social psychological research: Conceptual, strategic, and statistical considerations.","The moderator-mediator variable distinction in social psychological research: Conceptual, strategic, and statistical considerations.",1986,S29984966,Journal of Personality and Social Psychology,71997
publication:W4292811746,publication,W4292811746,"The moderator–mediator variable distinction in social psychological research: Conceptual, strategic, and statistical considerations.","The moderator–mediator variable distinction in social psychological research: Conceptual, strategic, and statistical considerations.",1986,S29984966,Journal of Personality and Social Psychology,70022
publication:W2140369176,publication,W2140369176,Those Who Understand: Knowledge Growth in Teaching,Those Who Understand: Knowledge Growth in Teaching,1986,S55175622,Educational Researcher,17935
publication:W2026368098,publication,W2026368098,A Conceptual Model of Service Quality and Its Implications for Future Research,A Conceptual Model of Service Quality and Its Implications for Future Research,1985,S142990027,Journal of Marketing,17168
publication:W2141260882,publication,W2141260882,A new generation of Ca2+ indicators with greatly improved fluorescence properties.,A new generation of Ca2+ indicators with greatly improved fluorescence properties.,1985,S140251998,Journal of Biological Chemistry,21704
publication:W11476871,publication,W11476871,C60: Buckminsterfullerene,C60: Buckminsterfullerene,1985,S137773608,Nature,15809
publication:W1991794210,publication,W1991794210,Canonical dynamics: Equilibrium phase-space distributions,Canonical dynamics: Equilibrium phase-space distributions,1985,S4210219937,"Physical review. A, General physics",23006
publication:W4254275792,publication,W4254275792,Confidence Limits on Phylogenies: An Approach Using the Bootstrap,Confidence Limits on Phylogenies: An Approach Using the Bootstrap,1985,S87560609,Evolution,19290
publication:W2030966943,publication,W2030966943,CONFIDENCE LIMITS ON PHYLOGENIES: AN APPROACH USING THE BOOTSTRAP,CONFIDENCE LIMITS ON PHYLOGENIES: AN APPROACH USING THE BOOTSTRAP,1985,S87560609,Evolution,41247
publication:W3022339544,publication,W3022339544,Economic Action and Social Structure: The Problem of Embeddedness,Economic Action and Social Structure: The Problem of Embeddedness,1985,S122471516,American Journal of Sociology,27977
publication:W1517229207,publication,W1517229207,From Intentions to Actions: A Theory of Planned Behavior,From Intentions to Actions: A Theory of Planned Behavior,1985,name:action control,Action Control,18056
publication:W2079325629,publication,W2079325629,Fuzzy identification of systems and its applications to modeling and control,Fuzzy identification of systems and its applications to modeling and control,1985,S76152103,IEEE Transactions on Systems Man and Cybernetics,19314
publication:W2162123284,publication,W2162123284,Handbook of Optical Constants of Solids,Handbook of Optical Constants of Solids,1985,S4306463230,Elsevier eBooks,21172
publication:W2160234571,publication,W2160234571,Homeostasis model assessment: insulin resistance and ?-cell function from fasting plasma glucose and insulin concentrations in man,Homeostasis model assessment: insulin resistance and ?-cell function from fasting plasma glucose and insulin concentrations in man,1985,S104375418,Diabetologia,31250
publication:W2121393013,publication,W2121393013,Imagined Communities. Reflections on the Origin and Spread of Nationalism.,Imagined Communities. Reflections on the Origin and Spread of Nationalism.,1985,S22496335,Pacific Affairs,26046
publication:W2052729098,publication,W2052729098,Intrinsic Motivation and Self-Determination in Human Behavior,Intrinsic Motivation and Self-Determination in Human Behavior,1985,name:без журнала,Без журнала,25547
publication:W2610857016,publication,W2610857016,Matrix Analysis,Matrix Analysis,1985,name:без журнала,Без журнала,22390
publication:W4232534952,publication,W4232534952,Measurement of protein using bicinchoninic acid,Measurement of protein using bicinchoninic acid,1985,S7858788,Analytical Biochemistry,18290
publication:W79229537,publication,W79229537,Naturalistic inquiry,Naturalistic inquiry,1985,S174538591,International Journal of Intercultural Relations,32965
publication:W1980704616,publication,W1980704616,Reporting physisorption data for gas/solid systems with special reference to the determination of surface area and porosity (Recommendations 1984),Reporting physisorption data for gas/solid systems with special reference to the determination of surface area and porosity (Recommendations 1984),1985,S142816121,Pure and Applied Chemistry,23863
publication:W2888190061,publication,W2888190061,Social Foundations of Thought and Action : A Social Cognitive Theory,Social Foundations of Thought and Action : A Social Cognitive Theory,1985,S4210197683,Medical Entomology and Zoology,19079
publication:W2319410825,publication,W2319410825,Statistical Procedures for Agricultural Research.,Statistical Procedures for Agricultural Research.,1985,S4394736638,Journal of the American Statistical Association,18209
publication:W2212401464,publication,W2212401464,"Stress, appraisal, and coping","Stress, appraisal, and coping",1985,S186589312,Behaviour Research and Therapy,32342
publication:W2055461003,publication,W2055461003,"Stress, social support, and the buffering hypothesis.","Stress, social support, and the buffering hypothesis.",1985,S75627607,Psychological Bulletin,16731
publication:W2568476927,publication,W2568476927,The Reflective Practitioner: How Professionals Think in Action,The Reflective Practitioner: How Professionals Think in Action,1985,S25370267,Journal of Policy Analysis and Management,21408
publication:W191793640,publication,W191793640,[13] Catalase in vitro,[13] Catalase in vitro,1984,S182211142,Methods in enzymology on CD-ROM/Methods in enzymology,24778
publication:W2140956556,publication,W2140956556,A resource‐based view of the firm,A resource‐based view of the firm,1984,S102949365,Strategic Management Journal,24532
publication:W2017196167,publication,W2017196167,A unified formulation of the constant temperature molecular dynamics methods,A unified formulation of the constant temperature molecular dynamics methods,1984,S77047749,The Journal of Chemical Physics,18557
publication:W1527311855,publication,W1527311855,Case Study Research: Design and Methods,Case Study Research: Design and Methods,1984,name:без журнала,Без журнала,74953
publication:W1594031697,publication,W1594031697,Classification and Regression Trees.,Classification and Regression Trees.,1984,S8265502,Biometrics,23888
publication:W2156220037,publication,W2156220037,Clinical diagnosis of Alzheimer's disease,Clinical diagnosis of Alzheimer's disease,1984,S79704628,Neurology,27932
publication:W2153222072,publication,W2153222072,Content Analysis: An Introduction to its Methodology.,Content Analysis: An Introduction to its Methodology.,1984,S4394736638,Journal of the American Statistical Association,24582
publication:W3124114405,publication,W3124114405,Corporate financing and investment decisions when firms have information that investors do not have,Corporate financing and investment decisions when firms have information that investors do not have,1984,S149240962,Journal of Financial Economics,18917
publication:W1997476591,publication,W1997476591,ESTIMATING<i>F</i>-STATISTICS FOR THE ANALYSIS OF POPULATION STRUCTURE,ESTIMATING<i>F</i>-STATISTICS FOR THE ANALYSIS OF POPULATION STRUCTURE,1984,S87560609,Evolution,16895
publication:W2035266068,publication,W2035266068,Molecular dynamics with coupling to an external bath,Molecular dynamics with coupling to an external bath,1984,S77047749,The Journal of Chemical Physics,30672
publication:W1667165204,publication,W1667165204,"Probability, Random Variables, and Stochastic Processes.","Probability, Random Variables, and Stochastic Processes.",1984,S4394736638,Journal of the American Statistical Association,16377
publication:W2129763896,publication,W2129763896,Some Models for Estimating Technical and Scale Inefficiencies in Data Envelopment Analysis,Some Models for Estimating Technical and Scale Inefficiencies in Data Envelopment Analysis,1984,S33323087,Management Science,16456
publication:W2020999234,publication,W2020999234,"Stochastic Relaxation, Gibbs Distributions, and the Bayesian Restoration of Images","Stochastic Relaxation, Gibbs Distributions, and the Bayesian Restoration of Images",1984,S199944782,IEEE Transactions on Pattern Analysis and Machine Intelligence,17939
publication:W1515810707,publication,W1515810707,The Constitution of Society. Outline of the Theory of Structuration,The Constitution of Society. Outline of the Theory of Structuration,1984,name:без журнала,Без журнала,21354
publication:W1781458262,publication,W1781458262,The reflective practitioner: How professionals think in action,The reflective practitioner: How professionals think in action,1984,S39041608,Patient Education and Counseling,19859
publication:W2078206416,publication,W2078206416,<i>The Fractal Geometry of Nature</i>,<i>The Fractal Geometry of Nature</i>,1983,S38866342,American Journal of Physics,21906
publication:W1996299251,publication,W1996299251,A Global Measure of Perceived Stress,A Global Measure of Perceived Stress,1983,S122290859,Journal of Health and Social Behavior,31898
publication:W2014669590,publication,W2014669590,A technique for radiolabeling DNA restriction endonuclease fragments to high specific activity,A technique for radiolabeling DNA restriction endonuclease fragments to high specific activity,1983,S7858788,Analytical Biochemistry,25155
publication:W2137358449,publication,W2137358449,An Evolutionary Theory of Economic Change.,An Evolutionary Theory of Economic Change.,1983,S45992627,The Economic Journal,21730
publication:W1976499671,publication,W1976499671,Comparison of simple potential functions for simulating liquid water,Comparison of simple potential functions for simulating liquid water,1983,S77047749,The Journal of Chemical Physics,41572
publication:W2008708467,publication,W2008708467,Dictionary of protein secondary structure: Pattern recognition of hydrogen‐bonded and geometrical features,Dictionary of protein secondary structure: Pattern recognition of hydrogen‐bonded and geometrical features,1983,S56808608,Biopolymers,15637
publication:W2170644967,publication,W2170644967,Experiential Learning : Experience as the Source of Learning and Development,Experiential Learning : Experience as the Source of Learning and Development,1983,name:без журнала,Без журнала,33438
publication:W1513717105,publication,W1513717105,Molecular Cloning. A Laboratory Manual,Molecular Cloning. A Laboratory Manual,1983,S185596183,Biochemical Education,30627
publication:W2089876099,publication,W2089876099,"Nonlinear Oscillations, Dynamical Systems, and Bifurcations of Vector Fields","Nonlinear Oscillations, Dynamical Systems, and Bifurcations of Vector Fields",1983,S2764390947,Applied mathematical sciences,16137
publication:W2024060531,publication,W2024060531,Optimization by Simulated Annealing,Optimization by Simulated Annealing,1983,S3880285,Science,44329
publication:W2114918609,publication,W2114918609,Rapid colorimetric assay for cellular growth and survival: Application to proliferation and cytotoxicity assays,Rapid colorimetric assay for cellular growth and survival: Application to proliferation and cytotoxicity assays,1983,S201669150,Journal of Immunological Methods,55163
publication:W3122859634,publication,W3122859634,Separation of Ownership and Control,Separation of Ownership and Control,1983,S998097505,The Journal of Law and Economics,18907
publication:W2150291618,publication,W2150291618,The central role of the propensity score in observational studies for causal effects,The central role of the propensity score in observational studies for causal effects,1983,S172180718,Biometrika,30561
publication:W2166281097,publication,W2166281097,The Hospital Anxiety and Depression Scale,The Hospital Anxiety and Depression Scale,1983,S199498439,Acta Psychiatrica Scandinavica,46197
publication:W3123282572,publication,W3123282572,The Iron Cage Revisited: Institutional Isomorphism and Collective Rationality in Organizational Fields,The Iron Cage Revisited: Institutional Isomorphism and Collective Rationality in Organizational Fields,1983,S157620343,American Sociological Review,34952
publication:W249845531,publication,W249845531,The rat brain in stereotaxic coordinates,The rat brain in stereotaxic coordinates,1983,S86238769,Neuropeptides,28984
publication:W1484864026,publication,W1484864026,Using multivariate statistics,Using multivariate statistics,1983,name:без журнала,Без журнала,77487
publication:W1975304761,publication,W1975304761,A simple method for displaying the hydropathic character of a protein,A simple method for displaying the hydropathic character of a protein,1982,S46058472,Journal of Molecular Biology,22987
publication:W1979575715,publication,W1979575715,Autoregressive Conditional Heteroscedasticity with Estimates of the Variance of United Kingdom Inflation,Autoregressive Conditional Heteroscedasticity with Estimates of the Variance of United Kingdom Inflation,1982,S95464858,Econometrica,20444
publication:W2141088880,publication,W2141088880,Introduction to Quantitative Genetics.,Introduction to Quantitative Genetics.,1982,S8265502,Biometrics,21758
publication:W2128084896,publication,W2128084896,Neural networks and physical systems with emergent collective computational abilities.,Neural networks and physical systems with emergent collective computational abilities.,1982,S125754415,Proceedings of the National Academy of Sciences,19212
publication:W2004008756,publication,W2004008756,Psychophysical bases of perceived exertion,Psychophysical bases of perceived exertion,1982,S14544163,Medicine & Science in Sports & Exercise,16260
publication:W244186264,publication,W244186264,Standard Methods for the Examination of Water and Wastewater,Standard Methods for the Examination of Water and Wastewater,1982,S52566953,Water Research,30205
publication:W2157825442,publication,W2157825442,The meaning and use of the area under a receiver operating characteristic (ROC) curve.,The meaning and use of the area under a receiver operating characteristic (ROC) curve.,1982,S50280174,Radiology,21581
publication:W2163815564,publication,W2163815564,The Rat Brain in Stereotaxic Coordinates,The Rat Brain in Stereotaxic Coordinates,1982,S4306463230,Elsevier eBooks,52258
publication:W1987258130,publication,W1987258130,Evaluating Structural Equation Models with Unobservable Variables and Measurement Error,Evaluating Structural Equation Models with Unobservable Variables and Measurement Error,1981,S119950638,Journal of Marketing Research,60389
publication:W4235678817,publication,W4235678817,Evaluating Structural Equation Models with Unobservable Variables and Measurement Error,Evaluating Structural Equation Models with Unobservable Variables and Measurement Error,1981,S119950638,Journal of Marketing Research,65593
publication:W2009667219,publication,W2009667219,Improved patch-clamp techniques for high-resolution current recording from cells and cell-free membrane patches,Improved patch-clamp techniques for high-resolution current recording from cells and cell-free membrane patches,1981,S203465302,Pflügers Archiv - European Journal of Physiology,18478
publication:W2113076747,publication,W2113076747,Pattern Recognition with Fuzzy Objective Function Algorithms,Pattern Recognition with Fuzzy Objective Function Algorithms,1981,name:без журнала,Без журнала,16755
publication:W2081693079,publication,W2081693079,Polymorphic transitions in single crystals: A new molecular dynamics method,Polymorphic transitions in single crystals: A new molecular dynamics method,1981,S187991544,Journal of Applied Physics,19833
publication:W2085261163,publication,W2085261163,Random sample consensus,Random sample consensus,1981,S103482838,Communications of the ACM,25164
publication:W2052637367,publication,W2052637367,Self-interaction correction to density-functional approximations for many-electron systems,Self-interaction correction to density-functional approximations for many-electron systems,1981,S4210174675,"Physical review. B, Condensed matter",20667
publication:W2062663664,publication,W2062663664,The Evolution of Cooperation,The Evolution of Cooperation,1981,S3880285,Science,20184
publication:W2096452841,publication,W2096452841,The Framing of Decisions and the Psychology of Choice,The Framing of Decisions and the Psychology of Choice,1981,S3880285,Science,17164
publication:W2149628368,publication,W2149628368,A circumplex model of affect.,A circumplex model of affect.,1980,S29984966,Journal of Personality and Social Psychology,15678
publication:W2162604832,publication,W2162604832,A Closed‐form Equation for Predicting the Hydraulic Conductivity of Unsaturated Soils,A Closed‐form Equation for Predicting the Hydraulic Conductivity of Unsaturated Soils,1980,S59755854,Soil Science Society of America Journal,27078
publication:W2108818539,publication,W2108818539,A Heteroskedasticity-Consistent Covariance Matrix Estimator and a Direct Test for Heteroskedasticity,A Heteroskedasticity-Consistent Covariance Matrix Estimator and a Direct Test for Heteroskedasticity,1980,S95464858,Econometrica,25994
publication:W2065461553,publication,W2065461553,A simple method for estimating evolutionary rates of base substitutions through comparative studies of nucleotide sequences,A simple method for estimating evolutionary rates of base substitutions through comparative studies of nucleotide sequences,1980,S144184862,Journal of Molecular Evolution,29603
publication:W2038533471,publication,W2038533471,Accurate spin-dependent electron liquid correlation energies for local spin density calculations: a critical analysis,Accurate spin-dependent electron liquid correlation energies for local spin density calculations: a critical analysis,1980,S173335977,Canadian Journal of Physics,20561
publication:W1855283887,publication,W1855283887,Competitive Strategy: Techniques for Analyzing Industries and Competitors,Competitive Strategy: Techniques for Analyzing Industries and Competitors,1980,name:без журнала,Без журнала,16838
publication:W1989157562,publication,W1989157562,Electrochemical Methods: Fundamentals and Applications,Electrochemical Methods: Fundamentals and Applications,1980,name:без журнала,Без журнала,22448
publication:W2298230951,publication,W2298230951,Official Methods of Analysis of,Official Methods of Analysis of,1980,S191963794,Analytical Chemistry,59552
publication:W1597750586,publication,W1597750586,Power/Knowledge: Selected Interviews and Other Writings 1972-1977,Power/Knowledge: Selected Interviews and Other Writings 1972-1977,1980,name:без журнала,Без журнала,22406
publication:W115394847,publication,W115394847,Qualitative research and evaluation methods,Qualitative research and evaluation methods,1980,name:без журнала,Без журнала,35367
publication:W1971275758,publication,W1971275758,Self-consistent molecular orbital methods. XX. A basis set for correlated wave functions,Self-consistent molecular orbital methods. XX. A basis set for correlated wave functions,1980,S77047749,The Journal of Chemical Physics,17289
publication:W2149608872,publication,W2149608872,Significance tests and goodness of fit in the analysis of covariance structures.,Significance tests and goodness of fit in the analysis of covariance structures.,1980,S75627607,Psychological Bulletin,18111
publication:W2157005274,publication,W2157005274,"Table of Integrals, Series, and Products","Table of Integrals, Series, and Products",1980,S4306463230,Elsevier eBooks,19058
publication:W1933657216,publication,W1933657216,The Ecological Approach to Visual Perception,The Ecological Approach to Visual Perception,1980,S26308392,Journal of Aesthetics and Art Criticism,23158
publication:W1491644571,publication,W1491644571,Understanding Attitudes and Predicting Social Behavior,Understanding Attitudes and Predicting Social Behavior,1980,name:без журнала,Без журнала,26058
publication:W2073775990,publication,W2073775990,A discrete numerical model for granular assemblies,A discrete numerical model for granular assemblies,1979,S170199316,Géotechnique,16692
publication:W2121044470,publication,W2121044470,A Simple Sequentially Rejective Multiple Test Procedure,A Simple Sequentially Rejective Multiple Test Procedure,1979,S72071028,Scandinavian Journal of Statistics,21798
publication:W2133059825,publication,W2133059825,A Threshold Selection Method from Gray-Level Histograms,A Threshold Selection Method from Gray-Level Histograms,1979,S76152103,IEEE Transactions on Systems Man and Cybernetics,42737
publication:W1983310681,publication,W1983310681,Assay for lipid peroxides in animal tissues by thiobarbituric acid reaction,Assay for lipid peroxides in animal tissues by thiobarbituric acid reaction,1979,S7858788,Analytical Biochemistry,28844
publication:W2117897510,publication,W2117897510,Bootstrap Methods: Another Look at the Jackknife,Bootstrap Methods: Another Look at the Jackknife,1979,S119757635,The Annals of Statistics,17299
publication:W2011039300,publication,W2011039300,Computers and Intractability: A Guide to the Theory of NP-Completeness,Computers and Intractability: A Guide to the Theory of NP-Completeness,1979,name:без журнала,Без журнала,44591
publication:W1975994995,publication,W1975994995,Distribution of the Estimators for Autoregressive Time Series with a Unit Root,Distribution of the Estimators for Autoregressive Time Series with a Unit Root,1979,S4394736638,Journal of the American Statistical Association,22823
publication:W2101108802,publication,W2101108802,Electrophoretic transfer of proteins from polyacrylamide gels to nitrocellulose sheets: procedure and some applications.,Electrophoretic transfer of proteins from polyacrylamide gels to nitrocellulose sheets: procedure and some applications.,1979,S125754415,Proceedings of the National Academy of Sciences,53796
publication:W2141403362,publication,W2141403362,Intraclass correlations: Uses in assessing rater reliability.,Intraclass correlations: Uses in assessing rater reliability.,1979,S75627607,Psychological Bulletin,22816
publication:W2060333964,publication,W2060333964,Isolation of biologically active ribonucleic acid from sources enriched in ribonuclease,Isolation of biologically active ribonucleic acid from sources enriched in ribonuclease,1979,S104038378,Biochemistry,22208
publication:W2046002177,publication,W2046002177,Molecular Spectra and Molecular Structure,Molecular Spectra and Molecular Structure,1979,name:без журнала,Без журнала,16085
publication:W3011865677,publication,W3011865677,Prospect Theory: An Analysis of Decision under Risk,Prospect Theory: An Analysis of Decision under Risk,1979,S95464858,Econometrica,46327
publication:W2139122730,publication,W2139122730,Sample Selection Bias as a Specification Error,Sample Selection Bias as a Specification Error,1979,S95464858,Econometrica,28673
publication:W2254735081,publication,W2254735081,The Ecology of Human Development,The Ecology of Human Development,1979,S4306463363,Harvard University Press eBooks,23250
publication:W2056944867,publication,W2056944867,Centrality in social networks conceptual clarification,Centrality in social networks conceptual clarification,1978,S26186134,Social Networks,16716
publication:W2317574555,publication,W2317574555,Discipline and Punish: The Birth of the Prison,Discipline and Punish: The Birth of the Prison,1978,S97631563,Telos,19559
publication:W2332086916,publication,W2332086916,Discipline and Punish: The Birth of the Prison.,Discipline and Punish: The Birth of the Prison.,1978,S134335455,Eighteenth-Century Studies,19270
publication:W2076452041,publication,W2076452041,Measuring the efficiency of decision making units,Measuring the efficiency of decision making units,1978,S103321696,European Journal of Operational Research,28465
publication:W2135943618,publication,W2135943618,Mind in Society: The Development of Higher Psychological Processes,Mind in Society: The Development of Higher Psychological Processes,1978,S4210197683,Medical Entomology and Zoology,53865
publication:W1550621568,publication,W1550621568,Social Learning Theory.,Social Learning Theory.,1978,S4789869,Contemporary Sociology A Journal of Reviews,25685
publication:W2112352537,publication,W2112352537,Specification Tests in Econometrics,Specification Tests in Econometrics,1978,S95464858,Econometrica,18192
publication:W2138270253,publication,W2138270253,DNA sequencing with chain-terminating inhibitors,DNA sequencing with chain-terminating inhibitors,1977,S125754415,Proceedings of the National Academy of Sciences,69222
publication:W1965278510,publication,W1965278510,Institutionalized Organizations: Formal Structure as Myth and Ceremony,Institutionalized Organizations: Formal Structure as Myth and Ceremony,1977,S122471516,American Journal of Sociology,26813
publication:W2049633694,publication,W2049633694,Maximum Likelihood from Incomplete Data Via the <i>EM</i> Algorithm,Maximum Likelihood from Incomplete Data Via the <i>EM</i> Algorithm,1977,S145009937,Journal of the Royal Statistical Society Series B (Statistical Methodology),49445
publication:W2106140689,publication,W2106140689,Numerical integration of the cartesian equations of motion of a system with constraints: molecular dynamics of n-alkanes,Numerical integration of the cartesian equations of motion of a system with constraints: molecular dynamics of n-alkanes,1977,S148709879,Journal of Computational Physics,21308
publication:W4301056702,publication,W4301056702,Outline of a Theory of Practice,Outline of a Theory of Practice,1977,S4306462995,Cambridge University Press eBooks,26688
publication:W2134049139,publication,W2134049139,Self-efficacy: Toward a unifying theory of behavioral change.,Self-efficacy: Toward a unifying theory of behavioral change.,1977,S35223124,Psychological Review,35499
publication:W4292808503,publication,W4292808503,Self-efficacy: Toward a unifying theory of behavioral change.,Self-efficacy: Toward a unifying theory of behavioral change.,1977,S35223124,Psychological Review,41825
publication:W2112778345,publication,W2112778345,The CES-D Scale,The CES-D Scale,1977,S94663699,Applied Psychological Measurement,53016
publication:W2164777277,publication,W2164777277,The Measurement of Observer Agreement for Categorical Data,The Measurement of Observer Agreement for Categorical Data,1977,S8265502,Biometrics,77626
publication:W2313953460,publication,W2313953460,Time Series Analysis: Forecasting and Control,Time Series Analysis: Forecasting and Control,1977,S119950638,Journal of Marketing Research,19319
publication:W4293247451,publication,W4293247451,A rapid and sensitive method for the quantitation of microgram quantities of protein utilizing the principle of protein-dye binding,A rapid and sensitive method for the quantitation of microgram quantities of protein utilizing the principle of protein-dye binding,1976,S7858788,Analytical Biochemistry,210109
publication:W2128635872,publication,W2128635872,A Rapid and Sensitive Method for the Quantitation of Microgram Quantities of Protein Utilizing the Principle of Protein-Dye Binding,A Rapid and Sensitive Method for the Quantitation of Microgram Quantities of Protein Utilizing the Principle of Protein-Dye Binding,1976,S7858788,Analytical Biochemistry,225323
publication:W2167590372,publication,W2167590372,Revised effective ionic radii and systematic studies of interatomic distances in halides and chalcogenides,Revised effective ionic radii and systematic studies of interatomic distances in halides and chalcogenides,1976,S4210200759,Acta Crystallographica Section A,64128
publication:W2036113194,publication,W2036113194,Special points for Brillouin-zone integrations,Special points for Brillouin-zone integrations,1976,S4210208989,"Physical review. B, Solid state",69237
publication:W2752617332,publication,W2752617332,"Theory of the firm: Managerial behavior, agency costs and ownership structure","Theory of the firm: Managerial behavior, agency costs and ownership structure",1976,S149240962,Journal of Financial Economics,69839
publication:W2036389121,publication,W2036389121,"Belief, Attitude, Intention and Behavior: An Introduction to Theory and Research","Belief, Attitude, Intention and Behavior: An Introduction to Theory and Research",1975,name:без журнала,Без журнала,36692
publication:W2030522563,publication,W2030522563,Continuous cultures of fused cells secreting antibody of predefined specificity,Continuous cultures of fused cells secreting antibody of predefined specificity,1975,S137773608,Nature,17116
publication:W2063450941,publication,W2063450941,Detection of specific sequences among DNA fragments separated by gel electrophoresis,Detection of specific sequences among DNA fragments separated by gel electrophoresis,1975,S46058472,Journal of Molecular Biology,32829
publication:W1606423922,publication,W1606423922,High resolution two-dimensional electrophoresis of proteins.,High resolution two-dimensional electrophoresis of proteins.,1975,S140251998,Journal of Biological Chemistry,19357
publication:W158727920,publication,W158727920,Judgment under Uncertainty: Heuristics and Biases,Judgment under Uncertainty: Heuristics and Biases,1975,"name:utility, probability, and human decision making","Utility, Probability, and Human Decision Making",23084
publication:W2264742718,publication,W2264742718,Logic and Conversation,Logic and Conversation,1975,name:speech acts,Speech Acts,20351
publication:W1566830427,publication,W1566830427,Methods of Enzymatic Analysis,Methods of Enzymatic Analysis,1975,S2755299131,Journal of AOAC INTERNATIONAL,19872
publication:W1847168837,publication,W1847168837,“Mini-mental state”,“Mini-mental state”,1975,S160879026,Journal of Psychiatric Research,86422
publication:W2142635246,publication,W2142635246,A new look at the statistical model identification,A new look at the statistical model identification,1974,S184954342,IEEE Transactions on Automatic Control,50221
publication:W1581414347,publication,W1581414347,Glutathione S-Transferases,Glutathione S-Transferases,1974,S140251998,Journal of Biological Chemistry,17947
publication:W4292157289,publication,W4292157289,Judgment under Uncertainty: Heuristics and Biases,Judgment under Uncertainty: Heuristics and Biases,1974,S3880285,Science,27622
publication:W4230354434,publication,W4230354434,The Interpretation of Cultures,The Interpretation of Cultures,1974,S207420867,Journal for the Scientific Study of Religion,19293
publication:W3015634246,publication,W3015634246,Multivariate Data Analysis.,Multivariate Data Analysis.,1973,S4210239914,Journal of the Royal Statistical Society Series A (General),35854
publication:W2028823348,publication,W2028823348,Rapid determination of free proline for water-stress studies,Rapid determination of free proline for water-stress studies,1973,S11781297,Plant and Soil,20329
publication:W2011303397,publication,W2011303397,Resilience and Stability of Ecological Systems,Resilience and Stability of Ecological Systems,1973,S4210205963,Annual Review of Ecology and Systematics,17467
publication:W2044465660,publication,W2044465660,Textural Features for Image Classification,Textural Features for Image Classification,1973,S76152103,IEEE Transactions on Systems Man and Cybernetics,22327
publication:W2094642658,publication,W2094642658,The influence of polarization functions on molecular orbital hydrogenation energies,The influence of polarization functions on molecular orbital hydrogenation energies,1973,S81945236,Theoretical Chemistry Accounts,15582
publication:W2077791698,publication,W2077791698,The Pricing of Options and Corporate Liabilities,The Pricing of Options and Corporate Liabilities,1973,S95323914,Journal of Political Economy,29262
publication:W2109469951,publication,W2109469951,The Strength of Weak Ties,The Strength of Weak Ties,1973,S122471516,American Journal of Sociology,38141
publication:W2052853635,publication,W2052853635,Apoptosis: A Basic Biological Phenomenon with Wideranging Implications in Tissue Kinetics,Apoptosis: A Basic Biological Phenomenon with Wideranging Implications in Tissue Kinetics,1972,S62966998,British Journal of Cancer,15577
publication:W2042492216,publication,W2042492216,Electrochemical Photolysis of Water at a Semiconductor Electrode,Electrochemical Photolysis of Water at a Semiconductor Electrode,1972,S137773608,Nature,33337
publication:W2116404316,publication,W2116404316,"Estimation of the Concentration of Low-Density Lipoprotein Cholesterol in Plasma, Without Use of the Preparative Ultracentrifuge","Estimation of the Concentration of Low-Density Lipoprotein Cholesterol in Plasma, Without Use of the Preparative Ultracentrifuge",1972,S139212996,Clinical Chemistry,32330
publication:W1546783991,publication,W1546783991,Experiments in molecular genetics,Experiments in molecular genetics,1972,name:без журнала,Без журнала,27820
publication:W2083926174,publication,W2083926174,Optical Constants of the Noble Metals,Optical Constants of the Noble Metals,1972,S4210208989,"Physical review. B, Solid state",19641
publication:W3147894994,publication,W3147894994,Regression Models and Life-Tables,Regression Models and Life-Tables,1972,S145009937,Journal of the Royal Statistical Society Series B (Statistical Methodology),39007
publication:W2046412723,publication,W2046412723,Self—Consistent Molecular Orbital Methods. XII. Further Extensions of Gaussian—Type Basis Sets for Use in Molecular Orbital Studies of Organic Molecules,Self—Consistent Molecular Orbital Methods. XII. Further Extensions of Gaussian—Type Basis Sets for Use in Molecular Orbital Studies of Organic Molecules,1972,S77047749,The Journal of Chemical Physics,15602
publication:W2136022845,publication,W2136022845,The assessment and analysis of handedness: The Edinburgh inventory,The assessment and analysis of handedness: The Edinburgh inventory,1971,S165368631,Neuropsychologia,36522
publication:W2100837269,publication,W2100837269,Cleavage of Structural Proteins during the Assembly of the Head of Bacteriophage T4,Cleavage of Structural Proteins during the Assembly of the Head of Bacteriophage T4,1970,S137773608,Nature,251343
publication:W1736209534,publication,W1736209534,Determining Sample Size for Research Activities,Determining Sample Size for Research Activities,1970,S176831015,Educational and Psychological Measurement,17807
publication:W2131773668,publication,W2131773668,EFFICIENT CAPITAL MARKETS: A REVIEW OF THEORY AND EMPIRICAL WORK*,EFFICIENT CAPITAL MARKETS: A REVIEW OF THEORY AND EMPIRICAL WORK*,1970,S5353659,The Journal of Finance,15660
publication:W1607171655,publication,W1607171655,Manual for the State-Trait Anxiety Inventory,Manual for the State-Trait Anxiety Inventory,1970,name:без журнала,Без журнала,25355
publication:W2033904036,publication,W2033904036,River flow forecasting through conceptual models part I — A discussion of principles,River flow forecasting through conceptual models part I — A discussion of principles,1970,S55737203,Journal of Hydrology,23796
publication:W2148941593,publication,W2148941593,The calculation of small molecular interactions by the differences of separate total energies. Some procedures with reduced errors,The calculation of small molecular interactions by the differences of separate total energies. Some procedures with reduced errors,1970,S204809294,Molecular Physics,21840
publication:W2156109180,publication,W2156109180,"The Market for ""Lemons"": Quality Uncertainty and the Market Mechanism","The Market for ""Lemons"": Quality Uncertainty and the Market Mechanism",1970,S203860005,The Quarterly Journal of Economics,22391
publication:W2016260972,publication,W2016260972,A profile refinement method for nuclear and magnetic structures,A profile refinement method for nuclear and magnetic structures,1969,S79162954,Journal of Applied Crystallography,17085
publication:W2128529067,publication,W2128529067,Assessment of Older People: Self-Maintaining and Instrumental Activities of Daily Living,Assessment of Older People: Self-Maintaining and Instrumental Activities of Daily Living,1969,S130337233,The Gerontologist,18392
publication:W1720881856,publication,W1720881856,Attachment and Loss,Attachment and Loss,1969,name:без журнала,Без журнала,17085
publication:W1546962148,publication,W1546962148,Biometry: The Principles and Practice of Statistics in Biological Research,Biometry: The Principles and Practice of Statistics in Biological Research,1969,name:без журнала,Без журнала,21138
publication:W2178225550,publication,W2178225550,Investigating Causal Relations by Econometric Models and Cross-spectral Methods,Investigating Causal Relations by Econometric Models and Cross-spectral Methods,1969,S95464858,Econometrica,22641
publication:W1625660792,publication,W1625660792,The Reliability of Molecular Weight Determinations by Dodecyl Sulfate-Polyacrylamide Gel Electrophoresis,The Reliability of Molecular Weight Determinations by Dodecyl Sulfate-Polyacrylamide Gel Electrophoresis,1969,S140251998,Journal of Biological Chemistry,20338
publication:W2752853835,publication,W2752853835,The Art of Computer Programming,The Art of Computer Programming,1968,name:без журнала,Без журнала,16213
publication:W2329395632,publication,W2329395632,The Discovery of Grounded Theory: Strategies for Qualitative Research.,The Discovery of Grounded Theory: Strategies for Qualitative Research.,1968,S130611943,Social Forces,46617
publication:W2146691185,publication,W2146691185,The Discovery of Grounded Theory; Strategies for Qualitative Research,The Discovery of Grounded Theory; Strategies for Qualitative Research,1968,S57227388,Nursing Research,38872
publication:W2226396244,publication,W2226396244,The Tragedy of the Commons,The Tragedy of the Commons,1968,S3880285,Science,22743
publication:W2122111042,publication,W2122111042,Nearest neighbor pattern classification,Nearest neighbor pattern classification,1967,S4502562,IEEE Transactions on Information Theory,15768
publication:W2127218421,publication,W2127218421,Some methods for classification and analysis of multivariate observations,Some methods for classification and analysis of multivariate observations,1967,S4406923043,Defense Technical Information Center (DTIC),22824
publication:W2073506374,publication,W2073506374,The Social Construction of Reality: A Treatise in the Sociology of Knowledge.,The Social Construction of Reality: A Treatise in the Sociology of Knowledge.,1967,S157620343,American Sociological Review,16591
publication:W2136931384,publication,W2136931384,Antibiotic Susceptibility Testing by a Standardized Single Disk Method,Antibiotic Susceptibility Testing by a Standardized Single Disk Method,1966,S15871148,American Journal of Clinical Pathology,18332
publication:W2100826189,publication,W2100826189,Generalized expectancies for internal versus external control of reinforcement.,Generalized expectancies for internal versus external control of reinforcement.,1966,S2764583119,The Psychological Monographs,21830
publication:W2120062331,publication,W2120062331,Handbook of Mathematical Functions,Handbook of Mathematical Functions,1966,S38866342,American Journal of Physics,40903
publication:W2282054059,publication,W2282054059,"Methods in Enzymology , Vol","Methods in Enzymology , Vol",1966,name:без журнала,Без журнала,26162
publication:W2171074980,publication,W2171074980,A Simplex Method for Function Minimization,A Simplex Method for Function Minimization,1965,S44643521,The Computer Journal,28716
publication:W2465692541,publication,W2465692541,Akufo and Ibarapa,Akufo and Ibarapa,1965,S49861241,The Lancet,16878
publication:W2168745915,publication,W2168745915,An analysis of variance test for normality (complete samples),An analysis of variance test for normality (complete samples),1965,S172180718,Biometrika,19020
publication:W2114004260,publication,W2114004260,Colorimetry of Total Phenolics with Phosphomolybdic-Phosphotungstic Acid Reagents,Colorimetry of Total Phenolics with Phosphomolybdic-Phosphotungstic Acid Reagents,1965,S14903550,American Journal of Enology and Viticulture,23898
publication:W4211007335,publication,W4211007335,Fuzzy sets,Fuzzy sets,1965,S4210192454,Information and Control,65456
publication:W2801179766,publication,W2801179766,"Handbook of Mathematical Functions with Formulas, Graphs, and Mathematical Tables","Handbook of Mathematical Functions with Formulas, Graphs, and Mathematical Tables",1965,S985303,Technometrics,16499
publication:W4300223101,publication,W4300223101,"Handbook of Mathematical Functions with Formulas, Graphs, and Mathematical Tables","Handbook of Mathematical Functions with Formulas, Graphs, and Mathematical Tables",1965,S102439543,Mathematics of Computation,19120
publication:W2230728100,publication,W2230728100,Self-Consistent Equations Including Exchange and Correlation Effects,Self-Consistent Equations Including Exchange and Correlation Effects,1965,S54862371,Physical Review,62517
publication:W2155648052,publication,W2155648052,Society and the Adolescent Self-Image,Society and the Adolescent Self-Image,1965,S4306463805,Princeton University Press eBooks,29056
publication:W2029056003,publication,W2029056003,CAPITAL ASSET PRICES: A THEORY OF MARKET EQUILIBRIUM UNDER CONDITIONS OF RISK*,CAPITAL ASSET PRICES: A THEORY OF MARKET EQUILIBRIUM UNDER CONDITIONS OF RISK*,1964,S5353659,The Journal of Finance,17350
publication:W2111301002,publication,W2111301002,DISC ELECTROPHORESIS – II METHOD AND APPLICATION TO HUMAN SERUM PROTEINS*,DISC ELECTROPHORESIS – II METHOD AND APPLICATION TO HUMAN SERUM PROTEINS*,1964,S8802318,Annals of the New York Academy of Sciences,18963
publication:W2109606373,publication,W2109606373,Smoothing and Differentiation of Data by Simplified Least Squares Procedures.,Smoothing and Differentiation of Data by Simplified Least Squares Procedures.,1964,S191963794,Analytical Chemistry,20969
publication:W2063792498,publication,W2063792498,The genetical evolution of social behaviour. I,The genetical evolution of social behaviour. I,1964,S109682412,Journal of Theoretical Biology,15824
publication:W2030841140,publication,W2030841140,van der Waals Volumes and Radii,van der Waals Volumes and Radii,1964,S24459064,The Journal of Physical Chemistry,19128
publication:W2753533763,publication,W2753533763,<i>The Structure of Scientific Revolutions</i>,<i>The Structure of Scientific Revolutions</i>,1963,S180907581,Physics Today,35538
publication:W2087070363,publication,W2087070363,An Algorithm for Least-Squares Estimation of Nonlinear Parameters,An Algorithm for Least-Squares Estimation of Nonlinear Parameters,1963,S4210214951,Journal of the Society for Industrial and Applied Mathematics,30299
publication:W2141394518,publication,W2141394518,Deterministic Nonperiodic Flow,Deterministic Nonperiodic Flow,1963,S131264402,Journal of the Atmospheric Sciences,19182
publication:W2016381774,publication,W2016381774,Hierarchical Grouping to Optimize an Objective Function,Hierarchical Grouping to Optimize an Objective Function,1963,S4394736638,Journal of the American Statistical Association,19019
publication:W2127911529,publication,W2127911529,THE USE OF LEAD CITRATE AT HIGH pH AS AN ELECTRON-OPAQUE STAIN IN ELECTRON MICROSCOPY,THE USE OF LEAD CITRATE AT HIGH pH AS AN ELECTRON-OPAQUE STAIN IN ELECTRON MICROSCOPY,1963,S96410829,The Journal of Cell Biology,24995
publication:W2075435443,publication,W2075435443,A modified single solution method for the determination of phosphate in natural waters,A modified single solution method for the determination of phosphate in natural waters,1962,S192559872,Analytica Chimica Acta,20895
publication:W2024556021,publication,W2024556021,A Revised Medium for Rapid Growth and Bio Assays with Tobacco Tissue Cultures,A Revised Medium for Rapid Growth and Bio Assays with Tobacco Tissue Cultures,1962,S185046733,Physiologia Plantarum,67292
publication:W1989314580,publication,W1989314580,Statistical principles in experimental design.,Statistical principles in experimental design.,1962,S4306463610,McGraw-Hill Book Company,26932
publication:W1584697775,publication,W1584697775,Thought and language,Thought and language,1962,S139806068,Annals of Dyslexia,16892
publication:W1971048984,publication,W1971048984,A new and rapid colorimetric determination of acetylcholinesterase activity,A new and rapid colorimetric determination of acetylcholinesterase activity,1961,S185534594,Biochemical Pharmacology,26742
publication:W2067495470,publication,W2067495470,An Inventory for Measuring Depression,An Inventory for Measuring Depression,1961,S126359496,Archives of General Psychiatry,37988
publication:W2069687969,publication,W2069687969,Principles and Procedures of Statistics,Principles and Procedures of Statistics,1961,S139950591,Agronomy Journal,17772
publication:W2798456356,publication,W2798456356,Quantum Mechanics,Quantum Mechanics,1961,name:без журнала,Без журнала,15669
publication:W2053154970,publication,W2053154970,A Coefficient of Agreement for Nominal Scales,A Coefficient of Agreement for Nominal Scales,1960,S176831015,Educational and Psychological Measurement,40716
publication:W2105934661,publication,W2105934661,A New Approach to Linear Filtering and Prediction Problems,A New Approach to Linear Filtering and Prediction Problems,1960,S2764422239,Journal of Basic Engineering,30708
publication:W2114613490,publication,W2114613490,A RATING SCALE FOR DEPRESSION,A RATING SCALE FOR DEPRESSION,1960,S134773490,Journal of Neurology Neurosurgery & Psychiatry,32395
publication:W1992897439,publication,W1992897439,Principles and procedures of statistics.,Principles and procedures of statistics.,1960,name:без журнала,Без журнала,22208
publication:W2169528473,publication,W2169528473,A note on two problems in connexion with graphs,A note on two problems in connexion with graphs,1959,S4210205683,Numerische Mathematik,23667
publication:W2300552860,publication,W2300552860,A RAPID METHOD OF TOTAL LIPID EXTRACTION AND PURIFICATION,A RAPID METHOD OF TOTAL LIPID EXTRACTION AND PURIFICATION,1959,S4210182832,Canadian Journal of Biochemistry and Physiology,22799
publication:W2152311269,publication,W2152311269,A RAPID METHOD OF TOTAL LIPID EXTRACTION AND PURIFICATION,A RAPID METHOD OF TOTAL LIPID EXTRACTION AND PURIFICATION,1959,S4210182832,Canadian Journal of Biochemistry and Physiology,48794
publication:W2730193802,publication,W2730193802,Conduction of heat in solids,Conduction of heat in solids,1959,S105775785,Journal of the Mechanics and Physics of Solids,18539
publication:W2024509488,publication,W2024509488,Convergent and discriminant validation by the multitrait-multimethod matrix.,Convergent and discriminant validation by the multitrait-multimethod matrix.,1959,S75627607,Psychological Bulletin,16961
publication:W2006370393,publication,W2006370393,Tissue sulfhydryl groups,Tissue sulfhydryl groups,1959,S153476765,Archives of Biochemistry and Biophysics,26060
publication:W2009674410,publication,W2009674410,Use of Dinitrosalicylic Acid Reagent for Determination of Reducing Sugar,Use of Dinitrosalicylic Acid Reagent for Determination of Reducing Sugar,1959,S191963794,Analytical Chemistry,28482
publication:W1977825494,publication,W1977825494,An Economic Theory of Democracy.,An Economic Theory of Democracy.,1958,S4210173168,Midwest Journal of Political Science,18908
publication:W2751862591,publication,W2751862591,An introduction to probability theory and its applications,An introduction to probability theory and its applications,1958,S183498172,Journal of the Franklin Institute,29963
publication:W4293241248,publication,W4293241248,Nonparametric Estimation from Incomplete Observations,Nonparametric Estimation from Incomplete Observations,1958,S4394736638,Journal of the American Statistical Association,38864
publication:W2002664886,publication,W2002664886,Nonparametric Statistics for the Behavioral Sciences,Nonparametric Statistics for the Behavioral Sciences,1958,S115516397,Revue économique,35501
publication:W4233194460,publication,W4233194460,Preparation of Graphitic Oxide,Preparation of Graphitic Oxide,1958,S111155417,Journal of the American Chemical Society,29592
publication:W2168526937,publication,W2168526937,A SIMPLE METHOD FOR THE ISOLATION AND PURIFICATION OF TOTAL LIPIDES FROM ANIMAL TISSUES,A SIMPLE METHOD FOR THE ISOLATION AND PURIFICATION OF TOTAL LIPIDES FROM ANIMAL TISSUES,1957,S140251998,Journal of Biological Chemistry,64671
publication:W4300107936,publication,W4300107936,A Theory of Cognitive Dissonance,A Theory of Cognitive Dissonance,1957,S4306463952,Stanford University Press eBooks,23420
publication:W1974085346,publication,W1974085346,Elements of X-Ray Diffraction,Elements of X-Ray Diffraction,1957,S38866342,American Journal of Physics,16550
publication:W2056722718,publication,W2056722718,Introduction to Solid State Physics,Introduction to Solid State Physics,1957,S38866342,American Journal of Physics,22420
publication:W2162180338,publication,W2162180338,The Measurement of Productive Efficiency,The Measurement of Productive Efficiency,1957,S4210239914,Journal of the Royal Statistical Society Series A (General),15951
publication:W2070631858,publication,W2070631858,A Contribution to the Theory of Economic Growth,A Contribution to the Theory of Economic Growth,1956,S203860005,The Quarterly Journal of Economics,23693
publication:W1968834637,publication,W1968834637,Colorimetric Method for Determination of Sugars and Related Substances,Colorimetric Method for Determination of Sugars and Related Substances,1956,S191963794,Analytical Chemistry,51360
publication:W2579555219,publication,W2579555219,"The magical number seven, plus or minus two: Some limits on our capacity for processing information.","The magical number seven, plus or minus two: Some limits on our capacity for processing information.",1956,S35223124,Psychological Review,17343
publication:W1591593323,publication,W1591593323,The mathematics of diffusion,The mathematics of diffusion,1956,name:без журнала,Без журнала,18310
publication:W2044950274,publication,W2044950274,The Presentation of Self in Everyday Life.,The Presentation of Self in Everyday Life.,1956,S157620343,American Sociological Review,26156
publication:W2092713296,publication,W2092713296,Multiple Range and Multiple F Tests,Multiple Range and Multiple F Tests,1955,S8265502,Biometrics,22969
publication:W2157300266,publication,W2157300266,A Theory of Social Comparison Processes,A Theory of Social Comparison Processes,1954,S61446109,Human Relations,20047
publication:W2314659927,publication,W2314659927,Principles of Polymer Chemistry.,Principles of Polymer Chemistry.,1954,S111155417,Journal of the American Chemical Society,16626
publication:W2056760934,publication,W2056760934,Equation of State Calculations by Fast Computing Machines,Equation of State Calculations by Fast Computing Machines,1953,S77047749,The Journal of Chemical Physics,36869
publication:W1614549126,publication,W1614549126,The Standard Edition of the Complete Psychological Works of Sigmund Freud,The Standard Edition of the Complete Psychological Works of Sigmund Freud,1953,name:без журнала,Без журнала,17874
publication:W1985940938,publication,W1985940938,A quantitative description of membrane current and its application to conduction and excitation in nerve,A quantitative description of membrane current and its application to conduction and excitation in nerve,1952,S2090548,The Journal of Physiology,23083
publication:W2159306398,publication,W2159306398,Coefficient Alpha and the Internal Structure of Tests,Coefficient Alpha and the Internal Structure of Tests,1951,S186480540,Psychometrika,42773
publication:W1965555277,publication,W1965555277,On Information and Sufficiency,On Information and Sufficiency,1951,S5762857,The Annals of Mathematical Statistics,19752
publication:W1775749144,publication,W1775749144,PROTEIN MEASUREMENT WITH THE FOLIN PHENOL REAGENT,PROTEIN MEASUREMENT WITH THE FOLIN PHENOL REAGENT,1951,S140251998,Journal of Biological Chemistry,317819
publication:W1974907033,publication,W1974907033,COPPER ENZYMES IN ISOLATED CHLOROPLASTS. POLYPHENOLOXIDASE IN <i>BETA VULGARIS</i>,COPPER ENZYMES IN ISOLATED CHLOROPLASTS. POLYPHENOLOXIDASE IN <i>BETA VULGARIS</i>,1949,S42294715,PLANT PHYSIOLOGY,22052
publication:W1506043065,publication,W1506043065,DETERMINATION OF SERUM PROTEINS BY MEANS OF THE BIURET REACTION,DETERMINATION OF SERUM PROTEINS BY MEANS OF THE BIURET REACTION,1949,S140251998,Journal of Biological Chemistry,16143
publication:W1983649348,publication,W1983649348,THE ATTRACTIONS OF PROTEINS FOR SMALL MOLECULES AND IONS,THE ATTRACTIONS OF PROTEINS FOR SMALL MOLECULES AND IONS,1949,S8802318,Annals of the New York Academy of Sciences,19868
publication:W1995875735,publication,W1995875735,A Mathematical Theory of Communication,A Mathematical Theory of Communication,1948,S127472826,Bell System Technical Journal,79610
publication:W2002729176,publication,W2002729176,Conduction of Heat in Solids,Conduction of Heat in Solids,1947,name:без журнала,Без журнала,19176
publication:W2318680928,publication,W2318680928,Nonparametric Tests Against Trend,Nonparametric Tests Against Trend,1945,S95464858,Econometrica,16347
publication:W1995341919,publication,W1995341919,A logical calculus of the ideas immanent in nervous activity,A logical calculus of the ideas immanent in nervous activity,1943,S118940690,Bulletin of Mathematical Biology,17824
publication:W4292542163,publication,W4292542163,A theory of human motivation.,A theory of human motivation.,1943,S35223124,Psychological Review,20148
publication:W2798643531,publication,W2798643531,Statistical Methods,Statistical Methods,1939,S90259781,Soil Science,19158
publication:W2256756668,publication,W2256756668,A SIMPLE METHOD OF ESTIMATING FIFTY PER CENT ENDPOINTS12,A SIMPLE METHOD OF ESTIMATING FIFTY PER CENT ENDPOINTS12,1938,S170967050,American Journal of Epidemiology,20085
publication:W2011254969,publication,W2011254969,Adsorption of Gases in Multimolecular Layers,Adsorption of Gases in Multimolecular Layers,1938,S111155417,Journal of the American Chemical Society,27374
publication:W2015930340,publication,W2015930340,The Nature of the Firm,The Nature of the Firm,1937,S108845946,Economica,23253
publication:W1986407511,publication,W1986407511,Can Quantum-Mechanical Description of Physical Reality Be Considered Complete?,Can Quantum-Mechanical Description of Physical Reality Be Considered Complete?,1935,S54862371,Physical Review,16584
publication:W2120357670,publication,W2120357670,Studies of interference in serial verbal reactions.,Studies of interference in serial verbal reactions.,1935,S4210168021,Journal of Experimental Psychology,18222
publication:W2091160252,publication,W2091160252,"AN EXAMINATION OF THE DEGTJAREFF METHOD FOR DETERMINING SOIL ORGANIC MATTER, AND A PROPOSED MODIFICATION OF THE CHROMIC ACID TITRATION METHOD","AN EXAMINATION OF THE DEGTJAREFF METHOD FOR DETERMINING SOIL ORGANIC MATTER, AND A PROPOSED MODIFICATION OF THE CHROMIC ACID TITRATION METHOD",1934,S90259781,Soil Science,21264
publication:W2004778468,publication,W2004778468,The genetical theory of natural selection,The genetical theory of natural selection,1930,S4306467859,Clarendon Press eBooks,17766
publication:W2123036062,publication,W2123036062,A Method of Computing the Effectiveness of an Insecticide,A Method of Computing the Effectiveness of an Insecticide,1925,S146976949,Journal of Economic Entomology,15916
publication:W2153435210,publication,W2153435210,THE COLORIMETRIC DETERMINATION OF PHOSPHORUS,THE COLORIMETRIC DETERMINATION OF PHOSPHORUS,1925,S140251998,Journal of Biological Chemistry,19073
publication:W1986113254,publication,W1986113254,"THE ADSORPTION OF GASES ON PLANE SURFACES OF GLASS, MICA AND PLATINUM.","THE ADSORPTION OF GASES ON PLANE SURFACES OF GLASS, MICA AND PLATINUM.",1918,S111155417,Journal of the American Chemical Society,22579
